GRID_TYPE,GAME_ID,GAME_EVENT_ID,PLAYER_ID,PLAYER_NAME,TEAM_ID,TEAM_NAME,PERIOD,MINUTES_REMAINING,SECONDS_REMAINING,EVENT_TYPE,ACTION_TYPE,SHOT_TYPE,SHOT_ZONE_BASIC,SHOT_ZONE_AREA,SHOT_ZONE_RANGE,SHOT_DISTANCE,LOC_X,LOC_Y,SHOT_ATTEMPTED_FLAG,SHOT_MADE_FLAG,GAME_DATE,HTM,VTM
Shot Chart Detail,0021800001,474,101161,Amir Johnson,1610612755,Philadelphia 76ers,3,2,37,Made Shot,Cutting Dunk Shot,2PT Field Goal,Restricted Area,Center(C),Less Than 8 ft.,2,-11,25,1,1,20181016,BOS,PHI
Shot Chart Detail,0021800014,77,101161,Amir Johnson,1610612755,Philadelphia 76ers,1,6,19,Made Shot,Driving Reverse Layup Shot,2PT Field Goal,Restricted Area,Center(C),Less Than 8 ft.,1,2,14,1,1,20181018,PHI,CHI
Shot Chart Detail,0021800014,98,101161,Amir Johnson,1610612755,Philadelphia 76ers,1,4,30,Made Shot,Dunk Shot,2PT Field Goal,Restricted Area,Center(C),Less Than 8 ft.,0,0,4,1,1,20181018,PHI,CHI
Shot Chart Detail,0021800014,471,101161,Amir Johnson,1610612755,Philadelphia 76ers,3,5,26,Made Shot,Hook Shot,2PT Field Goal,In The Paint (Non-RA),Center(C),Less Than 8 ft.,6,-16,58,1,1,20181018,PHI,CHI
Shot Chart Detail,0021800014,488,101161,Amir Johnson,1610612755,Philadelphia 76ers,3,4,16,Made Shot,Hook Shot,2PT Field Goal,In The Paint (Non-RA),Center(C),Less Than 8 ft.,5,-3,54,1,1,20181018,PHI,CHI
Shot Chart Detail,0021800014,496,101161,Amir Johnson,1610612755,Philadelphia 76ers,3,3,23,Missed Shot,Step Back Jump shot,3PT Field Goal,Above the Break 3,Center(C),24+ ft.,26,62,262,1,0,20181018,PHI,CHI
Shot Chart Detail,0021800014,582,101161,Amir Johnson,1610612755,Philadelphia 76ers,4,9,25,Missed Shot,Layup Shot,2PT Field Goal,Restricted Area,Center(C),Less Than 8 ft.,3,-28,23,1,0,20181018,PHI,CHI
Shot Chart Detail,0021800014,593,101161,Amir Johnson,1610612755,Philadelphia 76ers,4,9,19,Missed Shot,Layup Shot,2PT Field Goal,In The Paint (Non-RA),Center(C),8-16 ft.,8,8,83,1,0,20181018,PHI,CHI
Shot Chart Detail,0021800014,683,101161,Amir Johnson,1610612755,Philadelphia 76ers,4,2,30,Made Shot,Cutting Layup Shot,2PT Field Goal,Restricted Area,Center(C),Less Than 8 ft.,2,-11,25,1,1,20181018,PHI,CHI
Shot Chart Detail,0021800014,690,101161,Amir Johnson,1610612755,Philadelphia 76ers,4,2,1,Made Shot,Cutting Dunk Shot,2PT Field Goal,Restricted Area,Center(C),Less Than 8 ft.,0,-3,7,1,1,20181018,PHI,CHI
Shot Chart Detail,0021800029,280,101161,Amir Johnson,1610612755,Philadelphia 76ers,2,2,36,Made Shot,Hook Shot,2PT Field Goal,In The Paint (Non-RA),Center(C),Less Than 8 ft.,6,8,68,1,1,20181020,PHI,ORL
Shot Chart Detail,0021800029,298,101161,Amir Johnson,1610612755,Philadelphia 76ers,2,0,43,Made Shot,Hook Shot,2PT Field Goal,In The Paint (Non-RA),Center(C),Less Than 8 ft.,7,0,72,1,1,20181020,PHI,ORL
Shot Chart Detail,0021800029,455,101161,Amir Johnson,1610612755,Philadelphia 76ers,3,2,7,Made Shot,Hook Shot,2PT Field Goal,In The Paint (Non-RA),Center(C),Less Than 8 ft.,6,-14,62,1,1,20181020,PHI,ORL
Shot Chart Detail,0021800029,474,101161,Amir Johnson,1610612755,Philadelphia 76ers,3,0,18,Made Shot,Running Dunk Shot,2PT Field Goal,Restricted Area,Center(C),Less Than 8 ft.,2,-8,20,1,1,20181020,PHI,ORL
Shot Chart Detail,0021800049,73,101161,Amir Johnson,1610612755,Philadelphia 76ers,1,6,46,Missed Shot,Layup Shot,2PT Field Goal,Restricted Area,Center(C),Less Than 8 ft.,2,8,22,1,0,20181023,DET,PHI
Shot Chart Detail,0021800049,84,101161,Amir Johnson,1610612755,Philadelphia 76ers,1,6,12,Made Shot,Driving Dunk Shot,2PT Field Goal,Restricted Area,Center(C),Less Than 8 ft.,0,5,4,1,1,20181023,DET,PHI
Shot Chart Detail,0021800049,124,101161,Amir Johnson,1610612755,Philadelphia 76ers,1,4,19,Made Shot,Driving Reverse Layup Shot,2PT Field Goal,Restricted Area,Center(C),Less Than 8 ft.,0,-3,1,1,1,20181023,DET,PHI
Shot Chart Detail,0021800049,143,101161,Amir Johnson,1610612755,Philadelphia 76ers,1,3,2,Made Shot,Driving Hook Shot,2PT Field Goal,In The Paint (Non-RA),Center(C),Less Than 8 ft.,4,28,35,1,1,20181023,DET,PHI
Shot Chart Detail,0021800049,455,101161,Amir Johnson,1610612755,Philadelphia 76ers,3,5,45,Missed Shot,Hook Shot,2PT Field Goal,In The Paint (Non-RA),Left Side(L),8-16 ft.,9,-52,83,1,0,20181023,DET,PHI
Shot Chart Detail,0021800088,281,101161,Amir Johnson,1610612755,Philadelphia 76ers,2,6,7,Missed Shot,Tip Layup Shot,2PT Field Goal,Restricted Area,Center(C),Less Than 8 ft.,0,0,-6,1,0,20181029,PHI,ATL
Shot Chart Detail,0021800088,727,101161,Amir Johnson,1610612755,Philadelphia 76ers,4,0,45,Made Shot,Layup Shot,2PT Field Goal,Restricted Area,Center(C),Less Than 8 ft.,1,-12,7,1,1,20181029,PHI,ATL
Shot Chart Detail,0021800100,72,101161,Amir Johnson,1610612755,Philadelphia 76ers,1,6,44,Missed Shot,Turnaround Hook Shot,2PT Field Goal,In The Paint (Non-RA),Center(C),8-16 ft.,9,-2,99,1,0,20181030,TOR,PHI
Shot Chart Detail,0021800100,271,101161,Amir Johnson,1610612755,Philadelphia 76ers,2,5,44,Missed Shot,Jump Shot,3PT Field Goal,Above the Break 3,Right Side Center(RC),24+ ft.,24,100,229,1,0,20181030,TOR,PHI
Shot Chart Detail,0021800100,578,101161,Amir Johnson,1610612755,Philadelphia 76ers,3,0,37,Made Shot,Hook Bank Shot,2PT Field Goal,Restricted Area,Center(C),Less Than 8 ft.,3,19,25,1,1,20181030,TOR,PHI
Shot Chart Detail,0021800100,584,101161,Amir Johnson,1610612755,Philadelphia 76ers,3,0,18,Made Shot,Reverse Layup Shot,2PT Field Goal,Restricted Area,Center(C),Less Than 8 ft.,2,16,20,1,1,20181030,TOR,PHI
Shot Chart Detail,0021800113,95,101161,Amir Johnson,1610612755,Philadelphia 76ers,1,4,47,Made Shot,Hook Shot,2PT Field Goal,In The Paint (Non-RA),Center(C),Less Than 8 ft.,7,54,52,1,1,20181101,PHI,LAC
Shot Chart Detail,0021800113,277,101161,Amir Johnson,1610612755,Philadelphia 76ers,2,5,7,Made Shot,Cutting Layup Shot,2PT Field Goal,Restricted Area,Center(C),Less Than 8 ft.,2,23,16,1,1,20181101,PHI,LAC
Shot Chart Detail,0021800113,454,101161,Amir Johnson,1610612755,Philadelphia 76ers,3,5,52,Missed Shot,Hook Shot,2PT Field Goal,In The Paint (Non-RA),Center(C),Less Than 8 ft.,7,-52,47,1,0,20181101,PHI,LAC
Shot Chart Detail,0021800125,99,101161,Amir Johnson,1610612755,Philadelphia 76ers,1,5,31,Missed Shot,Layup Shot,2PT Field Goal,In The Paint (Non-RA),Center(C),Less Than 8 ft.,5,7,56,1,0,20181103,PHI,DET
Shot Chart Detail,0021800125,282,101161,Amir Johnson,1610612755,Philadelphia 76ers,2,6,38,Made Shot,Hook Shot,2PT Field Goal,In The Paint (Non-RA),Center(C),Less Than 8 ft.,6,11,68,1,1,20181103,PHI,DET
Shot Chart Detail,0021800125,667,101161,Amir Johnson,1610612755,Philadelphia 76ers,4,6,30,Missed Shot,Hook Shot,2PT Field Goal,In The Paint (Non-RA),Center(C),Less Than 8 ft.,7,-60,42,1,0,20181103,PHI,DET
Shot Chart Detail,0021800134,114,101161,Amir Johnson,1610612755,Philadelphia 76ers,1,4,52,Missed Shot,Cutting Layup Shot,2PT Field Goal,Restricted Area,Center(C),Less Than 8 ft.,2,25,-7,1,0,20181104,BKN,PHI
Shot Chart Detail,0021800134,489,101161,Amir Johnson,1610612755,Philadelphia 76ers,3,4,5,Made Shot,Jump Shot,3PT Field Goal,Above the Break 3,Right Side Center(RC),24+ ft.,25,154,204,1,1,20181104,BKN,PHI
Shot Chart Detail,0021800157,64,101161,Amir Johnson,1610612755,Philadelphia 76ers,1,6,24,Made Shot,Layup Shot,2PT Field Goal,Restricted Area,Center(C),Less Than 8 ft.,0,0,4,1,1,20181107,IND,PHI
Shot Chart Detail,0021800157,82,101161,Amir Johnson,1610612755,Philadelphia 76ers,1,5,14,Missed Shot,Running Jump Shot,2PT Field Goal,In The Paint (Non-RA),Center(C),Less Than 8 ft.,7,20,68,1,0,20181107,IND,PHI
Shot Chart Detail,0021800168,78,101161,Amir Johnson,1610612755,Philadelphia 76ers,1,6,9,Missed Shot,Driving Hook Shot,2PT Field Goal,In The Paint (Non-RA),Center(C),Less Than 8 ft.,4,7,48,1,0,20181109,PHI,CHA
Shot Chart Detail,0021800168,81,101161,Amir Johnson,1610612755,Philadelphia 76ers,1,6,4,Made Shot,Tip Layup Shot,2PT Field Goal,Restricted Area,Center(C),Less Than 8 ft.,2,1,25,1,1,20181109,PHI,CHA
Shot Chart Detail,0021800168,665,101161,Amir Johnson,1610612755,Philadelphia 76ers,4,7,22,Made Shot,Layup Shot,2PT Field Goal,Restricted Area,Center(C),Less Than 8 ft.,2,-3,21,1,1,20181109,PHI,CHA
Shot Chart Detail,0021800179,258,101161,Amir Johnson,1610612755,Philadelphia 76ers,2,6,51,Missed Shot,Cutting Layup Shot,2PT Field Goal,Restricted Area,Center(C),Less Than 8 ft.,0,4,6,1,0,20181110,MEM,PHI
Shot Chart Detail,0021800179,260,101161,Amir Johnson,1610612755,Philadelphia 76ers,2,6,47,Made Shot,Tip Layup Shot,2PT Field Goal,Restricted Area,Center(C),Less Than 8 ft.,0,0,-6,1,1,20181110,MEM,PHI
Shot Chart Detail,0021800179,263,101161,Amir Johnson,1610612755,Philadelphia 76ers,2,6,22,Made Shot,Jump Shot,3PT Field Goal,Above the Break 3,Right Side Center(RC),24+ ft.,25,87,238,1,1,20181110,MEM,PHI
Shot Chart Detail,0021800179,538,101161,Amir Johnson,1610612755,Philadelphia 76ers,4,7,16,Made Shot,Cutting Dunk Shot,2PT Field Goal,Restricted Area,Center(C),Less Than 8 ft.,1,0,10,1,1,20181110,MEM,PHI
Shot Chart Detail,0021800191,76,101161,Amir Johnson,1610612755,Philadelphia 76ers,1,5,54,Missed Shot,Floating Jump shot,2PT Field Goal,In The Paint (Non-RA),Center(C),8-16 ft.,9,-3,95,1,0,20181112,MIA,PHI
Shot Chart Detail,0021800218,116,101161,Amir Johnson,1610612755,Philadelphia 76ers,1,3,58,Made Shot,Jump Shot,3PT Field Goal,Above the Break 3,Left Side Center(LC),24+ ft.,26,-89,247,1,1,20181116,PHI,UTA
Shot Chart Detail,0021800218,273,101161,Amir Johnson,1610612755,Philadelphia 76ers,2,6,44,Made Shot,Hook Shot,2PT Field Goal,In The Paint (Non-RA),Center(C),Less Than 8 ft.,5,-32,49,1,1,20181116,PHI,UTA
Shot Chart Detail,0021800218,296,101161,Amir Johnson,1610612755,Philadelphia 76ers,2,4,37,Made Shot,Putback Dunk Shot,2PT Field Goal,Restricted Area,Center(C),Less Than 8 ft.,0,0,-6,1,1,20181116,PHI,UTA
Shot Chart Detail,0021800218,315,101161,Amir Johnson,1610612755,Philadelphia 76ers,2,3,12,Missed Shot,Jump Shot,3PT Field Goal,Above the Break 3,Center(C),24+ ft.,25,-32,258,1,0,20181116,PHI,UTA
Shot Chart Detail,0021800218,485,101161,Amir Johnson,1610612755,Philadelphia 76ers,3,5,0,Made Shot,Jump Shot,3PT Field Goal,Above the Break 3,Left Side Center(LC),24+ ft.,25,-154,200,1,1,20181116,PHI,UTA
Shot Chart Detail,0021800218,509,101161,Amir Johnson,1610612755,Philadelphia 76ers,3,3,36,Missed Shot,Turnaround Hook Shot,2PT Field Goal,In The Paint (Non-RA),Center(C),Less Than 8 ft.,6,62,22,1,0,20181116,PHI,UTA
Shot Chart Detail,0021800218,519,101161,Amir Johnson,1610612755,Philadelphia 76ers,3,2,39,Missed Shot,Hook Shot,2PT Field Goal,In The Paint (Non-RA),Center(C),Less Than 8 ft.,6,0,68,1,0,20181116,PHI,UTA
Shot Chart Detail,0021800218,521,101161,Amir Johnson,1610612755,Philadelphia 76ers,3,2,35,Missed Shot,Tip Layup Shot,2PT Field Goal,Restricted Area,Center(C),Less Than 8 ft.,0,0,-6,1,0,20181116,PHI,UTA
Shot Chart Detail,0021800218,523,101161,Amir Johnson,1610612755,Philadelphia 76ers,3,2,34,Missed Shot,Tip Layup Shot,2PT Field Goal,Restricted Area,Center(C),Less Than 8 ft.,0,0,-6,1,0,20181116,PHI,UTA
Shot Chart Detail,0021800225,81,101161,Amir Johnson,1610612755,Philadelphia 76ers,1,5,21,Made Shot,Jump Shot,3PT Field Goal,Above the Break 3,Center(C),24+ ft.,24,-13,242,1,1,20181117,CHA,PHI
Shot Chart Detail,0021800225,107,101161,Amir Johnson,1610612755,Philadelphia 76ers,1,3,24,Missed Shot,Jump Shot,3PT Field Goal,Above the Break 3,Center(C),24+ ft.,25,-53,246,1,0,20181117,CHA,PHI
Shot Chart Detail,0021800225,433,101161,Amir Johnson,1610612755,Philadelphia 76ers,3,4,38,Made Shot,Layup Shot,2PT Field Goal,Restricted Area,Center(C),Less Than 8 ft.,0,-3,6,1,1,20181117,CHA,PHI
Shot Chart Detail,0021800242,86,101161,Amir Johnson,1610612755,Philadelphia 76ers,1,5,20,Missed Shot,Driving Layup Shot,2PT Field Goal,In The Paint (Non-RA),Center(C),Less Than 8 ft.,5,40,35,1,0,20181119,PHI,PHX
Shot Chart Detail,0021800242,113,101161,Amir Johnson,1610612755,Philadelphia 76ers,1,3,48,Missed Shot,Hook Shot,2PT Field Goal,In The Paint (Non-RA),Center(C),Less Than 8 ft.,5,-52,20,1,0,20181119,PHI,PHX
Shot Chart Detail,0021800253,362,101161,Amir Johnson,1610612755,Philadelphia 76ers,2,2,5,Missed Shot,Running Dunk Shot,2PT Field Goal,Restricted Area,Center(C),Less Than 8 ft.,0,5,8,1,0,20181121,PHI,NOP
Shot Chart Detail,0021800270,247,101161,Amir Johnson,1610612755,Philadelphia 76ers,2,3,14,Missed Shot,Jump Shot,3PT Field Goal,Above the Break 3,Center(C),24+ ft.,25,28,251,1,0,20181123,PHI,CLE
Shot Chart Detail,0021800270,358,101161,Amir Johnson,1610612755,Philadelphia 76ers,3,5,23,Missed Shot,Putback Layup Shot,2PT Field Goal,Restricted Area,Center(C),Less Than 8 ft.,0,0,-6,1,0,20181123,PHI,CLE
Shot Chart Detail,0021800270,362,101161,Amir Johnson,1610612755,Philadelphia 76ers,3,5,18,Made Shot,Reverse Layup Shot,2PT Field Goal,Restricted Area,Center(C),Less Than 8 ft.,2,22,4,1,1,20181123,PHI,CLE
Shot Chart Detail,0021800307,571,101161,Amir Johnson,1610612755,Philadelphia 76ers,4,6,2,Made Shot,Cutting Layup Shot,2PT Field Goal,Restricted Area,Center(C),Less Than 8 ft.,2,-18,15,1,1,20181128,PHI,NYK
Shot Chart Detail,0021800307,597,101161,Amir Johnson,1610612755,Philadelphia 76ers,4,4,46,Made Shot,Layup Shot,2PT Field Goal,Restricted Area,Center(C),Less Than 8 ft.,2,-17,15,1,1,20181128,PHI,NYK
Shot Chart Detail,0021800307,614,101161,Amir Johnson,1610612755,Philadelphia 76ers,4,2,25,Missed Shot,Jump Shot,2PT Field Goal,In The Paint (Non-RA),Center(C),Less Than 8 ft.,6,-61,13,1,0,20181128,PHI,NYK
Shot Chart Detail,0021800322,545,101161,Amir Johnson,1610612755,Philadelphia 76ers,3,0,41,Missed Shot,Hook Shot,2PT Field Goal,In The Paint (Non-RA),Center(C),Less Than 8 ft.,5,-44,37,1,0,20181130,PHI,WAS
Shot Chart Detail,0021800322,601,101161,Amir Johnson,1610612755,Philadelphia 76ers,4,8,25,Made Shot,Cutting Layup Shot,2PT Field Goal,Restricted Area,Center(C),Less Than 8 ft.,2,-20,18,1,1,20181130,PHI,WAS
Shot Chart Detail,0021800322,644,101161,Amir Johnson,1610612755,Philadelphia 76ers,4,4,2,Made Shot,Jump Shot,3PT Field Goal,Above the Break 3,Right Side Center(RC),24+ ft.,25,80,243,1,1,20181130,PHI,WAS
Shot Chart Detail,0021800322,680,101161,Amir Johnson,1610612755,Philadelphia 76ers,4,0,14,Missed Shot,Jump Shot,3PT Field Goal,Above the Break 3,Center(C),24+ ft.,26,-1,265,1,0,20181130,PHI,WAS
Shot Chart Detail,0021800340,430,101161,Amir Johnson,1610612755,Philadelphia 76ers,3,4,2,Missed Shot,Hook Shot,2PT Field Goal,In The Paint (Non-RA),Center(C),Less Than 8 ft.,4,-5,43,1,0,20181202,PHI,MEM
Shot Chart Detail,0021800369,14,101161,Amir Johnson,1610612755,Philadelphia 76ers,1,10,57,Missed Shot,Jump Shot,3PT Field Goal,Above the Break 3,Right Side Center(RC),24+ ft.,27,164,221,1,0,20181207,DET,PHI
Shot Chart Detail,0021800369,595,101161,Amir Johnson,1610612755,Philadelphia 76ers,4,7,56,Missed Shot,Floating Jump shot,2PT Field Goal,In The Paint (Non-RA),Center(C),8-16 ft.,9,36,92,1,0,20181207,DET,PHI
Shot Chart Detail,0021800392,657,101161,Amir Johnson,1610612755,Philadelphia 76ers,4,2,1,Missed Shot,Jump Shot,2PT Field Goal,Mid-Range,Right Side Center(RC),16-24 ft.,21,105,193,1,0,20181210,PHI,DET
Shot Chart Detail,0021800392,676,101161,Amir Johnson,1610612755,Philadelphia 76ers,4,1,2,Made Shot,Alley Oop Dunk Shot,2PT Field Goal,Restricted Area,Center(C),Less Than 8 ft.,0,-5,5,1,1,20181210,PHI,DET
Shot Chart Detail,0021800408,238,101161,Amir Johnson,1610612755,Philadelphia 76ers,2,6,39,Missed Shot,Jump Shot,3PT Field Goal,Above the Break 3,Center(C),24+ ft.,25,2,257,1,0,20181212,PHI,BKN
Shot Chart Detail,0021800408,246,101161,Amir Johnson,1610612755,Philadelphia 76ers,2,6,16,Made Shot,Pullup Jump shot,2PT Field Goal,Mid-Range,Center(C),8-16 ft.,14,-1,146,1,1,20181212,PHI,BKN
Shot Chart Detail,0021800408,270,101161,Amir Johnson,1610612755,Philadelphia 76ers,2,4,41,Missed Shot,Jump Shot,3PT Field Goal,Right Corner 3,Right Side(R),24+ ft.,22,226,22,1,0,20181212,PHI,BKN
Shot Chart Detail,0021800408,711,101161,Amir Johnson,1610612755,Philadelphia 76ers,4,0,4,Made Shot,Layup Shot,2PT Field Goal,Restricted Area,Center(C),Less Than 8 ft.,1,19,3,1,1,20181212,PHI,BKN
Shot Chart Detail,0021800437,666,101161,Amir Johnson,1610612755,Philadelphia 76ers,4,1,0,Made Shot,Turnaround Hook Shot,2PT Field Goal,In The Paint (Non-RA),Left Side(L),8-16 ft.,10,-78,71,1,1,20181216,CLE,PHI
Shot Chart Detail,0021800448,561,101161,Amir Johnson,1610612755,Philadelphia 76ers,4,5,48,Made Shot,Layup Shot,2PT Field Goal,Restricted Area,Center(C),Less Than 8 ft.,2,-5,26,1,1,20181217,SAS,PHI
Shot Chart Detail,0021800448,582,101161,Amir Johnson,1610612755,Philadelphia 76ers,4,3,32,Missed Shot,Jump Shot,3PT Field Goal,Above the Break 3,Right Side Center(RC),24+ ft.,25,163,200,1,0,20181217,SAS,PHI
Shot Chart Detail,0021800457,625,101161,Amir Johnson,1610612755,Philadelphia 76ers,4,2,53,Made Shot,Alley Oop Layup shot,2PT Field Goal,Restricted Area,Center(C),Less Than 8 ft.,1,13,-8,1,1,20181219,PHI,NYK
Shot Chart Detail,0021800457,633,101161,Amir Johnson,1610612755,Philadelphia 76ers,4,1,50,Made Shot,Jump Shot,3PT Field Goal,Above the Break 3,Right Side Center(RC),24+ ft.,26,82,248,1,1,20181219,PHI,NYK
Shot Chart Detail,0021800481,668,101161,Amir Johnson,1610612755,Philadelphia 76ers,4,2,3,Missed Shot,Jump Shot,3PT Field Goal,Above the Break 3,Center(C),24+ ft.,24,15,249,1,0,20181222,PHI,TOR
Shot Chart Detail,0021800540,9,101161,Amir Johnson,1610612755,Philadelphia 76ers,1,11,23,Made Shot,Pullup Jump shot,2PT Field Goal,Mid-Range,Center(C),16-24 ft.,18,-8,189,1,1,20181230,POR,PHI
Shot Chart Detail,0021800540,42,101161,Amir Johnson,1610612755,Philadelphia 76ers,1,8,43,Missed Shot,Layup Shot,2PT Field Goal,Restricted Area,Center(C),Less Than 8 ft.,2,-13,24,1,0,20181230,POR,PHI
Shot Chart Detail,0021800540,47,101161,Amir Johnson,1610612755,Philadelphia 76ers,1,8,21,Missed Shot,Jump Shot,3PT Field Goal,Above the Break 3,Center(C),24+ ft.,24,-36,240,1,0,20181230,POR,PHI
Shot Chart Detail,0021800540,53,101161,Amir Johnson,1610612755,Philadelphia 76ers,1,7,41,Missed Shot,Driving Layup Shot,2PT Field Goal,Restricted Area,Center(C),Less Than 8 ft.,1,13,15,1,0,20181230,POR,PHI
Shot Chart Detail,0021800540,591,101161,Amir Johnson,1610612755,Philadelphia 76ers,4,6,33,Missed Shot,Jump Shot,3PT Field Goal,Above the Break 3,Center(C),24+ ft.,24,-35,247,1,0,20181230,POR,PHI
Shot Chart Detail,0021800600,595,101161,Amir Johnson,1610612755,Philadelphia 76ers,4,4,58,Missed Shot,Jump Shot,3PT Field Goal,Above the Break 3,Right Side Center(RC),24+ ft.,26,91,248,1,0,20190108,PHI,WAS
Shot Chart Detail,0021800600,637,101161,Amir Johnson,1610612755,Philadelphia 76ers,4,1,36,Missed Shot,Hook Shot,2PT Field Goal,In The Paint (Non-RA),Center(C),8-16 ft.,9,8,95,1,0,20190108,PHI,WAS
Shot Chart Detail,0021800600,646,101161,Amir Johnson,1610612755,Philadelphia 76ers,4,1,4,Made Shot,Putback Layup Shot,2PT Field Goal,Restricted Area,Center(C),Less Than 8 ft.,1,-11,16,1,1,20190108,PHI,WAS
Shot Chart Detail,0021800600,649,101161,Amir Johnson,1610612755,Philadelphia 76ers,4,0,37,Made Shot,Jump Shot,3PT Field Goal,Above the Break 3,Center(C),24+ ft.,26,-30,264,1,1,20190108,PHI,WAS
Shot Chart Detail,0021800652,591,101161,Amir Johnson,1610612755,Philadelphia 76ers,4,9,21,Made Shot,Layup Shot,2PT Field Goal,Restricted Area,Center(C),Less Than 8 ft.,2,-13,22,1,1,20190115,PHI,MIN
Shot Chart Detail,0021800652,624,101161,Amir Johnson,1610612755,Philadelphia 76ers,4,6,54,Made Shot,Driving Dunk Shot,2PT Field Goal,Restricted Area,Center(C),Less Than 8 ft.,0,-3,7,1,1,20190115,PHI,MIN
Shot Chart Detail,0021800652,638,101161,Amir Johnson,1610612755,Philadelphia 76ers,4,5,30,Made Shot,Cutting Layup Shot,2PT Field Goal,Restricted Area,Center(C),Less Than 8 ft.,3,-2,32,1,1,20190115,PHI,MIN
Shot Chart Detail,0021800699,584,101161,Amir Johnson,1610612755,Philadelphia 76ers,4,9,7,Made Shot,Hook Bank Shot,2PT Field Goal,Restricted Area,Center(C),Less Than 8 ft.,1,0,16,1,1,20190121,PHI,HOU
Shot Chart Detail,0021800699,605,101161,Amir Johnson,1610612755,Philadelphia 76ers,4,7,25,Made Shot,Jump Shot,3PT Field Goal,Above the Break 3,Right Side Center(RC),24+ ft.,26,85,248,1,1,20190121,PHI,HOU
Shot Chart Detail,0021800699,666,101161,Amir Johnson,1610612755,Philadelphia 76ers,4,3,18,Missed Shot,Tip Layup Shot,2PT Field Goal,Restricted Area,Center(C),Less Than 8 ft.,0,0,-6,1,0,20190121,PHI,HOU
Shot Chart Detail,0021800733,188,101161,Amir Johnson,1610612755,Philadelphia 76ers,2,11,44,Made Shot,Cutting Layup Shot,2PT Field Goal,Restricted Area,Center(C),Less Than 8 ft.,1,14,0,1,1,20190126,DEN,PHI
Shot Chart Detail,0021800733,369,101161,Amir Johnson,1610612755,Philadelphia 76ers,2,0,1,Missed Shot,Layup Shot,2PT Field Goal,In The Paint (Non-RA),Center(C),Less Than 8 ft.,5,-36,43,1,0,20190126,DEN,PHI
Shot Chart Detail,0021800733,415,101161,Amir Johnson,1610612755,Philadelphia 76ers,3,8,54,Made Shot,Layup Shot,2PT Field Goal,Restricted Area,Center(C),Less Than 8 ft.,3,-11,34,1,1,20190126,DEN,PHI
Shot Chart Detail,0021800733,693,101161,Amir Johnson,1610612755,Philadelphia 76ers,4,2,47,Missed Shot,Turnaround Hook Shot,2PT Field Goal,In The Paint (Non-RA),Center(C),Less Than 8 ft.,6,-18,67,1,0,20190126,DEN,PHI
Shot Chart Detail,0021800733,697,101161,Amir Johnson,1610612755,Philadelphia 76ers,4,2,9,Missed Shot,Jump Shot,3PT Field Goal,Above the Break 3,Left Side Center(LC),24+ ft.,24,-95,230,1,0,20190126,DEN,PHI
Shot Chart Detail,0021800882,401,101161,Amir Johnson,1610612755,Philadelphia 76ers,3,8,3,Missed Shot,Jump Shot,3PT Field Goal,Right Corner 3,Right Side(R),24+ ft.,24,237,42,1,0,20190223,PHI,POR
Shot Chart Detail,0021800882,415,101161,Amir Johnson,1610612755,Philadelphia 76ers,3,7,6,Made Shot,Layup Shot,2PT Field Goal,Restricted Area,Center(C),Less Than 8 ft.,0,1,6,1,1,20190223,PHI,POR
Shot Chart Detail,0021800927,212,101161,Amir Johnson,1610612755,Philadelphia 76ers,2,9,31,Missed Shot,Floating Jump shot,2PT Field Goal,In The Paint (Non-RA),Center(C),Less Than 8 ft.,6,-3,62,1,0,20190228,OKC,PHI
Shot Chart Detail,0021800927,229,101161,Amir Johnson,1610612755,Philadelphia 76ers,2,8,15,Made Shot,Cutting Layup Shot,2PT Field Goal,Restricted Area,Center(C),Less Than 8 ft.,3,-8,34,1,1,20190228,OKC,PHI
Shot Chart Detail,0021800927,453,101161,Amir Johnson,1610612755,Philadelphia 76ers,3,4,26,Made Shot,Floating Jump shot,2PT Field Goal,In The Paint (Non-RA),Center(C),Less Than 8 ft.,5,2,56,1,1,20190228,OKC,PHI
Shot Chart Detail,0021800927,600,101161,Amir Johnson,1610612755,Philadelphia 76ers,4,8,3,Missed Shot,Floating Jump shot,2PT Field Goal,In The Paint (Non-RA),Center(C),Less Than 8 ft.,6,43,50,1,0,20190228,OKC,PHI
Shot Chart Detail,0021800960,51,101161,Amir Johnson,1610612755,Philadelphia 76ers,1,11,11,Missed Shot,Tip Layup Shot,2PT Field Goal,Restricted Area,Center(C),Less Than 8 ft.,2,-9,21,1,0,20190305,PHI,ORL
Shot Chart Detail,0021800960,26,101161,Amir Johnson,1610612755,Philadelphia 76ers,1,9,36,Missed Shot,Jump Shot,2PT Field Goal,Mid-Range,Right Side Center(RC),16-24 ft.,20,117,166,1,0,20190305,PHI,ORL
Shot Chart Detail,0021800960,42,101161,Amir Johnson,1610612755,Philadelphia 76ers,1,7,19,Made Shot,Jump Shot,3PT Field Goal,Above the Break 3,Center(C),24+ ft.,24,32,247,1,1,20190305,PHI,ORL
Shot Chart Detail,0021800960,243,101161,Amir Johnson,1610612755,Philadelphia 76ers,2,2,11,Made Shot,Driving Finger Roll Layup Shot,2PT Field Goal,Restricted Area,Center(C),Less Than 8 ft.,2,5,26,1,1,20190305,PHI,ORL
Shot Chart Detail,0021800960,247,101161,Amir Johnson,1610612755,Philadelphia 76ers,2,1,43,Made Shot,Hook Shot,2PT Field Goal,In The Paint (Non-RA),Center(C),Less Than 8 ft.,5,3,53,1,1,20190305,PHI,ORL
Shot Chart Detail,0021800960,266,101161,Amir Johnson,1610612755,Philadelphia 76ers,2,0,7,Missed Shot,Jump Shot,3PT Field Goal,Above the Break 3,Left Side Center(LC),24+ ft.,26,-92,245,1,0,20190305,PHI,ORL
Shot Chart Detail,0021800960,321,101161,Amir Johnson,1610612755,Philadelphia 76ers,3,7,46,Made Shot,Running Alley Oop Dunk Shot,2PT Field Goal,Restricted Area,Center(C),Less Than 8 ft.,0,-6,1,1,1,20190305,PHI,ORL
Shot Chart Detail,0021800960,474,101161,Amir Johnson,1610612755,Philadelphia 76ers,4,9,34,Made Shot,Finger Roll Layup Shot,2PT Field Goal,Restricted Area,Center(C),Less Than 8 ft.,1,-2,18,1,1,20190305,PHI,ORL
Shot Chart Detail,0021800960,487,101161,Amir Johnson,1610612755,Philadelphia 76ers,4,8,10,Missed Shot,Jump Shot,3PT Field Goal,Above the Break 3,Left Side Center(LC),24+ ft.,28,-89,269,1,0,20190305,PHI,ORL
Shot Chart Detail,0021800970,55,101161,Amir Johnson,1610612755,Philadelphia 76ers,1,8,21,Made Shot,Turnaround Hook Shot,2PT Field Goal,In The Paint (Non-RA),Center(C),Less Than 8 ft.,4,19,44,1,1,20190306,CHI,PHI
Shot Chart Detail,0021800970,71,101161,Amir Johnson,1610612755,Philadelphia 76ers,1,6,47,Made Shot,Jump Shot,3PT Field Goal,Above the Break 3,Center(C),24+ ft.,25,68,248,1,1,20190306,CHI,PHI
Shot Chart Detail,0021800970,550,101161,Amir Johnson,1610612755,Philadelphia 76ers,4,7,10,Made Shot,Dunk Shot,2PT Field Goal,Restricted Area,Center(C),Less Than 8 ft.,0,-3,5,1,1,20190306,CHI,PHI
Shot Chart Detail,0021800970,567,101161,Amir Johnson,1610612755,Philadelphia 76ers,4,6,14,Missed Shot,Jump Shot,3PT Field Goal,Above the Break 3,Left Side Center(LC),24+ ft.,24,-134,210,1,0,20190306,CHI,PHI
Shot Chart Detail,0021800981,285,101161,Amir Johnson,1610612755,Philadelphia 76ers,2,2,8,Missed Shot,Layup Shot,2PT Field Goal,Restricted Area,Center(C),Less Than 8 ft.,2,11,17,1,0,20190308,HOU,PHI
Shot Chart Detail,0021800981,292,101161,Amir Johnson,1610612755,Philadelphia 76ers,2,1,43,Missed Shot,Tip Layup Shot,2PT Field Goal,Restricted Area,Center(C),Less Than 8 ft.,1,1,11,1,0,20190308,HOU,PHI
Shot Chart Detail,0021800981,313,101161,Amir Johnson,1610612755,Philadelphia 76ers,2,0,0,Missed Shot,Jump Shot,3PT Field Goal,Backcourt,Back Court(BC),Back Court Shot,65,-11,650,1,0,20190308,HOU,PHI
Shot Chart Detail,0021800981,336,101161,Amir Johnson,1610612755,Philadelphia 76ers,3,9,57,Made Shot,Cutting Layup Shot,2PT Field Goal,Restricted Area,Center(C),Less Than 8 ft.,2,15,23,1,1,20190308,HOU,PHI
Shot Chart Detail,0021800981,358,101161,Amir Johnson,1610612755,Philadelphia 76ers,3,8,14,Missed Shot,Tip Layup Shot,2PT Field Goal,Restricted Area,Center(C),Less Than 8 ft.,0,0,-6,1,0,20190308,HOU,PHI
Shot Chart Detail,0021800981,367,101161,Amir Johnson,1610612755,Philadelphia 76ers,3,7,12,Missed Shot,Jump Shot,3PT Field Goal,Left Corner 3,Left Side(L),24+ ft.,22,-225,22,1,0,20190308,HOU,PHI
Shot Chart Detail,0021800994,69,101161,Amir Johnson,1610612755,Philadelphia 76ers,1,6,51,Missed Shot,Layup Shot,2PT Field Goal,In The Paint (Non-RA),Center(C),Less Than 8 ft.,6,-54,31,1,0,20190310,PHI,IND
Shot Chart Detail,0021800994,265,101161,Amir Johnson,1610612755,Philadelphia 76ers,2,7,12,Missed Shot,Jump Shot,3PT Field Goal,Left Corner 3,Left Side(L),24+ ft.,22,-227,-2,1,0,20190310,PHI,IND
Shot Chart Detail,0021800994,439,101161,Amir Johnson,1610612755,Philadelphia 76ers,3,7,15,Missed Shot,Dunk Shot,2PT Field Goal,Restricted Area,Center(C),Less Than 8 ft.,2,-6,21,1,0,20190310,PHI,IND
Shot Chart Detail,0021800994,463,101161,Amir Johnson,1610612755,Philadelphia 76ers,3,5,32,Missed Shot,Tip Layup Shot,2PT Field Goal,Restricted Area,Center(C),Less Than 8 ft.,0,0,-6,1,0,20190310,PHI,IND
Shot Chart Detail,0021801059,42,101161,Amir Johnson,1610612755,Philadelphia 76ers,1,8,37,Made Shot,Cutting Finger Roll Layup Shot,2PT Field Goal,Restricted Area,Center(C),Less Than 8 ft.,2,6,22,1,1,20190319,CHA,PHI
Shot Chart Detail,0021801059,189,101161,Amir Johnson,1610612755,Philadelphia 76ers,2,10,23,Missed Shot,Jump Shot,3PT Field Goal,Above the Break 3,Center(C),24+ ft.,25,-5,252,1,0,20190319,CHA,PHI
Shot Chart Detail,0021801059,298,101161,Amir Johnson,1610612755,Philadelphia 76ers,2,2,26,Missed Shot,Layup Shot,2PT Field Goal,Restricted Area,Center(C),Less Than 8 ft.,1,6,10,1,0,20190319,CHA,PHI
Shot Chart Detail,0021801059,300,101161,Amir Johnson,1610612755,Philadelphia 76ers,2,2,22,Made Shot,Putback Layup Shot,2PT Field Goal,Restricted Area,Center(C),Less Than 8 ft.,0,0,-6,1,1,20190319,CHA,PHI
Shot Chart Detail,0021801123,701,101161,Amir Johnson,1610612755,Philadelphia 76ers,4,1,25,Missed Shot,Jump Shot,3PT Field Goal,Above the Break 3,Center(C),24+ ft.,27,65,263,1,0,20190328,PHI,BKN
Shot Chart Detail,0021801123,707,101161,Amir Johnson,1610612755,Philadelphia 76ers,4,0,18,Missed Shot,Jump Shot,3PT Field Goal,Left Corner 3,Left Side(L),24+ ft.,23,-237,-2,1,0,20190328,PHI,BKN
Shot Chart Detail,0021801143,490,101161,Amir Johnson,1610612755,Philadelphia 76ers,4,10,4,Made Shot,Cutting Layup Shot,2PT Field Goal,Restricted Area,Center(C),Less Than 8 ft.,2,9,25,1,1,20190330,MIN,PHI
Shot Chart Detail,0021801158,684,101161,Amir Johnson,1610612755,Philadelphia 76ers,4,2,40,Made Shot,Layup Shot,2PT Field Goal,Restricted Area,Center(C),Less Than 8 ft.,3,-2,33,1,1,20190401,DAL,PHI
Shot Chart Detail,0021801158,710,101161,Amir Johnson,1610612755,Philadelphia 76ers,4,0,33,Missed Shot,Jump Shot,3PT Field Goal,Above the Break 3,Center(C),24+ ft.,25,-9,254,1,0,20190401,DAL,PHI
Shot Chart Detail,0021801168,592,101161,Amir Johnson,1610612755,Philadelphia 76ers,4,8,18,Made Shot,Tip Dunk Shot,2PT Field Goal,Restricted Area,Center(C),Less Than 8 ft.,0,0,-6,1,1,20190403,ATL,PHI
Shot Chart Detail,0021801168,626,101161,Amir Johnson,1610612755,Philadelphia 76ers,4,6,9,Made Shot,Putback Layup Shot,2PT Field Goal,Restricted Area,Center(C),Less Than 8 ft.,0,-1,4,1,1,20190403,ATL,PHI
Shot Chart Detail,0021801212,346,101161,Amir Johnson,1610612755,Philadelphia 76ers,3,9,37,Missed Shot,Jump Shot,2PT Field Goal,In The Paint (Non-RA),Center(C),8-16 ft.,10,-35,101,1,0,20190409,MIA,PHI
Shot Chart Detail,0021801212,352,101161,Amir Johnson,1610612755,Philadelphia 76ers,3,9,8,Missed Shot,Jump Shot,3PT Field Goal,Right Corner 3,Right Side(R),24+ ft.,24,234,55,1,0,20190409,MIA,PHI
Shot Chart Detail,0021801212,402,101161,Amir Johnson,1610612755,Philadelphia 76ers,3,6,0,Missed Shot,Hook Shot,2PT Field Goal,In The Paint (Non-RA),Center(C),Less Than 8 ft.,5,3,53,1,0,20190409,MIA,PHI
Shot Chart Detail,0021801212,573,101161,Amir Johnson,1610612755,Philadelphia 76ers,4,5,57,Made Shot,Layup Shot,2PT Field Goal,Restricted Area,Center(C),Less Than 8 ft.,0,-6,-1,1,1,20190409,MIA,PHI
Shot Chart Detail,0021801212,594,101161,Amir Johnson,1610612755,Philadelphia 76ers,4,3,46,Missed Shot,Floating Jump shot,2PT Field Goal,Restricted Area,Center(C),Less Than 8 ft.,2,-4,24,1,0,20190409,MIA,PHI
Shot Chart Detail,0021801212,596,101161,Amir Johnson,1610612755,Philadelphia 76ers,4,3,41,Made Shot,Tip Layup Shot,2PT Field Goal,Restricted Area,Center(C),Less Than 8 ft.,0,0,-6,1,1,20190409,MIA,PHI
Shot Chart Detail,0021801224,124,101161,Amir Johnson,1610612755,Philadelphia 76ers,1,1,36,Made Shot,Putback Layup Shot,2PT Field Goal,Restricted Area,Center(C),Less Than 8 ft.,1,-16,5,1,1,20190410,PHI,CHI
Shot Chart Detail,0021801224,387,101161,Amir Johnson,1610612755,Philadelphia 76ers,3,3,46,Made Shot,Jump Shot,3PT Field Goal,Right Corner 3,Right Side(R),24+ ft.,23,232,47,1,1,20190410,PHI,CHI
Shot Chart Detail,0021801224,429,101161,Amir Johnson,1610612755,Philadelphia 76ers,3,1,0,Missed Shot,Tip Layup Shot,2PT Field Goal,Restricted Area,Center(C),Less Than 8 ft.,0,0,-6,1,0,20190410,PHI,CHI
Shot Chart Detail,0021801224,431,101161,Amir Johnson,1610612755,Philadelphia 76ers,3,0,58,Missed Shot,Tip Layup Shot,2PT Field Goal,Restricted Area,Center(C),Less Than 8 ft.,0,0,-6,1,0,20190410,PHI,CHI
Shot Chart Detail,0021801224,487,101161,Amir Johnson,1610612755,Philadelphia 76ers,4,8,25,Made Shot,Hook Shot,2PT Field Goal,Restricted Area,Center(C),Less Than 8 ft.,3,30,13,1,1,20190410,PHI,CHI
Shot Chart Detail,0021801224,523,101161,Amir Johnson,1610612755,Philadelphia 76ers,4,5,49,Made Shot,Layup Shot,2PT Field Goal,Restricted Area,Center(C),Less Than 8 ft.,2,29,5,1,1,20190410,PHI,CHI
Shot Chart Detail,0021801224,549,101161,Amir Johnson,1610612755,Philadelphia 76ers,4,4,21,Missed Shot,Jump Shot,3PT Field Goal,Above the Break 3,Left Side Center(LC),24+ ft.,25,-178,184,1,0,20190410,PHI,CHI
Shot Chart Detail,0021801224,571,101161,Amir Johnson,1610612755,Philadelphia 76ers,4,2,31,Missed Shot,Layup Shot,2PT Field Goal,Restricted Area,Center(C),Less Than 8 ft.,3,27,24,1,0,20190410,PHI,CHI
