GRID_TYPE,GAME_ID,GAME_EVENT_ID,PLAYER_ID,PLAYER_NAME,TEAM_ID,TEAM_NAME,PERIOD,MINUTES_REMAINING,SECONDS_REMAINING,EVENT_TYPE,ACTION_TYPE,SHOT_TYPE,SHOT_ZONE_BASIC,SHOT_ZONE_AREA,SHOT_ZONE_RANGE,SHOT_DISTANCE,LOC_X,LOC_Y,SHOT_ATTEMPTED_FLAG,SHOT_MADE_FLAG,GAME_DATE,HTM,VTM
Shot Chart Detail,0021800243,137,1626147,Justin Anderson,1610612737,Atlanta Hawks,1,1,35,Missed Shot,Jump Shot,3PT Field Goal,Right Corner 3,Right Side(R),24+ ft.,22,226,2,1,0,20181119,ATL,LAC
Shot Chart Detail,0021800254,154,1626147,Justin Anderson,1610612737,Atlanta Hawks,1,0,31,Made Shot,Running Dunk Shot,2PT Field Goal,Restricted Area,Center(C),Less Than 8 ft.,1,-2,11,1,1,20181121,ATL,TOR
Shot Chart Detail,0021800254,188,1626147,Justin Anderson,1610612737,Atlanta Hawks,2,9,56,Missed Shot,Jump Shot,3PT Field Goal,Above the Break 3,Center(C),24+ ft.,25,58,246,1,0,20181121,ATL,TOR
Shot Chart Detail,0021800254,321,1626147,Justin Anderson,1610612737,Atlanta Hawks,2,0,28,Made Shot,Driving Layup Shot,2PT Field Goal,Restricted Area,Center(C),Less Than 8 ft.,1,-7,18,1,1,20181121,ATL,TOR
Shot Chart Detail,0021800254,447,1626147,Justin Anderson,1610612737,Atlanta Hawks,3,3,56,Missed Shot,Jump Shot,3PT Field Goal,Left Corner 3,Left Side(L),24+ ft.,23,-222,75,1,0,20181121,ATL,TOR
Shot Chart Detail,0021800268,255,1626147,Justin Anderson,1610612737,Atlanta Hawks,2,6,28,Missed Shot,Jump Shot,3PT Field Goal,Right Corner 3,Right Side(R),24+ ft.,22,226,27,1,0,20181123,ATL,BOS
Shot Chart Detail,0021800268,490,1626147,Justin Anderson,1610612737,Atlanta Hawks,3,5,36,Made Shot,Layup Shot,2PT Field Goal,Restricted Area,Center(C),Less Than 8 ft.,1,-2,10,1,1,20181123,ATL,BOS
Shot Chart Detail,0021800268,509,1626147,Justin Anderson,1610612737,Atlanta Hawks,3,4,3,Made Shot,Layup Shot,2PT Field Goal,Restricted Area,Center(C),Less Than 8 ft.,0,-5,5,1,1,20181123,ATL,BOS
Shot Chart Detail,0021800268,545,1626147,Justin Anderson,1610612737,Atlanta Hawks,3,1,25,Missed Shot,Jump Shot,3PT Field Goal,Above the Break 3,Right Side Center(RC),24+ ft.,24,160,191,1,0,20181123,ATL,BOS
Shot Chart Detail,0021800268,550,1626147,Justin Anderson,1610612737,Atlanta Hawks,3,1,4,Missed Shot,Layup Shot,2PT Field Goal,In The Paint (Non-RA),Center(C),Less Than 8 ft.,7,2,78,1,0,20181123,ATL,BOS
Shot Chart Detail,0021800268,562,1626147,Justin Anderson,1610612737,Atlanta Hawks,3,0,22,Missed Shot,Running Layup Shot,2PT Field Goal,Restricted Area,Center(C),Less Than 8 ft.,0,0,5,1,0,20181123,ATL,BOS
Shot Chart Detail,0021800268,657,1626147,Justin Anderson,1610612737,Atlanta Hawks,4,6,42,Made Shot,Driving Layup Shot,2PT Field Goal,Restricted Area,Center(C),Less Than 8 ft.,0,-5,8,1,1,20181123,ATL,BOS
Shot Chart Detail,0021800268,661,1626147,Justin Anderson,1610612737,Atlanta Hawks,4,6,20,Made Shot,Running Jump Shot,2PT Field Goal,In The Paint (Non-RA),Center(C),8-16 ft.,11,-6,118,1,1,20181123,ATL,BOS
Shot Chart Detail,0021800268,738,1626147,Justin Anderson,1610612737,Atlanta Hawks,4,2,10,Missed Shot,Jump Shot,3PT Field Goal,Above the Break 3,Left Side Center(LC),24+ ft.,24,-224,107,1,0,20181123,ATL,BOS
Shot Chart Detail,0021800268,757,1626147,Justin Anderson,1610612737,Atlanta Hawks,4,0,56,Made Shot,Running Layup Shot,2PT Field Goal,Restricted Area,Center(C),Less Than 8 ft.,1,11,10,1,1,20181123,ATL,BOS
Shot Chart Detail,0021800302,356,1626147,Justin Anderson,1610612737,Atlanta Hawks,2,1,1,Missed Shot,Cutting Layup Shot,2PT Field Goal,Restricted Area,Center(C),Less Than 8 ft.,1,-2,11,1,0,20181127,MIA,ATL
Shot Chart Detail,0021800306,302,1626147,Justin Anderson,1610612737,Atlanta Hawks,2,4,49,Missed Shot,Cutting Layup Shot,2PT Field Goal,Restricted Area,Center(C),Less Than 8 ft.,1,-9,11,1,0,20181128,CHA,ATL
Shot Chart Detail,0021800306,304,1626147,Justin Anderson,1610612737,Atlanta Hawks,2,4,44,Made Shot,Tip Layup Shot,2PT Field Goal,Restricted Area,Center(C),Less Than 8 ft.,0,0,-6,1,1,20181128,CHA,ATL
Shot Chart Detail,0021800306,518,1626147,Justin Anderson,1610612737,Atlanta Hawks,3,2,40,Made Shot,Tip Layup Shot,2PT Field Goal,Restricted Area,Center(C),Less Than 8 ft.,0,0,-6,1,1,20181128,CHA,ATL
Shot Chart Detail,0021800306,528,1626147,Justin Anderson,1610612737,Atlanta Hawks,3,1,54,Missed Shot,Jump Shot,3PT Field Goal,Left Corner 3,Left Side(L),24+ ft.,23,-229,42,1,0,20181128,CHA,ATL
Shot Chart Detail,0021800306,533,1626147,Justin Anderson,1610612737,Atlanta Hawks,3,1,41,Missed Shot,Jump Shot,3PT Field Goal,Above the Break 3,Left Side Center(LC),24+ ft.,26,-166,207,1,0,20181128,CHA,ATL
Shot Chart Detail,0021800306,551,1626147,Justin Anderson,1610612737,Atlanta Hawks,3,0,4,Missed Shot,Jump Shot,3PT Field Goal,Left Corner 3,Left Side(L),24+ ft.,24,-234,73,1,0,20181128,CHA,ATL
Shot Chart Detail,0021800306,690,1626147,Justin Anderson,1610612737,Atlanta Hawks,4,3,21,Made Shot,Tip Dunk Shot,2PT Field Goal,Restricted Area,Center(C),Less Than 8 ft.,0,0,-6,1,1,20181128,CHA,ATL
Shot Chart Detail,0021800306,698,1626147,Justin Anderson,1610612737,Atlanta Hawks,4,2,24,Missed Shot,Driving Layup Shot,2PT Field Goal,In The Paint (Non-RA),Center(C),Less Than 8 ft.,4,-23,38,1,0,20181128,CHA,ATL
Shot Chart Detail,0021800306,704,1626147,Justin Anderson,1610612737,Atlanta Hawks,4,1,52,Missed Shot,Tip Layup Shot,2PT Field Goal,Restricted Area,Center(C),Less Than 8 ft.,0,0,-6,1,0,20181128,CHA,ATL
Shot Chart Detail,0021800306,724,1626147,Justin Anderson,1610612737,Atlanta Hawks,4,0,34,Made Shot,Layup Shot,2PT Field Goal,Restricted Area,Center(C),Less Than 8 ft.,1,-9,16,1,1,20181128,CHA,ATL
Shot Chart Detail,0021800306,728,1626147,Justin Anderson,1610612737,Atlanta Hawks,4,0,18,Made Shot,Dunk Shot,2PT Field Goal,Restricted Area,Center(C),Less Than 8 ft.,1,-3,10,1,1,20181128,CHA,ATL
Shot Chart Detail,0021800325,95,1626147,Justin Anderson,1610612737,Atlanta Hawks,1,5,17,Made Shot,Jump Shot,3PT Field Goal,Above the Break 3,Right Side Center(RC),24+ ft.,24,183,163,1,1,20181130,OKC,ATL
Shot Chart Detail,0021800325,105,1626147,Justin Anderson,1610612737,Atlanta Hawks,1,3,54,Missed Shot,Jump Shot,3PT Field Goal,Left Corner 3,Left Side(L),24+ ft.,24,-229,80,1,0,20181130,OKC,ATL
Shot Chart Detail,0021800325,120,1626147,Justin Anderson,1610612737,Atlanta Hawks,1,2,54,Missed Shot,Jump Shot,3PT Field Goal,Above the Break 3,Right Side Center(RC),24+ ft.,24,223,91,1,0,20181130,OKC,ATL
Shot Chart Detail,0021800325,227,1626147,Justin Anderson,1610612737,Atlanta Hawks,2,9,21,Missed Shot,Driving Layup Shot,2PT Field Goal,In The Paint (Non-RA),Center(C),Less Than 8 ft.,4,24,33,1,0,20181130,OKC,ATL
Shot Chart Detail,0021800325,702,1626147,Justin Anderson,1610612737,Atlanta Hawks,4,1,24,Made Shot,Running Dunk Shot,2PT Field Goal,Restricted Area,Center(C),Less Than 8 ft.,1,-6,14,1,1,20181130,OKC,ATL
Shot Chart Detail,0021800325,718,1626147,Justin Anderson,1610612737,Atlanta Hawks,4,0,0,Missed Shot,Step Back Jump shot,2PT Field Goal,Mid-Range,Right Side(R),8-16 ft.,11,105,48,1,0,20181130,OKC,ATL
Shot Chart Detail,0021800344,675,1626147,Justin Anderson,1610612737,Atlanta Hawks,4,3,23,Made Shot,Running Dunk Shot,2PT Field Goal,Restricted Area,Center(C),Less Than 8 ft.,0,3,4,1,1,20181203,ATL,GSW
Shot Chart Detail,0021800344,713,1626147,Justin Anderson,1610612737,Atlanta Hawks,4,0,38,Missed Shot,Step Back Jump shot,3PT Field Goal,Above the Break 3,Center(C),24+ ft.,24,65,240,1,0,20181203,ATL,GSW
Shot Chart Detail,0021800380,308,1626147,Justin Anderson,1610612737,Atlanta Hawks,2,2,53,Missed Shot,Jump Shot,3PT Field Goal,Above the Break 3,Right Side Center(RC),24+ ft.,26,140,220,1,0,20181208,ATL,DEN
Shot Chart Detail,0021800380,336,1626147,Justin Anderson,1610612737,Atlanta Hawks,2,1,1,Made Shot,Putback Layup Shot,2PT Field Goal,Restricted Area,Center(C),Less Than 8 ft.,0,3,0,1,1,20181208,ATL,DEN
Shot Chart Detail,0021800412,134,1626147,Justin Anderson,1610612737,Atlanta Hawks,1,2,26,Missed Shot,Jump Shot,3PT Field Goal,Above the Break 3,Left Side Center(LC),24+ ft.,24,-163,189,1,0,20181212,DAL,ATL
Shot Chart Detail,0021800412,150,1626147,Justin Anderson,1610612737,Atlanta Hawks,1,0,39,Made Shot,Putback Dunk Shot,2PT Field Goal,Restricted Area,Center(C),Less Than 8 ft.,0,0,-6,1,1,20181212,DAL,ATL
Shot Chart Detail,0021800436,688,1626147,Justin Anderson,1610612737,Atlanta Hawks,4,2,5,Made Shot,Jump Shot,3PT Field Goal,Above the Break 3,Left Side Center(LC),24+ ft.,25,-180,186,1,1,20181216,BKN,ATL
Shot Chart Detail,0021800436,692,1626147,Justin Anderson,1610612737,Atlanta Hawks,4,1,32,Made Shot,Jump Shot,3PT Field Goal,Above the Break 3,Center(C),24+ ft.,26,24,259,1,1,20181216,BKN,ATL
Shot Chart Detail,0021800486,145,1626147,Justin Anderson,1610612737,Atlanta Hawks,1,1,4,Made Shot,Jump Shot,3PT Field Goal,Above the Break 3,Right Side Center(RC),24+ ft.,29,209,204,1,1,20181223,DET,ATL
Shot Chart Detail,0021800486,546,1626147,Justin Anderson,1610612737,Atlanta Hawks,4,10,45,Made Shot,Dunk Shot,2PT Field Goal,Restricted Area,Center(C),Less Than 8 ft.,0,-1,6,1,1,20181223,DET,ATL
Shot Chart Detail,0021800504,263,1626147,Justin Anderson,1610612737,Atlanta Hawks,2,5,37,Missed Shot,Jump Shot,3PT Field Goal,Above the Break 3,Left Side Center(LC),24+ ft.,26,-132,231,1,0,20181226,ATL,IND
Shot Chart Detail,0021800504,283,1626147,Justin Anderson,1610612737,Atlanta Hawks,2,4,41,Missed Shot,Jump Shot,3PT Field Goal,Above the Break 3,Center(C),24+ ft.,25,-25,253,1,0,20181226,ATL,IND
Shot Chart Detail,0021800504,287,1626147,Justin Anderson,1610612737,Atlanta Hawks,2,4,21,Made Shot,Alley Oop Dunk Shot,2PT Field Goal,Restricted Area,Center(C),Less Than 8 ft.,0,-1,8,1,1,20181226,ATL,IND
Shot Chart Detail,0021800522,483,1626147,Justin Anderson,1610612737,Atlanta Hawks,3,3,29,Missed Shot,Jump Shot,3PT Field Goal,Above the Break 3,Left Side Center(LC),24+ ft.,24,-124,211,1,0,20181228,MIN,ATL
Shot Chart Detail,0021800522,531,1626147,Justin Anderson,1610612737,Atlanta Hawks,3,0,1,Missed Shot,Jump Shot,2PT Field Goal,In The Paint (Non-RA),Center(C),Less Than 8 ft.,7,-32,69,1,0,20181228,MIN,ATL
Shot Chart Detail,0021800522,534,1626147,Justin Anderson,1610612737,Atlanta Hawks,3,0,0,Missed Shot,Fadeaway Jump Shot,2PT Field Goal,Mid-Range,Left Side(L),8-16 ft.,14,-145,8,1,0,20181228,MIN,ATL
Shot Chart Detail,0021800529,160,1626147,Justin Anderson,1610612737,Atlanta Hawks,1,0,4,Missed Shot,Jump Shot,3PT Field Goal,Left Corner 3,Left Side(L),24+ ft.,22,-228,17,1,0,20181229,ATL,CLE
Shot Chart Detail,0021800529,459,1626147,Justin Anderson,1610612737,Atlanta Hawks,3,3,8,Missed Shot,Jump Shot,3PT Field Goal,Left Corner 3,Left Side(L),24+ ft.,23,-229,34,1,0,20181229,ATL,CLE
Shot Chart Detail,0021800529,533,1626147,Justin Anderson,1610612737,Atlanta Hawks,4,10,7,Made Shot,Driving Layup Shot,2PT Field Goal,Restricted Area,Center(C),Less Than 8 ft.,1,-2,13,1,1,20181229,ATL,CLE
Shot Chart Detail,0021800542,518,1626147,Justin Anderson,1610612737,Atlanta Hawks,3,2,16,Missed Shot,Pullup Jump shot,2PT Field Goal,In The Paint (Non-RA),Center(C),8-16 ft.,13,62,115,1,0,20181231,IND,ATL
Shot Chart Detail,0021800542,522,1626147,Justin Anderson,1610612737,Atlanta Hawks,3,1,56,Made Shot,Jump Shot,3PT Field Goal,Above the Break 3,Left Side Center(LC),24+ ft.,27,-214,167,1,1,20181231,IND,ATL
Shot Chart Detail,0021800556,146,1626147,Justin Anderson,1610612737,Atlanta Hawks,1,1,14,Missed Shot,Jump Shot,3PT Field Goal,Above the Break 3,Left Side Center(LC),24+ ft.,26,-86,246,1,0,20190102,WAS,ATL
Shot Chart Detail,0021800556,692,1626147,Justin Anderson,1610612737,Atlanta Hawks,4,0,23,Missed Shot,Pullup Jump shot,2PT Field Goal,Mid-Range,Right Side Center(RC),16-24 ft.,18,133,126,1,0,20190102,WAS,ATL
Shot Chart Detail,0021800572,97,1626147,Justin Anderson,1610612737,Atlanta Hawks,1,5,0,Missed Shot,Driving Layup Shot,2PT Field Goal,Restricted Area,Center(C),Less Than 8 ft.,3,-25,29,1,0,20190104,MIL,ATL
Shot Chart Detail,0021800572,363,1626147,Justin Anderson,1610612737,Atlanta Hawks,2,1,0,Missed Shot,Hook Shot,2PT Field Goal,In The Paint (Non-RA),Center(C),8-16 ft.,8,-3,80,1,0,20190104,MIL,ATL
Shot Chart Detail,0021800572,607,1626147,Justin Anderson,1610612737,Atlanta Hawks,4,9,55,Made Shot,Jump Shot,3PT Field Goal,Above the Break 3,Right Side Center(RC),24+ ft.,27,169,214,1,1,20190104,MIL,ATL
Shot Chart Detail,0021800572,611,1626147,Justin Anderson,1610612737,Atlanta Hawks,4,9,21,Missed Shot,Driving Layup Shot,2PT Field Goal,In The Paint (Non-RA),Center(C),Less Than 8 ft.,4,19,37,1,0,20190104,MIL,ATL
Shot Chart Detail,0021800572,623,1626147,Justin Anderson,1610612737,Atlanta Hawks,4,8,53,Missed Shot,Layup Shot,2PT Field Goal,Restricted Area,Center(C),Less Than 8 ft.,3,8,36,1,0,20190104,MIL,ATL
Shot Chart Detail,0021800572,626,1626147,Justin Anderson,1610612737,Atlanta Hawks,4,8,29,Missed Shot,Jump Shot,3PT Field Goal,Left Corner 3,Left Side(L),24+ ft.,22,-220,0,1,0,20190104,MIL,ATL
Shot Chart Detail,0021800572,729,1626147,Justin Anderson,1610612737,Atlanta Hawks,4,4,5,Missed Shot,Jump Shot,3PT Field Goal,Above the Break 3,Center(C),24+ ft.,27,60,273,1,0,20190104,MIL,ATL
Shot Chart Detail,0021800572,743,1626147,Justin Anderson,1610612737,Atlanta Hawks,4,3,39,Missed Shot,Jump Shot,3PT Field Goal,Above the Break 3,Center(C),24+ ft.,27,33,273,1,0,20190104,MIL,ATL
Shot Chart Detail,0021800587,689,1626147,Justin Anderson,1610612737,Atlanta Hawks,4,0,42,Made Shot,Driving Dunk Shot,2PT Field Goal,Restricted Area,Center(C),Less Than 8 ft.,0,1,5,1,1,20190106,ATL,MIA
Shot Chart Detail,0021800587,693,1626147,Justin Anderson,1610612737,Atlanta Hawks,4,0,17,Missed Shot,Pullup Jump shot,3PT Field Goal,Above the Break 3,Right Side Center(RC),24+ ft.,29,122,266,1,0,20190106,ATL,MIA
Shot Chart Detail,0021800602,468,1626147,Justin Anderson,1610612737,Atlanta Hawks,3,4,42,Missed Shot,Driving Layup Shot,2PT Field Goal,Restricted Area,Center(C),Less Than 8 ft.,3,-18,27,1,0,20190108,TOR,ATL
Shot Chart Detail,0021800621,61,1626147,Justin Anderson,1610612737,Atlanta Hawks,1,6,43,Missed Shot,Tip Layup Shot,2PT Field Goal,Restricted Area,Center(C),Less Than 8 ft.,0,0,-6,1,0,20190111,PHI,ATL
Shot Chart Detail,0021800640,791,1626147,Justin Anderson,1610612737,Atlanta Hawks,4,0,14,Made Shot,Step Back Jump shot,3PT Field Goal,Above the Break 3,Left Side Center(LC),24+ ft.,26,-168,204,1,1,20190113,ATL,MIL
Shot Chart Detail,0021800712,134,1626147,Justin Anderson,1610612737,Atlanta Hawks,1,2,20,Made Shot,Driving Dunk Shot,2PT Field Goal,Restricted Area,Center(C),Less Than 8 ft.,0,-6,1,1,1,20190123,CHI,ATL
Shot Chart Detail,0021800712,147,1626147,Justin Anderson,1610612737,Atlanta Hawks,1,1,54,Missed Shot,Jump Shot,3PT Field Goal,Above the Break 3,Right Side Center(RC),24+ ft.,25,105,228,1,0,20190123,CHI,ATL
Shot Chart Detail,0021800712,155,1626147,Justin Anderson,1610612737,Atlanta Hawks,1,1,35,Made Shot,Jump Shot,3PT Field Goal,Above the Break 3,Left Side Center(LC),24+ ft.,26,-187,183,1,1,20190123,CHI,ATL
Shot Chart Detail,0021800712,271,1626147,Justin Anderson,1610612737,Atlanta Hawks,2,5,28,Missed Shot,Jump Shot,3PT Field Goal,Right Corner 3,Right Side(R),24+ ft.,22,227,-10,1,0,20190123,CHI,ATL
Shot Chart Detail,0021800712,451,1626147,Justin Anderson,1610612737,Atlanta Hawks,3,5,24,Missed Shot,Jump Shot,3PT Field Goal,Right Corner 3,Right Side(R),24+ ft.,24,241,11,1,0,20190123,CHI,ATL
Shot Chart Detail,0021800712,656,1626147,Justin Anderson,1610612737,Atlanta Hawks,4,2,27,Missed Shot,Jump Shot,3PT Field Goal,Above the Break 3,Right Side Center(RC),24+ ft.,26,96,246,1,0,20190123,CHI,ATL
Shot Chart Detail,0021800712,678,1626147,Justin Anderson,1610612737,Atlanta Hawks,4,0,47,Missed Shot,Jump Shot,3PT Field Goal,Above the Break 3,Center(C),24+ ft.,26,61,256,1,0,20190123,CHI,ATL
Shot Chart Detail,0021800813,660,1626147,Justin Anderson,1610612737,Atlanta Hawks,4,1,51,Missed Shot,Jump Shot,3PT Field Goal,Above the Break 3,Left Side Center(LC),24+ ft.,24,-210,134,1,0,20190207,ATL,TOR
Shot Chart Detail,0021800837,603,1626147,Justin Anderson,1610612737,Atlanta Hawks,4,3,27,Made Shot,Driving Floating Jump Shot,2PT Field Goal,In The Paint (Non-RA),Center(C),Less Than 8 ft.,7,-3,73,1,1,20190210,ATL,ORL
Shot Chart Detail,0021800837,634,1626147,Justin Anderson,1610612737,Atlanta Hawks,4,1,33,Missed Shot,Jump Shot,2PT Field Goal,Mid-Range,Right Side Center(RC),16-24 ft.,18,88,161,1,0,20190210,ATL,ORL
Shot Chart Detail,0021800837,641,1626147,Justin Anderson,1610612737,Atlanta Hawks,4,1,2,Made Shot,Driving Layup Shot,2PT Field Goal,Restricted Area,Center(C),Less Than 8 ft.,0,-3,6,1,1,20190210,ATL,ORL
Shot Chart Detail,0021800837,650,1626147,Justin Anderson,1610612737,Atlanta Hawks,4,0,17,Missed Shot,Jump Shot,3PT Field Goal,Above the Break 3,Right Side Center(RC),24+ ft.,25,203,153,1,0,20190210,ATL,ORL
Shot Chart Detail,0021800865,168,1626147,Justin Anderson,1610612737,Atlanta Hawks,1,1,12,Missed Shot,Driving Layup Shot,2PT Field Goal,Restricted Area,Center(C),Less Than 8 ft.,1,-7,15,1,0,20190214,ATL,NYK
Shot Chart Detail,0021800865,174,1626147,Justin Anderson,1610612737,Atlanta Hawks,1,0,43,Made Shot,Driving Layup Shot,2PT Field Goal,In The Paint (Non-RA),Center(C),Less Than 8 ft.,5,-52,29,1,1,20190214,ATL,NYK
Shot Chart Detail,0021800865,204,1626147,Justin Anderson,1610612737,Atlanta Hawks,2,10,49,Missed Shot,Jump Shot,3PT Field Goal,Above the Break 3,Left Side Center(LC),24+ ft.,25,-169,188,1,0,20190214,ATL,NYK
Shot Chart Detail,0021800883,137,1626147,Justin Anderson,1610612737,Atlanta Hawks,1,2,45,Missed Shot,Driving Layup Shot,2PT Field Goal,Restricted Area,Center(C),Less Than 8 ft.,1,-5,17,1,0,20190223,ATL,PHX
Shot Chart Detail,0021800883,167,1626147,Justin Anderson,1610612737,Atlanta Hawks,1,0,42,Made Shot,Pullup Jump shot,2PT Field Goal,Mid-Range,Right Side(R),8-16 ft.,15,93,126,1,1,20190223,ATL,PHX
Shot Chart Detail,0021800883,186,1626147,Justin Anderson,1610612737,Atlanta Hawks,2,11,1,Missed Shot,Driving Layup Shot,2PT Field Goal,Restricted Area,Center(C),Less Than 8 ft.,1,-11,15,1,0,20190223,ATL,PHX
Shot Chart Detail,0021800946,283,1626147,Justin Anderson,1610612737,Atlanta Hawks,2,2,40,Made Shot,Hook Shot,2PT Field Goal,In The Paint (Non-RA),Center(C),Less Than 8 ft.,6,-13,67,1,1,20190303,CHI,ATL
Shot Chart Detail,0021800946,494,1626147,Justin Anderson,1610612737,Atlanta Hawks,3,0,0,Missed Shot,Pullup Jump shot,3PT Field Goal,Backcourt,Back Court(BC),Back Court Shot,47,-18,473,1,0,20190303,CHI,ATL
Shot Chart Detail,0021800953,257,1626147,Justin Anderson,1610612737,Atlanta Hawks,2,5,31,Missed Shot,Jump Shot,3PT Field Goal,Above the Break 3,Left Side Center(LC),24+ ft.,26,-177,195,1,0,20190304,MIA,ATL
Shot Chart Detail,0021800987,153,1626147,Justin Anderson,1610612737,Atlanta Hawks,1,0,36,Missed Shot,Jump Shot,3PT Field Goal,Above the Break 3,Center(C),24+ ft.,25,39,252,1,0,20190309,ATL,BKN
Shot Chart Detail,0021801016,679,1626147,Justin Anderson,1610612737,Atlanta Hawks,4,3,53,Missed Shot,Driving Layup Shot,2PT Field Goal,Restricted Area,Center(C),Less Than 8 ft.,3,-21,31,1,0,20190313,ATL,MEM
Shot Chart Detail,0021801016,681,1626147,Justin Anderson,1610612737,Atlanta Hawks,4,3,48,Made Shot,Tip Layup Shot,2PT Field Goal,Restricted Area,Center(C),Less Than 8 ft.,0,0,-6,1,1,20190313,ATL,MEM
Shot Chart Detail,0021801016,707,1626147,Justin Anderson,1610612737,Atlanta Hawks,4,2,9,Made Shot,Driving Floating Jump Shot,2PT Field Goal,In The Paint (Non-RA),Center(C),Less Than 8 ft.,6,17,67,1,1,20190313,ATL,MEM
Shot Chart Detail,0021801016,720,1626147,Justin Anderson,1610612737,Atlanta Hawks,4,1,7,Missed Shot,Jump Shot,3PT Field Goal,Above the Break 3,Center(C),24+ ft.,26,20,269,1,0,20190313,ATL,MEM
Shot Chart Detail,0021801016,729,1626147,Justin Anderson,1610612737,Atlanta Hawks,4,0,31,Missed Shot,Jump Shot,3PT Field Goal,Above the Break 3,Right Side Center(RC),24+ ft.,25,208,147,1,0,20190313,ATL,MEM
Shot Chart Detail,0021801076,165,1626147,Justin Anderson,1610612737,Atlanta Hawks,2,11,18,Made Shot,Jump Shot,3PT Field Goal,Above the Break 3,Left Side Center(LC),24+ ft.,25,-113,224,1,1,20190321,ATL,UTA
Shot Chart Detail,0021801076,173,1626147,Justin Anderson,1610612737,Atlanta Hawks,2,10,50,Made Shot,Pullup Jump shot,3PT Field Goal,Above the Break 3,Center(C),24+ ft.,24,-26,247,1,1,20190321,ATL,UTA
Shot Chart Detail,0021801076,190,1626147,Justin Anderson,1610612737,Atlanta Hawks,2,9,23,Missed Shot,Driving Layup Shot,2PT Field Goal,In The Paint (Non-RA),Center(C),Less Than 8 ft.,6,-53,31,1,0,20190321,ATL,UTA
Shot Chart Detail,0021801088,137,1626147,Justin Anderson,1610612737,Atlanta Hawks,1,3,2,Made Shot,Driving Floating Jump Shot,2PT Field Goal,In The Paint (Non-RA),Left Side(L),8-16 ft.,10,-58,90,1,1,20190323,ATL,PHI
Shot Chart Detail,0021801088,155,1626147,Justin Anderson,1610612737,Atlanta Hawks,1,2,10,Made Shot,Driving Finger Roll Layup Shot,2PT Field Goal,In The Paint (Non-RA),Center(C),Less Than 8 ft.,6,-46,49,1,1,20190323,ATL,PHI
Shot Chart Detail,0021801088,158,1626147,Justin Anderson,1610612737,Atlanta Hawks,1,1,43,Missed Shot,Jump Shot,3PT Field Goal,Above the Break 3,Left Side Center(LC),24+ ft.,27,-94,254,1,0,20190323,ATL,PHI
Shot Chart Detail,0021801088,171,1626147,Justin Anderson,1610612737,Atlanta Hawks,1,0,56,Missed Shot,Step Back Jump shot,3PT Field Goal,Left Corner 3,Left Side(L),24+ ft.,22,-229,2,1,0,20190323,ATL,PHI
Shot Chart Detail,0021801088,353,1626147,Justin Anderson,1610612737,Atlanta Hawks,2,1,37,Missed Shot,Driving Floating Jump Shot,2PT Field Goal,In The Paint (Non-RA),Center(C),8-16 ft.,13,-55,121,1,0,20190323,ATL,PHI
Shot Chart Detail,0021801088,355,1626147,Justin Anderson,1610612737,Atlanta Hawks,2,1,33,Made Shot,Tip Layup Shot,2PT Field Goal,Restricted Area,Center(C),Less Than 8 ft.,0,0,-6,1,1,20190323,ATL,PHI
Shot Chart Detail,0021801113,269,1626147,Justin Anderson,1610612737,Atlanta Hawks,2,6,10,Made Shot,Jump Shot,3PT Field Goal,Above the Break 3,Right Side Center(RC),24+ ft.,25,143,213,1,1,20190326,NOP,ATL
Shot Chart Detail,0021801131,17,1626147,Justin Anderson,1610612737,Atlanta Hawks,1,10,37,Missed Shot,Pullup Jump shot,3PT Field Goal,Above the Break 3,Right Side Center(RC),24+ ft.,25,122,222,1,0,20190329,ATL,POR
Shot Chart Detail,0021801131,28,1626147,Justin Anderson,1610612737,Atlanta Hawks,1,9,27,Missed Shot,Pullup Jump shot,2PT Field Goal,Mid-Range,Center(C),16-24 ft.,17,-49,173,1,0,20190329,ATL,POR
Shot Chart Detail,0021801131,56,1626147,Justin Anderson,1610612737,Atlanta Hawks,1,6,36,Missed Shot,Driving Floating Jump Shot,2PT Field Goal,In The Paint (Non-RA),Center(C),8-16 ft.,11,-22,109,1,0,20190329,ATL,POR
Shot Chart Detail,0021801131,278,1626147,Justin Anderson,1610612737,Atlanta Hawks,2,0,14,Missed Shot,Jump Shot,3PT Field Goal,Above the Break 3,Center(C),24+ ft.,26,18,269,1,0,20190329,ATL,POR
Shot Chart Detail,0021801131,304,1626147,Justin Anderson,1610612737,Atlanta Hawks,3,11,6,Missed Shot,Jump Shot,2PT Field Goal,In The Paint (Non-RA),Center(C),Less Than 8 ft.,4,-44,20,1,0,20190329,ATL,POR
Shot Chart Detail,0021801131,318,1626147,Justin Anderson,1610612737,Atlanta Hawks,3,9,59,Made Shot,Running Jump Shot,3PT Field Goal,Above the Break 3,Right Side Center(RC),24+ ft.,25,212,139,1,1,20190329,ATL,POR
Shot Chart Detail,0021801131,336,1626147,Justin Anderson,1610612737,Atlanta Hawks,3,7,41,Made Shot,Jump Shot,3PT Field Goal,Above the Break 3,Left Side Center(LC),24+ ft.,25,-182,183,1,1,20190329,ATL,POR
Shot Chart Detail,0021801145,11,1626147,Justin Anderson,1610612737,Atlanta Hawks,1,11,18,Made Shot,Tip Dunk Shot,2PT Field Goal,Restricted Area,Center(C),Less Than 8 ft.,0,0,-6,1,1,20190331,ATL,MIL
Shot Chart Detail,0021801145,20,1626147,Justin Anderson,1610612737,Atlanta Hawks,1,10,24,Missed Shot,Driving Layup Shot,2PT Field Goal,Restricted Area,Center(C),Less Than 8 ft.,1,-5,11,1,0,20190331,ATL,MIL
Shot Chart Detail,0021801145,26,1626147,Justin Anderson,1610612737,Atlanta Hawks,1,9,54,Made Shot,Putback Layup Shot,2PT Field Goal,Restricted Area,Center(C),Less Than 8 ft.,1,1,14,1,1,20190331,ATL,MIL
Shot Chart Detail,0021801145,55,1626147,Justin Anderson,1610612737,Atlanta Hawks,1,7,13,Missed Shot,Jump Shot,3PT Field Goal,Above the Break 3,Center(C),24+ ft.,27,-20,278,1,0,20190331,ATL,MIL
Shot Chart Detail,0021801145,255,1626147,Justin Anderson,1610612737,Atlanta Hawks,2,5,16,Missed Shot,Jump Shot,3PT Field Goal,Above the Break 3,Left Side Center(LC),24+ ft.,25,-123,226,1,0,20190331,ATL,MIL
Shot Chart Detail,0021801145,259,1626147,Justin Anderson,1610612737,Atlanta Hawks,2,5,8,Made Shot,Tip Dunk Shot,2PT Field Goal,Restricted Area,Center(C),Less Than 8 ft.,0,0,-6,1,1,20190331,ATL,MIL
Shot Chart Detail,0021801145,304,1626147,Justin Anderson,1610612737,Atlanta Hawks,2,2,34,Missed Shot,Driving Layup Shot,2PT Field Goal,In The Paint (Non-RA),Center(C),Less Than 8 ft.,4,7,43,1,0,20190331,ATL,MIL
Shot Chart Detail,0021801145,306,1626147,Justin Anderson,1610612737,Atlanta Hawks,2,2,31,Made Shot,Tip Layup Shot,2PT Field Goal,Restricted Area,Center(C),Less Than 8 ft.,0,0,-6,1,1,20190331,ATL,MIL
Shot Chart Detail,0021801145,371,1626147,Justin Anderson,1610612737,Atlanta Hawks,3,11,10,Missed Shot,Jump Shot,2PT Field Goal,In The Paint (Non-RA),Center(C),Less Than 8 ft.,6,-27,55,1,0,20190331,ATL,MIL
Shot Chart Detail,0021801145,394,1626147,Justin Anderson,1610612737,Atlanta Hawks,3,9,1,Made Shot,Jump Shot,3PT Field Goal,Above the Break 3,Left Side Center(LC),24+ ft.,25,-180,179,1,1,20190331,ATL,MIL
Shot Chart Detail,0021801145,397,1626147,Justin Anderson,1610612737,Atlanta Hawks,3,8,31,Missed Shot,Jump Shot,3PT Field Goal,Above the Break 3,Right Side Center(RC),24+ ft.,25,158,196,1,0,20190331,ATL,MIL
Shot Chart Detail,0021801145,443,1626147,Justin Anderson,1610612737,Atlanta Hawks,3,6,30,Made Shot,Jump Shot,3PT Field Goal,Right Corner 3,Right Side(R),24+ ft.,24,230,71,1,1,20190331,ATL,MIL
Shot Chart Detail,0021801145,450,1626147,Justin Anderson,1610612737,Atlanta Hawks,3,5,43,Made Shot,Jump Shot,3PT Field Goal,Right Corner 3,Right Side(R),24+ ft.,23,227,39,1,1,20190331,ATL,MIL
Shot Chart Detail,0021801145,665,1626147,Justin Anderson,1610612737,Atlanta Hawks,4,2,41,Made Shot,Cutting Dunk Shot,2PT Field Goal,Restricted Area,Center(C),Less Than 8 ft.,0,0,7,1,1,20190331,ATL,MIL
Shot Chart Detail,0021801145,676,1626147,Justin Anderson,1610612737,Atlanta Hawks,4,1,30,Missed Shot,Jump Shot,3PT Field Goal,Above the Break 3,Center(C),24+ ft.,25,-41,249,1,0,20190331,ATL,MIL
Shot Chart Detail,0021801145,734,1626147,Justin Anderson,1610612737,Atlanta Hawks,5,3,15,Made Shot,Jump Shot,3PT Field Goal,Right Corner 3,Right Side(R),24+ ft.,23,232,26,1,1,20190331,ATL,MIL
Shot Chart Detail,0021801162,36,1626147,Justin Anderson,1610612737,Atlanta Hawks,1,7,48,Made Shot,Jump Shot,3PT Field Goal,Left Corner 3,Left Side(L),24+ ft.,22,-226,-1,1,1,20190402,SAS,ATL
Shot Chart Detail,0021801162,43,1626147,Justin Anderson,1610612737,Atlanta Hawks,1,6,38,Missed Shot,Pullup Jump shot,2PT Field Goal,Mid-Range,Right Side(R),8-16 ft.,14,83,119,1,0,20190402,SAS,ATL
Shot Chart Detail,0021801162,120,1626147,Justin Anderson,1610612737,Atlanta Hawks,1,3,21,Missed Shot,Layup Shot,2PT Field Goal,Restricted Area,Center(C),Less Than 8 ft.,2,-15,14,1,0,20190402,SAS,ATL
Shot Chart Detail,0021801162,96,1626147,Justin Anderson,1610612737,Atlanta Hawks,1,3,15,Missed Shot,Layup Shot,2PT Field Goal,Restricted Area,Center(C),Less Than 8 ft.,2,-15,20,1,0,20190402,SAS,ATL
Shot Chart Detail,0021801162,310,1626147,Justin Anderson,1610612737,Atlanta Hawks,2,0,46,Made Shot,Cutting Finger Roll Layup Shot,2PT Field Goal,Restricted Area,Center(C),Less Than 8 ft.,1,-2,16,1,1,20190402,SAS,ATL
Shot Chart Detail,0021801162,376,1626147,Justin Anderson,1610612737,Atlanta Hawks,3,8,5,Missed Shot,Jump Shot,3PT Field Goal,Above the Break 3,Left Side Center(LC),24+ ft.,25,-221,136,1,0,20190402,SAS,ATL
Shot Chart Detail,0021801162,387,1626147,Justin Anderson,1610612737,Atlanta Hawks,3,6,56,Made Shot,Driving Layup Shot,2PT Field Goal,Restricted Area,Center(C),Less Than 8 ft.,3,-14,28,1,1,20190402,SAS,ATL
Shot Chart Detail,0021801162,551,1626147,Justin Anderson,1610612737,Atlanta Hawks,4,8,18,Missed Shot,Driving Layup Shot,2PT Field Goal,Restricted Area,Center(C),Less Than 8 ft.,0,-1,7,1,0,20190402,SAS,ATL
Shot Chart Detail,0021801168,240,1626147,Justin Anderson,1610612737,Atlanta Hawks,2,7,43,Made Shot,Running Dunk Shot,2PT Field Goal,Restricted Area,Center(C),Less Than 8 ft.,1,-1,-10,1,1,20190403,ATL,PHI
Shot Chart Detail,0021801168,418,1626147,Justin Anderson,1610612737,Atlanta Hawks,3,8,27,Missed Shot,Jump Shot,3PT Field Goal,Left Corner 3,Left Side(L),24+ ft.,22,-222,43,1,0,20190403,ATL,PHI
Shot Chart Detail,0021801168,494,1626147,Justin Anderson,1610612737,Atlanta Hawks,3,3,7,Missed Shot,Driving Layup Shot,2PT Field Goal,Restricted Area,Center(C),Less Than 8 ft.,1,-9,10,1,0,20190403,ATL,PHI
Shot Chart Detail,0021801168,498,1626147,Justin Anderson,1610612737,Atlanta Hawks,3,2,41,Made Shot,Jump Shot,3PT Field Goal,Above the Break 3,Right Side Center(RC),24+ ft.,24,164,187,1,1,20190403,ATL,PHI
Shot Chart Detail,0021801168,614,1626147,Justin Anderson,1610612737,Atlanta Hawks,4,6,58,Made Shot,Jump Shot,3PT Field Goal,Left Corner 3,Left Side(L),24+ ft.,22,-222,42,1,1,20190403,ATL,PHI
Shot Chart Detail,0021801181,9,1626147,Justin Anderson,1610612737,Atlanta Hawks,1,11,41,Missed Shot,Running Layup Shot,2PT Field Goal,Restricted Area,Center(C),Less Than 8 ft.,2,-6,25,1,0,20190405,ORL,ATL
Shot Chart Detail,0021801181,68,1626147,Justin Anderson,1610612737,Atlanta Hawks,1,6,31,Missed Shot,Jump Shot,3PT Field Goal,Left Corner 3,Left Side(L),24+ ft.,24,-232,74,1,0,20190405,ORL,ATL
Shot Chart Detail,0021801181,205,1626147,Justin Anderson,1610612737,Atlanta Hawks,2,11,25,Made Shot,Jump Shot,3PT Field Goal,Above the Break 3,Left Side Center(LC),24+ ft.,26,-101,249,1,1,20190405,ORL,ATL
Shot Chart Detail,0021801181,208,1626147,Justin Anderson,1610612737,Atlanta Hawks,2,11,1,Missed Shot,Floating Jump shot,2PT Field Goal,In The Paint (Non-RA),Center(C),8-16 ft.,11,-7,113,1,0,20190405,ORL,ATL
Shot Chart Detail,0021801181,231,1626147,Justin Anderson,1610612737,Atlanta Hawks,2,8,48,Missed Shot,Jump Shot,3PT Field Goal,Above the Break 3,Center(C),24+ ft.,26,-77,249,1,0,20190405,ORL,ATL
Shot Chart Detail,0021801181,344,1626147,Justin Anderson,1610612737,Atlanta Hawks,2,2,7,Missed Shot,Jump Shot,3PT Field Goal,Above the Break 3,Right Side Center(RC),24+ ft.,25,210,146,1,0,20190405,ORL,ATL
Shot Chart Detail,0021801181,565,1626147,Justin Anderson,1610612737,Atlanta Hawks,4,10,29,Missed Shot,Pullup Jump shot,3PT Field Goal,Above the Break 3,Left Side Center(LC),24+ ft.,25,-109,234,1,0,20190405,ORL,ATL
Shot Chart Detail,0021801202,75,1626147,Justin Anderson,1610612737,Atlanta Hawks,1,6,51,Missed Shot,Floating Jump shot,2PT Field Goal,In The Paint (Non-RA),Center(C),8-16 ft.,10,-8,102,1,0,20190407,MIL,ATL
Shot Chart Detail,0021801202,125,1626147,Justin Anderson,1610612737,Atlanta Hawks,1,3,51,Missed Shot,Jump Shot,3PT Field Goal,Above the Break 3,Right Side Center(RC),24+ ft.,27,199,185,1,0,20190407,MIL,ATL
Shot Chart Detail,0021801202,295,1626147,Justin Anderson,1610612737,Atlanta Hawks,2,4,59,Missed Shot,Pullup Jump shot,3PT Field Goal,Above the Break 3,Center(C),24+ ft.,26,52,264,1,0,20190407,MIL,ATL
Shot Chart Detail,0021801202,314,1626147,Justin Anderson,1610612737,Atlanta Hawks,2,3,26,Made Shot,Jump Shot,3PT Field Goal,Left Corner 3,Left Side(L),24+ ft.,24,-241,8,1,1,20190407,MIL,ATL
Shot Chart Detail,0021801202,484,1626147,Justin Anderson,1610612737,Atlanta Hawks,3,5,2,Made Shot,Jump Shot,3PT Field Goal,Above the Break 3,Left Side Center(LC),24+ ft.,26,-198,171,1,1,20190407,MIL,ATL
Shot Chart Detail,0021801220,364,1626147,Justin Anderson,1610612737,Atlanta Hawks,2,1,39,Missed Shot,Tip Dunk Shot,2PT Field Goal,Restricted Area,Center(C),Less Than 8 ft.,0,0,-6,1,0,20190410,ATL,IND
Shot Chart Detail,0021801220,682,1626147,Justin Anderson,1610612737,Atlanta Hawks,4,6,55,Made Shot,Driving Layup Shot,2PT Field Goal,Restricted Area,Center(C),Less Than 8 ft.,0,-2,6,1,1,20190410,ATL,IND
Shot Chart Detail,0021801220,739,1626147,Justin Anderson,1610612737,Atlanta Hawks,4,3,46,Made Shot,Step Back Jump shot,3PT Field Goal,Above the Break 3,Right Side Center(RC),24+ ft.,25,172,188,1,1,20190410,ATL,IND
