GRID_TYPE,GAME_ID,GAME_EVENT_ID,PLAYER_ID,PLAYER_NAME,TEAM_ID,TEAM_NAME,PERIOD,MINUTES_REMAINING,SECONDS_REMAINING,EVENT_TYPE,ACTION_TYPE,SHOT_TYPE,SHOT_ZONE_BASIC,SHOT_ZONE_AREA,SHOT_ZONE_RANGE,SHOT_DISTANCE,LOC_X,LOC_Y,SHOT_ATTEMPTED_FLAG,SHOT_MADE_FLAG,GAME_DATE,HTM,VTM
Shot Chart Detail,0021800033,318,1626158,Richaun Holmes,1610612756,Phoenix Suns,2,2,36,Missed Shot,Tip Layup Shot,2PT Field Goal,Restricted Area,Center(C),Less Than 8 ft.,0,0,-6,1,0,20181020,DEN,PHX
Shot Chart Detail,0021800047,674,1626158,Richaun Holmes,1610612756,Phoenix Suns,4,1,27,Made Shot,Tip Layup Shot,2PT Field Goal,Restricted Area,Center(C),Less Than 8 ft.,0,0,-6,1,1,20181022,GSW,PHX
Shot Chart Detail,0021800123,100,1626158,Richaun Holmes,1610612756,Phoenix Suns,1,3,24,Made Shot,Hook Shot,2PT Field Goal,In The Paint (Non-RA),Center(C),Less Than 8 ft.,6,-39,58,1,1,20181102,PHX,TOR
Shot Chart Detail,0021800123,269,1626158,Richaun Holmes,1610612756,Phoenix Suns,2,5,15,Missed Shot,Floating Jump shot,2PT Field Goal,Mid-Range,Left Side(L),8-16 ft.,9,-99,-4,1,0,20181102,PHX,TOR
Shot Chart Detail,0021800123,449,1626158,Richaun Holmes,1610612756,Phoenix Suns,3,5,5,Missed Shot,Hook Shot,2PT Field Goal,In The Paint (Non-RA),Center(C),Less Than 8 ft.,5,28,51,1,0,20181102,PHX,TOR
Shot Chart Detail,0021800123,452,1626158,Richaun Holmes,1610612756,Phoenix Suns,3,4,59,Missed Shot,Putback Layup Shot,2PT Field Goal,Restricted Area,Center(C),Less Than 8 ft.,1,-8,11,1,0,20181102,PHX,TOR
Shot Chart Detail,0021800136,141,1626158,Richaun Holmes,1610612756,Phoenix Suns,1,0,44,Made Shot,Putback Layup Shot,2PT Field Goal,Restricted Area,Center(C),Less Than 8 ft.,0,-8,4,1,1,20181104,PHX,MEM
Shot Chart Detail,0021800136,169,1626158,Richaun Holmes,1610612756,Phoenix Suns,2,11,44,Made Shot,Alley Oop Layup shot,2PT Field Goal,Restricted Area,Center(C),Less Than 8 ft.,0,2,6,1,1,20181104,PHX,MEM
Shot Chart Detail,0021800151,128,1626158,Richaun Holmes,1610612756,Phoenix Suns,1,2,56,Made Shot,Layup Shot,2PT Field Goal,Restricted Area,Center(C),Less Than 8 ft.,1,-10,11,1,1,20181106,PHX,BKN
Shot Chart Detail,0021800151,248,1626158,Richaun Holmes,1610612756,Phoenix Suns,2,7,3,Made Shot,Layup Shot,2PT Field Goal,Restricted Area,Center(C),Less Than 8 ft.,0,-2,6,1,1,20181106,PHX,BKN
Shot Chart Detail,0021800151,270,1626158,Richaun Holmes,1610612756,Phoenix Suns,2,4,49,Missed Shot,Jump Shot,2PT Field Goal,Mid-Range,Center(C),16-24 ft.,17,49,173,1,0,20181106,PHX,BKN
Shot Chart Detail,0021800151,280,1626158,Richaun Holmes,1610612756,Phoenix Suns,2,4,6,Made Shot,Tip Dunk Shot,2PT Field Goal,Restricted Area,Center(C),Less Than 8 ft.,0,-6,5,1,1,20181106,PHX,BKN
Shot Chart Detail,0021800151,478,1626158,Richaun Holmes,1610612756,Phoenix Suns,3,1,47,Made Shot,Driving Layup Shot,2PT Field Goal,Restricted Area,Center(C),Less Than 8 ft.,1,6,11,1,1,20181106,PHX,BKN
Shot Chart Detail,0021800151,495,1626158,Richaun Holmes,1610612756,Phoenix Suns,3,0,41,Made Shot,Cutting Dunk Shot,2PT Field Goal,Restricted Area,Center(C),Less Than 8 ft.,0,5,8,1,1,20181106,PHX,BKN
Shot Chart Detail,0021800151,545,1626158,Richaun Holmes,1610612756,Phoenix Suns,4,9,21,Made Shot,Floating Jump shot,2PT Field Goal,In The Paint (Non-RA),Center(C),8-16 ft.,10,-2,107,1,1,20181106,PHX,BKN
Shot Chart Detail,0021800164,334,1626158,Richaun Holmes,1610612756,Phoenix Suns,2,0,19,Made Shot,Putback Layup Shot,2PT Field Goal,Restricted Area,Center(C),Less Than 8 ft.,0,2,6,1,1,20181108,PHX,BOS
Shot Chart Detail,0021800164,481,1626158,Richaun Holmes,1610612756,Phoenix Suns,3,0,36,Missed Shot,Turnaround Hook Shot,2PT Field Goal,In The Paint (Non-RA),Center(C),Less Than 8 ft.,6,-58,32,1,0,20181108,PHX,BOS
Shot Chart Detail,0021800164,494,1626158,Richaun Holmes,1610612756,Phoenix Suns,3,0,1,Missed Shot,Layup Shot,2PT Field Goal,Restricted Area,Center(C),Less Than 8 ft.,1,11,-5,1,0,20181108,PHX,BOS
Shot Chart Detail,0021800176,102,1626158,Richaun Holmes,1610612756,Phoenix Suns,1,3,47,Missed Shot,Jump Shot,2PT Field Goal,In The Paint (Non-RA),Center(C),8-16 ft.,12,62,109,1,0,20181110,NOP,PHX
Shot Chart Detail,0021800176,112,1626158,Richaun Holmes,1610612756,Phoenix Suns,1,3,7,Missed Shot,Layup Shot,2PT Field Goal,In The Paint (Non-RA),Center(C),Less Than 8 ft.,4,39,26,1,0,20181110,NOP,PHX
Shot Chart Detail,0021800176,569,1626158,Richaun Holmes,1610612756,Phoenix Suns,4,6,15,Made Shot,Layup Shot,2PT Field Goal,Restricted Area,Center(C),Less Than 8 ft.,1,-12,15,1,1,20181110,NOP,PHX
Shot Chart Detail,0021800176,632,1626158,Richaun Holmes,1610612756,Phoenix Suns,4,1,50,Missed Shot,Alley Oop Dunk Shot,2PT Field Goal,Restricted Area,Center(C),Less Than 8 ft.,1,8,15,1,0,20181110,NOP,PHX
Shot Chart Detail,0021800196,122,1626158,Richaun Holmes,1610612756,Phoenix Suns,1,1,11,Missed Shot,Layup Shot,2PT Field Goal,Restricted Area,Center(C),Less Than 8 ft.,1,16,11,1,0,20181112,OKC,PHX
Shot Chart Detail,0021800196,127,1626158,Richaun Holmes,1610612756,Phoenix Suns,1,0,43,Made Shot,Dunk Shot,2PT Field Goal,Restricted Area,Center(C),Less Than 8 ft.,2,-3,20,1,1,20181112,OKC,PHX
Shot Chart Detail,0021800196,156,1626158,Richaun Holmes,1610612756,Phoenix Suns,2,10,53,Made Shot,Cutting Dunk Shot,2PT Field Goal,Restricted Area,Center(C),Less Than 8 ft.,1,2,11,1,1,20181112,OKC,PHX
Shot Chart Detail,0021800196,184,1626158,Richaun Holmes,1610612756,Phoenix Suns,2,9,1,Made Shot,Putback Layup Shot,2PT Field Goal,Restricted Area,Center(C),Less Than 8 ft.,1,-9,17,1,1,20181112,OKC,PHX
Shot Chart Detail,0021800196,298,1626158,Richaun Holmes,1610612756,Phoenix Suns,2,1,0,Made Shot,Hook Shot,2PT Field Goal,In The Paint (Non-RA),Center(C),Less Than 8 ft.,5,-22,52,1,1,20181112,OKC,PHX
Shot Chart Detail,0021800211,364,1626158,Richaun Holmes,1610612756,Phoenix Suns,3,5,57,Made Shot,Cutting Layup Shot,2PT Field Goal,Restricted Area,Center(C),Less Than 8 ft.,0,-1,0,1,1,20181114,PHX,SAS
Shot Chart Detail,0021800211,543,1626158,Richaun Holmes,1610612756,Phoenix Suns,4,4,31,Made Shot,Putback Dunk Shot,2PT Field Goal,Restricted Area,Center(C),Less Than 8 ft.,0,-1,0,1,1,20181114,PHX,SAS
Shot Chart Detail,0021800211,550,1626158,Richaun Holmes,1610612756,Phoenix Suns,4,4,1,Missed Shot,Hook Shot,2PT Field Goal,In The Paint (Non-RA),Center(C),Less Than 8 ft.,4,-11,42,1,0,20181114,PHX,SAS
Shot Chart Detail,0021800211,559,1626158,Richaun Holmes,1610612756,Phoenix Suns,4,3,27,Missed Shot,Driving Layup Shot,2PT Field Goal,In The Paint (Non-RA),Center(C),Less Than 8 ft.,4,3,47,1,0,20181114,PHX,SAS
Shot Chart Detail,0021800211,567,1626158,Richaun Holmes,1610612756,Phoenix Suns,4,2,20,Missed Shot,Alley Oop Layup shot,2PT Field Goal,Restricted Area,Center(C),Less Than 8 ft.,1,-5,13,1,0,20181114,PHX,SAS
Shot Chart Detail,0021800211,600,1626158,Richaun Holmes,1610612756,Phoenix Suns,4,1,9,Missed Shot,Tip Layup Shot,2PT Field Goal,Restricted Area,Center(C),Less Than 8 ft.,1,-6,8,1,0,20181114,PHX,SAS
Shot Chart Detail,0021800233,310,1626158,Richaun Holmes,1610612756,Phoenix Suns,2,2,39,Made Shot,Tip Layup Shot,2PT Field Goal,Restricted Area,Center(C),Less Than 8 ft.,0,0,-6,1,1,20181117,PHX,OKC
Shot Chart Detail,0021800242,52,1626158,Richaun Holmes,1610612756,Phoenix Suns,1,7,48,Made Shot,Running Dunk Shot,2PT Field Goal,Restricted Area,Center(C),Less Than 8 ft.,1,0,12,1,1,20181119,PHI,PHX
Shot Chart Detail,0021800242,73,1626158,Richaun Holmes,1610612756,Phoenix Suns,1,6,10,Made Shot,Floating Jump shot,2PT Field Goal,In The Paint (Non-RA),Center(C),8-16 ft.,8,25,76,1,1,20181119,PHI,PHX
Shot Chart Detail,0021800242,97,1626158,Richaun Holmes,1610612756,Phoenix Suns,1,4,39,Made Shot,Alley Oop Dunk Shot,2PT Field Goal,Restricted Area,Center(C),Less Than 8 ft.,0,-6,-3,1,1,20181119,PHI,PHX
Shot Chart Detail,0021800242,240,1626158,Richaun Holmes,1610612756,Phoenix Suns,2,8,35,Missed Shot,Tip Layup Shot,2PT Field Goal,Restricted Area,Center(C),Less Than 8 ft.,0,0,-6,1,0,20181119,PHI,PHX
Shot Chart Detail,0021800242,337,1626158,Richaun Holmes,1610612756,Phoenix Suns,2,1,35,Made Shot,Dunk Shot,2PT Field Goal,Restricted Area,Center(C),Less Than 8 ft.,0,-9,2,1,1,20181119,PHI,PHX
Shot Chart Detail,0021800242,550,1626158,Richaun Holmes,1610612756,Phoenix Suns,3,0,31,Made Shot,Driving Layup Shot,2PT Field Goal,Restricted Area,Center(C),Less Than 8 ft.,2,3,22,1,1,20181119,PHI,PHX
Shot Chart Detail,0021800257,158,1626158,Richaun Holmes,1610612756,Phoenix Suns,2,11,34,Missed Shot,Tip Layup Shot,2PT Field Goal,Restricted Area,Center(C),Less Than 8 ft.,0,0,-6,1,0,20181121,CHI,PHX
Shot Chart Detail,0021800257,165,1626158,Richaun Holmes,1610612756,Phoenix Suns,2,10,37,Made Shot,Cutting Dunk Shot,2PT Field Goal,Restricted Area,Center(C),Less Than 8 ft.,0,2,6,1,1,20181121,CHI,PHX
Shot Chart Detail,0021800257,173,1626158,Richaun Holmes,1610612756,Phoenix Suns,2,9,54,Missed Shot,Jump Shot,2PT Field Goal,In The Paint (Non-RA),Center(C),8-16 ft.,8,4,83,1,0,20181121,CHI,PHX
Shot Chart Detail,0021800257,178,1626158,Richaun Holmes,1610612756,Phoenix Suns,2,9,32,Made Shot,Cutting Dunk Shot,2PT Field Goal,Restricted Area,Center(C),Less Than 8 ft.,0,-6,4,1,1,20181121,CHI,PHX
Shot Chart Detail,0021800257,294,1626158,Richaun Holmes,1610612756,Phoenix Suns,2,1,47,Made Shot,Hook Shot,2PT Field Goal,In The Paint (Non-RA),Center(C),Less Than 8 ft.,4,-12,46,1,1,20181121,CHI,PHX
Shot Chart Detail,0021800257,316,1626158,Richaun Holmes,1610612756,Phoenix Suns,2,0,19,Made Shot,Floating Jump shot,2PT Field Goal,In The Paint (Non-RA),Center(C),Less Than 8 ft.,6,6,63,1,1,20181121,CHI,PHX
Shot Chart Detail,0021800257,419,1626158,Richaun Holmes,1610612756,Phoenix Suns,3,4,1,Made Shot,Putback Layup Shot,2PT Field Goal,Restricted Area,Center(C),Less Than 8 ft.,0,0,-6,1,1,20181121,CHI,PHX
Shot Chart Detail,0021800257,426,1626158,Richaun Holmes,1610612756,Phoenix Suns,3,3,20,Missed Shot,Turnaround Hook Shot,2PT Field Goal,Restricted Area,Center(C),Less Than 8 ft.,2,-6,29,1,0,20181121,CHI,PHX
Shot Chart Detail,0021800257,459,1626158,Richaun Holmes,1610612756,Phoenix Suns,3,1,5,Made Shot,Dunk Shot,2PT Field Goal,Restricted Area,Center(C),Less Than 8 ft.,0,-3,6,1,1,20181121,CHI,PHX
Shot Chart Detail,0021800257,475,1626158,Richaun Holmes,1610612756,Phoenix Suns,3,0,1,Missed Shot,Jump Bank Shot,2PT Field Goal,Mid-Range,Right Side(R),8-16 ft.,8,87,22,1,0,20181121,CHI,PHX
Shot Chart Detail,0021800257,496,1626158,Richaun Holmes,1610612756,Phoenix Suns,4,11,31,Made Shot,Alley Oop Dunk Shot,2PT Field Goal,Restricted Area,Center(C),Less Than 8 ft.,1,5,9,1,1,20181121,CHI,PHX
Shot Chart Detail,0021800275,125,1626158,Richaun Holmes,1610612756,Phoenix Suns,1,2,15,Made Shot,Cutting Dunk Shot,2PT Field Goal,Restricted Area,Center(C),Less Than 8 ft.,1,5,18,1,1,20181123,MIL,PHX
Shot Chart Detail,0021800275,140,1626158,Richaun Holmes,1610612756,Phoenix Suns,1,0,55,Made Shot,Layup Shot,2PT Field Goal,Restricted Area,Center(C),Less Than 8 ft.,1,3,12,1,1,20181123,MIL,PHX
Shot Chart Detail,0021800275,293,1626158,Richaun Holmes,1610612756,Phoenix Suns,2,3,24,Made Shot,Dunk Shot,2PT Field Goal,Restricted Area,Center(C),Less Than 8 ft.,0,-2,8,1,1,20181123,MIL,PHX
Shot Chart Detail,0021800275,341,1626158,Richaun Holmes,1610612756,Phoenix Suns,2,0,48,Made Shot,Hook Shot,2PT Field Goal,In The Paint (Non-RA),Center(C),Less Than 8 ft.,4,37,21,1,1,20181123,MIL,PHX
Shot Chart Detail,0021800287,166,1626158,Richaun Holmes,1610612756,Phoenix Suns,2,10,54,Made Shot,Alley Oop Layup shot,2PT Field Goal,Restricted Area,Center(C),Less Than 8 ft.,3,-20,30,1,1,20181125,DET,PHX
Shot Chart Detail,0021800287,190,1626158,Richaun Holmes,1610612756,Phoenix Suns,2,9,25,Missed Shot,Alley Oop Layup shot,2PT Field Goal,Restricted Area,Center(C),Less Than 8 ft.,2,19,11,1,0,20181125,DET,PHX
Shot Chart Detail,0021800287,213,1626158,Richaun Holmes,1610612756,Phoenix Suns,2,8,11,Made Shot,Layup Shot,2PT Field Goal,Restricted Area,Center(C),Less Than 8 ft.,1,12,8,1,1,20181125,DET,PHX
Shot Chart Detail,0021800287,232,1626158,Richaun Holmes,1610612756,Phoenix Suns,2,5,49,Missed Shot,Turnaround Hook Shot,2PT Field Goal,In The Paint (Non-RA),Center(C),Less Than 8 ft.,5,52,25,1,0,20181125,DET,PHX
Shot Chart Detail,0021800287,485,1626158,Richaun Holmes,1610612756,Phoenix Suns,3,1,10,Made Shot,Dunk Shot,2PT Field Goal,In The Paint (Non-RA),Center(C),Less Than 8 ft.,4,-8,41,1,1,20181125,DET,PHX
Shot Chart Detail,0021800287,516,1626158,Richaun Holmes,1610612756,Phoenix Suns,4,11,11,Made Shot,Driving Layup Shot,2PT Field Goal,Restricted Area,Center(C),Less Than 8 ft.,3,2,36,1,1,20181125,DET,PHX
Shot Chart Detail,0021800305,131,1626158,Richaun Holmes,1610612756,Phoenix Suns,1,1,43,Made Shot,Alley Oop Dunk Shot,2PT Field Goal,Restricted Area,Center(C),Less Than 8 ft.,2,3,26,1,1,20181127,PHX,IND
Shot Chart Detail,0021800305,181,1626158,Richaun Holmes,1610612756,Phoenix Suns,2,8,13,Made Shot,Tip Dunk Shot,2PT Field Goal,Restricted Area,Center(C),Less Than 8 ft.,0,0,-6,1,1,20181127,PHX,IND
Shot Chart Detail,0021800305,453,1626158,Richaun Holmes,1610612756,Phoenix Suns,3,1,0,Made Shot,Floating Jump shot,2PT Field Goal,In The Paint (Non-RA),Center(C),Less Than 8 ft.,7,67,42,1,1,20181127,PHX,IND
Shot Chart Detail,0021800305,495,1626158,Richaun Holmes,1610612756,Phoenix Suns,4,9,23,Missed Shot,Finger Roll Layup Shot,2PT Field Goal,Restricted Area,Center(C),Less Than 8 ft.,0,0,0,1,0,20181127,PHX,IND
Shot Chart Detail,0021800315,170,1626158,Richaun Holmes,1610612756,Phoenix Suns,1,0,45,Made Shot,Cutting Dunk Shot,2PT Field Goal,Restricted Area,Center(C),Less Than 8 ft.,1,0,15,1,1,20181128,LAC,PHX
Shot Chart Detail,0021800315,197,1626158,Richaun Holmes,1610612756,Phoenix Suns,2,10,53,Made Shot,Floating Jump shot,2PT Field Goal,In The Paint (Non-RA),Center(C),8-16 ft.,14,49,132,1,1,20181128,LAC,PHX
Shot Chart Detail,0021800315,206,1626158,Richaun Holmes,1610612756,Phoenix Suns,2,9,47,Made Shot,Alley Oop Dunk Shot,2PT Field Goal,Restricted Area,Center(C),Less Than 8 ft.,1,-5,12,1,1,20181128,LAC,PHX
Shot Chart Detail,0021800315,410,1626158,Richaun Holmes,1610612756,Phoenix Suns,3,6,12,Missed Shot,Floating Jump shot,2PT Field Goal,In The Paint (Non-RA),Center(C),8-16 ft.,11,1,114,1,0,20181128,LAC,PHX
Shot Chart Detail,0021800315,439,1626158,Richaun Holmes,1610612756,Phoenix Suns,3,4,2,Missed Shot,Driving Floating Bank Jump Shot,2PT Field Goal,In The Paint (Non-RA),Center(C),Less Than 8 ft.,6,50,42,1,0,20181128,LAC,PHX
Shot Chart Detail,0021800315,464,1626158,Richaun Holmes,1610612756,Phoenix Suns,3,2,24,Made Shot,Reverse Layup Shot,2PT Field Goal,Restricted Area,Center(C),Less Than 8 ft.,2,19,13,1,1,20181128,LAC,PHX
Shot Chart Detail,0021800327,125,1626158,Richaun Holmes,1610612756,Phoenix Suns,1,1,55,Made Shot,Alley Oop Dunk Shot,2PT Field Goal,Restricted Area,Center(C),Less Than 8 ft.,1,8,8,1,1,20181130,PHX,ORL
Shot Chart Detail,0021800327,295,1626158,Richaun Holmes,1610612756,Phoenix Suns,2,1,1,Made Shot,Tip Layup Shot,2PT Field Goal,Restricted Area,Center(C),Less Than 8 ft.,0,0,-6,1,1,20181130,PHX,ORL
Shot Chart Detail,0021800337,126,1626158,Richaun Holmes,1610612756,Phoenix Suns,1,2,30,Made Shot,Cutting Layup Shot,2PT Field Goal,Restricted Area,Center(C),Less Than 8 ft.,0,-5,7,1,1,20181202,LAL,PHX
Shot Chart Detail,0021800337,143,1626158,Richaun Holmes,1610612756,Phoenix Suns,1,0,50,Made Shot,Alley Oop Dunk Shot,2PT Field Goal,Restricted Area,Center(C),Less Than 8 ft.,2,-12,16,1,1,20181202,LAL,PHX
Shot Chart Detail,0021800337,197,1626158,Richaun Holmes,1610612756,Phoenix Suns,2,9,27,Made Shot,Alley Oop Dunk Shot,2PT Field Goal,Restricted Area,Center(C),Less Than 8 ft.,2,9,18,1,1,20181202,LAL,PHX
Shot Chart Detail,0021800337,204,1626158,Richaun Holmes,1610612756,Phoenix Suns,2,8,26,Missed Shot,Alley Oop Layup shot,2PT Field Goal,Restricted Area,Center(C),Less Than 8 ft.,0,-6,7,1,0,20181202,LAL,PHX
Shot Chart Detail,0021800337,208,1626158,Richaun Holmes,1610612756,Phoenix Suns,2,8,0,Missed Shot,Layup Shot,2PT Field Goal,Restricted Area,Center(C),Less Than 8 ft.,1,2,16,1,0,20181202,LAL,PHX
Shot Chart Detail,0021800337,311,1626158,Richaun Holmes,1610612756,Phoenix Suns,2,1,26,Missed Shot,Floating Jump shot,2PT Field Goal,In The Paint (Non-RA),Center(C),8-16 ft.,11,-14,111,1,0,20181202,LAL,PHX
Shot Chart Detail,0021800337,475,1626158,Richaun Holmes,1610612756,Phoenix Suns,3,2,55,Missed Shot,Floating Jump shot,2PT Field Goal,Restricted Area,Center(C),Less Than 8 ft.,2,3,25,1,0,20181202,LAL,PHX
Shot Chart Detail,0021800337,484,1626158,Richaun Holmes,1610612756,Phoenix Suns,3,2,9,Missed Shot,Driving Hook Shot,2PT Field Goal,Restricted Area,Center(C),Less Than 8 ft.,2,12,20,1,0,20181202,LAL,PHX
Shot Chart Detail,0021800337,514,1626158,Richaun Holmes,1610612756,Phoenix Suns,3,0,31,Made Shot,Dunk Shot,2PT Field Goal,Restricted Area,Center(C),Less Than 8 ft.,1,1,10,1,1,20181202,LAL,PHX
Shot Chart Detail,0021800337,629,1626158,Richaun Holmes,1610612756,Phoenix Suns,4,3,37,Made Shot,Driving Layup Shot,2PT Field Goal,Restricted Area,Center(C),Less Than 8 ft.,1,-5,10,1,1,20181202,LAL,PHX
Shot Chart Detail,0021800337,651,1626158,Richaun Holmes,1610612756,Phoenix Suns,4,2,8,Made Shot,Floating Jump shot,2PT Field Goal,In The Paint (Non-RA),Center(C),Less Than 8 ft.,6,3,61,1,1,20181202,LAL,PHX
Shot Chart Detail,0021800337,668,1626158,Richaun Holmes,1610612756,Phoenix Suns,4,1,7,Made Shot,Reverse Layup Shot,2PT Field Goal,Restricted Area,Center(C),Less Than 8 ft.,2,13,20,1,1,20181202,LAL,PHX
Shot Chart Detail,0021800353,161,1626158,Richaun Holmes,1610612756,Phoenix Suns,1,0,14,Missed Shot,Cutting Finger Roll Layup Shot,2PT Field Goal,Restricted Area,Center(C),Less Than 8 ft.,0,2,4,1,0,20181204,PHX,SAC
Shot Chart Detail,0021800353,195,1626158,Richaun Holmes,1610612756,Phoenix Suns,2,10,25,Missed Shot,Tip Dunk Shot,2PT Field Goal,Restricted Area,Center(C),Less Than 8 ft.,0,0,-6,1,0,20181204,PHX,SAC
Shot Chart Detail,0021800353,432,1626158,Richaun Holmes,1610612756,Phoenix Suns,3,4,30,Made Shot,Driving Hook Shot,2PT Field Goal,In The Paint (Non-RA),Center(C),Less Than 8 ft.,5,11,53,1,1,20181204,PHX,SAC
Shot Chart Detail,0021800353,460,1626158,Richaun Holmes,1610612756,Phoenix Suns,3,2,47,Made Shot,Cutting Dunk Shot,2PT Field Goal,Restricted Area,Center(C),Less Than 8 ft.,0,-4,8,1,1,20181204,PHX,SAC
Shot Chart Detail,0021800353,493,1626158,Richaun Holmes,1610612756,Phoenix Suns,3,0,39,Missed Shot,Cutting Layup Shot,2PT Field Goal,Restricted Area,Center(C),Less Than 8 ft.,1,-2,10,1,0,20181204,PHX,SAC
Shot Chart Detail,0021800353,549,1626158,Richaun Holmes,1610612756,Phoenix Suns,4,8,34,Made Shot,Cutting Layup Shot,2PT Field Goal,Restricted Area,Center(C),Less Than 8 ft.,0,2,9,1,1,20181204,PHX,SAC
Shot Chart Detail,0021800353,557,1626158,Richaun Holmes,1610612756,Phoenix Suns,4,7,59,Made Shot,Alley Oop Dunk Shot,2PT Field Goal,Restricted Area,Center(C),Less Than 8 ft.,0,-3,1,1,1,20181204,PHX,SAC
Shot Chart Detail,0021800366,201,1626158,Richaun Holmes,1610612756,Phoenix Suns,2,7,52,Made Shot,Driving Reverse Layup Shot,2PT Field Goal,Restricted Area,Center(C),Less Than 8 ft.,1,8,8,1,1,20181206,POR,PHX
Shot Chart Detail,0021800366,596,1626158,Richaun Holmes,1610612756,Phoenix Suns,4,4,45,Missed Shot,Turnaround Hook Shot,2PT Field Goal,In The Paint (Non-RA),Center(C),Less Than 8 ft.,4,-16,38,1,0,20181206,POR,PHX
Shot Chart Detail,0021800366,604,1626158,Richaun Holmes,1610612756,Phoenix Suns,4,3,46,Made Shot,Cutting Dunk Shot,2PT Field Goal,Restricted Area,Center(C),Less Than 8 ft.,0,-5,1,1,1,20181206,POR,PHX
Shot Chart Detail,0021800366,620,1626158,Richaun Holmes,1610612756,Phoenix Suns,4,2,24,Made Shot,Driving Layup Shot,2PT Field Goal,Restricted Area,Center(C),Less Than 8 ft.,0,5,6,1,1,20181206,POR,PHX
Shot Chart Detail,0021800366,623,1626158,Richaun Holmes,1610612756,Phoenix Suns,4,2,7,Made Shot,Alley Oop Dunk Shot,2PT Field Goal,Restricted Area,Center(C),Less Than 8 ft.,0,2,0,1,1,20181206,POR,PHX
Shot Chart Detail,0021800376,99,1626158,Richaun Holmes,1610612756,Phoenix Suns,1,4,8,Made Shot,Cutting Dunk Shot,2PT Field Goal,Restricted Area,Center(C),Less Than 8 ft.,0,3,-5,1,1,20181207,PHX,MIA
Shot Chart Detail,0021800376,116,1626158,Richaun Holmes,1610612756,Phoenix Suns,1,3,12,Made Shot,Cutting Dunk Shot,2PT Field Goal,Restricted Area,Center(C),Less Than 8 ft.,0,-3,0,1,1,20181207,PHX,MIA
Shot Chart Detail,0021800376,138,1626158,Richaun Holmes,1610612756,Phoenix Suns,1,1,29,Missed Shot,Driving Layup Shot,2PT Field Goal,Restricted Area,Center(C),Less Than 8 ft.,0,9,0,1,0,20181207,PHX,MIA
Shot Chart Detail,0021800376,301,1626158,Richaun Holmes,1610612756,Phoenix Suns,2,2,22,Missed Shot,Pullup Jump shot,2PT Field Goal,In The Paint (Non-RA),Right Side(R),8-16 ft.,9,67,64,1,0,20181207,PHX,MIA
Shot Chart Detail,0021800376,305,1626158,Richaun Holmes,1610612756,Phoenix Suns,2,1,53,Made Shot,Cutting Dunk Shot,2PT Field Goal,Restricted Area,Center(C),Less Than 8 ft.,0,4,6,1,1,20181207,PHX,MIA
Shot Chart Detail,0021800376,439,1626158,Richaun Holmes,1610612756,Phoenix Suns,3,2,11,Made Shot,Cutting Dunk Shot,2PT Field Goal,Restricted Area,Center(C),Less Than 8 ft.,1,-6,8,1,1,20181207,PHX,MIA
Shot Chart Detail,0021800376,481,1626158,Richaun Holmes,1610612756,Phoenix Suns,4,10,19,Made Shot,Running Dunk Shot,2PT Field Goal,Restricted Area,Center(C),Less Than 8 ft.,0,-3,4,1,1,20181207,PHX,MIA
Shot Chart Detail,0021800399,101,1626158,Richaun Holmes,1610612756,Phoenix Suns,1,4,31,Made Shot,Alley Oop Dunk Shot,2PT Field Goal,Restricted Area,Center(C),Less Than 8 ft.,2,-12,25,1,1,20181210,PHX,LAC
Shot Chart Detail,0021800399,111,1626158,Richaun Holmes,1610612756,Phoenix Suns,1,3,21,Missed Shot,Tip Layup Shot,2PT Field Goal,Restricted Area,Center(C),Less Than 8 ft.,0,0,-6,1,0,20181210,PHX,LAC
Shot Chart Detail,0021800399,154,1626158,Richaun Holmes,1610612756,Phoenix Suns,1,0,30,Made Shot,Layup Shot,2PT Field Goal,Restricted Area,Center(C),Less Than 8 ft.,1,-18,1,1,1,20181210,PHX,LAC
Shot Chart Detail,0021800399,190,1626158,Richaun Holmes,1610612756,Phoenix Suns,2,9,10,Missed Shot,Floating Jump shot,2PT Field Goal,In The Paint (Non-RA),Center(C),8-16 ft.,10,2,104,1,0,20181210,PHX,LAC
Shot Chart Detail,0021800399,462,1626158,Richaun Holmes,1610612756,Phoenix Suns,3,2,50,Made Shot,Hook Shot,2PT Field Goal,Restricted Area,Center(C),Less Than 8 ft.,1,-2,17,1,1,20181210,PHX,LAC
Shot Chart Detail,0021800399,516,1626158,Richaun Holmes,1610612756,Phoenix Suns,4,11,39,Made Shot,Hook Shot,2PT Field Goal,In The Paint (Non-RA),Center(C),Less Than 8 ft.,6,52,43,1,1,20181210,PHX,LAC
Shot Chart Detail,0021800399,545,1626158,Richaun Holmes,1610612756,Phoenix Suns,4,9,26,Made Shot,Alley Oop Dunk Shot,2PT Field Goal,Restricted Area,Center(C),Less Than 8 ft.,1,1,17,1,1,20181210,PHX,LAC
Shot Chart Detail,0021800399,576,1626158,Richaun Holmes,1610612756,Phoenix Suns,4,7,43,Made Shot,Layup Shot,2PT Field Goal,Restricted Area,Center(C),Less Than 8 ft.,2,25,14,1,1,20181210,PHX,LAC
Shot Chart Detail,0021800399,580,1626158,Richaun Holmes,1610612756,Phoenix Suns,4,7,9,Made Shot,Cutting Dunk Shot,2PT Field Goal,Restricted Area,Center(C),Less Than 8 ft.,1,-3,14,1,1,20181210,PHX,LAC
Shot Chart Detail,0021800403,119,1626158,Richaun Holmes,1610612756,Phoenix Suns,1,1,54,Missed Shot,Jump Bank Shot,2PT Field Goal,In The Paint (Non-RA),Center(C),Less Than 8 ft.,6,39,56,1,0,20181211,SAS,PHX
Shot Chart Detail,0021800403,139,1626158,Richaun Holmes,1610612756,Phoenix Suns,1,0,0,Made Shot,Cutting Layup Shot,2PT Field Goal,In The Paint (Non-RA),Center(C),Less Than 8 ft.,5,38,36,1,1,20181211,SAS,PHX
Shot Chart Detail,0021800403,222,1626158,Richaun Holmes,1610612756,Phoenix Suns,2,6,21,Made Shot,Driving Floating Bank Jump Shot,2PT Field Goal,In The Paint (Non-RA),Center(C),Less Than 8 ft.,6,44,53,1,1,20181211,SAS,PHX
Shot Chart Detail,0021800403,451,1626158,Richaun Holmes,1610612756,Phoenix Suns,3,2,19,Missed Shot,Jump Shot,2PT Field Goal,In The Paint (Non-RA),Center(C),8-16 ft.,12,3,128,1,0,20181211,SAS,PHX
Shot Chart Detail,0021800419,84,1626158,Richaun Holmes,1610612756,Phoenix Suns,1,4,4,Made Shot,Putback Layup Shot,2PT Field Goal,Restricted Area,Center(C),Less Than 8 ft.,2,11,20,1,1,20181213,PHX,DAL
Shot Chart Detail,0021800419,122,1626158,Richaun Holmes,1610612756,Phoenix Suns,1,0,51,Made Shot,Cutting Dunk Shot,2PT Field Goal,Restricted Area,Center(C),Less Than 8 ft.,2,-12,16,1,1,20181213,PHX,DAL
Shot Chart Detail,0021800419,127,1626158,Richaun Holmes,1610612756,Phoenix Suns,1,0,10,Made Shot,Cutting Layup Shot,2PT Field Goal,Restricted Area,Center(C),Less Than 8 ft.,1,0,13,1,1,20181213,PHX,DAL
Shot Chart Detail,0021800419,160,1626158,Richaun Holmes,1610612756,Phoenix Suns,2,10,0,Missed Shot,Running Layup Shot,2PT Field Goal,Restricted Area,Center(C),Less Than 8 ft.,3,29,17,1,0,20181213,PHX,DAL
Shot Chart Detail,0021800419,299,1626158,Richaun Holmes,1610612756,Phoenix Suns,2,1,35,Made Shot,Tip Layup Shot,2PT Field Goal,Restricted Area,Center(C),Less Than 8 ft.,0,0,-6,1,1,20181213,PHX,DAL
Shot Chart Detail,0021800419,313,1626158,Richaun Holmes,1610612756,Phoenix Suns,2,0,25,Missed Shot,Hook Shot,2PT Field Goal,In The Paint (Non-RA),Center(C),Less Than 8 ft.,4,-38,27,1,0,20181213,PHX,DAL
Shot Chart Detail,0021800419,656,1626158,Richaun Holmes,1610612756,Phoenix Suns,4,1,25,Made Shot,Jump Shot,2PT Field Goal,Mid-Range,Left Side(L),8-16 ft.,10,-106,14,1,1,20181213,PHX,DAL
Shot Chart Detail,0021800435,55,1626158,Richaun Holmes,1610612756,Phoenix Suns,1,8,32,Made Shot,Alley Oop Layup shot,2PT Field Goal,Restricted Area,Center(C),Less Than 8 ft.,0,-2,7,1,1,20181215,PHX,MIN
Shot Chart Detail,0021800435,92,1626158,Richaun Holmes,1610612756,Phoenix Suns,1,5,13,Missed Shot,Alley Oop Layup shot,2PT Field Goal,Restricted Area,Center(C),Less Than 8 ft.,1,-11,5,1,0,20181215,PHX,MIN
Shot Chart Detail,0021800435,325,1626158,Richaun Holmes,1610612756,Phoenix Suns,2,1,50,Made Shot,Alley Oop Dunk Shot,2PT Field Goal,Restricted Area,Center(C),Less Than 8 ft.,0,-1,1,1,1,20181215,PHX,MIN
Shot Chart Detail,0021800435,339,1626158,Richaun Holmes,1610612756,Phoenix Suns,2,0,49,Made Shot,Cutting Layup Shot,2PT Field Goal,Restricted Area,Center(C),Less Than 8 ft.,0,-1,2,1,1,20181215,PHX,MIN
Shot Chart Detail,0021800435,478,1626158,Richaun Holmes,1610612756,Phoenix Suns,3,3,37,Made Shot,Tip Layup Shot,2PT Field Goal,Restricted Area,Center(C),Less Than 8 ft.,1,-3,11,1,1,20181215,PHX,MIN
Shot Chart Detail,0021800435,543,1626158,Richaun Holmes,1610612756,Phoenix Suns,4,10,43,Missed Shot,Cutting Layup Shot,2PT Field Goal,Restricted Area,Center(C),Less Than 8 ft.,0,-4,3,1,0,20181215,PHX,MIN
Shot Chart Detail,0021800444,133,1626158,Richaun Holmes,1610612756,Phoenix Suns,1,2,23,Missed Shot,Layup Shot,2PT Field Goal,Restricted Area,Center(C),Less Than 8 ft.,3,27,22,1,0,20181217,NYK,PHX
Shot Chart Detail,0021800444,181,1626158,Richaun Holmes,1610612756,Phoenix Suns,2,11,21,Made Shot,Driving Layup Shot,2PT Field Goal,Restricted Area,Center(C),Less Than 8 ft.,0,1,8,1,1,20181217,NYK,PHX
Shot Chart Detail,0021800444,453,1626158,Richaun Holmes,1610612756,Phoenix Suns,3,3,54,Made Shot,Alley Oop Dunk Shot,2PT Field Goal,Restricted Area,Center(C),Less Than 8 ft.,0,5,7,1,1,20181217,NYK,PHX
Shot Chart Detail,0021800444,488,1626158,Richaun Holmes,1610612756,Phoenix Suns,3,1,8,Made Shot,Hook Shot,2PT Field Goal,In The Paint (Non-RA),Center(C),Less Than 8 ft.,7,-47,55,1,1,20181217,NYK,PHX
Shot Chart Detail,0021800444,513,1626158,Richaun Holmes,1610612756,Phoenix Suns,4,10,46,Made Shot,Cutting Dunk Shot,2PT Field Goal,Restricted Area,Center(C),Less Than 8 ft.,1,-7,10,1,1,20181217,NYK,PHX
Shot Chart Detail,0021800444,529,1626158,Richaun Holmes,1610612756,Phoenix Suns,4,10,2,Made Shot,Layup Shot,2PT Field Goal,Restricted Area,Center(C),Less Than 8 ft.,1,-8,7,1,1,20181217,NYK,PHX
Shot Chart Detail,0021800444,540,1626158,Richaun Holmes,1610612756,Phoenix Suns,4,9,16,Made Shot,Floating Jump shot,2PT Field Goal,In The Paint (Non-RA),Center(C),8-16 ft.,10,31,99,1,1,20181217,NYK,PHX
Shot Chart Detail,0021800458,135,1626158,Richaun Holmes,1610612756,Phoenix Suns,1,1,56,Missed Shot,Turnaround Hook Shot,2PT Field Goal,In The Paint (Non-RA),Center(C),Less Than 8 ft.,4,-32,33,1,0,20181219,BOS,PHX
Shot Chart Detail,0021800458,144,1626158,Richaun Holmes,1610612756,Phoenix Suns,1,1,0,Missed Shot,Cutting Layup Shot,2PT Field Goal,Restricted Area,Center(C),Less Than 8 ft.,1,7,11,1,0,20181219,BOS,PHX
Shot Chart Detail,0021800458,163,1626158,Richaun Holmes,1610612756,Phoenix Suns,2,11,48,Made Shot,Alley Oop Dunk Shot,2PT Field Goal,Restricted Area,Center(C),Less Than 8 ft.,1,-3,19,1,1,20181219,BOS,PHX
Shot Chart Detail,0021800458,188,1626158,Richaun Holmes,1610612756,Phoenix Suns,2,9,37,Made Shot,Tip Layup Shot,2PT Field Goal,Restricted Area,Center(C),Less Than 8 ft.,0,0,-6,1,1,20181219,BOS,PHX
Shot Chart Detail,0021800458,451,1626158,Richaun Holmes,1610612756,Phoenix Suns,3,4,14,Missed Shot,Putback Layup Shot,2PT Field Goal,Restricted Area,Center(C),Less Than 8 ft.,2,5,25,1,0,20181219,BOS,PHX
Shot Chart Detail,0021800458,527,1626158,Richaun Holmes,1610612756,Phoenix Suns,4,11,22,Missed Shot,Floating Jump shot,2PT Field Goal,In The Paint (Non-RA),Right Side(R),8-16 ft.,9,68,67,1,0,20181219,BOS,PHX
Shot Chart Detail,0021800480,175,1626158,Richaun Holmes,1610612756,Phoenix Suns,2,10,37,Made Shot,Layup Shot,2PT Field Goal,Restricted Area,Center(C),Less Than 8 ft.,1,3,19,1,1,20181222,WAS,PHX
Shot Chart Detail,0021800480,414,1626158,Richaun Holmes,1610612756,Phoenix Suns,3,3,19,Made Shot,Cutting Dunk Shot,2PT Field Goal,Restricted Area,Center(C),Less Than 8 ft.,1,9,8,1,1,20181222,WAS,PHX
Shot Chart Detail,0021800480,459,1626158,Richaun Holmes,1610612756,Phoenix Suns,4,11,44,Made Shot,Driving Layup Shot,2PT Field Goal,Restricted Area,Center(C),Less Than 8 ft.,1,-7,15,1,1,20181222,WAS,PHX
Shot Chart Detail,0021800480,487,1626158,Richaun Holmes,1610612756,Phoenix Suns,4,9,54,Missed Shot,Jump Shot,2PT Field Goal,Mid-Range,Center(C),8-16 ft.,15,59,148,1,0,20181222,WAS,PHX
Shot Chart Detail,0021800480,505,1626158,Richaun Holmes,1610612756,Phoenix Suns,4,8,58,Missed Shot,Layup Shot,2PT Field Goal,Restricted Area,Center(C),Less Than 8 ft.,2,6,29,1,0,20181222,WAS,PHX
Shot Chart Detail,0021800480,507,1626158,Richaun Holmes,1610612756,Phoenix Suns,4,8,55,Made Shot,Putback Dunk Shot,2PT Field Goal,Restricted Area,Center(C),Less Than 8 ft.,2,0,22,1,1,20181222,WAS,PHX
Shot Chart Detail,0021800480,763,1626158,Richaun Holmes,1610612756,Phoenix Suns,6,0,24,Made Shot,Cutting Dunk Shot,2PT Field Goal,Restricted Area,Center(C),Less Than 8 ft.,1,-3,18,1,1,20181222,WAS,PHX
Shot Chart Detail,0021800480,784,1626158,Richaun Holmes,1610612756,Phoenix Suns,7,3,19,Made Shot,Cutting Layup Shot,2PT Field Goal,Restricted Area,Center(C),Less Than 8 ft.,1,3,12,1,1,20181222,WAS,PHX
Shot Chart Detail,0021800489,118,1626158,Richaun Holmes,1610612756,Phoenix Suns,1,3,54,Made Shot,Floating Jump shot,2PT Field Goal,In The Paint (Non-RA),Center(C),8-16 ft.,10,41,96,1,1,20181223,BKN,PHX
Shot Chart Detail,0021800489,125,1626158,Richaun Holmes,1610612756,Phoenix Suns,1,2,55,Made Shot,Turnaround Hook Shot,2PT Field Goal,In The Paint (Non-RA),Center(C),Less Than 8 ft.,6,-18,67,1,1,20181223,BKN,PHX
Shot Chart Detail,0021800489,289,1626158,Richaun Holmes,1610612756,Phoenix Suns,2,3,33,Made Shot,Floating Jump shot,2PT Field Goal,In The Paint (Non-RA),Center(C),Less Than 8 ft.,7,0,73,1,1,20181223,BKN,PHX
Shot Chart Detail,0021800489,311,1626158,Richaun Holmes,1610612756,Phoenix Suns,2,2,27,Missed Shot,Tip Layup Shot,2PT Field Goal,Restricted Area,Center(C),Less Than 8 ft.,1,-3,18,1,0,20181223,BKN,PHX
Shot Chart Detail,0021800489,460,1626158,Richaun Holmes,1610612756,Phoenix Suns,3,3,26,Made Shot,Cutting Dunk Shot,2PT Field Goal,Restricted Area,Center(C),Less Than 8 ft.,0,4,8,1,1,20181223,BKN,PHX
Shot Chart Detail,0021800503,172,1626158,Richaun Holmes,1610612756,Phoenix Suns,2,10,30,Made Shot,Alley Oop Dunk Shot,2PT Field Goal,Restricted Area,Center(C),Less Than 8 ft.,1,3,12,1,1,20181226,ORL,PHX
Shot Chart Detail,0021800503,211,1626158,Richaun Holmes,1610612756,Phoenix Suns,2,6,26,Made Shot,Floating Jump shot,2PT Field Goal,In The Paint (Non-RA),Center(C),8-16 ft.,9,-41,89,1,1,20181226,ORL,PHX
Shot Chart Detail,0021800503,423,1626158,Richaun Holmes,1610612756,Phoenix Suns,3,1,50,Missed Shot,Floating Jump shot,2PT Field Goal,In The Paint (Non-RA),Right Side(R),8-16 ft.,9,63,75,1,0,20181226,ORL,PHX
Shot Chart Detail,0021800503,448,1626158,Richaun Holmes,1610612756,Phoenix Suns,3,0,2,Made Shot,Driving Dunk Shot,2PT Field Goal,Restricted Area,Center(C),Less Than 8 ft.,0,3,3,1,1,20181226,ORL,PHX
Shot Chart Detail,0021800503,468,1626158,Richaun Holmes,1610612756,Phoenix Suns,4,11,8,Missed Shot,Turnaround Hook Shot,2PT Field Goal,In The Paint (Non-RA),Center(C),Less Than 8 ft.,5,-54,-4,1,0,20181226,ORL,PHX
Shot Chart Detail,0021800503,473,1626158,Richaun Holmes,1610612756,Phoenix Suns,4,10,37,Missed Shot,Layup Shot,2PT Field Goal,Restricted Area,Center(C),Less Than 8 ft.,2,13,17,1,0,20181226,ORL,PHX
Shot Chart Detail,0021800525,230,1626158,Richaun Holmes,1610612756,Phoenix Suns,2,6,54,Made Shot,Dunk Shot,2PT Field Goal,Restricted Area,Center(C),Less Than 8 ft.,0,2,0,1,1,20181228,PHX,OKC
Shot Chart Detail,0021800533,126,1626158,Richaun Holmes,1610612756,Phoenix Suns,1,2,7,Made Shot,Layup Shot,2PT Field Goal,Restricted Area,Center(C),Less Than 8 ft.,2,18,20,1,1,20181229,PHX,DEN
Shot Chart Detail,0021800533,388,1626158,Richaun Holmes,1610612756,Phoenix Suns,3,7,12,Made Shot,Hook Shot,2PT Field Goal,In The Paint (Non-RA),Right Side(R),8-16 ft.,11,56,95,1,1,20181229,PHX,DEN
Shot Chart Detail,0021800561,208,1626158,Richaun Holmes,1610612756,Phoenix Suns,2,10,57,Missed Shot,Floating Jump shot,2PT Field Goal,In The Paint (Non-RA),Center(C),Less Than 8 ft.,7,-39,65,1,0,20190102,PHX,PHI
Shot Chart Detail,0021800561,502,1626158,Richaun Holmes,1610612756,Phoenix Suns,3,5,5,Made Shot,Alley Oop Dunk Shot,2PT Field Goal,Restricted Area,Center(C),Less Than 8 ft.,1,-8,14,1,1,20190102,PHX,PHI
Shot Chart Detail,0021800561,528,1626158,Richaun Holmes,1610612756,Phoenix Suns,3,3,32,Made Shot,Cutting Layup Shot,2PT Field Goal,Restricted Area,Center(C),Less Than 8 ft.,1,-5,13,1,1,20190102,PHX,PHI
Shot Chart Detail,0021800561,587,1626158,Richaun Holmes,1610612756,Phoenix Suns,4,11,41,Made Shot,Alley Oop Dunk Shot,2PT Field Goal,Restricted Area,Center(C),Less Than 8 ft.,0,-3,9,1,1,20190102,PHX,PHI
Shot Chart Detail,0021800561,617,1626158,Richaun Holmes,1610612756,Phoenix Suns,4,9,1,Made Shot,Tip Dunk Shot,2PT Field Goal,Restricted Area,Center(C),Less Than 8 ft.,0,0,-6,1,1,20190102,PHX,PHI
Shot Chart Detail,0021800573,182,1626158,Richaun Holmes,1610612756,Phoenix Suns,2,9,12,Missed Shot,Floating Jump shot,2PT Field Goal,In The Paint (Non-RA),Center(C),8-16 ft.,10,-7,109,1,0,20190104,PHX,LAC
Shot Chart Detail,0021800573,299,1626158,Richaun Holmes,1610612756,Phoenix Suns,2,1,50,Missed Shot,Reverse Layup Shot,2PT Field Goal,Restricted Area,Center(C),Less Than 8 ft.,1,14,2,1,0,20190104,PHX,LAC
Shot Chart Detail,0021800573,309,1626158,Richaun Holmes,1610612756,Phoenix Suns,2,0,34,Made Shot,Cutting Dunk Shot,2PT Field Goal,Restricted Area,Center(C),Less Than 8 ft.,0,3,2,1,1,20190104,PHX,LAC
Shot Chart Detail,0021800573,313,1626158,Richaun Holmes,1610612756,Phoenix Suns,2,0,2,Made Shot,Layup Shot,2PT Field Goal,Restricted Area,Center(C),Less Than 8 ft.,0,-3,1,1,1,20190104,PHX,LAC
Shot Chart Detail,0021800573,410,1626158,Richaun Holmes,1610612756,Phoenix Suns,3,6,22,Missed Shot,Driving Layup Shot,2PT Field Goal,Restricted Area,Center(C),Less Than 8 ft.,2,-6,24,1,0,20190104,PHX,LAC
Shot Chart Detail,0021800573,474,1626158,Richaun Holmes,1610612756,Phoenix Suns,3,1,56,Made Shot,Cutting Layup Shot,2PT Field Goal,Restricted Area,Center(C),Less Than 8 ft.,2,27,6,1,1,20190104,PHX,LAC
Shot Chart Detail,0021800573,546,1626158,Richaun Holmes,1610612756,Phoenix Suns,4,10,4,Made Shot,Cutting Dunk Shot,2PT Field Goal,Restricted Area,Center(C),Less Than 8 ft.,1,-8,10,1,1,20190104,PHX,LAC
Shot Chart Detail,0021800573,591,1626158,Richaun Holmes,1610612756,Phoenix Suns,4,8,23,Made Shot,Driving Hook Shot,2PT Field Goal,In The Paint (Non-RA),Center(C),Less Than 8 ft.,6,25,59,1,1,20190104,PHX,LAC
Shot Chart Detail,0021800590,121,1626158,Richaun Holmes,1610612756,Phoenix Suns,1,2,46,Made Shot,Turnaround Hook Shot,2PT Field Goal,In The Paint (Non-RA),Center(C),Less Than 8 ft.,4,-2,47,1,1,20190106,PHX,CHA
Shot Chart Detail,0021800590,149,1626158,Richaun Holmes,1610612756,Phoenix Suns,1,0,0,Missed Shot,Floating Jump shot,2PT Field Goal,In The Paint (Non-RA),Center(C),8-16 ft.,12,-17,121,1,0,20190106,PHX,CHA
Shot Chart Detail,0021800590,470,1626158,Richaun Holmes,1610612756,Phoenix Suns,3,3,33,Made Shot,Driving Layup Shot,2PT Field Goal,Restricted Area,Center(C),Less Than 8 ft.,0,-4,5,1,1,20190106,PHX,CHA
Shot Chart Detail,0021800604,149,1626158,Richaun Holmes,1610612756,Phoenix Suns,1,0,35,Made Shot,Floating Jump shot,2PT Field Goal,In The Paint (Non-RA),Center(C),8-16 ft.,11,4,115,1,1,20190108,PHX,SAC
Shot Chart Detail,0021800604,198,1626158,Richaun Holmes,1610612756,Phoenix Suns,2,9,32,Made Shot,Floating Jump shot,2PT Field Goal,In The Paint (Non-RA),Center(C),Less Than 8 ft.,7,52,55,1,1,20190108,PHX,SAC
Shot Chart Detail,0021800604,382,1626158,Richaun Holmes,1610612756,Phoenix Suns,3,8,27,Made Shot,Alley Oop Layup shot,2PT Field Goal,Restricted Area,Center(C),Less Than 8 ft.,1,-4,11,1,1,20190108,PHX,SAC
Shot Chart Detail,0021800604,405,1626158,Richaun Holmes,1610612756,Phoenix Suns,3,6,50,Made Shot,Alley Oop Dunk Shot,2PT Field Goal,Restricted Area,Center(C),Less Than 8 ft.,0,-9,-1,1,1,20190108,PHX,SAC
Shot Chart Detail,0021800613,112,1626158,Richaun Holmes,1610612756,Phoenix Suns,1,3,23,Made Shot,Floating Jump shot,2PT Field Goal,Restricted Area,Center(C),Less Than 8 ft.,2,-21,16,1,1,20190109,DAL,PHX
Shot Chart Detail,0021800613,391,1626158,Richaun Holmes,1610612756,Phoenix Suns,3,7,58,Made Shot,Cutting Dunk Shot,2PT Field Goal,Restricted Area,Center(C),Less Than 8 ft.,1,-16,0,1,1,20190109,DAL,PHX
Shot Chart Detail,0021800613,399,1626158,Richaun Holmes,1610612756,Phoenix Suns,3,7,17,Missed Shot,Hook Shot,2PT Field Goal,In The Paint (Non-RA),Center(C),Less Than 8 ft.,5,13,53,1,0,20190109,DAL,PHX
Shot Chart Detail,0021800613,430,1626158,Richaun Holmes,1610612756,Phoenix Suns,3,5,2,Made Shot,Tip Dunk Shot,2PT Field Goal,Restricted Area,Center(C),Less Than 8 ft.,0,0,-6,1,1,20190109,DAL,PHX
Shot Chart Detail,0021800613,443,1626158,Richaun Holmes,1610612756,Phoenix Suns,3,3,59,Made Shot,Dunk Shot,2PT Field Goal,Restricted Area,Center(C),Less Than 8 ft.,1,-7,15,1,1,20190109,DAL,PHX
Shot Chart Detail,0021800613,473,1626158,Richaun Holmes,1610612756,Phoenix Suns,3,2,19,Made Shot,Turnaround Hook Shot,2PT Field Goal,In The Paint (Non-RA),Center(C),Less Than 8 ft.,7,3,73,1,1,20190109,DAL,PHX
Shot Chart Detail,0021800613,591,1626158,Richaun Holmes,1610612756,Phoenix Suns,4,7,23,Made Shot,Alley Oop Layup shot,2PT Field Goal,Restricted Area,Center(C),Less Than 8 ft.,1,-17,7,1,1,20190109,DAL,PHX
Shot Chart Detail,0021800613,624,1626158,Richaun Holmes,1610612756,Phoenix Suns,4,4,53,Made Shot,Driving Layup Shot,2PT Field Goal,Restricted Area,Center(C),Less Than 8 ft.,0,-8,4,1,1,20190109,DAL,PHX
Shot Chart Detail,0021800635,106,1626158,Richaun Holmes,1610612756,Phoenix Suns,1,4,0,Missed Shot,Hook Shot,2PT Field Goal,Mid-Range,Left Side(L),8-16 ft.,9,-90,18,1,0,20190112,PHX,DEN
Shot Chart Detail,0021800635,159,1626158,Richaun Holmes,1610612756,Phoenix Suns,1,3,5,Missed Shot,Tip Layup Shot,2PT Field Goal,Restricted Area,Center(C),Less Than 8 ft.,0,-6,7,1,0,20190112,PHX,DEN
Shot Chart Detail,0021800635,150,1626158,Richaun Holmes,1610612756,Phoenix Suns,1,1,25,Made Shot,Driving Layup Shot,2PT Field Goal,Restricted Area,Center(C),Less Than 8 ft.,0,6,1,1,1,20190112,PHX,DEN
Shot Chart Detail,0021800635,182,1626158,Richaun Holmes,1610612756,Phoenix Suns,2,11,28,Made Shot,Layup Shot,2PT Field Goal,Restricted Area,Center(C),Less Than 8 ft.,2,-2,22,1,1,20190112,PHX,DEN
Shot Chart Detail,0021800635,312,1626158,Richaun Holmes,1610612756,Phoenix Suns,2,2,44,Missed Shot,Driving Layup Shot,2PT Field Goal,Restricted Area,Center(C),Less Than 8 ft.,1,10,5,1,0,20190112,PHX,DEN
Shot Chart Detail,0021800635,332,1626158,Richaun Holmes,1610612756,Phoenix Suns,2,1,11,Made Shot,Floating Jump shot,2PT Field Goal,In The Paint (Non-RA),Center(C),8-16 ft.,10,-2,107,1,1,20190112,PHX,DEN
Shot Chart Detail,0021800635,352,1626158,Richaun Holmes,1610612756,Phoenix Suns,2,0,2,Made Shot,Hook Shot,2PT Field Goal,In The Paint (Non-RA),Center(C),Less Than 8 ft.,6,63,27,1,1,20190112,PHX,DEN
Shot Chart Detail,0021800635,497,1626158,Richaun Holmes,1610612756,Phoenix Suns,3,2,41,Made Shot,Driving Layup Shot,2PT Field Goal,Restricted Area,Center(C),Less Than 8 ft.,1,-13,3,1,1,20190112,PHX,DEN
Shot Chart Detail,0021800635,663,1626158,Richaun Holmes,1610612756,Phoenix Suns,4,3,27,Made Shot,Jump Shot,2PT Field Goal,In The Paint (Non-RA),Center(C),8-16 ft.,12,3,121,1,1,20190112,PHX,DEN
Shot Chart Detail,0021800651,234,1626158,Richaun Holmes,1610612756,Phoenix Suns,2,7,54,Made Shot,Dunk Shot,2PT Field Goal,Restricted Area,Center(C),Less Than 8 ft.,0,-2,-7,1,1,20190115,IND,PHX
Shot Chart Detail,0021800651,490,1626158,Richaun Holmes,1610612756,Phoenix Suns,3,2,41,Made Shot,Turnaround Hook Shot,2PT Field Goal,In The Paint (Non-RA),Left Side(L),8-16 ft.,8,-71,46,1,1,20190115,IND,PHX
Shot Chart Detail,0021800651,495,1626158,Richaun Holmes,1610612756,Phoenix Suns,3,1,56,Missed Shot,Driving Dunk Shot,2PT Field Goal,Restricted Area,Center(C),Less Than 8 ft.,1,14,5,1,0,20190115,IND,PHX
Shot Chart Detail,0021800651,504,1626158,Richaun Holmes,1610612756,Phoenix Suns,3,1,39,Missed Shot,Jump Shot,2PT Field Goal,Mid-Range,Left Side(L),8-16 ft.,13,-131,12,1,0,20190115,IND,PHX
Shot Chart Detail,0021800651,585,1626158,Richaun Holmes,1610612756,Phoenix Suns,4,9,24,Made Shot,Finger Roll Layup Shot,2PT Field Goal,Restricted Area,Center(C),Less Than 8 ft.,2,-16,15,1,1,20190115,IND,PHX
Shot Chart Detail,0021800651,587,1626158,Richaun Holmes,1610612756,Phoenix Suns,4,8,43,Missed Shot,Jump Shot,2PT Field Goal,In The Paint (Non-RA),Center(C),8-16 ft.,9,-12,97,1,0,20190115,IND,PHX
Shot Chart Detail,0021800651,679,1626158,Richaun Holmes,1610612756,Phoenix Suns,4,3,50,Missed Shot,Jump Shot,2PT Field Goal,In The Paint (Non-RA),Center(C),Less Than 8 ft.,7,-19,68,1,0,20190115,IND,PHX
Shot Chart Detail,0021800651,702,1626158,Richaun Holmes,1610612756,Phoenix Suns,4,2,1,Made Shot,Driving Dunk Shot,2PT Field Goal,Restricted Area,Center(C),Less Than 8 ft.,0,3,-4,1,1,20190115,IND,PHX
Shot Chart Detail,0021800651,705,1626158,Richaun Holmes,1610612756,Phoenix Suns,4,1,40,Made Shot,Cutting Dunk Shot,2PT Field Goal,Restricted Area,Center(C),Less Than 8 ft.,1,-6,8,1,1,20190115,IND,PHX
Shot Chart Detail,0021800668,133,1626158,Richaun Holmes,1610612756,Phoenix Suns,1,0,50,Missed Shot,Driving Floating Jump Shot,2PT Field Goal,Restricted Area,Center(C),Less Than 8 ft.,3,-26,25,1,0,20190117,TOR,PHX
Shot Chart Detail,0021800668,169,1626158,Richaun Holmes,1610612756,Phoenix Suns,2,9,45,Missed Shot,Hook Shot,2PT Field Goal,In The Paint (Non-RA),Center(C),8-16 ft.,8,28,77,1,0,20190117,TOR,PHX
Shot Chart Detail,0021800668,428,1626158,Richaun Holmes,1610612756,Phoenix Suns,3,3,58,Made Shot,Driving Dunk Shot,2PT Field Goal,Restricted Area,Center(C),Less Than 8 ft.,2,2,22,1,1,20190117,TOR,PHX
Shot Chart Detail,0021800679,93,1626158,Richaun Holmes,1610612756,Phoenix Suns,1,5,3,Missed Shot,Hook Shot,2PT Field Goal,In The Paint (Non-RA),Center(C),Less Than 8 ft.,6,54,42,1,0,20190119,CHA,PHX
Shot Chart Detail,0021800679,162,1626158,Richaun Holmes,1610612756,Phoenix Suns,1,0,4,Made Shot,Putback Layup Shot,2PT Field Goal,Restricted Area,Center(C),Less Than 8 ft.,0,0,-6,1,1,20190119,CHA,PHX
Shot Chart Detail,0021800679,490,1626158,Richaun Holmes,1610612756,Phoenix Suns,3,1,55,Made Shot,Driving Dunk Shot,2PT Field Goal,Restricted Area,Center(C),Less Than 8 ft.,1,0,18,1,1,20190119,CHA,PHX
Shot Chart Detail,0021800743,109,1626158,Richaun Holmes,1610612756,Phoenix Suns,1,3,15,Made Shot,Layup Shot,2PT Field Goal,Restricted Area,Center(C),Less Than 8 ft.,2,5,20,1,1,20190127,LAL,PHX
Shot Chart Detail,0021800743,233,1626158,Richaun Holmes,1610612756,Phoenix Suns,2,7,57,Missed Shot,Hook Shot,2PT Field Goal,In The Paint (Non-RA),Center(C),Less Than 8 ft.,5,-23,48,1,0,20190127,LAL,PHX
Shot Chart Detail,0021800743,397,1626158,Richaun Holmes,1610612756,Phoenix Suns,3,9,19,Made Shot,Putback Layup Shot,2PT Field Goal,Restricted Area,Center(C),Less Than 8 ft.,2,-2,21,1,1,20190127,LAL,PHX
Shot Chart Detail,0021800743,556,1626158,Richaun Holmes,1610612756,Phoenix Suns,4,11,25,Made Shot,Cutting Dunk Shot,2PT Field Goal,Restricted Area,Center(C),Less Than 8 ft.,2,11,20,1,1,20190127,LAL,PHX
Shot Chart Detail,0021800743,680,1626158,Richaun Holmes,1610612756,Phoenix Suns,4,1,58,Missed Shot,Driving Layup Shot,2PT Field Goal,Restricted Area,Center(C),Less Than 8 ft.,2,28,10,1,0,20190127,LAL,PHX
Shot Chart Detail,0021800754,68,1626158,Richaun Holmes,1610612756,Phoenix Suns,1,6,0,Made Shot,Driving Layup Shot,2PT Field Goal,In The Paint (Non-RA),Center(C),Less Than 8 ft.,7,65,27,1,1,20190129,SAS,PHX
Shot Chart Detail,0021800754,229,1626158,Richaun Holmes,1610612756,Phoenix Suns,2,6,48,Made Shot,Alley Oop Dunk Shot,2PT Field Goal,Restricted Area,Center(C),Less Than 8 ft.,2,-2,20,1,1,20190129,SAS,PHX
Shot Chart Detail,0021800754,259,1626158,Richaun Holmes,1610612756,Phoenix Suns,2,4,28,Made Shot,Dunk Shot,2PT Field Goal,Restricted Area,Center(C),Less Than 8 ft.,0,-3,3,1,1,20190129,SAS,PHX
Shot Chart Detail,0021800754,335,1626158,Richaun Holmes,1610612756,Phoenix Suns,2,0,0,Missed Shot,Turnaround Hook Shot,2PT Field Goal,In The Paint (Non-RA),Center(C),Less Than 8 ft.,4,-46,0,1,0,20190129,SAS,PHX
Shot Chart Detail,0021800754,368,1626158,Richaun Holmes,1610612756,Phoenix Suns,3,9,0,Made Shot,Jump Shot,2PT Field Goal,Mid-Range,Left Side(L),8-16 ft.,12,-120,-22,1,1,20190129,SAS,PHX
Shot Chart Detail,0021800754,380,1626158,Richaun Holmes,1610612756,Phoenix Suns,3,7,50,Missed Shot,Jump Shot,2PT Field Goal,In The Paint (Non-RA),Center(C),8-16 ft.,12,-2,120,1,0,20190129,SAS,PHX
Shot Chart Detail,0021800784,332,1626158,Richaun Holmes,1610612756,Phoenix Suns,2,1,26,Missed Shot,Driving Hook Shot,2PT Field Goal,In The Paint (Non-RA),Center(C),Less Than 8 ft.,4,4,43,1,0,20190202,PHX,ATL
Shot Chart Detail,0021800784,446,1626158,Richaun Holmes,1610612756,Phoenix Suns,3,4,36,Missed Shot,Turnaround Hook Shot,2PT Field Goal,In The Paint (Non-RA),Center(C),Less Than 8 ft.,5,51,24,1,0,20190202,PHX,ATL
Shot Chart Detail,0021800784,457,1626158,Richaun Holmes,1610612756,Phoenix Suns,3,4,15,Made Shot,Layup Shot,2PT Field Goal,Restricted Area,Center(C),Less Than 8 ft.,1,1,15,1,1,20190202,PHX,ATL
Shot Chart Detail,0021800784,464,1626158,Richaun Holmes,1610612756,Phoenix Suns,3,3,54,Missed Shot,Alley Oop Dunk Shot,2PT Field Goal,Restricted Area,Center(C),Less Than 8 ft.,0,3,1,1,0,20190202,PHX,ATL
Shot Chart Detail,0021800794,176,1626158,Richaun Holmes,1610612756,Phoenix Suns,2,11,28,Made Shot,Layup Shot,2PT Field Goal,Restricted Area,Center(C),Less Than 8 ft.,2,-18,10,1,1,20190204,PHX,HOU
Shot Chart Detail,0021800794,188,1626158,Richaun Holmes,1610612756,Phoenix Suns,2,10,40,Made Shot,Cutting Layup Shot,2PT Field Goal,Restricted Area,Center(C),Less Than 8 ft.,1,3,16,1,1,20190204,PHX,HOU
Shot Chart Detail,0021800794,210,1626158,Richaun Holmes,1610612756,Phoenix Suns,2,8,20,Missed Shot,Hook Shot,2PT Field Goal,In The Paint (Non-RA),Center(C),Less Than 8 ft.,4,22,41,1,0,20190204,PHX,HOU
Shot Chart Detail,0021800794,214,1626158,Richaun Holmes,1610612756,Phoenix Suns,2,7,45,Made Shot,Cutting Dunk Shot,2PT Field Goal,Restricted Area,Center(C),Less Than 8 ft.,0,4,7,1,1,20190204,PHX,HOU
Shot Chart Detail,0021800794,409,1626158,Richaun Holmes,1610612756,Phoenix Suns,3,5,2,Made Shot,Cutting Dunk Shot,2PT Field Goal,Restricted Area,Center(C),Less Than 8 ft.,0,-3,8,1,1,20190204,PHX,HOU
Shot Chart Detail,0021800794,415,1626158,Richaun Holmes,1610612756,Phoenix Suns,3,4,15,Missed Shot,Alley Oop Layup shot,2PT Field Goal,Restricted Area,Center(C),Less Than 8 ft.,3,14,27,1,0,20190204,PHX,HOU
Shot Chart Detail,0021800808,164,1626158,Richaun Holmes,1610612756,Phoenix Suns,1,0,35,Made Shot,Cutting Dunk Shot,2PT Field Goal,Restricted Area,Center(C),Less Than 8 ft.,2,16,13,1,1,20190206,UTA,PHX
Shot Chart Detail,0021800808,280,1626158,Richaun Holmes,1610612756,Phoenix Suns,2,4,8,Missed Shot,Driving Layup Shot,2PT Field Goal,Restricted Area,Center(C),Less Than 8 ft.,3,33,9,1,0,20190206,UTA,PHX
Shot Chart Detail,0021800808,305,1626158,Richaun Holmes,1610612756,Phoenix Suns,2,2,26,Made Shot,Running Alley Oop Dunk Shot,2PT Field Goal,Restricted Area,Center(C),Less Than 8 ft.,2,29,3,1,1,20190206,UTA,PHX
Shot Chart Detail,0021800808,309,1626158,Richaun Holmes,1610612756,Phoenix Suns,2,1,47,Missed Shot,Hook Shot,2PT Field Goal,In The Paint (Non-RA),Center(C),Less Than 8 ft.,6,2,66,1,0,20190206,UTA,PHX
Shot Chart Detail,0021800808,478,1626158,Richaun Holmes,1610612756,Phoenix Suns,3,1,52,Made Shot,Alley Oop Dunk Shot,2PT Field Goal,Restricted Area,Center(C),Less Than 8 ft.,2,-19,20,1,1,20190206,UTA,PHX
Shot Chart Detail,0021800808,481,1626158,Richaun Holmes,1610612756,Phoenix Suns,3,1,24,Missed Shot,Driving Layup Shot,2PT Field Goal,In The Paint (Non-RA),Center(C),Less Than 8 ft.,5,-38,34,1,0,20190206,UTA,PHX
Shot Chart Detail,0021800822,277,1626158,Richaun Holmes,1610612756,Phoenix Suns,2,6,44,Missed Shot,Tip Layup Shot,2PT Field Goal,Restricted Area,Center(C),Less Than 8 ft.,1,-11,15,1,0,20190208,PHX,GSW
Shot Chart Detail,0021800822,322,1626158,Richaun Holmes,1610612756,Phoenix Suns,2,4,26,Made Shot,Running Dunk Shot,2PT Field Goal,Restricted Area,Center(C),Less Than 8 ft.,1,8,12,1,1,20190208,PHX,GSW
Shot Chart Detail,0021800822,524,1626158,Richaun Holmes,1610612756,Phoenix Suns,3,1,57,Made Shot,Turnaround Hook Shot,2PT Field Goal,Restricted Area,Center(C),Less Than 8 ft.,3,-18,25,1,1,20190208,PHX,GSW
Shot Chart Detail,0021800822,681,1626158,Richaun Holmes,1610612756,Phoenix Suns,4,4,58,Made Shot,Tip Layup Shot,2PT Field Goal,Restricted Area,Center(C),Less Than 8 ft.,0,0,-6,1,1,20190208,PHX,GSW
Shot Chart Detail,0021800822,684,1626158,Richaun Holmes,1610612756,Phoenix Suns,4,4,28,Made Shot,Floating Jump shot,2PT Field Goal,In The Paint (Non-RA),Center(C),Less Than 8 ft.,6,-16,62,1,1,20190208,PHX,GSW
Shot Chart Detail,0021800836,175,1626158,Richaun Holmes,1610612756,Phoenix Suns,2,11,1,Made Shot,Dunk Shot,2PT Field Goal,Restricted Area,Center(C),Less Than 8 ft.,1,-8,16,1,1,20190210,SAC,PHX
Shot Chart Detail,0021800836,196,1626158,Richaun Holmes,1610612756,Phoenix Suns,2,8,57,Made Shot,Driving Layup Shot,2PT Field Goal,Restricted Area,Center(C),Less Than 8 ft.,1,-16,7,1,1,20190210,SAC,PHX
Shot Chart Detail,0021800836,223,1626158,Richaun Holmes,1610612756,Phoenix Suns,2,7,31,Missed Shot,Hook Shot,2PT Field Goal,In The Paint (Non-RA),Left Side(L),8-16 ft.,10,-79,67,1,0,20190210,SAC,PHX
Shot Chart Detail,0021800836,225,1626158,Richaun Holmes,1610612756,Phoenix Suns,2,7,28,Missed Shot,Hook Shot,2PT Field Goal,In The Paint (Non-RA),Left Side(L),8-16 ft.,8,-68,48,1,0,20190210,SAC,PHX
Shot Chart Detail,0021800836,571,1626158,Richaun Holmes,1610612756,Phoenix Suns,4,11,45,Missed Shot,Driving Layup Shot,2PT Field Goal,In The Paint (Non-RA),Center(C),Less Than 8 ft.,5,-27,43,1,0,20190210,SAC,PHX
Shot Chart Detail,0021800836,599,1626158,Richaun Holmes,1610612756,Phoenix Suns,4,9,58,Missed Shot,Layup Shot,2PT Field Goal,Restricted Area,Center(C),Less Than 8 ft.,1,2,19,1,0,20190210,SAC,PHX
Shot Chart Detail,0021800863,106,1626158,Richaun Holmes,1610612756,Phoenix Suns,1,2,28,Missed Shot,Cutting Layup Shot,2PT Field Goal,Restricted Area,Center(C),Less Than 8 ft.,1,13,11,1,0,20190213,LAC,PHX
Shot Chart Detail,0021800863,128,1626158,Richaun Holmes,1610612756,Phoenix Suns,1,1,30,Missed Shot,Jump Shot,2PT Field Goal,In The Paint (Non-RA),Center(C),8-16 ft.,8,-16,81,1,0,20190213,LAC,PHX
Shot Chart Detail,0021800863,180,1626158,Richaun Holmes,1610612756,Phoenix Suns,2,10,4,Missed Shot,Hook Shot,2PT Field Goal,In The Paint (Non-RA),Center(C),Less Than 8 ft.,7,-35,71,1,0,20190213,LAC,PHX
Shot Chart Detail,0021800863,316,1626158,Richaun Holmes,1610612756,Phoenix Suns,2,1,57,Missed Shot,Cutting Layup Shot,2PT Field Goal,Restricted Area,Center(C),Less Than 8 ft.,1,-13,13,1,0,20190213,LAC,PHX
Shot Chart Detail,0021800863,334,1626158,Richaun Holmes,1610612756,Phoenix Suns,2,0,14,Missed Shot,Driving Floating Jump Shot,2PT Field Goal,Restricted Area,Center(C),Less Than 8 ft.,2,8,22,1,0,20190213,LAC,PHX
Shot Chart Detail,0021800863,517,1626158,Richaun Holmes,1610612756,Phoenix Suns,3,0,6,Made Shot,Layup Shot,2PT Field Goal,Restricted Area,Center(C),Less Than 8 ft.,3,20,24,1,1,20190213,LAC,PHX
Shot Chart Detail,0021800863,535,1626158,Richaun Holmes,1610612756,Phoenix Suns,4,10,47,Missed Shot,Driving Layup Shot,2PT Field Goal,Restricted Area,Center(C),Less Than 8 ft.,3,-25,21,1,0,20190213,LAC,PHX
Shot Chart Detail,0021800867,146,1626158,Richaun Holmes,1610612756,Phoenix Suns,1,1,17,Made Shot,Layup Shot,2PT Field Goal,Restricted Area,Center(C),Less Than 8 ft.,1,12,6,1,1,20190221,CLE,PHX
Shot Chart Detail,0021800867,176,1626158,Richaun Holmes,1610612756,Phoenix Suns,2,11,20,Missed Shot,Layup Shot,2PT Field Goal,In The Paint (Non-RA),Center(C),Less Than 8 ft.,4,9,48,1,0,20190221,CLE,PHX
Shot Chart Detail,0021800867,193,1626158,Richaun Holmes,1610612756,Phoenix Suns,2,10,19,Made Shot,Alley Oop Dunk Shot,2PT Field Goal,Restricted Area,Center(C),Less Than 8 ft.,1,6,13,1,1,20190221,CLE,PHX
Shot Chart Detail,0021800867,460,1626158,Richaun Holmes,1610612756,Phoenix Suns,3,3,49,Made Shot,Alley Oop Dunk Shot,2PT Field Goal,Restricted Area,Center(C),Less Than 8 ft.,0,-9,-1,1,1,20190221,CLE,PHX
Shot Chart Detail,0021800883,198,1626158,Richaun Holmes,1610612756,Phoenix Suns,2,9,27,Made Shot,Turnaround Hook Shot,2PT Field Goal,Restricted Area,Center(C),Less Than 8 ft.,1,-16,11,1,1,20190223,ATL,PHX
Shot Chart Detail,0021800883,486,1626158,Richaun Holmes,1610612756,Phoenix Suns,3,0,43,Made Shot,Layup Shot,2PT Field Goal,Restricted Area,Center(C),Less Than 8 ft.,1,-3,12,1,1,20190223,ATL,PHX
Shot Chart Detail,0021800901,174,1626158,Richaun Holmes,1610612756,Phoenix Suns,1,0,2,Made Shot,Putback Layup Shot,2PT Field Goal,In The Paint (Non-RA),Center(C),Less Than 8 ft.,4,15,38,1,1,20190225,MIA,PHX
Shot Chart Detail,0021800901,312,1626158,Richaun Holmes,1610612756,Phoenix Suns,2,3,25,Missed Shot,Hook Shot,2PT Field Goal,In The Paint (Non-RA),Center(C),Less Than 8 ft.,5,-29,43,1,0,20190225,MIA,PHX
Shot Chart Detail,0021800901,320,1626158,Richaun Holmes,1610612756,Phoenix Suns,2,2,43,Made Shot,Reverse Layup Shot,2PT Field Goal,In The Paint (Non-RA),Center(C),Less Than 8 ft.,4,27,36,1,1,20190225,MIA,PHX
Shot Chart Detail,0021800901,529,1626158,Richaun Holmes,1610612756,Phoenix Suns,4,11,31,Made Shot,Driving Layup Shot,2PT Field Goal,Restricted Area,Center(C),Less Than 8 ft.,3,-29,15,1,1,20190225,MIA,PHX
Shot Chart Detail,0021800901,541,1626158,Richaun Holmes,1610612756,Phoenix Suns,4,9,53,Made Shot,Dunk Shot,2PT Field Goal,Restricted Area,Center(C),Less Than 8 ft.,2,-19,9,1,1,20190225,MIA,PHX
Shot Chart Detail,0021800932,102,1626158,Richaun Holmes,1610612756,Phoenix Suns,1,5,27,Missed Shot,Turnaround Hook Shot,2PT Field Goal,Restricted Area,Center(C),Less Than 8 ft.,3,-1,39,1,0,20190301,PHX,NOP
Shot Chart Detail,0021800932,163,1626158,Richaun Holmes,1610612756,Phoenix Suns,1,1,35,Made Shot,Putback Layup Shot,2PT Field Goal,Restricted Area,Center(C),Less Than 8 ft.,0,9,2,1,1,20190301,PHX,NOP
Shot Chart Detail,0021800932,181,1626158,Richaun Holmes,1610612756,Phoenix Suns,1,0,32,Made Shot,Alley Oop Dunk Shot,2PT Field Goal,Restricted Area,Center(C),Less Than 8 ft.,0,3,5,1,1,20190301,PHX,NOP
Shot Chart Detail,0021800932,515,1626158,Richaun Holmes,1610612756,Phoenix Suns,3,1,8,Missed Shot,Turnaround Hook Shot,2PT Field Goal,Mid-Range,Left Side(L),8-16 ft.,9,-92,14,1,0,20190301,PHX,NOP
Shot Chart Detail,0021800932,545,1626158,Richaun Holmes,1610612756,Phoenix Suns,4,10,38,Missed Shot,Driving Hook Shot,2PT Field Goal,Restricted Area,Center(C),Less Than 8 ft.,2,13,25,1,0,20190301,PHX,NOP
Shot Chart Detail,0021800932,700,1626158,Richaun Holmes,1610612756,Phoenix Suns,4,7,50,Missed Shot,Tip Layup Shot,2PT Field Goal,Restricted Area,Center(C),Less Than 8 ft.,1,12,1,1,0,20190301,PHX,NOP
Shot Chart Detail,0021800932,595,1626158,Richaun Holmes,1610612756,Phoenix Suns,4,7,16,Made Shot,Putback Layup Shot,2PT Field Goal,Restricted Area,Center(C),Less Than 8 ft.,2,27,13,1,1,20190301,PHX,NOP
Shot Chart Detail,0021800942,519,1626158,Richaun Holmes,1610612756,Phoenix Suns,4,11,16,Missed Shot,Cutting Dunk Shot,2PT Field Goal,Restricted Area,Center(C),Less Than 8 ft.,0,-6,4,1,0,20190302,PHX,LAL
Shot Chart Detail,0021800942,524,1626158,Richaun Holmes,1610612756,Phoenix Suns,4,11,0,Made Shot,Driving Layup Shot,2PT Field Goal,Restricted Area,Center(C),Less Than 8 ft.,1,-6,9,1,1,20190302,PHX,LAL
Shot Chart Detail,0021800955,139,1626158,Richaun Holmes,1610612756,Phoenix Suns,1,1,16,Missed Shot,Jump Shot,2PT Field Goal,In The Paint (Non-RA),Center(C),8-16 ft.,12,54,115,1,0,20190304,PHX,MIL
Shot Chart Detail,0021800955,184,1626158,Richaun Holmes,1610612756,Phoenix Suns,2,9,19,Made Shot,Running Dunk Shot,2PT Field Goal,Restricted Area,Center(C),Less Than 8 ft.,0,-5,4,1,1,20190304,PHX,MIL
Shot Chart Detail,0021800955,193,1626158,Richaun Holmes,1610612756,Phoenix Suns,2,8,40,Missed Shot,Driving Layup Shot,2PT Field Goal,Restricted Area,Center(C),Less Than 8 ft.,1,-10,10,1,0,20190304,PHX,MIL
Shot Chart Detail,0021800955,506,1626158,Richaun Holmes,1610612756,Phoenix Suns,3,0,37,Missed Shot,Layup Shot,2PT Field Goal,Restricted Area,Center(C),Less Than 8 ft.,1,10,5,1,0,20190304,PHX,MIL
Shot Chart Detail,0021800955,508,1626158,Richaun Holmes,1610612756,Phoenix Suns,3,0,33,Missed Shot,Putback Layup Shot,2PT Field Goal,Restricted Area,Center(C),Less Than 8 ft.,0,3,4,1,0,20190304,PHX,MIL
Shot Chart Detail,0021800955,524,1626158,Richaun Holmes,1610612756,Phoenix Suns,4,11,27,Missed Shot,Tip Layup Shot,2PT Field Goal,Restricted Area,Center(C),Less Than 8 ft.,0,0,-6,1,0,20190304,PHX,MIL
Shot Chart Detail,0021800955,540,1626158,Richaun Holmes,1610612756,Phoenix Suns,4,10,24,Missed Shot,Floating Jump shot,2PT Field Goal,In The Paint (Non-RA),Center(C),8-16 ft.,10,-6,106,1,0,20190304,PHX,MIL
Shot Chart Detail,0021800972,184,1626158,Richaun Holmes,1610612756,Phoenix Suns,2,11,7,Missed Shot,Floating Jump shot,2PT Field Goal,In The Paint (Non-RA),Center(C),8-16 ft.,11,-3,113,1,0,20190306,PHX,NYK
Shot Chart Detail,0021800972,186,1626158,Richaun Holmes,1610612756,Phoenix Suns,2,11,1,Made Shot,Tip Dunk Shot,2PT Field Goal,Restricted Area,Center(C),Less Than 8 ft.,0,0,-6,1,1,20190306,PHX,NYK
Shot Chart Detail,0021800972,189,1626158,Richaun Holmes,1610612756,Phoenix Suns,2,10,34,Made Shot,Running Dunk Shot,2PT Field Goal,Restricted Area,Center(C),Less Than 8 ft.,0,8,5,1,1,20190306,PHX,NYK
Shot Chart Detail,0021800972,473,1626158,Richaun Holmes,1610612756,Phoenix Suns,3,3,25,Made Shot,Driving Layup Shot,2PT Field Goal,Restricted Area,Center(C),Less Than 8 ft.,1,-4,-12,1,1,20190306,PHX,NYK
Shot Chart Detail,0021800972,518,1626158,Richaun Holmes,1610612756,Phoenix Suns,3,0,53,Made Shot,Cutting Dunk Shot,2PT Field Goal,Restricted Area,Center(C),Less Than 8 ft.,0,-3,-4,1,1,20190306,PHX,NYK
Shot Chart Detail,0021800972,538,1626158,Richaun Holmes,1610612756,Phoenix Suns,4,10,54,Made Shot,Cutting Dunk Shot,2PT Field Goal,Restricted Area,Center(C),Less Than 8 ft.,0,-3,8,1,1,20190306,PHX,NYK
Shot Chart Detail,0021800991,154,1626158,Richaun Holmes,1610612756,Phoenix Suns,1,2,9,Missed Shot,Pullup Jump shot,2PT Field Goal,Mid-Range,Left Side Center(LC),16-24 ft.,16,-130,95,1,0,20190309,POR,PHX
Shot Chart Detail,0021800991,159,1626158,Richaun Holmes,1610612756,Phoenix Suns,1,1,35,Missed Shot,Floating Jump shot,2PT Field Goal,In The Paint (Non-RA),Center(C),Less Than 8 ft.,5,41,40,1,0,20190309,POR,PHX
Shot Chart Detail,0021800991,194,1626158,Richaun Holmes,1610612756,Phoenix Suns,2,11,33,Made Shot,Driving Layup Shot,2PT Field Goal,Restricted Area,Center(C),Less Than 8 ft.,0,-3,6,1,1,20190309,POR,PHX
Shot Chart Detail,0021800991,200,1626158,Richaun Holmes,1610612756,Phoenix Suns,2,10,59,Missed Shot,Floating Jump shot,2PT Field Goal,In The Paint (Non-RA),Center(C),Less Than 8 ft.,4,32,32,1,0,20190309,POR,PHX
Shot Chart Detail,0021800991,217,1626158,Richaun Holmes,1610612756,Phoenix Suns,2,10,5,Missed Shot,Floating Jump shot,2PT Field Goal,In The Paint (Non-RA),Right Side(R),8-16 ft.,12,66,111,1,0,20190309,POR,PHX
Shot Chart Detail,0021800991,500,1626158,Richaun Holmes,1610612756,Phoenix Suns,3,3,10,Made Shot,Cutting Layup Shot,2PT Field Goal,Restricted Area,Center(C),Less Than 8 ft.,1,-12,1,1,1,20190309,POR,PHX
Shot Chart Detail,0021800991,532,1626158,Richaun Holmes,1610612756,Phoenix Suns,3,1,13,Missed Shot,Turnaround Hook Shot,2PT Field Goal,In The Paint (Non-RA),Center(C),Less Than 8 ft.,5,55,10,1,0,20190309,POR,PHX
Shot Chart Detail,0021800991,541,1626158,Richaun Holmes,1610612756,Phoenix Suns,3,0,49,Missed Shot,Cutting Layup Shot,2PT Field Goal,In The Paint (Non-RA),Center(C),Less Than 8 ft.,4,-45,21,1,0,20190309,POR,PHX
Shot Chart Detail,0021800991,675,1626158,Richaun Holmes,1610612756,Phoenix Suns,4,4,1,Made Shot,Dunk Shot,2PT Field Goal,Restricted Area,Center(C),Less Than 8 ft.,0,3,6,1,1,20190309,POR,PHX
Shot Chart Detail,0021801000,135,1626158,Richaun Holmes,1610612756,Phoenix Suns,1,2,14,Missed Shot,Hook Shot,2PT Field Goal,In The Paint (Non-RA),Center(C),8-16 ft.,9,-9,98,1,0,20190310,GSW,PHX
Shot Chart Detail,0021801000,172,1626158,Richaun Holmes,1610612756,Phoenix Suns,2,11,40,Made Shot,Turnaround Hook Shot,2PT Field Goal,In The Paint (Non-RA),Center(C),Less Than 8 ft.,6,1,69,1,1,20190310,GSW,PHX
Shot Chart Detail,0021801000,188,1626158,Richaun Holmes,1610612756,Phoenix Suns,2,10,39,Made Shot,Cutting Dunk Shot,2PT Field Goal,Restricted Area,Center(C),Less Than 8 ft.,1,-5,16,1,1,20190310,GSW,PHX
Shot Chart Detail,0021801000,324,1626158,Richaun Holmes,1610612756,Phoenix Suns,2,0,30,Made Shot,Running Alley Oop Layup Shot,2PT Field Goal,Restricted Area,Center(C),Less Than 8 ft.,3,23,30,1,1,20190310,GSW,PHX
Shot Chart Detail,0021801019,134,1626158,Richaun Holmes,1610612756,Phoenix Suns,1,0,28,Missed Shot,Floating Jump shot,2PT Field Goal,Mid-Range,Left Side(L),8-16 ft.,11,-98,57,1,0,20190313,PHX,UTA
Shot Chart Detail,0021801019,151,1626158,Richaun Holmes,1610612756,Phoenix Suns,2,11,10,Missed Shot,Cutting Layup Shot,2PT Field Goal,Restricted Area,Center(C),Less Than 8 ft.,2,-21,-6,1,0,20190313,PHX,UTA
Shot Chart Detail,0021801019,171,1626158,Richaun Holmes,1610612756,Phoenix Suns,2,9,54,Missed Shot,Driving Floating Jump Shot,2PT Field Goal,In The Paint (Non-RA),Right Side(R),8-16 ft.,9,51,85,1,0,20190313,PHX,UTA
Shot Chart Detail,0021801019,445,1626158,Richaun Holmes,1610612756,Phoenix Suns,3,3,39,Made Shot,Driving Dunk Shot,2PT Field Goal,Restricted Area,Center(C),Less Than 8 ft.,0,6,1,1,1,20190313,PHX,UTA
Shot Chart Detail,0021801019,468,1626158,Richaun Holmes,1610612756,Phoenix Suns,3,2,7,Made Shot,Cutting Dunk Shot,2PT Field Goal,Restricted Area,Center(C),Less Than 8 ft.,1,4,11,1,1,20190313,PHX,UTA
Shot Chart Detail,0021801019,682,1626158,Richaun Holmes,1610612756,Phoenix Suns,4,0,55,Made Shot,Jump Shot,2PT Field Goal,In The Paint (Non-RA),Center(C),8-16 ft.,11,29,112,1,1,20190313,PHX,UTA
Shot Chart Detail,0021801030,136,1626158,Richaun Holmes,1610612756,Phoenix Suns,1,2,45,Made Shot,Driving Floating Bank Jump Shot,2PT Field Goal,In The Paint (Non-RA),Center(C),Less Than 8 ft.,4,36,30,1,1,20190315,HOU,PHX
Shot Chart Detail,0021801030,139,1626158,Richaun Holmes,1610612756,Phoenix Suns,1,2,10,Made Shot,Layup Shot,2PT Field Goal,Restricted Area,Center(C),Less Than 8 ft.,1,-6,10,1,1,20190315,HOU,PHX
Shot Chart Detail,0021801030,149,1626158,Richaun Holmes,1610612756,Phoenix Suns,1,1,36,Missed Shot,Driving Layup Shot,2PT Field Goal,Restricted Area,Center(C),Less Than 8 ft.,1,-4,11,1,0,20190315,HOU,PHX
Shot Chart Detail,0021801030,153,1626158,Richaun Holmes,1610612756,Phoenix Suns,1,1,5,Missed Shot,Driving Layup Shot,2PT Field Goal,Restricted Area,Center(C),Less Than 8 ft.,3,-2,30,1,0,20190315,HOU,PHX
Shot Chart Detail,0021801030,183,1626158,Richaun Holmes,1610612756,Phoenix Suns,2,11,39,Missed Shot,Layup Shot,2PT Field Goal,In The Paint (Non-RA),Center(C),Less Than 8 ft.,4,6,41,1,0,20190315,HOU,PHX
Shot Chart Detail,0021801030,194,1626158,Richaun Holmes,1610612756,Phoenix Suns,2,10,30,Missed Shot,Cutting Layup Shot,2PT Field Goal,Restricted Area,Center(C),Less Than 8 ft.,1,13,6,1,0,20190315,HOU,PHX
Shot Chart Detail,0021801030,445,1626158,Richaun Holmes,1610612756,Phoenix Suns,3,4,18,Made Shot,Alley Oop Dunk Shot,2PT Field Goal,Restricted Area,Center(C),Less Than 8 ft.,0,-1,6,1,1,20190315,HOU,PHX
Shot Chart Detail,0021801030,472,1626158,Richaun Holmes,1610612756,Phoenix Suns,3,1,42,Made Shot,Cutting Dunk Shot,2PT Field Goal,Restricted Area,Center(C),Less Than 8 ft.,0,-6,5,1,1,20190315,HOU,PHX
Shot Chart Detail,0021801030,479,1626158,Richaun Holmes,1610612756,Phoenix Suns,3,1,7,Made Shot,Driving Layup Shot,2PT Field Goal,Restricted Area,Center(C),Less Than 8 ft.,0,-2,7,1,1,20190315,HOU,PHX
Shot Chart Detail,0021801077,88,1626158,Richaun Holmes,1610612756,Phoenix Suns,1,4,13,Made Shot,Cutting Layup Shot,2PT Field Goal,In The Paint (Non-RA),Center(C),Less Than 8 ft.,4,0,42,1,1,20190321,PHX,DET
Shot Chart Detail,0021801077,131,1626158,Richaun Holmes,1610612756,Phoenix Suns,1,2,11,Made Shot,Driving Dunk Shot,2PT Field Goal,Restricted Area,Center(C),Less Than 8 ft.,0,-5,7,1,1,20190321,PHX,DET
Shot Chart Detail,0021801077,446,1626158,Richaun Holmes,1610612756,Phoenix Suns,3,6,41,Missed Shot,Driving Finger Roll Layup Shot,2PT Field Goal,Restricted Area,Center(C),Less Than 8 ft.,1,13,11,1,0,20190321,PHX,DET
Shot Chart Detail,0021801077,489,1626158,Richaun Holmes,1610612756,Phoenix Suns,3,5,6,Missed Shot,Pullup Jump shot,2PT Field Goal,In The Paint (Non-RA),Center(C),Less Than 8 ft.,5,2,55,1,0,20190321,PHX,DET
Shot Chart Detail,0021801094,82,1626158,Richaun Holmes,1610612756,Phoenix Suns,1,5,4,Made Shot,Dunk Shot,2PT Field Goal,Restricted Area,Center(C),Less Than 8 ft.,1,-13,13,1,1,20190323,SAC,PHX
Shot Chart Detail,0021801094,106,1626158,Richaun Holmes,1610612756,Phoenix Suns,1,3,41,Missed Shot,Turnaround Hook Shot,2PT Field Goal,In The Paint (Non-RA),Center(C),Less Than 8 ft.,5,-20,52,1,0,20190323,SAC,PHX
Shot Chart Detail,0021801094,146,1626158,Richaun Holmes,1610612756,Phoenix Suns,1,0,24,Missed Shot,Layup Shot,2PT Field Goal,Restricted Area,Center(C),Less Than 8 ft.,1,-5,16,1,0,20190323,SAC,PHX
Shot Chart Detail,0021801094,296,1626158,Richaun Holmes,1610612756,Phoenix Suns,2,3,2,Missed Shot,Layup Shot,2PT Field Goal,In The Paint (Non-RA),Center(C),Less Than 8 ft.,4,-39,13,1,0,20190323,SAC,PHX
Shot Chart Detail,0021801094,300,1626158,Richaun Holmes,1610612756,Phoenix Suns,2,2,57,Missed Shot,Floating Jump shot,2PT Field Goal,Mid-Range,Center(C),8-16 ft.,14,3,141,1,0,20190323,SAC,PHX
Shot Chart Detail,0021801094,487,1626158,Richaun Holmes,1610612756,Phoenix Suns,3,1,36,Missed Shot,Driving Hook Shot,2PT Field Goal,In The Paint (Non-RA),Center(C),8-16 ft.,8,-19,79,1,0,20190323,SAC,PHX
Shot Chart Detail,0021801094,500,1626158,Richaun Holmes,1610612756,Phoenix Suns,3,0,46,Made Shot,Alley Oop Dunk Shot,2PT Field Goal,Restricted Area,Center(C),Less Than 8 ft.,1,19,-1,1,1,20190323,SAC,PHX
Shot Chart Detail,0021801094,558,1626158,Richaun Holmes,1610612756,Phoenix Suns,4,8,43,Made Shot,Cutting Layup Shot,2PT Field Goal,Restricted Area,Center(C),Less Than 8 ft.,1,14,11,1,1,20190323,SAC,PHX
Shot Chart Detail,0021801094,562,1626158,Richaun Holmes,1610612756,Phoenix Suns,4,8,13,Missed Shot,Driving Layup Shot,2PT Field Goal,Restricted Area,Center(C),Less Than 8 ft.,1,-15,6,1,0,20190323,SAC,PHX
Shot Chart Detail,0021801105,130,1626158,Richaun Holmes,1610612756,Phoenix Suns,1,1,15,Made Shot,Alley Oop Dunk Shot,2PT Field Goal,Restricted Area,Center(C),Less Than 8 ft.,1,14,-7,1,1,20190325,UTA,PHX
Shot Chart Detail,0021801105,136,1626158,Richaun Holmes,1610612756,Phoenix Suns,1,0,38,Missed Shot,Tip Layup Shot,2PT Field Goal,Restricted Area,Center(C),Less Than 8 ft.,0,0,-6,1,0,20190325,UTA,PHX
Shot Chart Detail,0021801120,471,1626158,Richaun Holmes,1610612756,Phoenix Suns,3,3,59,Missed Shot,Driving Finger Roll Layup Shot,2PT Field Goal,Restricted Area,Center(C),Less Than 8 ft.,0,-4,1,1,0,20190327,PHX,WAS
Shot Chart Detail,0021801120,479,1626158,Richaun Holmes,1610612756,Phoenix Suns,3,3,26,Missed Shot,Hook Shot,2PT Field Goal,In The Paint (Non-RA),Center(C),Less Than 8 ft.,6,25,57,1,0,20190327,PHX,WAS
Shot Chart Detail,0021801120,501,1626158,Richaun Holmes,1610612756,Phoenix Suns,3,1,40,Missed Shot,Driving Floating Bank Jump Shot,2PT Field Goal,Restricted Area,Center(C),Less Than 8 ft.,3,-33,15,1,0,20190327,PHX,WAS
Shot Chart Detail,0021801120,641,1626158,Richaun Holmes,1610612756,Phoenix Suns,4,2,52,Made Shot,Cutting Dunk Shot,2PT Field Goal,Restricted Area,Center(C),Less Than 8 ft.,1,0,11,1,1,20190327,PHX,WAS
Shot Chart Detail,0021801160,38,1626158,Richaun Holmes,1610612756,Phoenix Suns,1,8,25,Missed Shot,Turnaround Hook Shot,2PT Field Goal,In The Paint (Non-RA),Right Side(R),8-16 ft.,11,63,100,1,0,20190401,PHX,CLE
Shot Chart Detail,0021801160,75,1626158,Richaun Holmes,1610612756,Phoenix Suns,1,5,12,Made Shot,Turnaround Hook Shot,2PT Field Goal,In The Paint (Non-RA),Center(C),Less Than 8 ft.,6,-53,38,1,1,20190401,PHX,CLE
Shot Chart Detail,0021801160,203,1626158,Richaun Holmes,1610612756,Phoenix Suns,2,9,34,Made Shot,Running Alley Oop Layup Shot,2PT Field Goal,Restricted Area,Center(C),Less Than 8 ft.,0,3,4,1,1,20190401,PHX,CLE
Shot Chart Detail,0021801160,254,1626158,Richaun Holmes,1610612756,Phoenix Suns,2,6,30,Made Shot,Cutting Dunk Shot,2PT Field Goal,Restricted Area,Center(C),Less Than 8 ft.,0,6,1,1,1,20190401,PHX,CLE
Shot Chart Detail,0021801160,362,1626158,Richaun Holmes,1610612756,Phoenix Suns,3,11,37,Made Shot,Driving Layup Shot,2PT Field Goal,Restricted Area,Center(C),Less Than 8 ft.,0,4,6,1,1,20190401,PHX,CLE
Shot Chart Detail,0021801160,530,1626158,Richaun Holmes,1610612756,Phoenix Suns,4,10,31,Made Shot,Cutting Layup Shot,2PT Field Goal,Restricted Area,Center(C),Less Than 8 ft.,0,5,0,1,1,20190401,PHX,CLE
Shot Chart Detail,0021801160,628,1626158,Richaun Holmes,1610612756,Phoenix Suns,4,2,25,Made Shot,Cutting Dunk Shot,2PT Field Goal,Restricted Area,Center(C),Less Than 8 ft.,1,6,8,1,1,20190401,PHX,CLE
Shot Chart Detail,0021801174,26,1626158,Richaun Holmes,1610612756,Phoenix Suns,1,9,59,Made Shot,Running Alley Oop Layup Shot,2PT Field Goal,Restricted Area,Center(C),Less Than 8 ft.,1,-8,-6,1,1,20190403,PHX,UTA
Shot Chart Detail,0021801174,81,1626158,Richaun Holmes,1610612756,Phoenix Suns,1,4,51,Missed Shot,Layup Shot,2PT Field Goal,Restricted Area,Center(C),Less Than 8 ft.,1,-18,3,1,0,20190403,PHX,UTA
Shot Chart Detail,0021801174,108,1626158,Richaun Holmes,1610612756,Phoenix Suns,1,3,53,Made Shot,Alley Oop Dunk Shot,2PT Field Goal,Restricted Area,Center(C),Less Than 8 ft.,1,1,10,1,1,20190403,PHX,UTA
Shot Chart Detail,0021801174,205,1626158,Richaun Holmes,1610612756,Phoenix Suns,2,8,32,Made Shot,Cutting Layup Shot,2PT Field Goal,Restricted Area,Center(C),Less Than 8 ft.,0,-8,-1,1,1,20190403,PHX,UTA
Shot Chart Detail,0021801174,261,1626158,Richaun Holmes,1610612756,Phoenix Suns,2,4,27,Missed Shot,Cutting Layup Shot,2PT Field Goal,Restricted Area,Center(C),Less Than 8 ft.,0,-4,-7,1,0,20190403,PHX,UTA
Shot Chart Detail,0021801174,270,1626158,Richaun Holmes,1610612756,Phoenix Suns,2,3,32,Missed Shot,Driving Floating Jump Shot,2PT Field Goal,Restricted Area,Center(C),Less Than 8 ft.,2,0,21,1,0,20190403,PHX,UTA
Shot Chart Detail,0021801174,324,1626158,Richaun Holmes,1610612756,Phoenix Suns,3,11,48,Made Shot,Alley Oop Layup shot,2PT Field Goal,Restricted Area,Center(C),Less Than 8 ft.,0,2,-1,1,1,20190403,PHX,UTA
Shot Chart Detail,0021801174,344,1626158,Richaun Holmes,1610612756,Phoenix Suns,3,9,2,Missed Shot,Floating Jump shot,2PT Field Goal,In The Paint (Non-RA),Right Side(R),8-16 ft.,8,75,29,1,0,20190403,PHX,UTA
Shot Chart Detail,0021801174,367,1626158,Richaun Holmes,1610612756,Phoenix Suns,3,6,30,Made Shot,Driving Dunk Shot,2PT Field Goal,Restricted Area,Center(C),Less Than 8 ft.,0,0,5,1,1,20190403,PHX,UTA
Shot Chart Detail,0021801174,430,1626158,Richaun Holmes,1610612756,Phoenix Suns,3,5,28,Missed Shot,Tip Layup Shot,2PT Field Goal,Restricted Area,Center(C),Less Than 8 ft.,2,-3,21,1,0,20190403,PHX,UTA
Shot Chart Detail,0021801174,384,1626158,Richaun Holmes,1610612756,Phoenix Suns,3,5,26,Made Shot,Tip Layup Shot,2PT Field Goal,Restricted Area,Center(C),Less Than 8 ft.,0,0,-6,1,1,20190403,PHX,UTA
Shot Chart Detail,0021801174,386,1626158,Richaun Holmes,1610612756,Phoenix Suns,3,5,3,Made Shot,Floating Jump shot,2PT Field Goal,In The Paint (Non-RA),Center(C),8-16 ft.,8,-1,85,1,1,20190403,PHX,UTA
Shot Chart Detail,0021801174,390,1626158,Richaun Holmes,1610612756,Phoenix Suns,3,4,25,Missed Shot,Driving Floating Jump Shot,2PT Field Goal,Restricted Area,Center(C),Less Than 8 ft.,3,22,28,1,0,20190403,PHX,UTA
Shot Chart Detail,0021801174,496,1626158,Richaun Holmes,1610612756,Phoenix Suns,4,10,3,Missed Shot,Putback Dunk Shot,2PT Field Goal,Restricted Area,Center(C),Less Than 8 ft.,0,0,-6,1,0,20190403,PHX,UTA
Shot Chart Detail,0021801174,579,1626158,Richaun Holmes,1610612756,Phoenix Suns,4,4,25,Missed Shot,Driving Floating Jump Shot,2PT Field Goal,In The Paint (Non-RA),Center(C),8-16 ft.,12,42,113,1,0,20190403,PHX,UTA
Shot Chart Detail,0021801174,583,1626158,Richaun Holmes,1610612756,Phoenix Suns,4,3,48,Made Shot,Cutting Layup Shot,2PT Field Goal,Restricted Area,Center(C),Less Than 8 ft.,0,4,6,1,1,20190403,PHX,UTA
