GRID_TYPE,GAME_ID,GAME_EVENT_ID,PLAYER_ID,PLAYER_NAME,TEAM_ID,TEAM_NAME,PERIOD,MINUTES_REMAINING,SECONDS_REMAINING,EVENT_TYPE,ACTION_TYPE,SHOT_TYPE,SHOT_ZONE_BASIC,SHOT_ZONE_AREA,SHOT_ZONE_RANGE,SHOT_DISTANCE,LOC_X,LOC_Y,SHOT_ATTEMPTED_FLAG,SHOT_MADE_FLAG,GAME_DATE,HTM,VTM
Shot Chart Detail,0021800002,88,1626172,Kevon Looney,1610612744,Golden State Warriors,1,6,13,Made Shot,Cutting Layup Shot,2PT Field Goal,Restricted Area,Center(C),Less Than 8 ft.,2,6,23,1,1,20181016,GSW,OKC
Shot Chart Detail,0021800002,103,1626172,Kevon Looney,1610612744,Golden State Warriors,1,5,7,Missed Shot,Layup Shot,2PT Field Goal,Restricted Area,Center(C),Less Than 8 ft.,1,5,18,1,0,20181016,GSW,OKC
Shot Chart Detail,0021800002,143,1626172,Kevon Looney,1610612744,Golden State Warriors,1,2,53,Missed Shot,Tip Layup Shot,2PT Field Goal,Restricted Area,Center(C),Less Than 8 ft.,0,0,-6,1,0,20181016,GSW,OKC
Shot Chart Detail,0021800002,270,1626172,Kevon Looney,1610612744,Golden State Warriors,2,7,4,Missed Shot,Layup Shot,2PT Field Goal,Restricted Area,Center(C),Less Than 8 ft.,0,0,-6,1,0,20181016,GSW,OKC
Shot Chart Detail,0021800002,278,1626172,Kevon Looney,1610612744,Golden State Warriors,2,6,31,Made Shot,Tip Dunk Shot,2PT Field Goal,Restricted Area,Center(C),Less Than 8 ft.,0,0,-6,1,1,20181016,GSW,OKC
Shot Chart Detail,0021800002,467,1626172,Kevon Looney,1610612744,Golden State Warriors,3,5,27,Missed Shot,Jump Shot,2PT Field Goal,In The Paint (Non-RA),Center(C),Less Than 8 ft.,4,14,46,1,0,20181016,GSW,OKC
Shot Chart Detail,0021800002,645,1626172,Kevon Looney,1610612744,Golden State Warriors,4,7,6,Made Shot,Tip Layup Shot,2PT Field Goal,Restricted Area,Center(C),Less Than 8 ft.,0,0,-6,1,1,20181016,GSW,OKC
Shot Chart Detail,0021800002,657,1626172,Kevon Looney,1610612744,Golden State Warriors,4,5,52,Missed Shot,Jump Shot,2PT Field Goal,Mid-Range,Right Side Center(RC),16-24 ft.,17,121,122,1,0,20181016,GSW,OKC
Shot Chart Detail,0021800002,659,1626172,Kevon Looney,1610612744,Golden State Warriors,4,5,50,Missed Shot,Layup Shot,2PT Field Goal,Restricted Area,Center(C),Less Than 8 ft.,3,13,30,1,0,20181016,GSW,OKC
Shot Chart Detail,0021800002,669,1626172,Kevon Looney,1610612744,Golden State Warriors,4,5,35,Made Shot,Putback Dunk Shot,2PT Field Goal,Restricted Area,Center(C),Less Than 8 ft.,0,0,-6,1,1,20181016,GSW,OKC
Shot Chart Detail,0021800002,730,1626172,Kevon Looney,1610612744,Golden State Warriors,4,1,6,Made Shot,Driving Layup Shot,2PT Field Goal,Restricted Area,Center(C),Less Than 8 ft.,2,9,26,1,1,20181016,GSW,OKC
Shot Chart Detail,0021800024,90,1626172,Kevon Looney,1610612744,Golden State Warriors,1,5,55,Made Shot,Dunk Shot,2PT Field Goal,Restricted Area,Center(C),Less Than 8 ft.,0,6,6,1,1,20181019,UTA,GSW
Shot Chart Detail,0021800024,163,1626172,Kevon Looney,1610612744,Golden State Warriors,1,1,12,Made Shot,Layup Shot,2PT Field Goal,Restricted Area,Center(C),Less Than 8 ft.,1,14,-2,1,1,20181019,UTA,GSW
Shot Chart Detail,0021800024,562,1626172,Kevon Looney,1610612744,Golden State Warriors,4,8,11,Missed Shot,Layup Shot,2PT Field Goal,Restricted Area,Center(C),Less Than 8 ft.,3,-22,25,1,0,20181019,UTA,GSW
Shot Chart Detail,0021800038,99,1626172,Kevon Looney,1610612744,Golden State Warriors,1,4,58,Made Shot,Putback Dunk Shot,2PT Field Goal,Restricted Area,Center(C),Less Than 8 ft.,0,0,-6,1,1,20181021,DEN,GSW
Shot Chart Detail,0021800038,360,1626172,Kevon Looney,1610612744,Golden State Warriors,2,1,10,Made Shot,Layup Shot,2PT Field Goal,Restricted Area,Center(C),Less Than 8 ft.,1,18,3,1,1,20181021,DEN,GSW
Shot Chart Detail,0021800038,493,1626172,Kevon Looney,1610612744,Golden State Warriors,3,4,45,Made Shot,Layup Shot,2PT Field Goal,Restricted Area,Center(C),Less Than 8 ft.,1,-6,17,1,1,20181021,DEN,GSW
Shot Chart Detail,0021800038,532,1626172,Kevon Looney,1610612744,Golden State Warriors,3,1,49,Made Shot,Putback Layup Shot,2PT Field Goal,Restricted Area,Center(C),Less Than 8 ft.,0,-7,6,1,1,20181021,DEN,GSW
Shot Chart Detail,0021800047,656,1626172,Kevon Looney,1610612744,Golden State Warriors,4,2,23,Made Shot,Jump Shot,2PT Field Goal,Mid-Range,Right Side(R),8-16 ft.,14,102,99,1,1,20181022,GSW,PHX
Shot Chart Detail,0021800047,668,1626172,Kevon Looney,1610612744,Golden State Warriors,4,1,45,Made Shot,Driving Layup Shot,2PT Field Goal,Restricted Area,Center(C),Less Than 8 ft.,2,19,9,1,1,20181022,GSW,PHX
Shot Chart Detail,0021800062,94,1626172,Kevon Looney,1610612744,Golden State Warriors,1,5,58,Missed Shot,Layup Shot,2PT Field Goal,Restricted Area,Center(C),Less Than 8 ft.,2,19,10,1,0,20181024,GSW,WAS
Shot Chart Detail,0021800068,402,1626172,Kevon Looney,1610612744,Golden State Warriors,3,4,31,Made Shot,Dunk Shot,2PT Field Goal,Restricted Area,Center(C),Less Than 8 ft.,0,3,6,1,1,20181026,NYK,GSW
Shot Chart Detail,0021800068,440,1626172,Kevon Looney,1610612744,Golden State Warriors,3,1,37,Made Shot,Reverse Layup Shot,2PT Field Goal,Restricted Area,Center(C),Less Than 8 ft.,0,3,7,1,1,20181026,NYK,GSW
Shot Chart Detail,0021800068,451,1626172,Kevon Looney,1610612744,Golden State Warriors,3,1,7,Made Shot,Putback Layup Shot,2PT Field Goal,Restricted Area,Center(C),Less Than 8 ft.,0,0,-6,1,1,20181026,NYK,GSW
Shot Chart Detail,0021800083,102,1626172,Kevon Looney,1610612744,Golden State Warriors,1,3,51,Made Shot,Putback Layup Shot,2PT Field Goal,Restricted Area,Center(C),Less Than 8 ft.,2,23,1,1,1,20181028,BKN,GSW
Shot Chart Detail,0021800083,464,1626172,Kevon Looney,1610612744,Golden State Warriors,3,1,51,Made Shot,Putback Layup Shot,2PT Field Goal,Restricted Area,Center(C),Less Than 8 ft.,0,3,-4,1,1,20181028,BKN,GSW
Shot Chart Detail,0021800083,480,1626172,Kevon Looney,1610612744,Golden State Warriors,3,0,21,Missed Shot,Jump Shot,2PT Field Goal,Mid-Range,Right Side(R),16-24 ft.,17,165,70,1,0,20181028,BKN,GSW
Shot Chart Detail,0021800091,590,1626172,Kevon Looney,1610612744,Golden State Warriors,4,8,12,Made Shot,Turnaround Jump Shot,2PT Field Goal,Mid-Range,Left Side(L),16-24 ft.,17,-146,98,1,1,20181029,CHI,GSW
Shot Chart Detail,0021800091,607,1626172,Kevon Looney,1610612744,Golden State Warriors,4,7,6,Made Shot,Driving Dunk Shot,2PT Field Goal,Restricted Area,Center(C),Less Than 8 ft.,0,-4,5,1,1,20181029,CHI,GSW
Shot Chart Detail,0021800091,609,1626172,Kevon Looney,1610612744,Golden State Warriors,4,6,38,Missed Shot,Driving Layup Shot,2PT Field Goal,Restricted Area,Center(C),Less Than 8 ft.,2,14,16,1,0,20181029,CHI,GSW
Shot Chart Detail,0021800091,633,1626172,Kevon Looney,1610612744,Golden State Warriors,4,4,58,Missed Shot,Jump Shot,2PT Field Goal,Mid-Range,Right Side(R),16-24 ft.,21,179,125,1,0,20181029,CHI,GSW
Shot Chart Detail,0021800091,686,1626172,Kevon Looney,1610612744,Golden State Warriors,4,0,49,Made Shot,Jump Shot,2PT Field Goal,Mid-Range,Center(C),16-24 ft.,21,51,206,1,1,20181029,CHI,GSW
Shot Chart Detail,0021800108,387,1626172,Kevon Looney,1610612744,Golden State Warriors,2,0,7,Missed Shot,Turnaround Jump Shot,2PT Field Goal,Mid-Range,Center(C),16-24 ft.,21,-32,216,1,0,20181031,GSW,NOP
Shot Chart Detail,0021800108,511,1626172,Kevon Looney,1610612744,Golden State Warriors,3,2,31,Made Shot,Dunk Shot,2PT Field Goal,Restricted Area,Center(C),Less Than 8 ft.,2,0,22,1,1,20181031,GSW,NOP
Shot Chart Detail,0021800108,648,1626172,Kevon Looney,1610612744,Golden State Warriors,4,4,30,Made Shot,Reverse Dunk Shot,2PT Field Goal,Restricted Area,Center(C),Less Than 8 ft.,1,7,9,1,1,20181031,GSW,NOP
Shot Chart Detail,0021800124,139,1626172,Kevon Looney,1610612744,Golden State Warriors,1,1,1,Missed Shot,Tip Layup Shot,2PT Field Goal,Restricted Area,Center(C),Less Than 8 ft.,0,0,-6,1,0,20181102,GSW,MIN
Shot Chart Detail,0021800147,381,1626172,Kevon Looney,1610612744,Golden State Warriors,3,9,27,Made Shot,Dunk Shot,2PT Field Goal,Restricted Area,Center(C),Less Than 8 ft.,1,13,-1,1,1,20181105,GSW,MEM
Shot Chart Detail,0021800147,423,1626172,Kevon Looney,1610612744,Golden State Warriors,3,5,35,Missed Shot,Layup Shot,2PT Field Goal,Restricted Area,Center(C),Less Than 8 ft.,2,-13,22,1,0,20181105,GSW,MEM
Shot Chart Detail,0021800147,429,1626172,Kevon Looney,1610612744,Golden State Warriors,3,5,25,Made Shot,Layup Shot,2PT Field Goal,Restricted Area,Center(C),Less Than 8 ft.,3,3,30,1,1,20181105,GSW,MEM
Shot Chart Detail,0021800147,455,1626172,Kevon Looney,1610612744,Golden State Warriors,3,4,1,Made Shot,Cutting Finger Roll Layup Shot,2PT Field Goal,Restricted Area,Center(C),Less Than 8 ft.,2,8,25,1,1,20181105,GSW,MEM
Shot Chart Detail,0021800147,489,1626172,Kevon Looney,1610612744,Golden State Warriors,3,1,12,Made Shot,Cutting Layup Shot,2PT Field Goal,Restricted Area,Center(C),Less Than 8 ft.,1,7,13,1,1,20181105,GSW,MEM
Shot Chart Detail,0021800166,82,1626172,Kevon Looney,1610612744,Golden State Warriors,1,6,1,Made Shot,Cutting Dunk Shot,2PT Field Goal,Restricted Area,Center(C),Less Than 8 ft.,1,-3,13,1,1,20181108,GSW,MIL
Shot Chart Detail,0021800166,112,1626172,Kevon Looney,1610612744,Golden State Warriors,1,3,37,Missed Shot,Driving Layup Shot,2PT Field Goal,Restricted Area,Center(C),Less Than 8 ft.,1,8,10,1,0,20181108,GSW,MIL
Shot Chart Detail,0021800166,319,1626172,Kevon Looney,1610612744,Golden State Warriors,2,1,41,Made Shot,Dunk Shot,2PT Field Goal,Restricted Area,Center(C),Less Than 8 ft.,2,11,22,1,1,20181108,GSW,MIL
Shot Chart Detail,0021800182,516,1626172,Kevon Looney,1610612744,Golden State Warriors,3,0,36,Made Shot,Jump Shot,2PT Field Goal,Mid-Range,Left Side Center(LC),16-24 ft.,19,-115,163,1,1,20181110,GSW,BKN
Shot Chart Detail,0021800182,538,1626172,Kevon Looney,1610612744,Golden State Warriors,4,11,22,Missed Shot,Jump Shot,2PT Field Goal,In The Paint (Non-RA),Center(C),8-16 ft.,12,48,111,1,0,20181110,GSW,BKN
Shot Chart Detail,0021800198,78,1626172,Kevon Looney,1610612744,Golden State Warriors,1,4,24,Made Shot,Pullup Jump shot,2PT Field Goal,Mid-Range,Right Side(R),16-24 ft.,16,136,88,1,1,20181112,LAC,GSW
Shot Chart Detail,0021800198,124,1626172,Kevon Looney,1610612744,Golden State Warriors,1,1,7,Made Shot,Cutting Dunk Shot,2PT Field Goal,Restricted Area,Center(C),Less Than 8 ft.,2,-22,7,1,1,20181112,LAC,GSW
Shot Chart Detail,0021800198,256,1626172,Kevon Looney,1610612744,Golden State Warriors,2,4,29,Made Shot,Cutting Dunk Shot,2PT Field Goal,Restricted Area,Center(C),Less Than 8 ft.,1,10,11,1,1,20181112,LAC,GSW
Shot Chart Detail,0021800198,387,1626172,Kevon Looney,1610612744,Golden State Warriors,3,4,48,Made Shot,Tip Layup Shot,2PT Field Goal,Restricted Area,Center(C),Less Than 8 ft.,0,0,-6,1,1,20181112,LAC,GSW
Shot Chart Detail,0021800198,412,1626172,Kevon Looney,1610612744,Golden State Warriors,3,3,37,Missed Shot,Cutting Layup Shot,2PT Field Goal,Restricted Area,Center(C),Less Than 8 ft.,1,14,4,1,0,20181112,LAC,GSW
Shot Chart Detail,0021800198,702,1626172,Kevon Looney,1610612744,Golden State Warriors,5,0,35,Missed Shot,Layup Shot,2PT Field Goal,Restricted Area,Center(C),Less Than 8 ft.,1,-10,6,1,0,20181112,LAC,GSW
Shot Chart Detail,0021800198,704,1626172,Kevon Looney,1610612744,Golden State Warriors,5,0,31,Missed Shot,Putback Layup Shot,2PT Field Goal,Restricted Area,Center(C),Less Than 8 ft.,1,-8,15,1,0,20181112,LAC,GSW
Shot Chart Detail,0021800201,539,1626172,Kevon Looney,1610612744,Golden State Warriors,4,9,51,Missed Shot,Jump Shot,2PT Field Goal,In The Paint (Non-RA),Center(C),Less Than 8 ft.,6,62,14,1,0,20181113,GSW,ATL
Shot Chart Detail,0021800201,542,1626172,Kevon Looney,1610612744,Golden State Warriors,4,9,49,Made Shot,Dunk Shot,2PT Field Goal,Restricted Area,Center(C),Less Than 8 ft.,1,5,14,1,1,20181113,GSW,ATL
Shot Chart Detail,0021800213,128,1626172,Kevon Looney,1610612744,Golden State Warriors,1,1,38,Made Shot,Driving Dunk Shot,2PT Field Goal,Restricted Area,Center(C),Less Than 8 ft.,1,-3,11,1,1,20181115,HOU,GSW
Shot Chart Detail,0021800213,301,1626172,Kevon Looney,1610612744,Golden State Warriors,2,0,3,Made Shot,Tip Layup Shot,2PT Field Goal,Restricted Area,Center(C),Less Than 8 ft.,0,0,-6,1,1,20181115,HOU,GSW
Shot Chart Detail,0021800213,299,1626172,Kevon Looney,1610612744,Golden State Warriors,2,0,3,Missed Shot,Tip Layup Shot,2PT Field Goal,Restricted Area,Center(C),Less Than 8 ft.,0,0,-6,1,0,20181115,HOU,GSW
Shot Chart Detail,0021800213,374,1626172,Kevon Looney,1610612744,Golden State Warriors,3,6,42,Made Shot,Cutting Layup Shot,2PT Field Goal,Restricted Area,Center(C),Less Than 8 ft.,1,2,11,1,1,20181115,HOU,GSW
Shot Chart Detail,0021800213,404,1626172,Kevon Looney,1610612744,Golden State Warriors,3,4,44,Made Shot,Putback Layup Shot,2PT Field Goal,Restricted Area,Center(C),Less Than 8 ft.,1,3,10,1,1,20181115,HOU,GSW
Shot Chart Detail,0021800213,436,1626172,Kevon Looney,1610612744,Golden State Warriors,3,2,29,Made Shot,Tip Layup Shot,2PT Field Goal,Restricted Area,Center(C),Less Than 8 ft.,0,0,-6,1,1,20181115,HOU,GSW
Shot Chart Detail,0021800213,541,1626172,Kevon Looney,1610612744,Golden State Warriors,4,7,43,Missed Shot,Jump Shot,3PT Field Goal,Above the Break 3,Right Side Center(RC),24+ ft.,26,210,158,1,0,20181115,HOU,GSW
Shot Chart Detail,0021800232,60,1626172,Kevon Looney,1610612744,Golden State Warriors,1,6,46,Missed Shot,Cutting Layup Shot,2PT Field Goal,Restricted Area,Center(C),Less Than 8 ft.,2,-16,16,1,0,20181117,DAL,GSW
Shot Chart Detail,0021800232,554,1626172,Kevon Looney,1610612744,Golden State Warriors,4,9,5,Missed Shot,Cutting Layup Shot,2PT Field Goal,Restricted Area,Center(C),Less Than 8 ft.,2,14,26,1,0,20181117,DAL,GSW
Shot Chart Detail,0021800238,31,1626172,Kevon Looney,1610612744,Golden State Warriors,1,8,54,Missed Shot,Layup Shot,2PT Field Goal,Restricted Area,Center(C),Less Than 8 ft.,1,1,14,1,0,20181118,SAS,GSW
Shot Chart Detail,0021800238,33,1626172,Kevon Looney,1610612744,Golden State Warriors,1,8,50,Made Shot,Putback Layup Shot,2PT Field Goal,Restricted Area,Center(C),Less Than 8 ft.,0,0,-6,1,1,20181118,SAS,GSW
Shot Chart Detail,0021800238,36,1626172,Kevon Looney,1610612744,Golden State Warriors,1,8,24,Missed Shot,Layup Shot,2PT Field Goal,Restricted Area,Center(C),Less Than 8 ft.,3,-21,25,1,0,20181118,SAS,GSW
Shot Chart Detail,0021800238,272,1626172,Kevon Looney,1610612744,Golden State Warriors,2,4,46,Made Shot,Dunk Shot,2PT Field Goal,Restricted Area,Center(C),Less Than 8 ft.,1,-3,10,1,1,20181118,SAS,GSW
Shot Chart Detail,0021800238,388,1626172,Kevon Looney,1610612744,Golden State Warriors,3,8,23,Missed Shot,Tip Layup Shot,2PT Field Goal,Restricted Area,Center(C),Less Than 8 ft.,0,0,-6,1,0,20181118,SAS,GSW
Shot Chart Detail,0021800238,394,1626172,Kevon Looney,1610612744,Golden State Warriors,3,7,49,Missed Shot,Cutting Finger Roll Layup Shot,2PT Field Goal,Restricted Area,Center(C),Less Than 8 ft.,1,13,6,1,0,20181118,SAS,GSW
Shot Chart Detail,0021800264,123,1626172,Kevon Looney,1610612744,Golden State Warriors,1,2,31,Missed Shot,Tip Layup Shot,2PT Field Goal,Restricted Area,Center(C),Less Than 8 ft.,0,0,-6,1,0,20181121,GSW,OKC
Shot Chart Detail,0021800264,298,1626172,Kevon Looney,1610612744,Golden State Warriors,2,2,57,Made Shot,Driving Dunk Shot,2PT Field Goal,Restricted Area,Center(C),Less Than 8 ft.,2,-14,22,1,1,20181121,GSW,OKC
Shot Chart Detail,0021800264,343,1626172,Kevon Looney,1610612744,Golden State Warriors,2,0,0,Missed Shot,Jump Shot,3PT Field Goal,Above the Break 3,Center(C),24+ ft.,38,48,383,1,0,20181121,GSW,OKC
Shot Chart Detail,0021800277,103,1626172,Kevon Looney,1610612744,Golden State Warriors,1,4,2,Made Shot,Pullup Jump shot,2PT Field Goal,Mid-Range,Right Side Center(RC),16-24 ft.,18,111,147,1,1,20181123,GSW,POR
Shot Chart Detail,0021800277,116,1626172,Kevon Looney,1610612744,Golden State Warriors,1,2,45,Missed Shot,Jump Bank Shot,2PT Field Goal,In The Paint (Non-RA),Right Side(R),8-16 ft.,8,62,53,1,0,20181123,GSW,POR
Shot Chart Detail,0021800277,366,1626172,Kevon Looney,1610612744,Golden State Warriors,3,6,58,Made Shot,Cutting Layup Shot,2PT Field Goal,Restricted Area,Center(C),Less Than 8 ft.,2,-22,16,1,1,20181123,GSW,POR
Shot Chart Detail,0021800277,548,1626172,Kevon Looney,1610612744,Golden State Warriors,4,7,15,Made Shot,Driving Dunk Shot,2PT Field Goal,Restricted Area,Center(C),Less Than 8 ft.,0,4,2,1,1,20181123,GSW,POR
Shot Chart Detail,0021800285,138,1626172,Kevon Looney,1610612744,Golden State Warriors,1,2,35,Made Shot,Driving Layup Shot,2PT Field Goal,Restricted Area,Center(C),Less Than 8 ft.,2,-7,21,1,1,20181124,GSW,SAC
Shot Chart Detail,0021800285,351,1626172,Kevon Looney,1610612744,Golden State Warriors,2,0,38,Made Shot,Driving Dunk Shot,2PT Field Goal,Restricted Area,Center(C),Less Than 8 ft.,2,-14,21,1,1,20181124,GSW,SAC
Shot Chart Detail,0021800285,544,1626172,Kevon Looney,1610612744,Golden State Warriors,3,0,34,Made Shot,Dunk Shot,2PT Field Goal,Restricted Area,Center(C),Less Than 8 ft.,1,3,11,1,1,20181124,GSW,SAC
Shot Chart Detail,0021800300,112,1626172,Kevon Looney,1610612744,Golden State Warriors,1,2,45,Made Shot,Tip Layup Shot,2PT Field Goal,Restricted Area,Center(C),Less Than 8 ft.,0,0,-6,1,1,20181126,GSW,ORL
Shot Chart Detail,0021800300,567,1626172,Kevon Looney,1610612744,Golden State Warriors,4,5,58,Made Shot,Dunk Shot,2PT Field Goal,Restricted Area,Center(C),Less Than 8 ft.,2,16,13,1,1,20181126,GSW,ORL
Shot Chart Detail,0021800316,176,1626172,Kevon Looney,1610612744,Golden State Warriors,2,10,22,Missed Shot,Driving Layup Shot,2PT Field Goal,Restricted Area,Center(C),Less Than 8 ft.,1,-13,-4,1,0,20181129,TOR,GSW
Shot Chart Detail,0021800316,179,1626172,Kevon Looney,1610612744,Golden State Warriors,2,10,19,Made Shot,Turnaround Jump Shot,2PT Field Goal,Mid-Range,Left Side(L),8-16 ft.,11,-112,-7,1,1,20181129,TOR,GSW
Shot Chart Detail,0021800316,233,1626172,Kevon Looney,1610612744,Golden State Warriors,2,7,9,Missed Shot,Cutting Layup Shot,2PT Field Goal,Restricted Area,Center(C),Less Than 8 ft.,1,-19,-2,1,0,20181129,TOR,GSW
Shot Chart Detail,0021800316,458,1626172,Kevon Looney,1610612744,Golden State Warriors,3,2,18,Missed Shot,Jump Shot,3PT Field Goal,Above the Break 3,Center(C),24+ ft.,26,33,265,1,0,20181129,TOR,GSW
Shot Chart Detail,0021800316,528,1626172,Kevon Looney,1610612744,Golden State Warriors,4,8,38,Made Shot,Alley Oop Dunk Shot,2PT Field Goal,In The Paint (Non-RA),Center(C),8-16 ft.,8,4,89,1,1,20181129,TOR,GSW
Shot Chart Detail,0021800316,610,1626172,Kevon Looney,1610612744,Golden State Warriors,4,3,9,Missed Shot,Layup Shot,2PT Field Goal,Restricted Area,Center(C),Less Than 8 ft.,1,14,6,1,0,20181129,TOR,GSW
Shot Chart Detail,0021800316,627,1626172,Kevon Looney,1610612744,Golden State Warriors,4,1,40,Made Shot,Tip Layup Shot,2PT Field Goal,Restricted Area,Center(C),Less Than 8 ft.,0,0,-6,1,1,20181129,TOR,GSW
Shot Chart Detail,0021800331,307,1626172,Kevon Looney,1610612744,Golden State Warriors,2,2,59,Made Shot,Dunk Shot,2PT Field Goal,Restricted Area,Center(C),Less Than 8 ft.,1,-14,11,1,1,20181201,DET,GSW
Shot Chart Detail,0021800331,352,1626172,Kevon Looney,1610612744,Golden State Warriors,3,11,45,Missed Shot,Driving Layup Shot,2PT Field Goal,Restricted Area,Center(C),Less Than 8 ft.,2,-2,26,1,0,20181201,DET,GSW
Shot Chart Detail,0021800331,397,1626172,Kevon Looney,1610612744,Golden State Warriors,3,6,41,Missed Shot,Tip Layup Shot,2PT Field Goal,In The Paint (Non-RA),Center(C),Less Than 8 ft.,4,14,47,1,0,20181201,DET,GSW
Shot Chart Detail,0021800344,14,1626172,Kevon Looney,1610612744,Golden State Warriors,1,11,10,Made Shot,Cutting Dunk Shot,2PT Field Goal,Restricted Area,Center(C),Less Than 8 ft.,1,-3,15,1,1,20181203,ATL,GSW
Shot Chart Detail,0021800344,33,1626172,Kevon Looney,1610612744,Golden State Warriors,1,9,12,Missed Shot,Pullup Jump shot,2PT Field Goal,Mid-Range,Left Side Center(LC),16-24 ft.,21,-85,198,1,0,20181203,ATL,GSW
Shot Chart Detail,0021800344,213,1626172,Kevon Looney,1610612744,Golden State Warriors,2,8,25,Made Shot,Jump Shot,2PT Field Goal,Mid-Range,Right Side(R),8-16 ft.,14,134,43,1,1,20181203,ATL,GSW
Shot Chart Detail,0021800344,307,1626172,Kevon Looney,1610612744,Golden State Warriors,2,1,53,Made Shot,Dunk Shot,2PT Field Goal,Restricted Area,Center(C),Less Than 8 ft.,0,5,1,1,1,20181203,ATL,GSW
Shot Chart Detail,0021800344,373,1626172,Kevon Looney,1610612744,Golden State Warriors,3,10,15,Made Shot,Dunk Shot,2PT Field Goal,Restricted Area,Center(C),Less Than 8 ft.,0,0,7,1,1,20181203,ATL,GSW
Shot Chart Detail,0021800344,386,1626172,Kevon Looney,1610612744,Golden State Warriors,3,9,20,Made Shot,Layup Shot,2PT Field Goal,Restricted Area,Center(C),Less Than 8 ft.,1,-1,13,1,1,20181203,ATL,GSW
Shot Chart Detail,0021800344,395,1626172,Kevon Looney,1610612744,Golden State Warriors,3,8,25,Made Shot,Cutting Dunk Shot,2PT Field Goal,Restricted Area,Center(C),Less Than 8 ft.,1,4,16,1,1,20181203,ATL,GSW
Shot Chart Detail,0021800344,545,1626172,Kevon Looney,1610612744,Golden State Warriors,4,11,28,Made Shot,Jump Shot,2PT Field Goal,Mid-Range,Left Side(L),8-16 ft.,14,-148,21,1,1,20181203,ATL,GSW
Shot Chart Detail,0021800355,301,1626172,Kevon Looney,1610612744,Golden State Warriors,2,2,14,Made Shot,Cutting Dunk Shot,2PT Field Goal,Restricted Area,Center(C),Less Than 8 ft.,0,-2,6,1,1,20181205,CLE,GSW
Shot Chart Detail,0021800355,341,1626172,Kevon Looney,1610612744,Golden State Warriors,3,10,16,Made Shot,Jump Shot,2PT Field Goal,Mid-Range,Right Side(R),8-16 ft.,13,136,20,1,1,20181205,CLE,GSW
Shot Chart Detail,0021800355,345,1626172,Kevon Looney,1610612744,Golden State Warriors,3,9,39,Made Shot,Pullup Jump shot,2PT Field Goal,Mid-Range,Center(C),16-24 ft.,16,47,158,1,1,20181205,CLE,GSW
Shot Chart Detail,0021800355,385,1626172,Kevon Looney,1610612744,Golden State Warriors,3,6,24,Made Shot,Cutting Dunk Shot,2PT Field Goal,Restricted Area,Center(C),Less Than 8 ft.,0,0,-5,1,1,20181205,CLE,GSW
Shot Chart Detail,0021800355,389,1626172,Kevon Looney,1610612744,Golden State Warriors,3,5,48,Missed Shot,Layup Shot,2PT Field Goal,Restricted Area,Center(C),Less Than 8 ft.,2,-28,-4,1,0,20181205,CLE,GSW
Shot Chart Detail,0021800355,560,1626172,Kevon Looney,1610612744,Golden State Warriors,4,4,40,Missed Shot,Tip Layup Shot,2PT Field Goal,Restricted Area,Center(C),Less Than 8 ft.,0,0,-6,1,0,20181205,CLE,GSW
Shot Chart Detail,0021800377,30,1626172,Kevon Looney,1610612744,Golden State Warriors,1,9,27,Made Shot,Layup Shot,2PT Field Goal,Restricted Area,Center(C),Less Than 8 ft.,1,2,15,1,1,20181207,MIL,GSW
Shot Chart Detail,0021800377,61,1626172,Kevon Looney,1610612744,Golden State Warriors,1,7,34,Made Shot,Cutting Dunk Shot,2PT Field Goal,Restricted Area,Center(C),Less Than 8 ft.,0,-1,8,1,1,20181207,MIL,GSW
Shot Chart Detail,0021800377,74,1626172,Kevon Looney,1610612744,Golden State Warriors,1,6,20,Made Shot,Putback Dunk Shot,2PT Field Goal,Restricted Area,Center(C),Less Than 8 ft.,0,0,5,1,1,20181207,MIL,GSW
Shot Chart Detail,0021800377,210,1626172,Kevon Looney,1610612744,Golden State Warriors,2,9,25,Made Shot,Cutting Dunk Shot,2PT Field Goal,Restricted Area,Center(C),Less Than 8 ft.,2,5,20,1,1,20181207,MIL,GSW
Shot Chart Detail,0021800377,421,1626172,Kevon Looney,1610612744,Golden State Warriors,3,7,36,Missed Shot,Layup Shot,2PT Field Goal,Restricted Area,Center(C),Less Than 8 ft.,1,2,17,1,0,20181207,MIL,GSW
Shot Chart Detail,0021800377,464,1626172,Kevon Looney,1610612744,Golden State Warriors,3,4,31,Missed Shot,Layup Shot,2PT Field Goal,Restricted Area,Center(C),Less Than 8 ft.,1,2,11,1,0,20181207,MIL,GSW
Shot Chart Detail,0021800400,7,1626172,Kevon Looney,1610612744,Golden State Warriors,1,11,47,Missed Shot,Jump Shot,2PT Field Goal,Mid-Range,Right Side(R),16-24 ft.,18,179,39,1,0,20181210,GSW,MIN
Shot Chart Detail,0021800400,28,1626172,Kevon Looney,1610612744,Golden State Warriors,1,9,15,Made Shot,Driving Floating Bank Jump Shot,2PT Field Goal,Restricted Area,Center(C),Less Than 8 ft.,1,14,12,1,1,20181210,GSW,MIN
Shot Chart Detail,0021800400,54,1626172,Kevon Looney,1610612744,Golden State Warriors,1,7,7,Missed Shot,Jump Shot,3PT Field Goal,Above the Break 3,Left Side Center(LC),24+ ft.,27,-128,239,1,0,20181210,GSW,MIN
Shot Chart Detail,0021800400,391,1626172,Kevon Looney,1610612744,Golden State Warriors,3,8,46,Missed Shot,Tip Layup Shot,2PT Field Goal,Restricted Area,Center(C),Less Than 8 ft.,0,0,-6,1,0,20181210,GSW,MIN
Shot Chart Detail,0021800415,21,1626172,Kevon Looney,1610612744,Golden State Warriors,1,9,38,Made Shot,Cutting Dunk Shot,2PT Field Goal,Restricted Area,Center(C),Less Than 8 ft.,2,-7,20,1,1,20181212,GSW,TOR
Shot Chart Detail,0021800415,32,1626172,Kevon Looney,1610612744,Golden State Warriors,1,8,52,Missed Shot,Jump Shot,2PT Field Goal,Mid-Range,Left Side(L),8-16 ft.,13,-128,33,1,0,20181212,GSW,TOR
Shot Chart Detail,0021800415,149,1626172,Kevon Looney,1610612744,Golden State Warriors,1,0,54,Missed Shot,Driving Reverse Layup Shot,2PT Field Goal,Restricted Area,Center(C),Less Than 8 ft.,2,-17,13,1,0,20181212,GSW,TOR
Shot Chart Detail,0021800415,161,1626172,Kevon Looney,1610612744,Golden State Warriors,1,0,20,Made Shot,Putback Dunk Shot,2PT Field Goal,Restricted Area,Center(C),Less Than 8 ft.,0,0,-6,1,1,20181212,GSW,TOR
Shot Chart Detail,0021800415,248,1626172,Kevon Looney,1610612744,Golden State Warriors,2,5,4,Missed Shot,Hook Shot,2PT Field Goal,Restricted Area,Center(C),Less Than 8 ft.,3,-14,29,1,0,20181212,GSW,TOR
Shot Chart Detail,0021800415,379,1626172,Kevon Looney,1610612744,Golden State Warriors,3,5,17,Missed Shot,Dunk Shot,2PT Field Goal,Restricted Area,Center(C),Less Than 8 ft.,2,13,27,1,0,20181212,GSW,TOR
Shot Chart Detail,0021800428,7,1626172,Kevon Looney,1610612744,Golden State Warriors,1,11,37,Made Shot,Cutting Dunk Shot,2PT Field Goal,Restricted Area,Center(C),Less Than 8 ft.,1,8,10,1,1,20181214,SAC,GSW
Shot Chart Detail,0021800428,68,1626172,Kevon Looney,1610612744,Golden State Warriors,1,7,27,Made Shot,Tip Layup Shot,2PT Field Goal,Restricted Area,Center(C),Less Than 8 ft.,0,0,-6,1,1,20181214,SAC,GSW
Shot Chart Detail,0021800428,96,1626172,Kevon Looney,1610612744,Golden State Warriors,1,5,23,Made Shot,Cutting Layup Shot,2PT Field Goal,Restricted Area,Center(C),Less Than 8 ft.,2,-16,13,1,1,20181214,SAC,GSW
Shot Chart Detail,0021800428,351,1626172,Kevon Looney,1610612744,Golden State Warriors,2,0,44,Made Shot,Layup Shot,2PT Field Goal,Restricted Area,Center(C),Less Than 8 ft.,1,16,8,1,1,20181214,SAC,GSW
Shot Chart Detail,0021800428,427,1626172,Kevon Looney,1610612744,Golden State Warriors,3,6,51,Made Shot,Running Dunk Shot,2PT Field Goal,Restricted Area,Center(C),Less Than 8 ft.,1,-3,10,1,1,20181214,SAC,GSW
Shot Chart Detail,0021800449,10,1626172,Kevon Looney,1610612744,Golden State Warriors,1,11,8,Made Shot,Driving Layup Shot,2PT Field Goal,Restricted Area,Center(C),Less Than 8 ft.,2,-18,15,1,1,20181217,GSW,MEM
Shot Chart Detail,0021800449,46,1626172,Kevon Looney,1610612744,Golden State Warriors,1,7,26,Made Shot,Layup Shot,2PT Field Goal,Restricted Area,Center(C),Less Than 8 ft.,1,13,8,1,1,20181217,GSW,MEM
Shot Chart Detail,0021800449,57,1626172,Kevon Looney,1610612744,Golden State Warriors,1,6,24,Missed Shot,Jump Shot,2PT Field Goal,Mid-Range,Right Side Center(RC),16-24 ft.,19,129,143,1,0,20181217,GSW,MEM
Shot Chart Detail,0021800449,269,1626172,Kevon Looney,1610612744,Golden State Warriors,2,4,14,Made Shot,Turnaround Fadeaway Bank Jump Shot,2PT Field Goal,In The Paint (Non-RA),Center(C),Less Than 8 ft.,4,29,34,1,1,20181217,GSW,MEM
Shot Chart Detail,0021800464,18,1626172,Kevon Looney,1610612744,Golden State Warriors,1,10,41,Made Shot,Tip Dunk Shot,2PT Field Goal,Restricted Area,Center(C),Less Than 8 ft.,0,0,-6,1,1,20181219,UTA,GSW
Shot Chart Detail,0021800464,37,1626172,Kevon Looney,1610612744,Golden State Warriors,1,9,0,Missed Shot,Jump Shot,3PT Field Goal,Right Corner 3,Right Side(R),24+ ft.,22,229,15,1,0,20181219,UTA,GSW
Shot Chart Detail,0021800464,433,1626172,Kevon Looney,1610612744,Golden State Warriors,3,8,16,Made Shot,Putback Dunk Shot,2PT Field Goal,Restricted Area,Center(C),Less Than 8 ft.,2,-5,21,1,1,20181219,UTA,GSW
Shot Chart Detail,0021800484,13,1626172,Kevon Looney,1610612744,Golden State Warriors,1,11,19,Made Shot,Running Dunk Shot,2PT Field Goal,Restricted Area,Center(C),Less Than 8 ft.,1,-6,11,1,1,20181222,GSW,DAL
Shot Chart Detail,0021800484,26,1626172,Kevon Looney,1610612744,Golden State Warriors,1,9,32,Missed Shot,Layup Shot,2PT Field Goal,Restricted Area,Center(C),Less Than 8 ft.,2,3,23,1,0,20181222,GSW,DAL
Shot Chart Detail,0021800484,53,1626172,Kevon Looney,1610612744,Golden State Warriors,1,6,52,Missed Shot,Tip Layup Shot,2PT Field Goal,Restricted Area,Center(C),Less Than 8 ft.,0,0,-6,1,0,20181222,GSW,DAL
Shot Chart Detail,0021800484,327,1626172,Kevon Looney,1610612744,Golden State Warriors,3,11,17,Made Shot,Jump Shot,2PT Field Goal,Mid-Range,Right Side Center(RC),16-24 ft.,18,134,122,1,1,20181222,GSW,DAL
Shot Chart Detail,0021800484,381,1626172,Kevon Looney,1610612744,Golden State Warriors,3,7,12,Made Shot,Dunk Shot,2PT Field Goal,Restricted Area,Center(C),Less Than 8 ft.,1,14,6,1,1,20181222,GSW,DAL
Shot Chart Detail,0021800494,88,1626172,Kevon Looney,1610612744,Golden State Warriors,1,5,14,Made Shot,Alley Oop Dunk Shot,2PT Field Goal,Restricted Area,Center(C),Less Than 8 ft.,0,-1,6,1,1,20181223,GSW,LAC
Shot Chart Detail,0021800494,495,1626172,Kevon Looney,1610612744,Golden State Warriors,3,3,21,Made Shot,Dunk Shot,2PT Field Goal,Restricted Area,Center(C),Less Than 8 ft.,0,8,-1,1,1,20181223,GSW,LAC
Shot Chart Detail,0021800494,544,1626172,Kevon Looney,1610612744,Golden State Warriors,3,0,7,Made Shot,Running Layup Shot,2PT Field Goal,Restricted Area,Center(C),Less Than 8 ft.,1,-9,13,1,1,20181223,GSW,LAC
Shot Chart Detail,0021800494,609,1626172,Kevon Looney,1610612744,Golden State Warriors,4,8,15,Missed Shot,Layup Shot,2PT Field Goal,Restricted Area,Center(C),Less Than 8 ft.,1,14,8,1,0,20181223,GSW,LAC
Shot Chart Detail,0021800494,641,1626172,Kevon Looney,1610612744,Golden State Warriors,4,6,17,Made Shot,Layup Shot,2PT Field Goal,Restricted Area,Center(C),Less Than 8 ft.,2,27,11,1,1,20181223,GSW,LAC
Shot Chart Detail,0021800494,655,1626172,Kevon Looney,1610612744,Golden State Warriors,4,5,12,Made Shot,Putback Layup Shot,2PT Field Goal,Restricted Area,Center(C),Less Than 8 ft.,0,0,-6,1,1,20181223,GSW,LAC
Shot Chart Detail,0021800500,16,1626172,Kevon Looney,1610612744,Golden State Warriors,1,10,28,Made Shot,Dunk Shot,2PT Field Goal,Restricted Area,Center(C),Less Than 8 ft.,1,-2,10,1,1,20181225,GSW,LAL
Shot Chart Detail,0021800500,21,1626172,Kevon Looney,1610612744,Golden State Warriors,1,9,46,Missed Shot,Jump Shot,3PT Field Goal,Left Corner 3,Left Side(L),24+ ft.,22,-229,20,1,0,20181225,GSW,LAL
Shot Chart Detail,0021800500,55,1626172,Kevon Looney,1610612744,Golden State Warriors,1,7,50,Made Shot,Layup Shot,2PT Field Goal,Restricted Area,Center(C),Less Than 8 ft.,1,13,10,1,1,20181225,GSW,LAL
Shot Chart Detail,0021800500,93,1626172,Kevon Looney,1610612744,Golden State Warriors,1,4,37,Made Shot,Driving Layup Shot,2PT Field Goal,Restricted Area,Center(C),Less Than 8 ft.,3,13,34,1,1,20181225,GSW,LAL
Shot Chart Detail,0021800500,106,1626172,Kevon Looney,1610612744,Golden State Warriors,1,3,47,Missed Shot,Layup Shot,2PT Field Goal,Restricted Area,Center(C),Less Than 8 ft.,1,-8,17,1,0,20181225,GSW,LAL
Shot Chart Detail,0021800500,370,1626172,Kevon Looney,1610612744,Golden State Warriors,3,8,59,Made Shot,Dunk Shot,2PT Field Goal,Restricted Area,Center(C),Less Than 8 ft.,1,6,16,1,1,20181225,GSW,LAL
Shot Chart Detail,0021800500,379,1626172,Kevon Looney,1610612744,Golden State Warriors,3,8,23,Missed Shot,Reverse Layup Shot,2PT Field Goal,Restricted Area,Center(C),Less Than 8 ft.,1,8,10,1,0,20181225,GSW,LAL
Shot Chart Detail,0021800500,428,1626172,Kevon Looney,1610612744,Golden State Warriors,3,4,55,Missed Shot,Putback Dunk Shot,2PT Field Goal,Restricted Area,Center(C),Less Than 8 ft.,0,0,-6,1,0,20181225,GSW,LAL
Shot Chart Detail,0021800500,611,1626172,Kevon Looney,1610612744,Golden State Warriors,4,4,16,Made Shot,Dunk Shot,2PT Field Goal,Restricted Area,Center(C),Less Than 8 ft.,1,-3,10,1,1,20181225,GSW,LAL
Shot Chart Detail,0021800516,13,1626172,Kevon Looney,1610612744,Golden State Warriors,1,11,18,Missed Shot,Jump Shot,2PT Field Goal,Mid-Range,Left Side(L),16-24 ft.,16,-160,-10,1,0,20181227,GSW,POR
Shot Chart Detail,0021800516,28,1626172,Kevon Looney,1610612744,Golden State Warriors,1,9,52,Made Shot,Reverse Layup Shot,2PT Field Goal,Restricted Area,Center(C),Less Than 8 ft.,0,0,-6,1,1,20181227,GSW,POR
Shot Chart Detail,0021800516,58,1626172,Kevon Looney,1610612744,Golden State Warriors,1,6,47,Made Shot,Jump Shot,2PT Field Goal,Mid-Range,Right Side Center(RC),16-24 ft.,18,130,135,1,1,20181227,GSW,POR
Shot Chart Detail,0021800516,258,1626172,Kevon Looney,1610612744,Golden State Warriors,2,5,45,Missed Shot,Dunk Shot,2PT Field Goal,Restricted Area,Center(C),Less Than 8 ft.,2,19,16,1,0,20181227,GSW,POR
Shot Chart Detail,0021800516,349,1626172,Kevon Looney,1610612744,Golden State Warriors,3,11,37,Made Shot,Driving Reverse Layup Shot,2PT Field Goal,Restricted Area,Center(C),Less Than 8 ft.,1,-6,8,1,1,20181227,GSW,POR
Shot Chart Detail,0021800516,617,1626172,Kevon Looney,1610612744,Golden State Warriors,4,5,24,Made Shot,Cutting Finger Roll Layup Shot,2PT Field Goal,Restricted Area,Center(C),Less Than 8 ft.,2,-13,17,1,1,20181227,GSW,POR
Shot Chart Detail,0021800534,28,1626172,Kevon Looney,1610612744,Golden State Warriors,1,9,9,Made Shot,Jump Shot,3PT Field Goal,Above the Break 3,Center(C),24+ ft.,25,-38,248,1,1,20181229,POR,GSW
Shot Chart Detail,0021800534,36,1626172,Kevon Looney,1610612744,Golden State Warriors,1,8,24,Made Shot,Cutting Dunk Shot,2PT Field Goal,Restricted Area,Center(C),Less Than 8 ft.,0,-5,5,1,1,20181229,POR,GSW
Shot Chart Detail,0021800534,42,1626172,Kevon Looney,1610612744,Golden State Warriors,1,7,48,Made Shot,Dunk Shot,2PT Field Goal,Restricted Area,Center(C),Less Than 8 ft.,1,16,8,1,1,20181229,POR,GSW
Shot Chart Detail,0021800534,85,1626172,Kevon Looney,1610612744,Golden State Warriors,1,3,56,Made Shot,Driving Floating Bank Jump Shot,2PT Field Goal,In The Paint (Non-RA),Center(C),Less Than 8 ft.,7,65,40,1,1,20181229,POR,GSW
Shot Chart Detail,0021800534,223,1626172,Kevon Looney,1610612744,Golden State Warriors,2,6,36,Missed Shot,Floating Jump shot,2PT Field Goal,Restricted Area,Center(C),Less Than 8 ft.,3,3,37,1,0,20181229,POR,GSW
Shot Chart Detail,0021800534,378,1626172,Kevon Looney,1610612744,Golden State Warriors,3,8,46,Made Shot,Dunk Shot,2PT Field Goal,Restricted Area,Center(C),Less Than 8 ft.,0,4,2,1,1,20181229,POR,GSW
Shot Chart Detail,0021800548,51,1626172,Kevon Looney,1610612744,Golden State Warriors,1,7,52,Made Shot,Cutting Dunk Shot,2PT Field Goal,Restricted Area,Center(C),Less Than 8 ft.,0,-3,5,1,1,20181231,PHX,GSW
Shot Chart Detail,0021800548,224,1626172,Kevon Looney,1610612744,Golden State Warriors,2,7,31,Missed Shot,Cutting Layup Shot,2PT Field Goal,Restricted Area,Center(C),Less Than 8 ft.,1,-2,13,1,0,20181231,PHX,GSW
Shot Chart Detail,0021800548,362,1626172,Kevon Looney,1610612744,Golden State Warriors,3,10,28,Made Shot,Layup Shot,2PT Field Goal,Restricted Area,Center(C),Less Than 8 ft.,0,-2,-6,1,1,20181231,PHX,GSW
Shot Chart Detail,0021800565,7,1626172,Kevon Looney,1610612744,Golden State Warriors,1,11,46,Missed Shot,Layup Shot,2PT Field Goal,Restricted Area,Center(C),Less Than 8 ft.,2,20,17,1,0,20190103,GSW,HOU
Shot Chart Detail,0021800565,9,1626172,Kevon Looney,1610612744,Golden State Warriors,1,11,45,Made Shot,Tip Layup Shot,2PT Field Goal,Restricted Area,Center(C),Less Than 8 ft.,0,0,-6,1,1,20190103,GSW,HOU
Shot Chart Detail,0021800565,32,1626172,Kevon Looney,1610612744,Golden State Warriors,1,9,36,Made Shot,Running Dunk Shot,2PT Field Goal,Restricted Area,Center(C),Less Than 8 ft.,1,-7,17,1,1,20190103,GSW,HOU
Shot Chart Detail,0021800565,39,1626172,Kevon Looney,1610612744,Golden State Warriors,1,9,10,Made Shot,Cutting Dunk Shot,2PT Field Goal,Restricted Area,Center(C),Less Than 8 ft.,1,10,16,1,1,20190103,GSW,HOU
Shot Chart Detail,0021800565,111,1626172,Kevon Looney,1610612744,Golden State Warriors,1,4,19,Missed Shot,Layup Shot,2PT Field Goal,Restricted Area,Center(C),Less Than 8 ft.,3,10,29,1,0,20190103,GSW,HOU
Shot Chart Detail,0021800565,113,1626172,Kevon Looney,1610612744,Golden State Warriors,1,4,15,Made Shot,Dunk Shot,2PT Field Goal,Restricted Area,Center(C),Less Than 8 ft.,1,2,18,1,1,20190103,GSW,HOU
Shot Chart Detail,0021800565,254,1626172,Kevon Looney,1610612744,Golden State Warriors,2,6,2,Made Shot,Cutting Layup Shot,2PT Field Goal,Restricted Area,Center(C),Less Than 8 ft.,1,2,11,1,1,20190103,GSW,HOU
Shot Chart Detail,0021800565,362,1626172,Kevon Looney,1610612744,Golden State Warriors,3,10,36,Missed Shot,Hook Shot,2PT Field Goal,In The Paint (Non-RA),Center(C),Less Than 8 ft.,7,22,67,1,0,20190103,GSW,HOU
Shot Chart Detail,0021800565,580,1626172,Kevon Looney,1610612744,Golden State Warriors,4,5,12,Missed Shot,Layup Shot,2PT Field Goal,Restricted Area,Center(C),Less Than 8 ft.,2,8,26,1,0,20190103,GSW,HOU
Shot Chart Detail,0021800583,30,1626172,Kevon Looney,1610612744,Golden State Warriors,1,9,35,Made Shot,Tip Layup Shot,2PT Field Goal,Restricted Area,Center(C),Less Than 8 ft.,0,0,-6,1,1,20190105,SAC,GSW
Shot Chart Detail,0021800583,340,1626172,Kevon Looney,1610612744,Golden State Warriors,3,10,30,Made Shot,Tip Dunk Shot,2PT Field Goal,Restricted Area,Center(C),Less Than 8 ft.,0,0,-6,1,1,20190105,SAC,GSW
Shot Chart Detail,0021800605,23,1626172,Kevon Looney,1610612744,Golden State Warriors,1,10,7,Made Shot,Cutting Dunk Shot,2PT Field Goal,Restricted Area,Center(C),Less Than 8 ft.,1,5,15,1,1,20190108,GSW,NYK
Shot Chart Detail,0021800605,94,1626172,Kevon Looney,1610612744,Golden State Warriors,1,4,24,Made Shot,Cutting Dunk Shot,2PT Field Goal,Restricted Area,Center(C),Less Than 8 ft.,2,-3,20,1,1,20190108,GSW,NYK
Shot Chart Detail,0021800605,356,1626172,Kevon Looney,1610612744,Golden State Warriors,3,8,46,Made Shot,Dunk Shot,2PT Field Goal,Restricted Area,Center(C),Less Than 8 ft.,0,-4,5,1,1,20190108,GSW,NYK
Shot Chart Detail,0021800605,412,1626172,Kevon Looney,1610612744,Golden State Warriors,3,5,38,Made Shot,Cutting Dunk Shot,2PT Field Goal,Restricted Area,Center(C),Less Than 8 ft.,0,-8,0,1,1,20190108,GSW,NYK
Shot Chart Detail,0021800605,447,1626172,Kevon Looney,1610612744,Golden State Warriors,3,2,32,Missed Shot,Jump Shot,2PT Field Goal,Mid-Range,Right Side(R),8-16 ft.,13,133,21,1,0,20190108,GSW,NYK
Shot Chart Detail,0021800629,22,1626172,Kevon Looney,1610612744,Golden State Warriors,1,10,21,Made Shot,Tip Dunk Shot,2PT Field Goal,Restricted Area,Center(C),Less Than 8 ft.,0,0,-6,1,1,20190111,GSW,CHI
Shot Chart Detail,0021800629,39,1626172,Kevon Looney,1610612744,Golden State Warriors,1,8,47,Made Shot,Cutting Layup Shot,2PT Field Goal,Restricted Area,Center(C),Less Than 8 ft.,2,13,17,1,1,20190111,GSW,CHI
Shot Chart Detail,0021800629,100,1626172,Kevon Looney,1610612744,Golden State Warriors,1,4,30,Made Shot,Turnaround Jump Shot,2PT Field Goal,In The Paint (Non-RA),Left Side(L),8-16 ft.,8,-70,40,1,1,20190111,GSW,CHI
Shot Chart Detail,0021800629,252,1626172,Kevon Looney,1610612744,Golden State Warriors,2,5,42,Missed Shot,Jump Shot,2PT Field Goal,Mid-Range,Right Side Center(RC),16-24 ft.,19,105,164,1,0,20190111,GSW,CHI
Shot Chart Detail,0021800629,383,1626172,Kevon Looney,1610612744,Golden State Warriors,3,9,0,Missed Shot,Tip Layup Shot,2PT Field Goal,Restricted Area,Center(C),Less Than 8 ft.,0,6,-3,1,0,20190111,GSW,CHI
Shot Chart Detail,0021800629,378,1626172,Kevon Looney,1610612744,Golden State Warriors,3,8,3,Made Shot,Layup Shot,2PT Field Goal,Restricted Area,Center(C),Less Than 8 ft.,2,-20,17,1,1,20190111,GSW,CHI
Shot Chart Detail,0021800642,72,1626172,Kevon Looney,1610612744,Golden State Warriors,1,5,21,Missed Shot,Jump Bank Shot,2PT Field Goal,Restricted Area,Center(C),Less Than 8 ft.,3,35,17,1,0,20190113,DAL,GSW
Shot Chart Detail,0021800642,345,1626172,Kevon Looney,1610612744,Golden State Warriors,3,10,37,Missed Shot,Jump Shot,3PT Field Goal,Right Corner 3,Right Side(R),24+ ft.,23,233,-5,1,0,20190113,DAL,GSW
Shot Chart Detail,0021800642,358,1626172,Kevon Looney,1610612744,Golden State Warriors,3,8,55,Made Shot,Cutting Layup Shot,2PT Field Goal,Restricted Area,Center(C),Less Than 8 ft.,0,-5,6,1,1,20190113,DAL,GSW
Shot Chart Detail,0021800655,17,1626172,Kevon Looney,1610612744,Golden State Warriors,1,10,39,Missed Shot,Jump Shot,2PT Field Goal,Mid-Range,Right Side(R),8-16 ft.,9,85,30,1,0,20190115,DEN,GSW
Shot Chart Detail,0021800655,91,1626172,Kevon Looney,1610612744,Golden State Warriors,1,4,34,Made Shot,Cutting Dunk Shot,2PT Field Goal,Restricted Area,Center(C),Less Than 8 ft.,1,7,10,1,1,20190115,DEN,GSW
Shot Chart Detail,0021800655,314,1626172,Kevon Looney,1610612744,Golden State Warriors,2,3,10,Missed Shot,Tip Layup Shot,2PT Field Goal,Restricted Area,Center(C),Less Than 8 ft.,1,-3,15,1,0,20190115,DEN,GSW
Shot Chart Detail,0021800655,318,1626172,Kevon Looney,1610612744,Golden State Warriors,2,3,8,Missed Shot,Tip Layup Shot,2PT Field Goal,Restricted Area,Center(C),Less Than 8 ft.,0,-5,2,1,0,20190115,DEN,GSW
Shot Chart Detail,0021800655,293,1626172,Kevon Looney,1610612744,Golden State Warriors,2,1,56,Made Shot,Cutting Dunk Shot,2PT Field Goal,Restricted Area,Center(C),Less Than 8 ft.,0,-5,3,1,1,20190115,DEN,GSW
Shot Chart Detail,0021800655,364,1626172,Kevon Looney,1610612744,Golden State Warriors,3,8,24,Made Shot,Dunk Shot,2PT Field Goal,Restricted Area,Center(C),Less Than 8 ft.,1,-7,13,1,1,20190115,DEN,GSW
Shot Chart Detail,0021800663,26,1626172,Kevon Looney,1610612744,Golden State Warriors,1,10,10,Missed Shot,Hook Shot,2PT Field Goal,In The Paint (Non-RA),Center(C),Less Than 8 ft.,7,-73,20,1,0,20190116,GSW,NOP
Shot Chart Detail,0021800663,52,1626172,Kevon Looney,1610612744,Golden State Warriors,1,9,8,Made Shot,Cutting Dunk Shot,2PT Field Goal,Restricted Area,Center(C),Less Than 8 ft.,1,-7,13,1,1,20190116,GSW,NOP
Shot Chart Detail,0021800663,435,1626172,Kevon Looney,1610612744,Golden State Warriors,3,7,52,Missed Shot,Layup Shot,2PT Field Goal,In The Paint (Non-RA),Center(C),Less Than 8 ft.,4,35,26,1,0,20190116,GSW,NOP
Shot Chart Detail,0021800663,603,1626172,Kevon Looney,1610612744,Golden State Warriors,4,8,17,Missed Shot,Jump Shot,2PT Field Goal,Mid-Range,Left Side(L),8-16 ft.,14,-122,85,1,0,20190116,GSW,NOP
Shot Chart Detail,0021800663,680,1626172,Kevon Looney,1610612744,Golden State Warriors,4,4,25,Made Shot,Dunk Shot,2PT Field Goal,Restricted Area,Center(C),Less Than 8 ft.,1,7,9,1,1,20190116,GSW,NOP
Shot Chart Detail,0021800663,704,1626172,Kevon Looney,1610612744,Golden State Warriors,4,2,26,Made Shot,Tip Layup Shot,2PT Field Goal,Restricted Area,Center(C),Less Than 8 ft.,0,0,-6,1,1,20190116,GSW,NOP
Shot Chart Detail,0021800676,128,1626172,Kevon Looney,1610612744,Golden State Warriors,1,2,6,Made Shot,Cutting Layup Shot,2PT Field Goal,Restricted Area,Center(C),Less Than 8 ft.,2,-20,0,1,1,20190118,LAC,GSW
Shot Chart Detail,0021800676,165,1626172,Kevon Looney,1610612744,Golden State Warriors,1,0,6,Made Shot,Cutting Dunk Shot,2PT Field Goal,Restricted Area,Center(C),Less Than 8 ft.,0,2,6,1,1,20190118,LAC,GSW
Shot Chart Detail,0021800676,266,1626172,Kevon Looney,1610612744,Golden State Warriors,2,6,1,Missed Shot,Layup Shot,2PT Field Goal,Restricted Area,Center(C),Less Than 8 ft.,1,18,-3,1,0,20190118,LAC,GSW
Shot Chart Detail,0021800676,480,1626172,Kevon Looney,1610612744,Golden State Warriors,3,4,7,Missed Shot,Reverse Layup Shot,2PT Field Goal,Restricted Area,Center(C),Less Than 8 ft.,1,8,11,1,0,20190118,LAC,GSW
Shot Chart Detail,0021800676,735,1626172,Kevon Looney,1610612744,Golden State Warriors,4,0,44,Missed Shot,Tip Layup Shot,2PT Field Goal,Restricted Area,Center(C),Less Than 8 ft.,0,0,-6,1,0,20190118,LAC,GSW
Shot Chart Detail,0021800701,118,1626172,Kevon Looney,1610612744,Golden State Warriors,1,3,1,Made Shot,Cutting Dunk Shot,2PT Field Goal,Restricted Area,Center(C),Less Than 8 ft.,3,0,37,1,1,20190121,LAL,GSW
Shot Chart Detail,0021800701,166,1626172,Kevon Looney,1610612744,Golden State Warriors,1,0,1,Missed Shot,Jump Shot,2PT Field Goal,In The Paint (Non-RA),Left Side(L),8-16 ft.,8,-49,71,1,0,20190121,LAL,GSW
Shot Chart Detail,0021800701,266,1626172,Kevon Looney,1610612744,Golden State Warriors,2,5,26,Missed Shot,Cutting Layup Shot,2PT Field Goal,Restricted Area,Center(C),Less Than 8 ft.,2,-16,13,1,0,20190121,LAL,GSW
Shot Chart Detail,0021800701,472,1626172,Kevon Looney,1610612744,Golden State Warriors,3,3,20,Missed Shot,Putback Layup Shot,2PT Field Goal,Restricted Area,Center(C),Less Than 8 ft.,1,13,8,1,0,20190121,LAL,GSW
Shot Chart Detail,0021800701,474,1626172,Kevon Looney,1610612744,Golden State Warriors,3,3,17,Made Shot,Tip Layup Shot,2PT Field Goal,Restricted Area,Center(C),Less Than 8 ft.,0,0,-6,1,1,20190121,LAL,GSW
Shot Chart Detail,0021800701,490,1626172,Kevon Looney,1610612744,Golden State Warriors,3,1,43,Made Shot,Cutting Dunk Shot,2PT Field Goal,Restricted Area,Center(C),Less Than 8 ft.,2,19,10,1,1,20190121,LAL,GSW
Shot Chart Detail,0021800701,671,1626172,Kevon Looney,1610612744,Golden State Warriors,4,2,31,Missed Shot,Layup Shot,2PT Field Goal,Restricted Area,Center(C),Less Than 8 ft.,1,1,15,1,0,20190121,LAL,GSW
Shot Chart Detail,0021800701,682,1626172,Kevon Looney,1610612744,Golden State Warriors,4,1,13,Made Shot,Jump Shot,2PT Field Goal,Mid-Range,Right Side(R),16-24 ft.,19,187,47,1,1,20190121,LAL,GSW
Shot Chart Detail,0021800716,89,1626172,Kevon Looney,1610612744,Golden State Warriors,1,4,48,Made Shot,Cutting Dunk Shot,2PT Field Goal,Restricted Area,Center(C),Less Than 8 ft.,1,0,16,1,1,20190124,WAS,GSW
Shot Chart Detail,0021800716,95,1626172,Kevon Looney,1610612744,Golden State Warriors,1,4,20,Missed Shot,Tip Layup Shot,2PT Field Goal,Restricted Area,Center(C),Less Than 8 ft.,0,0,-6,1,0,20190124,WAS,GSW
Shot Chart Detail,0021800716,424,1626172,Kevon Looney,1610612744,Golden State Warriors,3,4,36,Made Shot,Cutting Dunk Shot,2PT Field Goal,Restricted Area,Center(C),Less Than 8 ft.,1,-8,16,1,1,20190124,WAS,GSW
Shot Chart Detail,0021800716,577,1626172,Kevon Looney,1610612744,Golden State Warriors,4,5,58,Made Shot,Cutting Dunk Shot,2PT Field Goal,Restricted Area,Center(C),Less Than 8 ft.,0,5,0,1,1,20190124,WAS,GSW
Shot Chart Detail,0021800732,116,1626172,Kevon Looney,1610612744,Golden State Warriors,1,3,9,Missed Shot,Cutting Layup Shot,2PT Field Goal,In The Paint (Non-RA),Center(C),Less Than 8 ft.,6,41,52,1,0,20190126,BOS,GSW
Shot Chart Detail,0021800732,278,1626172,Kevon Looney,1610612744,Golden State Warriors,2,3,40,Missed Shot,Jump Shot,3PT Field Goal,Left Corner 3,Left Side(L),24+ ft.,23,-230,64,1,0,20190126,BOS,GSW
Shot Chart Detail,0021800732,395,1626172,Kevon Looney,1610612744,Golden State Warriors,3,7,41,Made Shot,Putback Layup Shot,2PT Field Goal,Restricted Area,Center(C),Less Than 8 ft.,0,0,-6,1,1,20190126,BOS,GSW
Shot Chart Detail,0021800732,445,1626172,Kevon Looney,1610612744,Golden State Warriors,3,4,8,Made Shot,Tip Layup Shot,2PT Field Goal,Restricted Area,Center(C),Less Than 8 ft.,0,0,-6,1,1,20190126,BOS,GSW
Shot Chart Detail,0021800732,499,1626172,Kevon Looney,1610612744,Golden State Warriors,3,0,23,Made Shot,Cutting Dunk Shot,2PT Field Goal,Restricted Area,Center(C),Less Than 8 ft.,1,-7,17,1,1,20190126,BOS,GSW
Shot Chart Detail,0021800745,127,1626172,Kevon Looney,1610612744,Golden State Warriors,1,2,39,Made Shot,Jump Shot,2PT Field Goal,Mid-Range,Center(C),8-16 ft.,14,2,148,1,1,20190128,IND,GSW
Shot Chart Detail,0021800745,312,1626172,Kevon Looney,1610612744,Golden State Warriors,2,2,24,Made Shot,Dunk Shot,2PT Field Goal,Restricted Area,Center(C),Less Than 8 ft.,1,6,13,1,1,20190128,IND,GSW
Shot Chart Detail,0021800745,331,1626172,Kevon Looney,1610612744,Golden State Warriors,2,0,27,Made Shot,Cutting Dunk Shot,2PT Field Goal,Restricted Area,Center(C),Less Than 8 ft.,1,8,16,1,1,20190128,IND,GSW
Shot Chart Detail,0021800745,422,1626172,Kevon Looney,1610612744,Golden State Warriors,3,5,24,Made Shot,Dunk Shot,2PT Field Goal,Restricted Area,Center(C),Less Than 8 ft.,1,5,12,1,1,20190128,IND,GSW
Shot Chart Detail,0021800745,447,1626172,Kevon Looney,1610612744,Golden State Warriors,3,3,18,Made Shot,Layup Shot,2PT Field Goal,Restricted Area,Center(C),Less Than 8 ft.,0,-7,4,1,1,20190128,IND,GSW
Shot Chart Detail,0021800745,460,1626172,Kevon Looney,1610612744,Golden State Warriors,3,2,52,Made Shot,Layup Shot,2PT Field Goal,Restricted Area,Center(C),Less Than 8 ft.,0,3,2,1,1,20190128,IND,GSW
Shot Chart Detail,0021800745,606,1626172,Kevon Looney,1610612744,Golden State Warriors,4,4,22,Missed Shot,Jump Shot,2PT Field Goal,Mid-Range,Right Side(R),8-16 ft.,11,113,21,1,0,20190128,IND,GSW
Shot Chart Detail,0021800768,139,1626172,Kevon Looney,1610612744,Golden State Warriors,1,2,23,Made Shot,Cutting Dunk Shot,2PT Field Goal,Restricted Area,Center(C),Less Than 8 ft.,2,9,18,1,1,20190131,GSW,PHI
Shot Chart Detail,0021800768,149,1626172,Kevon Looney,1610612744,Golden State Warriors,1,1,27,Made Shot,Cutting Dunk Shot,2PT Field Goal,Restricted Area,Center(C),Less Than 8 ft.,2,-16,12,1,1,20190131,GSW,PHI
Shot Chart Detail,0021800768,255,1626172,Kevon Looney,1610612744,Golden State Warriors,2,6,23,Made Shot,Tip Dunk Shot,2PT Field Goal,Restricted Area,Center(C),Less Than 8 ft.,0,0,-6,1,1,20190131,GSW,PHI
Shot Chart Detail,0021800768,270,1626172,Kevon Looney,1610612744,Golden State Warriors,2,5,13,Made Shot,Dunk Shot,2PT Field Goal,Restricted Area,Center(C),Less Than 8 ft.,1,3,18,1,1,20190131,GSW,PHI
Shot Chart Detail,0021800768,331,1626172,Kevon Looney,1610612744,Golden State Warriors,2,0,9,Missed Shot,Jump Shot,2PT Field Goal,In The Paint (Non-RA),Center(C),Less Than 8 ft.,4,-27,39,1,0,20190131,GSW,PHI
Shot Chart Detail,0021800768,472,1626172,Kevon Looney,1610612744,Golden State Warriors,3,2,52,Made Shot,Cutting Dunk Shot,2PT Field Goal,Restricted Area,Center(C),Less Than 8 ft.,1,5,15,1,1,20190131,GSW,PHI
Shot Chart Detail,0021800768,516,1626172,Kevon Looney,1610612744,Golden State Warriors,3,0,0,Missed Shot,Running Pull-Up Jump Shot,3PT Field Goal,Backcourt,Back Court(BC),Back Court Shot,64,9,640,1,0,20190131,GSW,PHI
Shot Chart Detail,0021800768,604,1626172,Kevon Looney,1610612744,Golden State Warriors,4,7,10,Made Shot,Cutting Dunk Shot,2PT Field Goal,Restricted Area,Center(C),Less Than 8 ft.,1,14,5,1,1,20190131,GSW,PHI
Shot Chart Detail,0021800782,253,1626172,Kevon Looney,1610612744,Golden State Warriors,2,4,57,Missed Shot,Hook Shot,2PT Field Goal,In The Paint (Non-RA),Center(C),Less Than 8 ft.,6,-3,60,1,0,20190202,GSW,LAL
Shot Chart Detail,0021800782,436,1626172,Kevon Looney,1610612744,Golden State Warriors,3,4,59,Made Shot,Reverse Layup Shot,2PT Field Goal,In The Paint (Non-RA),Center(C),8-16 ft.,12,-2,125,1,1,20190202,GSW,LAL
Shot Chart Detail,0021800782,486,1626172,Kevon Looney,1610612744,Golden State Warriors,3,1,10,Missed Shot,Jump Shot,2PT Field Goal,In The Paint (Non-RA),Center(C),Less Than 8 ft.,5,9,56,1,0,20190202,GSW,LAL
Shot Chart Detail,0021800782,627,1626172,Kevon Looney,1610612744,Golden State Warriors,4,4,30,Missed Shot,Tip Layup Shot,2PT Field Goal,Restricted Area,Center(C),Less Than 8 ft.,0,0,-6,1,0,20190202,GSW,LAL
Shot Chart Detail,0021800810,147,1626172,Kevon Looney,1610612744,Golden State Warriors,1,0,35,Missed Shot,Layup Shot,2PT Field Goal,Restricted Area,Center(C),Less Than 8 ft.,3,34,20,1,0,20190206,GSW,SAS
Shot Chart Detail,0021800810,250,1626172,Kevon Looney,1610612744,Golden State Warriors,2,7,0,Missed Shot,Tip Layup Shot,2PT Field Goal,Restricted Area,Center(C),Less Than 8 ft.,0,0,-6,1,0,20190206,GSW,SAS
Shot Chart Detail,0021800810,252,1626172,Kevon Looney,1610612744,Golden State Warriors,2,6,59,Made Shot,Tip Layup Shot,2PT Field Goal,Restricted Area,Center(C),Less Than 8 ft.,0,0,-6,1,1,20190206,GSW,SAS
Shot Chart Detail,0021800810,270,1626172,Kevon Looney,1610612744,Golden State Warriors,2,5,31,Made Shot,Dunk Shot,2PT Field Goal,Restricted Area,Center(C),Less Than 8 ft.,2,6,24,1,1,20190206,GSW,SAS
Shot Chart Detail,0021800810,461,1626172,Kevon Looney,1610612744,Golden State Warriors,3,5,1,Made Shot,Layup Shot,2PT Field Goal,Restricted Area,Center(C),Less Than 8 ft.,1,18,8,1,1,20190206,GSW,SAS
Shot Chart Detail,0021800810,517,1626172,Kevon Looney,1610612744,Golden State Warriors,3,1,3,Made Shot,Jump Shot,2PT Field Goal,Mid-Range,Left Side(L),16-24 ft.,17,-168,47,1,1,20190206,GSW,SAS
Shot Chart Detail,0021800810,526,1626172,Kevon Looney,1610612744,Golden State Warriors,3,0,23,Missed Shot,Layup Shot,2PT Field Goal,Restricted Area,Center(C),Less Than 8 ft.,3,22,32,1,0,20190206,GSW,SAS
Shot Chart Detail,0021800822,96,1626172,Kevon Looney,1610612744,Golden State Warriors,1,4,19,Missed Shot,Cutting Layup Shot,2PT Field Goal,In The Paint (Non-RA),Center(C),Less Than 8 ft.,4,-22,38,1,0,20190208,PHX,GSW
Shot Chart Detail,0021800822,495,1626172,Kevon Looney,1610612744,Golden State Warriors,3,3,58,Made Shot,Cutting Dunk Shot,2PT Field Goal,Restricted Area,Center(C),Less Than 8 ft.,2,25,8,1,1,20190208,PHX,GSW
Shot Chart Detail,0021800822,747,1626172,Kevon Looney,1610612744,Golden State Warriors,4,0,21,Missed Shot,Driving Hook Shot,2PT Field Goal,In The Paint (Non-RA),Center(C),Less Than 8 ft.,4,44,11,1,0,20190208,PHX,GSW
Shot Chart Detail,0021800838,420,1626172,Kevon Looney,1610612744,Golden State Warriors,3,5,39,Made Shot,Putback Dunk Shot,2PT Field Goal,Restricted Area,Center(C),Less Than 8 ft.,0,0,-6,1,1,20190210,GSW,MIA
Shot Chart Detail,0021800838,567,1626172,Kevon Looney,1610612744,Golden State Warriors,4,7,21,Missed Shot,Driving Hook Shot,2PT Field Goal,In The Paint (Non-RA),Center(C),Less Than 8 ft.,5,6,52,1,0,20190210,GSW,MIA
Shot Chart Detail,0021800862,15,1626172,Kevon Looney,1610612744,Golden State Warriors,1,10,46,Missed Shot,Cutting Layup Shot,2PT Field Goal,Restricted Area,Center(C),Less Than 8 ft.,2,25,13,1,0,20190213,POR,GSW
Shot Chart Detail,0021800862,17,1626172,Kevon Looney,1610612744,Golden State Warriors,1,10,42,Missed Shot,Tip Layup Shot,2PT Field Goal,Restricted Area,Center(C),Less Than 8 ft.,0,0,-6,1,0,20190213,POR,GSW
Shot Chart Detail,0021800862,251,1626172,Kevon Looney,1610612744,Golden State Warriors,2,6,41,Missed Shot,Jump Shot,2PT Field Goal,Mid-Range,Right Side Center(RC),16-24 ft.,17,70,158,1,0,20190213,POR,GSW
Shot Chart Detail,0021800862,386,1626172,Kevon Looney,1610612744,Golden State Warriors,3,8,59,Made Shot,Putback Layup Shot,2PT Field Goal,Restricted Area,Center(C),Less Than 8 ft.,1,-12,6,1,1,20190213,POR,GSW
Shot Chart Detail,0021800862,402,1626172,Kevon Looney,1610612744,Golden State Warriors,3,8,7,Missed Shot,Cutting Layup Shot,2PT Field Goal,Restricted Area,Center(C),Less Than 8 ft.,1,-13,0,1,0,20190213,POR,GSW
Shot Chart Detail,0021800871,503,1626172,Kevon Looney,1610612744,Golden State Warriors,3,4,21,Made Shot,Cutting Dunk Shot,2PT Field Goal,Restricted Area,Center(C),Less Than 8 ft.,0,1,4,1,1,20190221,GSW,SAC
Shot Chart Detail,0021800871,528,1626172,Kevon Looney,1610612744,Golden State Warriors,3,3,58,Missed Shot,Tip Layup Shot,2PT Field Goal,Restricted Area,Center(C),Less Than 8 ft.,1,0,13,1,0,20190221,GSW,SAC
Shot Chart Detail,0021800892,140,1626172,Kevon Looney,1610612744,Golden State Warriors,1,2,48,Made Shot,Reverse Layup Shot,2PT Field Goal,Restricted Area,Center(C),Less Than 8 ft.,1,-1,16,1,1,20190223,GSW,HOU
Shot Chart Detail,0021800897,275,1626172,Kevon Looney,1610612744,Golden State Warriors,2,4,56,Missed Shot,Putback Layup Shot,2PT Field Goal,Restricted Area,Center(C),Less Than 8 ft.,2,13,22,1,0,20190225,CHA,GSW
Shot Chart Detail,0021800897,305,1626172,Kevon Looney,1610612744,Golden State Warriors,2,3,15,Made Shot,Dunk Shot,2PT Field Goal,Restricted Area,Center(C),Less Than 8 ft.,1,11,9,1,1,20190225,CHA,GSW
Shot Chart Detail,0021800897,313,1626172,Kevon Looney,1610612744,Golden State Warriors,2,2,35,Made Shot,Dunk Shot,2PT Field Goal,Restricted Area,Center(C),Less Than 8 ft.,0,2,3,1,1,20190225,CHA,GSW
Shot Chart Detail,0021800897,509,1626172,Kevon Looney,1610612744,Golden State Warriors,3,0,58,Made Shot,Dunk Shot,2PT Field Goal,Restricted Area,Center(C),Less Than 8 ft.,1,6,15,1,1,20190225,CHA,GSW
Shot Chart Detail,0021800923,224,1626172,Kevon Looney,1610612744,Golden State Warriors,2,6,44,Missed Shot,Layup Shot,2PT Field Goal,In The Paint (Non-RA),Center(C),Less Than 8 ft.,6,10,67,1,0,20190228,ORL,GSW
Shot Chart Detail,0021800923,471,1626172,Kevon Looney,1610612744,Golden State Warriors,3,0,25,Missed Shot,Layup Shot,2PT Field Goal,Restricted Area,Center(C),Less Than 8 ft.,2,-24,4,1,0,20190228,ORL,GSW
Shot Chart Detail,0021800984,134,1626172,Kevon Looney,1610612744,Golden State Warriors,1,3,25,Made Shot,Layup Shot,2PT Field Goal,Restricted Area,Center(C),Less Than 8 ft.,3,-8,36,1,1,20190308,GSW,DEN
Shot Chart Detail,0021800984,454,1626172,Kevon Looney,1610612744,Golden State Warriors,3,5,41,Made Shot,Tip Layup Shot,2PT Field Goal,Restricted Area,Center(C),Less Than 8 ft.,0,0,-6,1,1,20190308,GSW,DEN
Shot Chart Detail,0021800984,488,1626172,Kevon Looney,1610612744,Golden State Warriors,3,3,1,Made Shot,Dunk Shot,2PT Field Goal,Restricted Area,Center(C),Less Than 8 ft.,1,-5,10,1,1,20190308,GSW,DEN
Shot Chart Detail,0021800984,679,1626172,Kevon Looney,1610612744,Golden State Warriors,4,3,16,Made Shot,Cutting Dunk Shot,2PT Field Goal,Restricted Area,Center(C),Less Than 8 ft.,0,3,5,1,1,20190308,GSW,DEN
Shot Chart Detail,0021801000,715,1626172,Kevon Looney,1610612744,Golden State Warriors,1,2,0,Missed Shot,Tip Layup Shot,2PT Field Goal,Restricted Area,Center(C),Less Than 8 ft.,3,-17,36,1,0,20190310,GSW,PHX
Shot Chart Detail,0021801000,272,1626172,Kevon Looney,1610612744,Golden State Warriors,2,4,9,Made Shot,Running Layup Shot,2PT Field Goal,Restricted Area,Center(C),Less Than 8 ft.,3,-9,31,1,1,20190310,GSW,PHX
Shot Chart Detail,0021801000,630,1626172,Kevon Looney,1610612744,Golden State Warriors,4,5,18,Made Shot,Cutting Dunk Shot,2PT Field Goal,Restricted Area,Center(C),Less Than 8 ft.,1,7,8,1,1,20190310,GSW,PHX
Shot Chart Detail,0021801000,641,1626172,Kevon Looney,1610612744,Golden State Warriors,4,4,22,Missed Shot,Jump Shot,2PT Field Goal,Mid-Range,Right Side(R),16-24 ft.,16,132,93,1,0,20190310,GSW,PHX
Shot Chart Detail,0021801018,116,1626172,Kevon Looney,1610612744,Golden State Warriors,1,1,47,Made Shot,Putback Layup Shot,2PT Field Goal,Restricted Area,Center(C),Less Than 8 ft.,3,-35,9,1,1,20190313,HOU,GSW
Shot Chart Detail,0021801018,136,1626172,Kevon Looney,1610612744,Golden State Warriors,1,0,31,Made Shot,Tip Dunk Shot,2PT Field Goal,Restricted Area,Center(C),Less Than 8 ft.,0,0,-6,1,1,20190313,HOU,GSW
Shot Chart Detail,0021801018,446,1626172,Kevon Looney,1610612744,Golden State Warriors,3,1,32,Made Shot,Tip Dunk Shot,2PT Field Goal,Restricted Area,Center(C),Less Than 8 ft.,0,0,-6,1,1,20190313,HOU,GSW
Shot Chart Detail,0021801038,495,1626172,Kevon Looney,1610612744,Golden State Warriors,3,1,44,Made Shot,Cutting Dunk Shot,2PT Field Goal,Restricted Area,Center(C),Less Than 8 ft.,0,1,6,1,1,20190316,OKC,GSW
Shot Chart Detail,0021801038,629,1626172,Kevon Looney,1610612744,Golden State Warriors,4,4,43,Missed Shot,Putback Layup Shot,2PT Field Goal,Restricted Area,Center(C),Less Than 8 ft.,1,11,14,1,0,20190316,OKC,GSW
Shot Chart Detail,0021801055,130,1626172,Kevon Looney,1610612744,Golden State Warriors,1,2,17,Made Shot,Cutting Dunk Shot,2PT Field Goal,Restricted Area,Center(C),Less Than 8 ft.,1,-8,11,1,1,20190318,SAS,GSW
Shot Chart Detail,0021801055,296,1626172,Kevon Looney,1610612744,Golden State Warriors,2,1,23,Made Shot,Reverse Layup Shot,2PT Field Goal,Restricted Area,Center(C),Less Than 8 ft.,1,0,10,1,1,20190318,SAS,GSW
Shot Chart Detail,0021801055,569,1626172,Kevon Looney,1610612744,Golden State Warriors,4,5,35,Made Shot,Cutting Dunk Shot,2PT Field Goal,Restricted Area,Center(C),Less Than 8 ft.,2,10,21,1,1,20190318,SAS,GSW
Shot Chart Detail,0021801062,128,1626172,Kevon Looney,1610612744,Golden State Warriors,1,2,39,Made Shot,Cutting Dunk Shot,2PT Field Goal,Restricted Area,Center(C),Less Than 8 ft.,0,-2,8,1,1,20190319,MIN,GSW
Shot Chart Detail,0021801062,147,1626172,Kevon Looney,1610612744,Golden State Warriors,1,0,47,Missed Shot,Tip Layup Shot,2PT Field Goal,Restricted Area,Center(C),Less Than 8 ft.,0,0,-6,1,0,20190319,MIN,GSW
Shot Chart Detail,0021801092,115,1626172,Kevon Looney,1610612744,Golden State Warriors,1,2,16,Made Shot,Tip Layup Shot,2PT Field Goal,Restricted Area,Center(C),Less Than 8 ft.,0,0,-6,1,1,20190323,GSW,DAL
Shot Chart Detail,0021801092,546,1626172,Kevon Looney,1610612744,Golden State Warriors,4,10,18,Made Shot,Jump Shot,2PT Field Goal,Mid-Range,Left Side Center(LC),16-24 ft.,19,-91,174,1,1,20190323,GSW,DAL
Shot Chart Detail,0021801092,566,1626172,Kevon Looney,1610612744,Golden State Warriors,4,8,25,Made Shot,Jump Shot,2PT Field Goal,Mid-Range,Right Side Center(RC),16-24 ft.,20,111,169,1,1,20190323,GSW,DAL
Shot Chart Detail,0021801092,575,1626172,Kevon Looney,1610612744,Golden State Warriors,4,7,49,Missed Shot,Layup Shot,2PT Field Goal,Restricted Area,Center(C),Less Than 8 ft.,3,24,29,1,0,20190323,GSW,DAL
Shot Chart Detail,0021801092,591,1626172,Kevon Looney,1610612744,Golden State Warriors,4,6,12,Made Shot,Layup Shot,2PT Field Goal,Restricted Area,Center(C),Less Than 8 ft.,3,-4,35,1,1,20190323,GSW,DAL
Shot Chart Detail,0021801092,596,1626172,Kevon Looney,1610612744,Golden State Warriors,4,5,44,Made Shot,Running Dunk Shot,2PT Field Goal,Restricted Area,Center(C),Less Than 8 ft.,0,-3,9,1,1,20190323,GSW,DAL
Shot Chart Detail,0021801101,98,1626172,Kevon Looney,1610612744,Golden State Warriors,1,3,15,Made Shot,Layup Shot,2PT Field Goal,In The Paint (Non-RA),Center(C),Less Than 8 ft.,4,-25,32,1,1,20190324,GSW,DET
Shot Chart Detail,0021801101,268,1626172,Kevon Looney,1610612744,Golden State Warriors,2,0,59,Made Shot,Running Reverse Layup Shot,2PT Field Goal,Restricted Area,Center(C),Less Than 8 ft.,2,6,22,1,1,20190324,GSW,DET
Shot Chart Detail,0021801101,396,1626172,Kevon Looney,1610612744,Golden State Warriors,3,1,37,Made Shot,Driving Reverse Layup Shot,2PT Field Goal,Restricted Area,Center(C),Less Than 8 ft.,1,-14,6,1,1,20190324,GSW,DET
Shot Chart Detail,0021801101,420,1626172,Kevon Looney,1610612744,Golden State Warriors,3,0,16,Made Shot,Tip Layup Shot,2PT Field Goal,Restricted Area,Center(C),Less Than 8 ft.,0,0,-6,1,1,20190324,GSW,DET
Shot Chart Detail,0021801118,82,1626172,Kevon Looney,1610612744,Golden State Warriors,1,4,47,Made Shot,Cutting Layup Shot,2PT Field Goal,Restricted Area,Center(C),Less Than 8 ft.,0,9,-3,1,1,20190327,MEM,GSW
Shot Chart Detail,0021801118,100,1626172,Kevon Looney,1610612744,Golden State Warriors,1,4,1,Made Shot,Cutting Layup Shot,2PT Field Goal,Restricted Area,Center(C),Less Than 8 ft.,2,20,-3,1,1,20190327,MEM,GSW
Shot Chart Detail,0021801118,495,1626172,Kevon Looney,1610612744,Golden State Warriors,3,0,31,Missed Shot,Tip Layup Shot,2PT Field Goal,Restricted Area,Center(C),Less Than 8 ft.,0,0,-6,1,0,20190327,MEM,GSW
Shot Chart Detail,0021801132,144,1626172,Kevon Looney,1610612744,Golden State Warriors,1,2,16,Missed Shot,Layup Shot,2PT Field Goal,Restricted Area,Center(C),Less Than 8 ft.,1,-2,12,1,0,20190329,MIN,GSW
Shot Chart Detail,0021801132,477,1626172,Kevon Looney,1610612744,Golden State Warriors,3,1,30,Missed Shot,Driving Layup Shot,2PT Field Goal,Restricted Area,Center(C),Less Than 8 ft.,1,5,16,1,0,20190329,MIN,GSW
Shot Chart Detail,0021801132,479,1626172,Kevon Looney,1610612744,Golden State Warriors,3,1,23,Made Shot,Tip Layup Shot,2PT Field Goal,Restricted Area,Center(C),Less Than 8 ft.,0,0,-6,1,1,20190329,MIN,GSW
Shot Chart Detail,0021801150,77,1626172,Kevon Looney,1610612744,Golden State Warriors,1,5,47,Missed Shot,Layup Shot,2PT Field Goal,Restricted Area,Center(C),Less Than 8 ft.,2,-1,26,1,0,20190331,GSW,CHA
Shot Chart Detail,0021801150,85,1626172,Kevon Looney,1610612744,Golden State Warriors,1,5,16,Made Shot,Dunk Shot,2PT Field Goal,Restricted Area,Center(C),Less Than 8 ft.,2,-7,22,1,1,20190331,GSW,CHA
Shot Chart Detail,0021801150,123,1626172,Kevon Looney,1610612744,Golden State Warriors,1,2,51,Missed Shot,Dunk Shot,2PT Field Goal,Restricted Area,Center(C),Less Than 8 ft.,2,10,21,1,0,20190331,GSW,CHA
Shot Chart Detail,0021801150,565,1626172,Kevon Looney,1610612744,Golden State Warriors,4,4,10,Made Shot,Hook Shot,2PT Field Goal,Restricted Area,Center(C),Less Than 8 ft.,3,2,30,1,1,20190331,GSW,CHA
Shot Chart Detail,0021801150,576,1626172,Kevon Looney,1610612744,Golden State Warriors,4,3,45,Missed Shot,Jump Shot,2PT Field Goal,Mid-Range,Right Side Center(RC),16-24 ft.,20,99,184,1,0,20190331,GSW,CHA
Shot Chart Detail,0021801150,590,1626172,Kevon Looney,1610612744,Golden State Warriors,4,2,33,Made Shot,Tip Layup Shot,2PT Field Goal,Restricted Area,Center(C),Less Than 8 ft.,0,0,-6,1,1,20190331,GSW,CHA
Shot Chart Detail,0021801164,169,1626172,Kevon Looney,1610612744,Golden State Warriors,1,0,0,Missed Shot,Pullup Jump shot,2PT Field Goal,Mid-Range,Center(C),16-24 ft.,21,-65,209,1,0,20190402,GSW,DEN
Shot Chart Detail,0021801164,462,1626172,Kevon Looney,1610612744,Golden State Warriors,3,4,11,Missed Shot,Hook Shot,2PT Field Goal,In The Paint (Non-RA),Center(C),Less Than 8 ft.,7,2,72,1,0,20190402,GSW,DEN
Shot Chart Detail,0021801164,489,1626172,Kevon Looney,1610612744,Golden State Warriors,3,2,28,Made Shot,Cutting Dunk Shot,2PT Field Goal,Restricted Area,Center(C),Less Than 8 ft.,1,8,15,1,1,20190402,GSW,DEN
Shot Chart Detail,0021801164,510,1626172,Kevon Looney,1610612744,Golden State Warriors,3,0,18,Made Shot,Cutting Dunk Shot,2PT Field Goal,Restricted Area,Center(C),Less Than 8 ft.,1,13,3,1,1,20190402,GSW,DEN
Shot Chart Detail,0021801164,658,1626172,Kevon Looney,1610612744,Golden State Warriors,4,2,45,Made Shot,Tip Layup Shot,2PT Field Goal,Restricted Area,Center(C),Less Than 8 ft.,0,0,-6,1,1,20190402,GSW,DEN
Shot Chart Detail,0021801164,661,1626172,Kevon Looney,1610612744,Golden State Warriors,4,2,16,Made Shot,Turnaround Jump Shot,2PT Field Goal,Mid-Range,Left Side Center(LC),16-24 ft.,16,-127,101,1,1,20190402,GSW,DEN
Shot Chart Detail,0021801164,680,1626172,Kevon Looney,1610612744,Golden State Warriors,4,0,44,Made Shot,Dunk Shot,2PT Field Goal,Restricted Area,Center(C),Less Than 8 ft.,0,-9,-2,1,1,20190402,GSW,DEN
Shot Chart Detail,0021801179,112,1626172,Kevon Looney,1610612744,Golden State Warriors,1,4,12,Made Shot,Putback Layup Shot,2PT Field Goal,Restricted Area,Center(C),Less Than 8 ft.,0,0,-6,1,1,20190404,LAL,GSW
Shot Chart Detail,0021801179,157,1626172,Kevon Looney,1610612744,Golden State Warriors,1,0,25,Missed Shot,Tip Layup Shot,2PT Field Goal,Restricted Area,Center(C),Less Than 8 ft.,0,0,-6,1,0,20190404,LAL,GSW
Shot Chart Detail,0021801179,159,1626172,Kevon Looney,1610612744,Golden State Warriors,1,0,23,Made Shot,Tip Layup Shot,2PT Field Goal,Restricted Area,Center(C),Less Than 8 ft.,0,0,-6,1,1,20190404,LAL,GSW
Shot Chart Detail,0021801179,464,1626172,Kevon Looney,1610612744,Golden State Warriors,3,3,38,Made Shot,Cutting Dunk Shot,2PT Field Goal,Restricted Area,Center(C),Less Than 8 ft.,1,8,13,1,1,20190404,LAL,GSW
Shot Chart Detail,0021801191,103,1626172,Kevon Looney,1610612744,Golden State Warriors,1,3,14,Made Shot,Cutting Dunk Shot,2PT Field Goal,Restricted Area,Center(C),Less Than 8 ft.,0,3,8,1,1,20190405,GSW,CLE
Shot Chart Detail,0021801191,110,1626172,Kevon Looney,1610612744,Golden State Warriors,1,2,25,Made Shot,Tip Layup Shot,2PT Field Goal,Restricted Area,Center(C),Less Than 8 ft.,0,0,-6,1,1,20190405,GSW,CLE
Shot Chart Detail,0021801191,392,1626172,Kevon Looney,1610612744,Golden State Warriors,3,5,18,Missed Shot,Jump Shot,2PT Field Goal,In The Paint (Non-RA),Center(C),Less Than 8 ft.,6,6,69,1,0,20190405,GSW,CLE
Shot Chart Detail,0021801205,104,1626172,Kevon Looney,1610612744,Golden State Warriors,1,2,44,Made Shot,Jump Shot,2PT Field Goal,Mid-Range,Right Side Center(RC),16-24 ft.,17,112,136,1,1,20190407,GSW,LAC
Shot Chart Detail,0021801205,121,1626172,Kevon Looney,1610612744,Golden State Warriors,1,1,20,Made Shot,Layup Shot,2PT Field Goal,In The Paint (Non-RA),Center(C),Less Than 8 ft.,6,-12,59,1,1,20190407,GSW,LAC
Shot Chart Detail,0021801205,334,1626172,Kevon Looney,1610612744,Golden State Warriors,2,0,29,Missed Shot,Tip Layup Shot,2PT Field Goal,Restricted Area,Center(C),Less Than 8 ft.,0,0,-6,1,0,20190407,GSW,LAC
Shot Chart Detail,0021801205,336,1626172,Kevon Looney,1610612744,Golden State Warriors,2,0,27,Missed Shot,Tip Layup Shot,2PT Field Goal,Restricted Area,Center(C),Less Than 8 ft.,0,0,-6,1,0,20190407,GSW,LAC
Shot Chart Detail,0021801205,413,1626172,Kevon Looney,1610612744,Golden State Warriors,3,7,27,Made Shot,Putback Dunk Shot,2PT Field Goal,Restricted Area,Center(C),Less Than 8 ft.,0,0,-6,1,1,20190407,GSW,LAC
Shot Chart Detail,0021801205,419,1626172,Kevon Looney,1610612744,Golden State Warriors,3,6,30,Made Shot,Cutting Layup Shot,2PT Field Goal,Restricted Area,Center(C),Less Than 8 ft.,1,-15,10,1,1,20190407,GSW,LAC
Shot Chart Detail,0021801205,459,1626172,Kevon Looney,1610612744,Golden State Warriors,3,3,47,Made Shot,Cutting Dunk Shot,2PT Field Goal,Restricted Area,Center(C),Less Than 8 ft.,1,-13,6,1,1,20190407,GSW,LAC
Shot Chart Detail,0021801205,625,1626172,Kevon Looney,1610612744,Golden State Warriors,4,5,58,Made Shot,Jump Shot,2PT Field Goal,Mid-Range,Right Side(R),16-24 ft.,17,144,101,1,1,20190407,GSW,LAC
Shot Chart Detail,0021801205,636,1626172,Kevon Looney,1610612744,Golden State Warriors,4,4,56,Made Shot,Driving Finger Roll Layup Shot,2PT Field Goal,Restricted Area,Center(C),Less Than 8 ft.,1,-16,6,1,1,20190407,GSW,LAC
Shot Chart Detail,0021801215,549,1626172,Kevon Looney,1610612744,Golden State Warriors,4,6,49,Missed Shot,Jump Shot,2PT Field Goal,Mid-Range,Left Side Center(LC),16-24 ft.,21,-92,190,1,0,20190409,NOP,GSW
Shot Chart Detail,0021801215,551,1626172,Kevon Looney,1610612744,Golden State Warriors,4,6,43,Made Shot,Layup Shot,2PT Field Goal,Restricted Area,Center(C),Less Than 8 ft.,1,14,2,1,1,20190409,NOP,GSW
Shot Chart Detail,0021801215,561,1626172,Kevon Looney,1610612744,Golden State Warriors,4,5,42,Made Shot,Jump Shot,2PT Field Goal,Mid-Range,Left Side Center(LC),16-24 ft.,20,-134,155,1,1,20190409,NOP,GSW
Shot Chart Detail,0021801225,148,1626172,Kevon Looney,1610612744,Golden State Warriors,1,1,46,Missed Shot,Jump Shot,2PT Field Goal,Mid-Range,Center(C),16-24 ft.,18,-1,180,1,0,20190410,MEM,GSW
Shot Chart Detail,0021801225,179,1626172,Kevon Looney,1610612744,Golden State Warriors,2,11,19,Made Shot,Reverse Layup Shot,2PT Field Goal,Restricted Area,Center(C),Less Than 8 ft.,1,-8,6,1,1,20190410,MEM,GSW
Shot Chart Detail,0021801225,195,1626172,Kevon Looney,1610612744,Golden State Warriors,2,9,36,Missed Shot,Turnaround Jump Shot,2PT Field Goal,Restricted Area,Center(C),Less Than 8 ft.,2,24,7,1,0,20190410,MEM,GSW
Shot Chart Detail,0021801225,218,1626172,Kevon Looney,1610612744,Golden State Warriors,2,8,0,Made Shot,Cutting Dunk Shot,2PT Field Goal,Restricted Area,Center(C),Less Than 8 ft.,0,6,4,1,1,20190410,MEM,GSW
Shot Chart Detail,0021801225,473,1626172,Kevon Looney,1610612744,Golden State Warriors,4,11,40,Missed Shot,Tip Layup Shot,2PT Field Goal,Restricted Area,Center(C),Less Than 8 ft.,0,0,-6,1,0,20190410,MEM,GSW
Shot Chart Detail,0021801225,485,1626172,Kevon Looney,1610612744,Golden State Warriors,4,10,42,Missed Shot,Hook Shot,2PT Field Goal,In The Paint (Non-RA),Center(C),Less Than 8 ft.,5,40,42,1,0,20190410,MEM,GSW
Shot Chart Detail,0021801225,497,1626172,Kevon Looney,1610612744,Golden State Warriors,4,9,44,Made Shot,Jump Shot,2PT Field Goal,Mid-Range,Right Side(R),16-24 ft.,16,163,-26,1,1,20190410,MEM,GSW
Shot Chart Detail,0021801225,501,1626172,Kevon Looney,1610612744,Golden State Warriors,4,9,24,Missed Shot,Jump Shot,2PT Field Goal,Mid-Range,Left Side Center(LC),16-24 ft.,18,-143,115,1,0,20190410,MEM,GSW
