GRID_TYPE,GAME_ID,GAME_EVENT_ID,PLAYER_ID,PLAYER_NAME,TEAM_ID,TEAM_NAME,PERIOD,MINUTES_REMAINING,SECONDS_REMAINING,EVENT_TYPE,ACTION_TYPE,SHOT_TYPE,SHOT_ZONE_BASIC,SHOT_ZONE_AREA,SHOT_ZONE_RANGE,SHOT_DISTANCE,LOC_X,LOC_Y,SHOT_ATTEMPTED_FLAG,SHOT_MADE_FLAG,GAME_DATE,HTM,VTM
Shot Chart Detail,0021800022,633,1627746,Skal Labissiere,1610612758,Sacramento Kings,4,5,15,Made Shot,Layup Shot,2PT Field Goal,Restricted Area,Center(C),Less Than 8 ft.,3,-33,18,1,1,20181019,NOP,SAC
Shot Chart Detail,0021800022,639,1627746,Skal Labissiere,1610612758,Sacramento Kings,4,4,26,Made Shot,Jump Shot,3PT Field Goal,Above the Break 3,Center(C),24+ ft.,26,-9,260,1,1,20181019,NOP,SAC
Shot Chart Detail,0021800022,653,1627746,Skal Labissiere,1610612758,Sacramento Kings,4,3,58,Missed Shot,Jump Shot,3PT Field Goal,Left Corner 3,Left Side(L),24+ ft.,23,-234,8,1,0,20181019,NOP,SAC
Shot Chart Detail,0021800022,668,1627746,Skal Labissiere,1610612758,Sacramento Kings,4,2,4,Missed Shot,Jump Shot,3PT Field Goal,Above the Break 3,Right Side Center(RC),24+ ft.,26,91,247,1,0,20181019,NOP,SAC
Shot Chart Detail,0021800037,176,1627746,Skal Labissiere,1610612758,Sacramento Kings,1,1,51,Missed Shot,Driving Layup Shot,2PT Field Goal,Restricted Area,Center(C),Less Than 8 ft.,2,-7,23,1,0,20181021,OKC,SAC
Shot Chart Detail,0021800114,740,1627746,Skal Labissiere,1610612758,Sacramento Kings,4,4,9,Made Shot,Pullup Jump shot,2PT Field Goal,Mid-Range,Left Side Center(LC),16-24 ft.,20,-107,178,1,1,20181101,ATL,SAC
Shot Chart Detail,0021800114,745,1627746,Skal Labissiere,1610612758,Sacramento Kings,4,3,44,Made Shot,Running Dunk Shot,2PT Field Goal,Restricted Area,Center(C),Less Than 8 ft.,1,-7,10,1,1,20181101,ATL,SAC
Shot Chart Detail,0021800114,761,1627746,Skal Labissiere,1610612758,Sacramento Kings,4,3,4,Missed Shot,Pullup Jump shot,3PT Field Goal,Above the Break 3,Center(C),24+ ft.,26,-76,254,1,0,20181101,ATL,SAC
Shot Chart Detail,0021800133,739,1627746,Skal Labissiere,1610612758,Sacramento Kings,4,0,13,Missed Shot,Jump Shot,3PT Field Goal,Above the Break 3,Right Side Center(RC),24+ ft.,27,201,190,1,0,20181104,MIL,SAC
Shot Chart Detail,0021800231,596,1627746,Skal Labissiere,1610612758,Sacramento Kings,4,4,5,Made Shot,Alley Oop Dunk Shot,2PT Field Goal,Restricted Area,Center(C),Less Than 8 ft.,1,-3,18,1,1,20181117,HOU,SAC
Shot Chart Detail,0021800231,615,1627746,Skal Labissiere,1610612758,Sacramento Kings,4,2,23,Missed Shot,Pullup Jump shot,2PT Field Goal,Mid-Range,Left Side Center(LC),16-24 ft.,16,-117,120,1,0,20181117,HOU,SAC
Shot Chart Detail,0021800231,632,1627746,Skal Labissiere,1610612758,Sacramento Kings,4,1,31,Missed Shot,Hook Shot,2PT Field Goal,In The Paint (Non-RA),Center(C),Less Than 8 ft.,4,30,39,1,0,20181117,HOU,SAC
Shot Chart Detail,0021800292,704,1627746,Skal Labissiere,1610612758,Sacramento Kings,4,3,47,Made Shot,Jump Shot,2PT Field Goal,Mid-Range,Center(C),8-16 ft.,14,-2,140,1,1,20181125,SAC,UTA
Shot Chart Detail,0021800446,240,1627746,Skal Labissiere,1610612758,Sacramento Kings,2,7,24,Missed Shot,Driving Layup Shot,2PT Field Goal,Restricted Area,Center(C),Less Than 8 ft.,1,2,18,1,0,20181217,MIN,SAC
Shot Chart Detail,0021800446,245,1627746,Skal Labissiere,1610612758,Sacramento Kings,2,7,7,Made Shot,Dunk Shot,2PT Field Goal,Restricted Area,Center(C),Less Than 8 ft.,1,-11,8,1,1,20181217,MIN,SAC
Shot Chart Detail,0021800446,306,1627746,Skal Labissiere,1610612758,Sacramento Kings,2,2,37,Missed Shot,Layup Shot,2PT Field Goal,Restricted Area,Center(C),Less Than 8 ft.,2,13,21,1,0,20181217,MIN,SAC
Shot Chart Detail,0021800446,382,1627746,Skal Labissiere,1610612758,Sacramento Kings,3,9,59,Made Shot,Jump Shot,3PT Field Goal,Above the Break 3,Center(C),24+ ft.,25,74,241,1,1,20181217,MIN,SAC
Shot Chart Detail,0021800446,399,1627746,Skal Labissiere,1610612758,Sacramento Kings,3,8,36,Made Shot,Jump Shot,3PT Field Goal,Above the Break 3,Center(C),24+ ft.,25,72,241,1,1,20181217,MIN,SAC
Shot Chart Detail,0021800446,556,1627746,Skal Labissiere,1610612758,Sacramento Kings,4,10,4,Missed Shot,Jump Shot,3PT Field Goal,Above the Break 3,Center(C),24+ ft.,25,-21,253,1,0,20181217,MIN,SAC
Shot Chart Detail,0021800466,297,1627746,Skal Labissiere,1610612758,Sacramento Kings,2,5,19,Missed Shot,Jump Shot,3PT Field Goal,Above the Break 3,Right Side Center(RC),24+ ft.,25,98,235,1,0,20181219,SAC,OKC
Shot Chart Detail,0021800466,467,1627746,Skal Labissiere,1610612758,Sacramento Kings,3,4,57,Made Shot,Dunk Shot,2PT Field Goal,Restricted Area,Center(C),Less Than 8 ft.,1,-11,6,1,1,20181219,SAC,OKC
Shot Chart Detail,0021800466,490,1627746,Skal Labissiere,1610612758,Sacramento Kings,3,3,13,Missed Shot,Turnaround Hook Shot,2PT Field Goal,In The Paint (Non-RA),Center(C),Less Than 8 ft.,6,9,67,1,0,20181219,SAC,OKC
Shot Chart Detail,0021800466,550,1627746,Skal Labissiere,1610612758,Sacramento Kings,4,11,39,Missed Shot,Dunk Shot,2PT Field Goal,In The Paint (Non-RA),Center(C),Less Than 8 ft.,6,47,48,1,0,20181219,SAC,OKC
Shot Chart Detail,0021800466,562,1627746,Skal Labissiere,1610612758,Sacramento Kings,4,10,53,Missed Shot,Jump Shot,3PT Field Goal,Above the Break 3,Right Side Center(RC),24+ ft.,25,90,243,1,0,20181219,SAC,OKC
Shot Chart Detail,0021800466,731,1627746,Skal Labissiere,1610612758,Sacramento Kings,4,1,6,Missed Shot,Hook Shot,2PT Field Goal,In The Paint (Non-RA),Center(C),Less Than 8 ft.,7,-25,73,1,0,20181219,SAC,OKC
Shot Chart Detail,0021800511,574,1627746,Skal Labissiere,1610612758,Sacramento Kings,4,7,37,Made Shot,Tip Layup Shot,2PT Field Goal,Restricted Area,Center(C),Less Than 8 ft.,0,0,-6,1,1,20181226,LAC,SAC
Shot Chart Detail,0021800598,599,1627746,Skal Labissiere,1610612758,Sacramento Kings,4,3,34,Made Shot,Dunk Shot,2PT Field Goal,Restricted Area,Center(C),Less Than 8 ft.,1,0,12,1,1,20190107,SAC,ORL
Shot Chart Detail,0021800809,533,1627746,Skal Labissiere,1610612758,Sacramento Kings,4,11,42,Missed Shot,Hook Shot,2PT Field Goal,Restricted Area,Center(C),Less Than 8 ft.,3,-8,34,1,0,20190206,SAC,HOU
Shot Chart Detail,0021800809,527,1627746,Skal Labissiere,1610612758,Sacramento Kings,4,10,15,Missed Shot,Alley Oop Layup shot,2PT Field Goal,Restricted Area,Center(C),Less Than 8 ft.,3,30,11,1,0,20190206,SAC,HOU
Shot Chart Detail,0021800809,613,1627746,Skal Labissiere,1610612758,Sacramento Kings,4,4,16,Made Shot,Jump Shot,3PT Field Goal,Above the Break 3,Left Side Center(LC),24+ ft.,24,-224,107,1,1,20190206,SAC,HOU
Shot Chart Detail,0021801117,559,1627746,Skal Labissiere,1610612757,Portland Trail Blazers,4,2,34,Made Shot,Putback Dunk Shot,2PT Field Goal,Restricted Area,Center(C),Less Than 8 ft.,0,0,-6,1,1,20190327,CHI,POR
Shot Chart Detail,0021801175,579,1627746,Skal Labissiere,1610612757,Portland Trail Blazers,4,3,54,Missed Shot,Driving Layup Shot,2PT Field Goal,Restricted Area,Center(C),Less Than 8 ft.,1,-13,-11,1,0,20190403,POR,MEM
Shot Chart Detail,0021801230,7,1627746,Skal Labissiere,1610612757,Portland Trail Blazers,1,11,45,Made Shot,Turnaround Hook Shot,2PT Field Goal,In The Paint (Non-RA),Center(C),Less Than 8 ft.,5,-1,54,1,1,20190410,POR,SAC
Shot Chart Detail,0021801230,10,1627746,Skal Labissiere,1610612757,Portland Trail Blazers,1,11,11,Made Shot,Dunk Shot,2PT Field Goal,Restricted Area,Center(C),Less Than 8 ft.,0,0,1,1,1,20190410,POR,SAC
Shot Chart Detail,0021801230,44,1627746,Skal Labissiere,1610612757,Portland Trail Blazers,1,8,16,Missed Shot,Fadeaway Jump Shot,2PT Field Goal,Mid-Range,Right Side(R),8-16 ft.,11,101,52,1,0,20190410,POR,SAC
Shot Chart Detail,0021801230,79,1627746,Skal Labissiere,1610612757,Portland Trail Blazers,1,4,35,Made Shot,Driving Hook Shot,2PT Field Goal,In The Paint (Non-RA),Center(C),Less Than 8 ft.,4,-2,42,1,1,20190410,POR,SAC
Shot Chart Detail,0021801230,83,1627746,Skal Labissiere,1610612757,Portland Trail Blazers,1,4,0,Made Shot,Jump Shot,2PT Field Goal,Mid-Range,Left Side(L),8-16 ft.,15,-127,81,1,1,20190410,POR,SAC
Shot Chart Detail,0021801230,127,1627746,Skal Labissiere,1610612757,Portland Trail Blazers,1,1,12,Missed Shot,Fadeaway Jump Shot,2PT Field Goal,In The Paint (Non-RA),Center(C),8-16 ft.,11,-32,110,1,0,20190410,POR,SAC
Shot Chart Detail,0021801230,173,1627746,Skal Labissiere,1610612757,Portland Trail Blazers,2,9,17,Missed Shot,Turnaround Hook Shot,2PT Field Goal,Restricted Area,Center(C),Less Than 8 ft.,3,20,34,1,0,20190410,POR,SAC
Shot Chart Detail,0021801230,208,1627746,Skal Labissiere,1610612757,Portland Trail Blazers,2,7,0,Made Shot,Tip Dunk Shot,2PT Field Goal,Restricted Area,Center(C),Less Than 8 ft.,0,0,-6,1,1,20190410,POR,SAC
Shot Chart Detail,0021801230,250,1627746,Skal Labissiere,1610612757,Portland Trail Blazers,2,2,52,Made Shot,Step Back Jump shot,3PT Field Goal,Above the Break 3,Right Side Center(RC),24+ ft.,24,178,174,1,1,20190410,POR,SAC
Shot Chart Detail,0021801230,318,1627746,Skal Labissiere,1610612757,Portland Trail Blazers,3,9,37,Missed Shot,Tip Layup Shot,2PT Field Goal,Restricted Area,Center(C),Less Than 8 ft.,0,0,-6,1,0,20190410,POR,SAC
Shot Chart Detail,0021801230,346,1627746,Skal Labissiere,1610612757,Portland Trail Blazers,3,7,9,Missed Shot,Jump Shot,2PT Field Goal,Mid-Range,Left Side Center(LC),16-24 ft.,19,-116,158,1,0,20190410,POR,SAC
Shot Chart Detail,0021801230,377,1627746,Skal Labissiere,1610612757,Portland Trail Blazers,3,4,51,Made Shot,Turnaround Hook Shot,2PT Field Goal,In The Paint (Non-RA),Center(C),Less Than 8 ft.,5,-47,26,1,1,20190410,POR,SAC
Shot Chart Detail,0021801230,395,1627746,Skal Labissiere,1610612757,Portland Trail Blazers,3,2,55,Made Shot,Jump Shot,3PT Field Goal,Above the Break 3,Left Side Center(LC),24+ ft.,25,-130,224,1,1,20190410,POR,SAC
Shot Chart Detail,0021801230,398,1627746,Skal Labissiere,1610612757,Portland Trail Blazers,3,2,31,Made Shot,Jump Shot,2PT Field Goal,Mid-Range,Right Side Center(RC),16-24 ft.,19,92,169,1,1,20190410,POR,SAC
Shot Chart Detail,0021801230,473,1627746,Skal Labissiere,1610612757,Portland Trail Blazers,4,8,16,Made Shot,Dunk Shot,2PT Field Goal,Restricted Area,Center(C),Less Than 8 ft.,1,3,11,1,1,20190410,POR,SAC
Shot Chart Detail,0021801230,518,1627746,Skal Labissiere,1610612757,Portland Trail Blazers,4,3,56,Made Shot,Driving Layup Shot,2PT Field Goal,Restricted Area,Center(C),Less Than 8 ft.,0,-2,9,1,1,20190410,POR,SAC
Shot Chart Detail,0021801230,547,1627746,Skal Labissiere,1610612757,Portland Trail Blazers,4,1,13,Made Shot,Tip Dunk Shot,2PT Field Goal,Restricted Area,Center(C),Less Than 8 ft.,0,0,-6,1,1,20190410,POR,SAC
