GRID_TYPE,GAME_ID,GAME_EVENT_ID,PLAYER_ID,PLAYER_NAME,TEAM_ID,TEAM_NAME,PERIOD,MINUTES_REMAINING,SECONDS_REMAINING,EVENT_TYPE,ACTION_TYPE,SHOT_TYPE,SHOT_ZONE_BASIC,SHOT_ZONE_AREA,SHOT_ZONE_RANGE,SHOT_DISTANCE,LOC_X,LOC_Y,SHOT_ATTEMPTED_FLAG,SHOT_MADE_FLAG,GAME_DATE,HTM,VTM
Shot Chart Detail,0021800101,447,1627737,Marquese Chriss,1610612745,Houston Rockets,3,3,44,Missed Shot,Jump Shot,3PT Field Goal,Right Corner 3,Right Side(R),24+ ft.,24,238,33,1,0,20181030,HOU,POR
Shot Chart Detail,0021800101,469,1627737,Marquese Chriss,1610612745,Houston Rockets,3,2,3,Missed Shot,Jump Shot,3PT Field Goal,Above the Break 3,Right Side Center(RC),24+ ft.,25,160,196,1,0,20181030,HOU,POR
Shot Chart Detail,0021800101,476,1627737,Marquese Chriss,1610612745,Houston Rockets,3,1,27,Made Shot,Cutting Dunk Shot,2PT Field Goal,Restricted Area,Center(C),Less Than 8 ft.,2,0,29,1,1,20181030,HOU,POR
Shot Chart Detail,0021800101,510,1627737,Marquese Chriss,1610612745,Houston Rockets,4,11,21,Missed Shot,Jump Shot,2PT Field Goal,In The Paint (Non-RA),Center(C),Less Than 8 ft.,6,-9,67,1,0,20181030,HOU,POR
Shot Chart Detail,0021800101,635,1627737,Marquese Chriss,1610612745,Houston Rockets,4,1,53,Made Shot,Alley Oop Dunk Shot,2PT Field Goal,Restricted Area,Center(C),Less Than 8 ft.,2,9,23,1,1,20181030,HOU,POR
Shot Chart Detail,0021800118,71,1627737,Marquese Chriss,1610612745,Houston Rockets,1,5,7,Missed Shot,Alley Oop Dunk Shot,2PT Field Goal,Restricted Area,Center(C),Less Than 8 ft.,2,-11,22,1,0,20181102,BKN,HOU
Shot Chart Detail,0021800118,88,1627737,Marquese Chriss,1610612745,Houston Rockets,1,3,40,Missed Shot,Jump Shot,3PT Field Goal,Above the Break 3,Right Side Center(RC),24+ ft.,26,114,234,1,0,20181102,BKN,HOU
Shot Chart Detail,0021800163,513,1627737,Marquese Chriss,1610612745,Houston Rockets,4,8,58,Missed Shot,Jump Shot,3PT Field Goal,Above the Break 3,Center(C),24+ ft.,24,-35,247,1,0,20181108,OKC,HOU
Shot Chart Detail,0021800163,529,1627737,Marquese Chriss,1610612745,Houston Rockets,4,8,2,Made Shot,Dunk Shot,2PT Field Goal,Restricted Area,Center(C),Less Than 8 ft.,0,-8,4,1,1,20181108,OKC,HOU
Shot Chart Detail,0021800163,650,1627737,Marquese Chriss,1610612745,Houston Rockets,4,0,24,Missed Shot,Layup Shot,2PT Field Goal,Restricted Area,Center(C),Less Than 8 ft.,2,1,20,1,0,20181108,OKC,HOU
Shot Chart Detail,0021800231,613,1627737,Marquese Chriss,1610612745,Houston Rockets,4,2,36,Missed Shot,Jump Shot,3PT Field Goal,Above the Break 3,Right Side Center(RC),24+ ft.,26,199,173,1,0,20181117,HOU,SAC
Shot Chart Detail,0021800231,658,1627737,Marquese Chriss,1610612745,Houston Rockets,4,0,29,Made Shot,Dunk Shot,2PT Field Goal,Restricted Area,Center(C),Less Than 8 ft.,2,-3,22,1,1,20181117,HOU,SAC
Shot Chart Detail,0021800296,109,1627737,Marquese Chriss,1610612745,Houston Rockets,1,4,14,Missed Shot,Cutting Layup Shot,2PT Field Goal,Restricted Area,Center(C),Less Than 8 ft.,2,12,19,1,0,20181126,WAS,HOU
Shot Chart Detail,0021800296,156,1627737,Marquese Chriss,1610612745,Houston Rockets,1,1,15,Missed Shot,Jump Shot,3PT Field Goal,Above the Break 3,Right Side Center(RC),24+ ft.,26,143,226,1,0,20181126,WAS,HOU
Shot Chart Detail,0021800296,166,1627737,Marquese Chriss,1610612745,Houston Rockets,1,0,50,Made Shot,Alley Oop Dunk Shot,2PT Field Goal,Restricted Area,Center(C),Less Than 8 ft.,1,7,10,1,1,20181126,WAS,HOU
Shot Chart Detail,0021800309,621,1627737,Marquese Chriss,1610612745,Houston Rockets,4,2,55,Made Shot,Driving Layup Shot,2PT Field Goal,Restricted Area,Center(C),Less Than 8 ft.,2,9,22,1,1,20181128,HOU,DAL
Shot Chart Detail,0021800326,551,1627737,Marquese Chriss,1610612745,Houston Rockets,4,7,39,Missed Shot,Alley Oop Layup shot,2PT Field Goal,Restricted Area,Center(C),Less Than 8 ft.,2,-7,25,1,0,20181130,SAS,HOU
Shot Chart Detail,0021800326,561,1627737,Marquese Chriss,1610612745,Houston Rockets,4,6,43,Made Shot,Alley Oop Dunk Shot,2PT Field Goal,Restricted Area,Center(C),Less Than 8 ft.,1,15,11,1,1,20181130,SAS,HOU
Shot Chart Detail,0021800326,606,1627737,Marquese Chriss,1610612745,Houston Rockets,4,3,18,Missed Shot,Jump Shot,3PT Field Goal,Above the Break 3,Right Side Center(RC),24+ ft.,26,143,228,1,0,20181130,SAS,HOU
Shot Chart Detail,0021800326,616,1627737,Marquese Chriss,1610612745,Houston Rockets,4,1,51,Made Shot,Jump Shot,3PT Field Goal,Above the Break 3,Right Side Center(RC),24+ ft.,25,97,233,1,1,20181130,SAS,HOU
Shot Chart Detail,0021800326,637,1627737,Marquese Chriss,1610612745,Houston Rockets,4,0,42,Missed Shot,Jump Shot,3PT Field Goal,Above the Break 3,Center(C),24+ ft.,25,30,258,1,0,20181130,SAS,HOU
Shot Chart Detail,0021800461,582,1627737,Marquese Chriss,1610612745,Houston Rockets,4,3,0,Missed Shot,Jump Shot,3PT Field Goal,Right Corner 3,Right Side(R),24+ ft.,24,230,83,1,0,20181219,HOU,WAS
Shot Chart Detail,0021800625,502,1627737,Marquese Chriss,1610612745,Houston Rockets,4,10,22,Made Shot,Cutting Dunk Shot,2PT Field Goal,Restricted Area,Center(C),Less Than 8 ft.,1,3,10,1,1,20190111,HOU,CLE
Shot Chart Detail,0021800625,517,1627737,Marquese Chriss,1610612745,Houston Rockets,4,9,1,Missed Shot,Cutting Dunk Shot,2PT Field Goal,Restricted Area,Center(C),Less Than 8 ft.,2,19,17,1,0,20190111,HOU,CLE
Shot Chart Detail,0021800625,541,1627737,Marquese Chriss,1610612745,Houston Rockets,4,7,19,Missed Shot,Jump Shot,3PT Field Goal,Above the Break 3,Right Side Center(RC),24+ ft.,25,146,212,1,0,20190111,HOU,CLE
Shot Chart Detail,0021800625,588,1627737,Marquese Chriss,1610612745,Houston Rockets,4,4,27,Made Shot,Layup Shot,2PT Field Goal,Restricted Area,Center(C),Less Than 8 ft.,3,30,8,1,1,20190111,HOU,CLE
Shot Chart Detail,0021800625,642,1627737,Marquese Chriss,1610612745,Houston Rockets,4,0,42,Missed Shot,Layup Shot,2PT Field Goal,Restricted Area,Center(C),Less Than 8 ft.,3,3,37,1,0,20190111,HOU,CLE
Shot Chart Detail,0021800625,651,1627737,Marquese Chriss,1610612745,Houston Rockets,4,0,1,Missed Shot,Jump Shot,3PT Field Goal,Above the Break 3,Left Side Center(LC),24+ ft.,32,-134,293,1,0,20190111,HOU,CLE
Shot Chart Detail,0021800646,83,1627737,Marquese Chriss,1610612745,Houston Rockets,1,4,50,Missed Shot,Jump Shot,3PT Field Goal,Above the Break 3,Right Side Center(RC),24+ ft.,25,105,236,1,0,20190114,HOU,MEM
Shot Chart Detail,0021800659,91,1627737,Marquese Chriss,1610612745,Houston Rockets,1,4,43,Missed Shot,Jump Shot,3PT Field Goal,Left Corner 3,Left Side(L),24+ ft.,24,-228,77,1,0,20190116,HOU,BKN
Shot Chart Detail,0021800699,636,1627737,Marquese Chriss,1610612745,Houston Rockets,4,5,2,Missed Shot,Tip Layup Shot,2PT Field Goal,Restricted Area,Center(C),Less Than 8 ft.,0,0,-6,1,0,20190121,PHI,HOU
Shot Chart Detail,0021800699,644,1627737,Marquese Chriss,1610612745,Houston Rockets,4,4,17,Missed Shot,Jump Shot,3PT Field Goal,Above the Break 3,Center(C),24+ ft.,25,54,245,1,0,20190121,PHI,HOU
Shot Chart Detail,0021800699,655,1627737,Marquese Chriss,1610612745,Houston Rockets,4,3,53,Made Shot,Alley Oop Dunk Shot,2PT Field Goal,Restricted Area,Center(C),Less Than 8 ft.,0,5,6,1,1,20190121,PHI,HOU
Shot Chart Detail,0021800786,754,1627737,Marquese Chriss,1610612745,Houston Rockets,4,0,43,Missed Shot,Cutting Dunk Shot,2PT Field Goal,Restricted Area,Center(C),Less Than 8 ft.,1,-5,12,1,0,20190202,UTA,HOU
Shot Chart Detail,0021800819,152,1627737,Marquese Chriss,1610612739,Cleveland Cavaliers,1,1,29,Made Shot,Jump Shot,3PT Field Goal,Above the Break 3,Left Side Center(LC),24+ ft.,26,-185,191,1,1,20190208,WAS,CLE
Shot Chart Detail,0021800819,179,1627737,Marquese Chriss,1610612739,Cleveland Cavaliers,2,11,34,Missed Shot,Jump Shot,3PT Field Goal,Left Corner 3,Left Side(L),24+ ft.,23,-235,-14,1,0,20190208,WAS,CLE
Shot Chart Detail,0021800819,287,1627737,Marquese Chriss,1610612739,Cleveland Cavaliers,2,3,35,Made Shot,Jump Shot,3PT Field Goal,Above the Break 3,Right Side Center(RC),24+ ft.,25,204,149,1,1,20190208,WAS,CLE
Shot Chart Detail,0021800819,303,1627737,Marquese Chriss,1610612739,Cleveland Cavaliers,2,2,53,Made Shot,Dunk Shot,2PT Field Goal,Restricted Area,Center(C),Less Than 8 ft.,1,10,8,1,1,20190208,WAS,CLE
Shot Chart Detail,0021800819,315,1627737,Marquese Chriss,1610612739,Cleveland Cavaliers,2,1,56,Missed Shot,Cutting Layup Shot,2PT Field Goal,In The Paint (Non-RA),Center(C),Less Than 8 ft.,4,4,49,1,0,20190208,WAS,CLE
Shot Chart Detail,0021800819,317,1627737,Marquese Chriss,1610612739,Cleveland Cavaliers,2,1,52,Missed Shot,Tip Layup Shot,2PT Field Goal,In The Paint (Non-RA),Center(C),Less Than 8 ft.,4,42,16,1,0,20190208,WAS,CLE
Shot Chart Detail,0021800819,464,1627737,Marquese Chriss,1610612739,Cleveland Cavaliers,3,2,51,Missed Shot,Reverse Layup Shot,2PT Field Goal,Restricted Area,Center(C),Less Than 8 ft.,2,7,24,1,0,20190208,WAS,CLE
Shot Chart Detail,0021800819,474,1627737,Marquese Chriss,1610612739,Cleveland Cavaliers,3,1,34,Made Shot,Jump Shot,3PT Field Goal,Left Corner 3,Left Side(L),24+ ft.,23,-232,5,1,1,20190208,WAS,CLE
Shot Chart Detail,0021800819,491,1627737,Marquese Chriss,1610612739,Cleveland Cavaliers,3,0,1,Missed Shot,Jump Shot,3PT Field Goal,Above the Break 3,Center(C),24+ ft.,25,24,257,1,0,20190208,WAS,CLE
Shot Chart Detail,0021800819,647,1627737,Marquese Chriss,1610612739,Cleveland Cavaliers,4,1,20,Made Shot,Alley Oop Dunk Shot,2PT Field Goal,Restricted Area,Center(C),Less Than 8 ft.,2,-4,20,1,1,20190208,WAS,CLE
Shot Chart Detail,0021800826,23,1627737,Marquese Chriss,1610612739,Cleveland Cavaliers,1,10,14,Made Shot,Jump Shot,3PT Field Goal,Above the Break 3,Right Side Center(RC),24+ ft.,24,81,236,1,1,20190209,IND,CLE
Shot Chart Detail,0021800826,136,1627737,Marquese Chriss,1610612739,Cleveland Cavaliers,1,0,31,Made Shot,Hook Shot,2PT Field Goal,In The Paint (Non-RA),Center(C),Less Than 8 ft.,4,0,42,1,1,20190209,IND,CLE
Shot Chart Detail,0021800826,148,1627737,Marquese Chriss,1610612739,Cleveland Cavaliers,2,11,16,Missed Shot,Jump Shot,3PT Field Goal,Above the Break 3,Left Side Center(LC),24+ ft.,27,-114,253,1,0,20190209,IND,CLE
Shot Chart Detail,0021800826,153,1627737,Marquese Chriss,1610612739,Cleveland Cavaliers,2,10,34,Missed Shot,Layup Shot,2PT Field Goal,In The Paint (Non-RA),Center(C),Less Than 8 ft.,4,-39,20,1,0,20190209,IND,CLE
Shot Chart Detail,0021800826,291,1627737,Marquese Chriss,1610612739,Cleveland Cavaliers,3,11,38,Missed Shot,Jump Shot,2PT Field Goal,Mid-Range,Right Side Center(RC),16-24 ft.,19,154,122,1,0,20190209,IND,CLE
Shot Chart Detail,0021800826,308,1627737,Marquese Chriss,1610612739,Cleveland Cavaliers,3,9,46,Missed Shot,Driving Dunk Shot,2PT Field Goal,Restricted Area,Center(C),Less Than 8 ft.,1,0,19,1,0,20190209,IND,CLE
Shot Chart Detail,0021800826,449,1627737,Marquese Chriss,1610612739,Cleveland Cavaliers,4,10,59,Made Shot,Dunk Shot,2PT Field Goal,Restricted Area,Center(C),Less Than 8 ft.,1,-4,14,1,1,20190209,IND,CLE
Shot Chart Detail,0021800839,90,1627737,Marquese Chriss,1610612739,Cleveland Cavaliers,1,4,53,Made Shot,Jump Shot,3PT Field Goal,Above the Break 3,Right Side Center(RC),24+ ft.,25,227,118,1,1,20190211,CLE,NYK
Shot Chart Detail,0021800839,154,1627737,Marquese Chriss,1610612739,Cleveland Cavaliers,1,0,0,Made Shot,Tip Layup Shot,2PT Field Goal,Restricted Area,Center(C),Less Than 8 ft.,0,0,-6,1,1,20190211,CLE,NYK
Shot Chart Detail,0021800839,198,1627737,Marquese Chriss,1610612739,Cleveland Cavaliers,2,7,49,Made Shot,Driving Floating Jump Shot,2PT Field Goal,In The Paint (Non-RA),Center(C),Less Than 8 ft.,7,57,53,1,1,20190211,CLE,NYK
Shot Chart Detail,0021800839,304,1627737,Marquese Chriss,1610612739,Cleveland Cavaliers,2,0,47,Made Shot,Jump Shot,3PT Field Goal,Above the Break 3,Right Side Center(RC),24+ ft.,24,119,216,1,1,20190211,CLE,NYK
Shot Chart Detail,0021800839,427,1627737,Marquese Chriss,1610612739,Cleveland Cavaliers,3,3,36,Missed Shot,Alley Oop Layup shot,2PT Field Goal,Restricted Area,Center(C),Less Than 8 ft.,1,1,14,1,0,20190211,CLE,NYK
Shot Chart Detail,0021800839,442,1627737,Marquese Chriss,1610612739,Cleveland Cavaliers,3,2,47,Missed Shot,Jump Shot,3PT Field Goal,Right Corner 3,Right Side(R),24+ ft.,23,234,10,1,0,20190211,CLE,NYK
Shot Chart Detail,0021800839,472,1627737,Marquese Chriss,1610612739,Cleveland Cavaliers,3,1,11,Missed Shot,Dunk Shot,2PT Field Goal,Restricted Area,Center(C),Less Than 8 ft.,1,5,9,1,0,20190211,CLE,NYK
Shot Chart Detail,0021800839,477,1627737,Marquese Chriss,1610612739,Cleveland Cavaliers,3,0,42,Made Shot,Dunk Shot,2PT Field Goal,Restricted Area,Center(C),Less Than 8 ft.,0,7,1,1,1,20190211,CLE,NYK
Shot Chart Detail,0021800853,117,1627737,Marquese Chriss,1610612739,Cleveland Cavaliers,1,3,21,Missed Shot,Jump Shot,3PT Field Goal,Left Corner 3,Left Side(L),24+ ft.,23,-238,6,1,0,20190213,CLE,BKN
Shot Chart Detail,0021800853,139,1627737,Marquese Chriss,1610612739,Cleveland Cavaliers,1,0,59,Missed Shot,Cutting Dunk Shot,2PT Field Goal,Restricted Area,Center(C),Less Than 8 ft.,0,8,-2,1,0,20190213,CLE,BKN
Shot Chart Detail,0021800853,186,1627737,Marquese Chriss,1610612739,Cleveland Cavaliers,2,9,36,Missed Shot,Jump Shot,3PT Field Goal,Left Corner 3,Left Side(L),24+ ft.,22,-225,-2,1,0,20190213,CLE,BKN
Shot Chart Detail,0021800853,194,1627737,Marquese Chriss,1610612739,Cleveland Cavaliers,2,8,52,Made Shot,Jump Shot,3PT Field Goal,Left Corner 3,Left Side(L),24+ ft.,22,-227,-2,1,1,20190213,CLE,BKN
Shot Chart Detail,0021800853,448,1627737,Marquese Chriss,1610612739,Cleveland Cavaliers,3,0,49,Missed Shot,Jump Shot,3PT Field Goal,Above the Break 3,Right Side Center(RC),24+ ft.,24,136,202,1,0,20190213,CLE,BKN
Shot Chart Detail,0021800853,472,1627737,Marquese Chriss,1610612739,Cleveland Cavaliers,4,11,28,Made Shot,Alley Oop Dunk Shot,2PT Field Goal,Restricted Area,Center(C),Less Than 8 ft.,1,-16,-5,1,1,20190213,CLE,BKN
Shot Chart Detail,0021800853,475,1627737,Marquese Chriss,1610612739,Cleveland Cavaliers,4,10,49,Made Shot,Layup Shot,2PT Field Goal,Restricted Area,Center(C),Less Than 8 ft.,0,-3,0,1,1,20190213,CLE,BKN
Shot Chart Detail,0021800853,499,1627737,Marquese Chriss,1610612739,Cleveland Cavaliers,4,9,19,Made Shot,Alley Oop Dunk Shot,2PT Field Goal,Restricted Area,Center(C),Less Than 8 ft.,0,-8,-3,1,1,20190213,CLE,BKN
Shot Chart Detail,0021800853,591,1627737,Marquese Chriss,1610612739,Cleveland Cavaliers,4,2,56,Made Shot,Driving Dunk Shot,2PT Field Goal,Restricted Area,Center(C),Less Than 8 ft.,1,-11,-5,1,1,20190213,CLE,BKN
Shot Chart Detail,0021800853,614,1627737,Marquese Chriss,1610612739,Cleveland Cavaliers,4,1,12,Made Shot,Floating Jump shot,2PT Field Goal,In The Paint (Non-RA),Left Side(L),8-16 ft.,8,-44,73,1,1,20190213,CLE,BKN
Shot Chart Detail,0021800853,684,1627737,Marquese Chriss,1610612739,Cleveland Cavaliers,5,1,11,Made Shot,Hook Shot,2PT Field Goal,In The Paint (Non-RA),Left Side(L),8-16 ft.,9,-73,58,1,1,20190213,CLE,BKN
Shot Chart Detail,0021800853,719,1627737,Marquese Chriss,1610612739,Cleveland Cavaliers,5,0,10,Missed Shot,Reverse Layup Shot,2PT Field Goal,Restricted Area,Center(C),Less Than 8 ft.,2,9,-21,1,0,20190213,CLE,BKN
Shot Chart Detail,0021800853,721,1627737,Marquese Chriss,1610612739,Cleveland Cavaliers,5,0,6,Missed Shot,Putback Layup Shot,2PT Field Goal,Restricted Area,Center(C),Less Than 8 ft.,0,-9,2,1,0,20190213,CLE,BKN
Shot Chart Detail,0021800853,737,1627737,Marquese Chriss,1610612739,Cleveland Cavaliers,6,4,40,Missed Shot,Turnaround Fadeaway Bank Jump Shot,2PT Field Goal,Restricted Area,Center(C),Less Than 8 ft.,0,-8,-3,1,0,20190213,CLE,BKN
Shot Chart Detail,0021800853,759,1627737,Marquese Chriss,1610612739,Cleveland Cavaliers,6,2,46,Made Shot,Jump Shot,3PT Field Goal,Right Corner 3,Right Side(R),24+ ft.,24,233,64,1,1,20190213,CLE,BKN
Shot Chart Detail,0021800853,763,1627737,Marquese Chriss,1610612739,Cleveland Cavaliers,6,2,19,Made Shot,Jump Shot,3PT Field Goal,Left Corner 3,Left Side(L),24+ ft.,23,-239,10,1,1,20190213,CLE,BKN
Shot Chart Detail,0021800867,195,1627737,Marquese Chriss,1610612739,Cleveland Cavaliers,2,9,56,Missed Shot,Jump Shot,3PT Field Goal,Left Corner 3,Left Side(L),24+ ft.,23,-236,-4,1,0,20190221,CLE,PHX
Shot Chart Detail,0021800867,493,1627737,Marquese Chriss,1610612739,Cleveland Cavaliers,3,2,4,Missed Shot,Jump Shot,3PT Field Goal,Above the Break 3,Right Side Center(RC),24+ ft.,25,136,219,1,0,20190221,CLE,PHX
Shot Chart Detail,0021800867,510,1627737,Marquese Chriss,1610612739,Cleveland Cavaliers,3,0,27,Made Shot,Jump Shot,3PT Field Goal,Left Corner 3,Left Side(L),24+ ft.,23,-233,-2,1,1,20190221,CLE,PHX
Shot Chart Detail,0021800867,541,1627737,Marquese Chriss,1610612739,Cleveland Cavaliers,4,10,25,Missed Shot,Jump Shot,3PT Field Goal,Above the Break 3,Right Side Center(RC),24+ ft.,26,131,231,1,0,20190221,CLE,PHX
Shot Chart Detail,0021800867,549,1627737,Marquese Chriss,1610612739,Cleveland Cavaliers,4,9,54,Made Shot,Alley Oop Dunk Shot,2PT Field Goal,Restricted Area,Center(C),Less Than 8 ft.,2,11,21,1,1,20190221,CLE,PHX
Shot Chart Detail,0021800885,110,1627737,Marquese Chriss,1610612739,Cleveland Cavaliers,1,5,6,Missed Shot,Jump Shot,3PT Field Goal,Above the Break 3,Left Side Center(LC),24+ ft.,27,-115,246,1,0,20190223,CLE,MEM
Shot Chart Detail,0021800885,136,1627737,Marquese Chriss,1610612739,Cleveland Cavaliers,1,3,11,Missed Shot,Pullup Jump shot,3PT Field Goal,Above the Break 3,Center(C),24+ ft.,27,10,273,1,0,20190223,CLE,MEM
Shot Chart Detail,0021800885,156,1627737,Marquese Chriss,1610612739,Cleveland Cavaliers,1,1,32,Made Shot,Driving Hook Shot,2PT Field Goal,In The Paint (Non-RA),Center(C),Less Than 8 ft.,7,-68,28,1,1,20190223,CLE,MEM
Shot Chart Detail,0021800885,164,1627737,Marquese Chriss,1610612739,Cleveland Cavaliers,1,0,26,Missed Shot,Driving Layup Shot,2PT Field Goal,In The Paint (Non-RA),Center(C),Less Than 8 ft.,6,-54,28,1,0,20190223,CLE,MEM
Shot Chart Detail,0021800885,167,1627737,Marquese Chriss,1610612739,Cleveland Cavaliers,1,0,14,Made Shot,Jump Shot,3PT Field Goal,Left Corner 3,Left Side(L),24+ ft.,24,-240,-6,1,1,20190223,CLE,MEM
Shot Chart Detail,0021800885,409,1627737,Marquese Chriss,1610612739,Cleveland Cavaliers,3,5,48,Missed Shot,Alley Oop Dunk Shot,2PT Field Goal,Restricted Area,Center(C),Less Than 8 ft.,1,0,19,1,0,20190223,CLE,MEM
Shot Chart Detail,0021800885,424,1627737,Marquese Chriss,1610612739,Cleveland Cavaliers,3,4,57,Missed Shot,Jump Shot,3PT Field Goal,Above the Break 3,Right Side Center(RC),24+ ft.,26,121,237,1,0,20190223,CLE,MEM
Shot Chart Detail,0021800885,458,1627737,Marquese Chriss,1610612739,Cleveland Cavaliers,3,3,7,Missed Shot,Jump Shot,3PT Field Goal,Right Corner 3,Right Side(R),24+ ft.,22,223,-4,1,0,20190223,CLE,MEM
Shot Chart Detail,0021800898,128,1627737,Marquese Chriss,1610612739,Cleveland Cavaliers,1,0,55,Made Shot,Jump Shot,3PT Field Goal,Above the Break 3,Left Side Center(LC),24+ ft.,25,-105,232,1,1,20190225,CLE,POR
Shot Chart Detail,0021800898,484,1627737,Marquese Chriss,1610612739,Cleveland Cavaliers,4,9,35,Missed Shot,Jump Shot,3PT Field Goal,Above the Break 3,Left Side Center(LC),24+ ft.,26,-112,241,1,0,20190225,CLE,POR
Shot Chart Detail,0021800898,501,1627737,Marquese Chriss,1610612739,Cleveland Cavaliers,4,8,37,Missed Shot,Tip Layup Shot,2PT Field Goal,Restricted Area,Center(C),Less Than 8 ft.,0,0,-6,1,0,20190225,CLE,POR
Shot Chart Detail,0021800924,136,1627737,Marquese Chriss,1610612739,Cleveland Cavaliers,1,1,45,Missed Shot,Jump Shot,3PT Field Goal,Above the Break 3,Left Side Center(LC),24+ ft.,26,-163,206,1,0,20190228,NYK,CLE
Shot Chart Detail,0021800924,164,1627737,Marquese Chriss,1610612739,Cleveland Cavaliers,2,11,15,Missed Shot,Driving Layup Shot,2PT Field Goal,In The Paint (Non-RA),Center(C),Less Than 8 ft.,6,20,65,1,0,20190228,NYK,CLE
Shot Chart Detail,0021800924,168,1627737,Marquese Chriss,1610612739,Cleveland Cavaliers,2,11,14,Missed Shot,Jump Shot,3PT Field Goal,Right Corner 3,Right Side(R),24+ ft.,23,233,50,1,0,20190228,NYK,CLE
Shot Chart Detail,0021800924,443,1627737,Marquese Chriss,1610612739,Cleveland Cavaliers,3,2,9,Missed Shot,Jump Shot,3PT Field Goal,Above the Break 3,Right Side Center(RC),24+ ft.,26,202,168,1,0,20190228,NYK,CLE
Shot Chart Detail,0021800924,451,1627737,Marquese Chriss,1610612739,Cleveland Cavaliers,3,1,24,Missed Shot,Floating Jump shot,2PT Field Goal,In The Paint (Non-RA),Center(C),Less Than 8 ft.,7,32,68,1,0,20190228,NYK,CLE
Shot Chart Detail,0021800935,42,1627737,Marquese Chriss,1610612739,Cleveland Cavaliers,1,7,57,Missed Shot,Jump Shot,3PT Field Goal,Right Corner 3,Right Side(R),24+ ft.,23,230,-5,1,0,20190302,CLE,DET
Shot Chart Detail,0021800935,50,1627737,Marquese Chriss,1610612739,Cleveland Cavaliers,1,7,10,Missed Shot,Driving Bank Hook Shot,2PT Field Goal,Mid-Range,Left Side(L),8-16 ft.,10,-104,26,1,0,20190302,CLE,DET
Shot Chart Detail,0021800935,212,1627737,Marquese Chriss,1610612739,Cleveland Cavaliers,2,6,32,Missed Shot,Putback Dunk Shot,2PT Field Goal,Restricted Area,Center(C),Less Than 8 ft.,0,5,0,1,0,20190302,CLE,DET
Shot Chart Detail,0021800935,263,1627737,Marquese Chriss,1610612739,Cleveland Cavaliers,2,2,46,Made Shot,Jump Shot,3PT Field Goal,Left Corner 3,Left Side(L),24+ ft.,23,-236,6,1,1,20190302,CLE,DET
Shot Chart Detail,0021800935,267,1627737,Marquese Chriss,1610612739,Cleveland Cavaliers,2,2,23,Missed Shot,Jump Shot,3PT Field Goal,Above the Break 3,Left Side Center(LC),24+ ft.,25,-230,121,1,0,20190302,CLE,DET
Shot Chart Detail,0021800935,274,1627737,Marquese Chriss,1610612739,Cleveland Cavaliers,2,2,5,Missed Shot,Jump Shot,3PT Field Goal,Above the Break 3,Left Side Center(LC),24+ ft.,26,-198,169,1,0,20190302,CLE,DET
Shot Chart Detail,0021800935,360,1627737,Marquese Chriss,1610612739,Cleveland Cavaliers,3,7,54,Missed Shot,Cutting Dunk Shot,2PT Field Goal,In The Paint (Non-RA),Center(C),Less Than 8 ft.,4,-31,35,1,0,20190302,CLE,DET
Shot Chart Detail,0021800935,381,1627737,Marquese Chriss,1610612739,Cleveland Cavaliers,3,6,4,Made Shot,Jump Shot,3PT Field Goal,Above the Break 3,Center(C),24+ ft.,25,-69,241,1,1,20190302,CLE,DET
Shot Chart Detail,0021800948,159,1627737,Marquese Chriss,1610612739,Cleveland Cavaliers,2,10,48,Missed Shot,Jump Shot,3PT Field Goal,Left Corner 3,Left Side(L),24+ ft.,23,-234,0,1,0,20190303,CLE,ORL
Shot Chart Detail,0021800948,201,1627737,Marquese Chriss,1610612739,Cleveland Cavaliers,2,7,23,Made Shot,Cutting Layup Shot,2PT Field Goal,Restricted Area,Center(C),Less Than 8 ft.,1,8,6,1,1,20190303,CLE,ORL
Shot Chart Detail,0021800948,210,1627737,Marquese Chriss,1610612739,Cleveland Cavaliers,2,6,12,Missed Shot,Jump Shot,3PT Field Goal,Right Corner 3,Right Side(R),24+ ft.,22,225,-4,1,0,20190303,CLE,ORL
Shot Chart Detail,0021800948,418,1627737,Marquese Chriss,1610612739,Cleveland Cavaliers,3,0,46,Missed Shot,Driving Layup Shot,2PT Field Goal,In The Paint (Non-RA),Center(C),Less Than 8 ft.,4,14,43,1,0,20190303,CLE,ORL
Shot Chart Detail,0021800969,172,1627737,Marquese Chriss,1610612739,Cleveland Cavaliers,2,10,32,Missed Shot,Jump Shot,3PT Field Goal,Above the Break 3,Center(C),24+ ft.,25,-16,251,1,0,20190306,BKN,CLE
Shot Chart Detail,0021800969,190,1627737,Marquese Chriss,1610612739,Cleveland Cavaliers,2,9,6,Missed Shot,Jump Shot,3PT Field Goal,Right Corner 3,Right Side(R),24+ ft.,23,233,0,1,0,20190306,BKN,CLE
Shot Chart Detail,0021800979,89,1627737,Marquese Chriss,1610612739,Cleveland Cavaliers,1,3,34,Made Shot,Cutting Dunk Shot,2PT Field Goal,Restricted Area,Center(C),Less Than 8 ft.,2,-22,8,1,1,20190308,MIA,CLE
Shot Chart Detail,0021800979,109,1627737,Marquese Chriss,1610612739,Cleveland Cavaliers,1,2,5,Made Shot,Driving Layup Shot,2PT Field Goal,Restricted Area,Center(C),Less Than 8 ft.,2,7,21,1,1,20190308,MIA,CLE
Shot Chart Detail,0021800979,351,1627737,Marquese Chriss,1610612739,Cleveland Cavaliers,3,7,57,Missed Shot,Alley Oop Layup shot,2PT Field Goal,In The Paint (Non-RA),Center(C),Less Than 8 ft.,6,11,60,1,0,20190308,MIA,CLE
Shot Chart Detail,0021800979,353,1627737,Marquese Chriss,1610612739,Cleveland Cavaliers,3,7,52,Made Shot,Putback Layup Shot,2PT Field Goal,Restricted Area,Center(C),Less Than 8 ft.,0,0,-6,1,1,20190308,MIA,CLE
Shot Chart Detail,0021800979,366,1627737,Marquese Chriss,1610612739,Cleveland Cavaliers,3,7,9,Made Shot,Tip Dunk Shot,2PT Field Goal,Restricted Area,Center(C),Less Than 8 ft.,0,0,-6,1,1,20190308,MIA,CLE
Shot Chart Detail,0021800979,396,1627737,Marquese Chriss,1610612739,Cleveland Cavaliers,3,5,26,Missed Shot,Jump Shot,3PT Field Goal,Left Corner 3,Left Side(L),24+ ft.,23,-231,6,1,0,20190308,MIA,CLE
Shot Chart Detail,0021800979,505,1627737,Marquese Chriss,1610612739,Cleveland Cavaliers,4,8,29,Missed Shot,Layup Shot,2PT Field Goal,In The Paint (Non-RA),Center(C),Less Than 8 ft.,4,25,37,1,0,20190308,MIA,CLE
Shot Chart Detail,0021801001,144,1627737,Marquese Chriss,1610612739,Cleveland Cavaliers,1,0,59,Missed Shot,Driving Layup Shot,2PT Field Goal,Restricted Area,Center(C),Less Than 8 ft.,2,-5,26,1,0,20190311,CLE,TOR
Shot Chart Detail,0021801001,173,1627737,Marquese Chriss,1610612739,Cleveland Cavaliers,2,11,12,Missed Shot,Jump Shot,3PT Field Goal,Above the Break 3,Center(C),24+ ft.,26,-81,251,1,0,20190311,CLE,TOR
Shot Chart Detail,0021801001,461,1627737,Marquese Chriss,1610612739,Cleveland Cavaliers,3,2,6,Missed Shot,Driving Layup Shot,2PT Field Goal,Restricted Area,Center(C),Less Than 8 ft.,0,3,3,1,0,20190311,CLE,TOR
Shot Chart Detail,0021801021,86,1627737,Marquese Chriss,1610612739,Cleveland Cavaliers,1,3,55,Missed Shot,Jump Shot,3PT Field Goal,Right Corner 3,Right Side(R),24+ ft.,24,240,11,1,0,20190314,ORL,CLE
Shot Chart Detail,0021801021,120,1627737,Marquese Chriss,1610612739,Cleveland Cavaliers,1,1,14,Missed Shot,Jump Shot,3PT Field Goal,Above the Break 3,Left Side Center(LC),24+ ft.,25,-154,201,1,0,20190314,ORL,CLE
Shot Chart Detail,0021801021,265,1627737,Marquese Chriss,1610612739,Cleveland Cavaliers,2,1,25,Made Shot,Tip Layup Shot,2PT Field Goal,Restricted Area,Center(C),Less Than 8 ft.,0,0,-6,1,1,20190314,ORL,CLE
Shot Chart Detail,0021801021,394,1627737,Marquese Chriss,1610612739,Cleveland Cavaliers,3,3,46,Made Shot,Tip Layup Shot,2PT Field Goal,Restricted Area,Center(C),Less Than 8 ft.,0,0,-6,1,1,20190314,ORL,CLE
Shot Chart Detail,0021801021,504,1627737,Marquese Chriss,1610612739,Cleveland Cavaliers,4,7,55,Missed Shot,Jump Shot,3PT Field Goal,Above the Break 3,Left Side Center(LC),24+ ft.,26,-107,246,1,0,20190314,ORL,CLE
Shot Chart Detail,0021801037,170,1627737,Marquese Chriss,1610612739,Cleveland Cavaliers,2,11,19,Missed Shot,Cutting Finger Roll Layup Shot,2PT Field Goal,Restricted Area,Center(C),Less Than 8 ft.,1,-3,13,1,0,20190316,DAL,CLE
Shot Chart Detail,0021801037,172,1627737,Marquese Chriss,1610612739,Cleveland Cavaliers,2,11,16,Made Shot,Tip Layup Shot,2PT Field Goal,Restricted Area,Center(C),Less Than 8 ft.,0,0,-6,1,1,20190316,DAL,CLE
Shot Chart Detail,0021801037,391,1627737,Marquese Chriss,1610612739,Cleveland Cavaliers,3,4,39,Missed Shot,Jump Shot,3PT Field Goal,Above the Break 3,Center(C),24+ ft.,26,-3,269,1,0,20190316,DAL,CLE
Shot Chart Detail,0021801037,443,1627737,Marquese Chriss,1610612739,Cleveland Cavaliers,3,0,7,Missed Shot,Turnaround Fadeaway shot,2PT Field Goal,Restricted Area,Center(C),Less Than 8 ft.,3,35,15,1,0,20190316,DAL,CLE
Shot Chart Detail,0021801037,471,1627737,Marquese Chriss,1610612739,Cleveland Cavaliers,4,10,44,Missed Shot,Driving Layup Shot,2PT Field Goal,Restricted Area,Center(C),Less Than 8 ft.,1,-14,4,1,0,20190316,DAL,CLE
Shot Chart Detail,0021801050,121,1627737,Marquese Chriss,1610612739,Cleveland Cavaliers,1,2,46,Made Shot,Cutting Layup Shot,2PT Field Goal,Restricted Area,Center(C),Less Than 8 ft.,1,-11,1,1,1,20190318,CLE,DET
Shot Chart Detail,0021801050,125,1627737,Marquese Chriss,1610612739,Cleveland Cavaliers,1,2,20,Missed Shot,Jump Shot,3PT Field Goal,Above the Break 3,Left Side Center(LC),24+ ft.,25,-127,222,1,0,20190318,CLE,DET
Shot Chart Detail,0021801050,142,1627737,Marquese Chriss,1610612739,Cleveland Cavaliers,1,0,32,Missed Shot,Tip Layup Shot,2PT Field Goal,Restricted Area,Center(C),Less Than 8 ft.,0,0,-6,1,0,20190318,CLE,DET
Shot Chart Detail,0021801050,309,1627737,Marquese Chriss,1610612739,Cleveland Cavaliers,2,0,33,Missed Shot,Tip Layup Shot,2PT Field Goal,Restricted Area,Center(C),Less Than 8 ft.,0,0,-6,1,0,20190318,CLE,DET
Shot Chart Detail,0021801050,426,1627737,Marquese Chriss,1610612739,Cleveland Cavaliers,3,2,0,Made Shot,Tip Layup Shot,2PT Field Goal,Restricted Area,Center(C),Less Than 8 ft.,0,0,-6,1,1,20190318,CLE,DET
Shot Chart Detail,0021801050,434,1627737,Marquese Chriss,1610612739,Cleveland Cavaliers,3,1,20,Made Shot,Cutting Finger Roll Layup Shot,2PT Field Goal,Restricted Area,Center(C),Less Than 8 ft.,1,-8,16,1,1,20190318,CLE,DET
Shot Chart Detail,0021801050,446,1627737,Marquese Chriss,1610612739,Cleveland Cavaliers,3,0,26,Missed Shot,Jump Shot,3PT Field Goal,Above the Break 3,Center(C),24+ ft.,26,39,260,1,0,20190318,CLE,DET
Shot Chart Detail,0021801050,462,1627737,Marquese Chriss,1610612739,Cleveland Cavaliers,4,11,22,Made Shot,Alley Oop Dunk Shot,2PT Field Goal,Restricted Area,Center(C),Less Than 8 ft.,1,7,9,1,1,20190318,CLE,DET
Shot Chart Detail,0021801065,444,1627737,Marquese Chriss,1610612739,Cleveland Cavaliers,3,3,37,Missed Shot,Jump Shot,3PT Field Goal,Left Corner 3,Left Side(L),24+ ft.,23,-232,10,1,0,20190320,CLE,MIL
Shot Chart Detail,0021801081,192,1627737,Marquese Chriss,1610612739,Cleveland Cavaliers,2,7,30,Made Shot,Driving Hook Shot,2PT Field Goal,In The Paint (Non-RA),Center(C),Less Than 8 ft.,7,-71,10,1,1,20190322,CLE,LAC
Shot Chart Detail,0021801081,198,1627737,Marquese Chriss,1610612739,Cleveland Cavaliers,2,6,56,Missed Shot,Layup Shot,2PT Field Goal,Restricted Area,Center(C),Less Than 8 ft.,1,10,-10,1,0,20190322,CLE,LAC
Shot Chart Detail,0021801096,222,1627737,Marquese Chriss,1610612739,Cleveland Cavaliers,2,6,49,Missed Shot,Driving Layup Shot,2PT Field Goal,In The Paint (Non-RA),Center(C),Less Than 8 ft.,4,8,48,1,0,20190324,MIL,CLE
Shot Chart Detail,0021801108,160,1627737,Marquese Chriss,1610612739,Cleveland Cavaliers,2,11,46,Made Shot,Dunk Shot,2PT Field Goal,Restricted Area,Center(C),Less Than 8 ft.,0,-3,-6,1,1,20190326,CLE,BOS
Shot Chart Detail,0021801108,173,1627737,Marquese Chriss,1610612739,Cleveland Cavaliers,2,10,41,Missed Shot,Layup Shot,2PT Field Goal,Restricted Area,Center(C),Less Than 8 ft.,1,7,14,1,0,20190326,CLE,BOS
Shot Chart Detail,0021801108,443,1627737,Marquese Chriss,1610612739,Cleveland Cavaliers,3,2,9,Missed Shot,Alley Oop Layup shot,2PT Field Goal,Restricted Area,Center(C),Less Than 8 ft.,0,-5,1,1,0,20190326,CLE,BOS
Shot Chart Detail,0021801108,500,1627737,Marquese Chriss,1610612739,Cleveland Cavaliers,4,9,46,Made Shot,Cutting Dunk Shot,2PT Field Goal,Restricted Area,Center(C),Less Than 8 ft.,0,-8,5,1,1,20190326,CLE,BOS
Shot Chart Detail,0021801108,509,1627737,Marquese Chriss,1610612739,Cleveland Cavaliers,4,9,10,Made Shot,Jump Shot,3PT Field Goal,Above the Break 3,Right Side Center(RC),24+ ft.,24,147,202,1,1,20190326,CLE,BOS
Shot Chart Detail,0021801129,129,1627737,Marquese Chriss,1610612739,Cleveland Cavaliers,1,1,37,Missed Shot,Reverse Layup Shot,2PT Field Goal,Restricted Area,Center(C),Less Than 8 ft.,3,11,37,1,0,20190328,SAS,CLE
Shot Chart Detail,0021801129,426,1627737,Marquese Chriss,1610612739,Cleveland Cavaliers,3,0,0,Missed Shot,Floating Jump shot,2PT Field Goal,In The Paint (Non-RA),Center(C),Less Than 8 ft.,6,-8,64,1,0,20190328,SAS,CLE
Shot Chart Detail,0021801129,456,1627737,Marquese Chriss,1610612739,Cleveland Cavaliers,4,10,6,Missed Shot,Jump Shot,3PT Field Goal,Right Corner 3,Right Side(R),24+ ft.,24,234,72,1,0,20190328,SAS,CLE
Shot Chart Detail,0021801136,103,1627737,Marquese Chriss,1610612739,Cleveland Cavaliers,1,4,23,Made Shot,Cutting Dunk Shot,2PT Field Goal,Restricted Area,Center(C),Less Than 8 ft.,1,5,9,1,1,20190330,LAC,CLE
Shot Chart Detail,0021801136,131,1627737,Marquese Chriss,1610612739,Cleveland Cavaliers,1,2,44,Missed Shot,Pullup Jump shot,3PT Field Goal,Above the Break 3,Right Side Center(RC),24+ ft.,26,139,221,1,0,20190330,LAC,CLE
Shot Chart Detail,0021801136,442,1627737,Marquese Chriss,1610612739,Cleveland Cavaliers,3,4,12,Missed Shot,Turnaround Fadeaway shot,2PT Field Goal,In The Paint (Non-RA),Right Side(R),8-16 ft.,11,58,96,1,0,20190330,LAC,CLE
Shot Chart Detail,0021801136,499,1627737,Marquese Chriss,1610612739,Cleveland Cavaliers,4,10,39,Missed Shot,Jump Shot,3PT Field Goal,Above the Break 3,Right Side Center(RC),24+ ft.,26,145,217,1,0,20190330,LAC,CLE
Shot Chart Detail,0021801160,200,1627737,Marquese Chriss,1610612739,Cleveland Cavaliers,2,9,38,Missed Shot,Layup Shot,2PT Field Goal,Restricted Area,Center(C),Less Than 8 ft.,2,9,27,1,0,20190401,PHX,CLE
Shot Chart Detail,0021801160,591,1627737,Marquese Chriss,1610612739,Cleveland Cavaliers,4,6,10,Made Shot,Tip Layup Shot,2PT Field Goal,Restricted Area,Center(C),Less Than 8 ft.,0,0,-6,1,1,20190401,PHX,CLE
Shot Chart Detail,0021801160,625,1627737,Marquese Chriss,1610612739,Cleveland Cavaliers,4,5,10,Missed Shot,Hook Shot,2PT Field Goal,Restricted Area,Center(C),Less Than 8 ft.,1,-14,14,1,0,20190401,PHX,CLE
Shot Chart Detail,0021801160,602,1627737,Marquese Chriss,1610612739,Cleveland Cavaliers,4,5,8,Made Shot,Tip Layup Shot,2PT Field Goal,Restricted Area,Center(C),Less Than 8 ft.,2,-2,24,1,1,20190401,PHX,CLE
Shot Chart Detail,0021801160,607,1627737,Marquese Chriss,1610612739,Cleveland Cavaliers,4,4,31,Made Shot,Putback Layup Shot,2PT Field Goal,Restricted Area,Center(C),Less Than 8 ft.,0,-4,5,1,1,20190401,PHX,CLE
Shot Chart Detail,0021801178,119,1627737,Marquese Chriss,1610612739,Cleveland Cavaliers,1,1,32,Missed Shot,Dunk Shot,2PT Field Goal,Restricted Area,Center(C),Less Than 8 ft.,1,-9,11,1,0,20190404,SAC,CLE
Shot Chart Detail,0021801178,158,1627737,Marquese Chriss,1610612739,Cleveland Cavaliers,2,11,48,Missed Shot,Alley Oop Dunk Shot,2PT Field Goal,Restricted Area,Center(C),Less Than 8 ft.,1,-8,10,1,0,20190404,SAC,CLE
Shot Chart Detail,0021801178,186,1627737,Marquese Chriss,1610612739,Cleveland Cavaliers,2,8,25,Missed Shot,Jump Shot,3PT Field Goal,Above the Break 3,Right Side Center(RC),24+ ft.,25,130,216,1,0,20190404,SAC,CLE
Shot Chart Detail,0021801178,423,1627737,Marquese Chriss,1610612739,Cleveland Cavaliers,3,1,37,Made Shot,Hook Shot,2PT Field Goal,In The Paint (Non-RA),Center(C),Less Than 8 ft.,5,-54,12,1,1,20190404,SAC,CLE
Shot Chart Detail,0021801178,579,1627737,Marquese Chriss,1610612739,Cleveland Cavaliers,4,0,58,Made Shot,Tip Layup Shot,2PT Field Goal,Restricted Area,Center(C),Less Than 8 ft.,0,0,-6,1,1,20190404,SAC,CLE
Shot Chart Detail,0021801178,581,1627737,Marquese Chriss,1610612739,Cleveland Cavaliers,4,0,31,Made Shot,Alley Oop Dunk Shot,2PT Field Goal,Restricted Area,Center(C),Less Than 8 ft.,1,-1,16,1,1,20190404,SAC,CLE
Shot Chart Detail,0021801191,172,1627737,Marquese Chriss,1610612739,Cleveland Cavaliers,2,10,57,Missed Shot,Cutting Layup Shot,2PT Field Goal,In The Paint (Non-RA),Center(C),Less Than 8 ft.,6,3,64,1,0,20190405,GSW,CLE
Shot Chart Detail,0021801191,182,1627737,Marquese Chriss,1610612739,Cleveland Cavaliers,2,9,57,Missed Shot,Jump Shot,3PT Field Goal,Above the Break 3,Left Side Center(LC),24+ ft.,28,-152,238,1,0,20190405,GSW,CLE
Shot Chart Detail,0021801196,248,1627737,Marquese Chriss,1610612739,Cleveland Cavaliers,2,4,50,Missed Shot,Alley Oop Layup shot,2PT Field Goal,Restricted Area,Center(C),Less Than 8 ft.,3,16,26,1,0,20190407,CLE,SAS
Shot Chart Detail,0021801196,472,1627737,Marquese Chriss,1610612739,Cleveland Cavaliers,4,11,43,Missed Shot,Reverse Layup Shot,2PT Field Goal,Restricted Area,Center(C),Less Than 8 ft.,1,3,11,1,0,20190407,CLE,SAS
Shot Chart Detail,0021801209,75,1627737,Marquese Chriss,1610612739,Cleveland Cavaliers,1,5,25,Made Shot,Running Dunk Shot,2PT Field Goal,Restricted Area,Center(C),Less Than 8 ft.,1,-18,-3,1,1,20190409,CLE,CHA
Shot Chart Detail,0021801209,79,1627737,Marquese Chriss,1610612739,Cleveland Cavaliers,1,4,56,Missed Shot,Jump Shot,3PT Field Goal,Above the Break 3,Left Side Center(LC),24+ ft.,25,-168,196,1,0,20190409,CLE,CHA
Shot Chart Detail,0021801209,90,1627737,Marquese Chriss,1610612739,Cleveland Cavaliers,1,3,54,Missed Shot,Layup Shot,2PT Field Goal,Restricted Area,Center(C),Less Than 8 ft.,1,6,12,1,0,20190409,CLE,CHA
Shot Chart Detail,0021801209,95,1627737,Marquese Chriss,1610612739,Cleveland Cavaliers,1,3,20,Missed Shot,Jump Shot,3PT Field Goal,Above the Break 3,Center(C),24+ ft.,27,-3,274,1,0,20190409,CLE,CHA
Shot Chart Detail,0021801209,140,1627737,Marquese Chriss,1610612739,Cleveland Cavaliers,1,0,32,Missed Shot,Jump Shot,3PT Field Goal,Right Corner 3,Right Side(R),24+ ft.,22,227,11,1,0,20190409,CLE,CHA
Shot Chart Detail,0021801209,146,1627737,Marquese Chriss,1610612739,Cleveland Cavaliers,1,0,0,Made Shot,Tip Layup Shot,2PT Field Goal,Restricted Area,Center(C),Less Than 8 ft.,0,0,-6,1,1,20190409,CLE,CHA
Shot Chart Detail,0021801209,149,1627737,Marquese Chriss,1610612739,Cleveland Cavaliers,2,11,41,Missed Shot,Jump Shot,2PT Field Goal,Mid-Range,Center(C),8-16 ft.,15,21,152,1,0,20190409,CLE,CHA
Shot Chart Detail,0021801209,153,1627737,Marquese Chriss,1610612739,Cleveland Cavaliers,2,11,13,Missed Shot,Alley Oop Layup shot,2PT Field Goal,Restricted Area,Center(C),Less Than 8 ft.,1,-8,6,1,0,20190409,CLE,CHA
Shot Chart Detail,0021801209,397,1627737,Marquese Chriss,1610612739,Cleveland Cavaliers,3,3,55,Missed Shot,Alley Oop Layup shot,2PT Field Goal,Restricted Area,Center(C),Less Than 8 ft.,0,-4,8,1,0,20190409,CLE,CHA
Shot Chart Detail,0021801209,399,1627737,Marquese Chriss,1610612739,Cleveland Cavaliers,3,3,50,Made Shot,Tip Layup Shot,2PT Field Goal,Restricted Area,Center(C),Less Than 8 ft.,0,0,-6,1,1,20190409,CLE,CHA
Shot Chart Detail,0021801209,467,1627737,Marquese Chriss,1610612739,Cleveland Cavaliers,4,10,20,Made Shot,Jump Shot,2PT Field Goal,Mid-Range,Right Side(R),8-16 ft.,12,121,-1,1,1,20190409,CLE,CHA
