GRID_TYPE,GAME_ID,GAME_EVENT_ID,PLAYER_ID,PLAYER_NAME,TEAM_ID,TEAM_NAME,PERIOD,MINUTES_REMAINING,SECONDS_REMAINING,EVENT_TYPE,ACTION_TYPE,SHOT_TYPE,SHOT_ZONE_BASIC,SHOT_ZONE_AREA,SHOT_ZONE_RANGE,SHOT_DISTANCE,LOC_X,LOC_Y,SHOT_ATTEMPTED_FLAG,SHOT_MADE_FLAG,GAME_DATE,HTM,VTM
Shot Chart Detail,0021800006,55,1627884,Derrick Jones Jr.,1610612748,Miami Heat,1,8,2,Missed Shot,Jump Shot,3PT Field Goal,Left Corner 3,Left Side(L),24+ ft.,22,-224,42,1,0,20181017,ORL,MIA
Shot Chart Detail,0021800006,69,1627884,Derrick Jones Jr.,1610612748,Miami Heat,1,7,6,Made Shot,Jump Shot,3PT Field Goal,Above the Break 3,Right Side Center(RC),24+ ft.,24,152,196,1,1,20181017,ORL,MIA
Shot Chart Detail,0021800006,104,1627884,Derrick Jones Jr.,1610612748,Miami Heat,1,4,40,Missed Shot,Driving Layup Shot,2PT Field Goal,Restricted Area,Center(C),Less Than 8 ft.,3,27,28,1,0,20181017,ORL,MIA
Shot Chart Detail,0021800006,118,1627884,Derrick Jones Jr.,1610612748,Miami Heat,1,3,26,Made Shot,Putback Dunk Shot,2PT Field Goal,Restricted Area,Center(C),Less Than 8 ft.,0,0,-6,1,1,20181017,ORL,MIA
Shot Chart Detail,0021800006,314,1627884,Derrick Jones Jr.,1610612748,Miami Heat,2,2,17,Missed Shot,Driving Layup Shot,2PT Field Goal,Restricted Area,Center(C),Less Than 8 ft.,2,-22,20,1,0,20181017,ORL,MIA
Shot Chart Detail,0021800015,81,1627884,Derrick Jones Jr.,1610612748,Miami Heat,1,5,34,Made Shot,Layup Shot,2PT Field Goal,Restricted Area,Center(C),Less Than 8 ft.,1,-8,15,1,1,20181018,WAS,MIA
Shot Chart Detail,0021800015,112,1627884,Derrick Jones Jr.,1610612748,Miami Heat,1,3,45,Made Shot,Running Layup Shot,2PT Field Goal,Restricted Area,Center(C),Less Than 8 ft.,1,-8,16,1,1,20181018,WAS,MIA
Shot Chart Detail,0021800015,327,1627884,Derrick Jones Jr.,1610612748,Miami Heat,2,7,35,Missed Shot,Jump Shot,2PT Field Goal,In The Paint (Non-RA),Center(C),Less Than 8 ft.,4,-40,27,1,0,20181018,WAS,MIA
Shot Chart Detail,0021800015,253,1627884,Derrick Jones Jr.,1610612748,Miami Heat,2,6,20,Made Shot,Hook Shot,2PT Field Goal,Restricted Area,Center(C),Less Than 8 ft.,3,-25,29,1,1,20181018,WAS,MIA
Shot Chart Detail,0021800015,282,1627884,Derrick Jones Jr.,1610612748,Miami Heat,2,4,36,Missed Shot,Turnaround Jump Shot,2PT Field Goal,In The Paint (Non-RA),Center(C),Less Than 8 ft.,4,-4,43,1,0,20181018,WAS,MIA
Shot Chart Detail,0021800015,284,1627884,Derrick Jones Jr.,1610612748,Miami Heat,2,4,32,Made Shot,Tip Layup Shot,2PT Field Goal,Restricted Area,Center(C),Less Than 8 ft.,0,0,-6,1,1,20181018,WAS,MIA
Shot Chart Detail,0021800015,407,1627884,Derrick Jones Jr.,1610612748,Miami Heat,3,10,34,Made Shot,Jump Shot,3PT Field Goal,Above the Break 3,Left Side Center(LC),24+ ft.,26,-163,206,1,1,20181018,WAS,MIA
Shot Chart Detail,0021800015,476,1627884,Derrick Jones Jr.,1610612748,Miami Heat,3,6,29,Missed Shot,Floating Jump shot,2PT Field Goal,In The Paint (Non-RA),Center(C),Less Than 8 ft.,7,-7,79,1,0,20181018,WAS,MIA
Shot Chart Detail,0021800015,654,1627884,Derrick Jones Jr.,1610612748,Miami Heat,4,7,46,Missed Shot,Layup Shot,2PT Field Goal,In The Paint (Non-RA),Center(C),Less Than 8 ft.,6,-3,64,1,0,20181018,WAS,MIA
Shot Chart Detail,0021800015,661,1627884,Derrick Jones Jr.,1610612748,Miami Heat,4,6,59,Missed Shot,Jump Shot,3PT Field Goal,Above the Break 3,Right Side Center(RC),24+ ft.,26,210,160,1,0,20181018,WAS,MIA
Shot Chart Detail,0021800030,45,1627884,Derrick Jones Jr.,1610612748,Miami Heat,1,7,56,Made Shot,Jump Shot,3PT Field Goal,Left Corner 3,Left Side(L),24+ ft.,23,-235,-32,1,1,20181020,MIA,CHA
Shot Chart Detail,0021800030,92,1627884,Derrick Jones Jr.,1610612748,Miami Heat,1,7,20,Missed Shot,Jump Shot,2PT Field Goal,In The Paint (Non-RA),Center(C),8-16 ft.,8,-40,72,1,0,20181020,MIA,CHA
Shot Chart Detail,0021800030,71,1627884,Derrick Jones Jr.,1610612748,Miami Heat,1,5,54,Made Shot,Driving Dunk Shot,2PT Field Goal,Restricted Area,Center(C),Less Than 8 ft.,0,4,7,1,1,20181020,MIA,CHA
Shot Chart Detail,0021800030,78,1627884,Derrick Jones Jr.,1610612748,Miami Heat,1,5,6,Missed Shot,Driving Layup Shot,2PT Field Goal,In The Paint (Non-RA),Center(C),Less Than 8 ft.,5,18,51,1,0,20181020,MIA,CHA
Shot Chart Detail,0021800030,251,1627884,Derrick Jones Jr.,1610612748,Miami Heat,2,6,27,Missed Shot,Jump Shot,2PT Field Goal,In The Paint (Non-RA),Center(C),Less Than 8 ft.,4,48,5,1,0,20181020,MIA,CHA
Shot Chart Detail,0021800030,260,1627884,Derrick Jones Jr.,1610612748,Miami Heat,2,5,56,Missed Shot,Jump Shot,3PT Field Goal,Left Corner 3,Left Side(L),24+ ft.,23,-229,53,1,0,20181020,MIA,CHA
Shot Chart Detail,0021800030,281,1627884,Derrick Jones Jr.,1610612748,Miami Heat,2,3,26,Missed Shot,Jump Shot,3PT Field Goal,Above the Break 3,Left Side Center(LC),24+ ft.,25,-213,147,1,0,20181020,MIA,CHA
Shot Chart Detail,0021800030,350,1627884,Derrick Jones Jr.,1610612748,Miami Heat,3,11,28,Missed Shot,Jump Shot,3PT Field Goal,Left Corner 3,Left Side(L),24+ ft.,22,-226,13,1,0,20181020,MIA,CHA
Shot Chart Detail,0021800030,370,1627884,Derrick Jones Jr.,1610612748,Miami Heat,3,9,39,Made Shot,Cutting Layup Shot,2PT Field Goal,Restricted Area,Center(C),Less Than 8 ft.,1,-10,8,1,1,20181020,MIA,CHA
Shot Chart Detail,0021800030,389,1627884,Derrick Jones Jr.,1610612748,Miami Heat,3,8,24,Missed Shot,Jump Shot,3PT Field Goal,Right Corner 3,Right Side(R),24+ ft.,22,226,30,1,0,20181020,MIA,CHA
Shot Chart Detail,0021800030,423,1627884,Derrick Jones Jr.,1610612748,Miami Heat,3,6,33,Made Shot,Running Dunk Shot,2PT Field Goal,Restricted Area,Center(C),Less Than 8 ft.,1,9,8,1,1,20181020,MIA,CHA
Shot Chart Detail,0021800030,460,1627884,Derrick Jones Jr.,1610612748,Miami Heat,3,3,35,Made Shot,Floating Jump shot,2PT Field Goal,Mid-Range,Right Side(R),8-16 ft.,9,89,20,1,1,20181020,MIA,CHA
Shot Chart Detail,0021800030,527,1627884,Derrick Jones Jr.,1610612748,Miami Heat,4,11,28,Missed Shot,Running Layup Shot,2PT Field Goal,Restricted Area,Center(C),Less Than 8 ft.,1,-10,13,1,0,20181020,MIA,CHA
Shot Chart Detail,0021800096,215,1627884,Derrick Jones Jr.,1610612748,Miami Heat,2,7,51,Made Shot,Cutting Dunk Shot,2PT Field Goal,Restricted Area,Center(C),Less Than 8 ft.,0,-8,-1,1,1,20181030,CHA,MIA
Shot Chart Detail,0021800096,251,1627884,Derrick Jones Jr.,1610612748,Miami Heat,2,5,27,Missed Shot,Jump Shot,2PT Field Goal,In The Paint (Non-RA),Center(C),8-16 ft.,13,-21,130,1,0,20181030,CHA,MIA
Shot Chart Detail,0021800096,272,1627884,Derrick Jones Jr.,1610612748,Miami Heat,2,4,12,Missed Shot,Running Layup Shot,2PT Field Goal,Restricted Area,Center(C),Less Than 8 ft.,0,-2,6,1,0,20181030,CHA,MIA
Shot Chart Detail,0021800096,274,1627884,Derrick Jones Jr.,1610612748,Miami Heat,2,4,8,Missed Shot,Putback Layup Shot,2PT Field Goal,Restricted Area,Center(C),Less Than 8 ft.,0,0,-6,1,0,20181030,CHA,MIA
Shot Chart Detail,0021800128,445,1627884,Derrick Jones Jr.,1610612748,Miami Heat,3,7,54,Missed Shot,Dunk Shot,2PT Field Goal,Restricted Area,Center(C),Less Than 8 ft.,2,2,20,1,0,20181103,ATL,MIA
Shot Chart Detail,0021800128,467,1627884,Derrick Jones Jr.,1610612748,Miami Heat,3,6,46,Missed Shot,Driving Dunk Shot,2PT Field Goal,Restricted Area,Center(C),Less Than 8 ft.,1,-8,13,1,0,20181103,ATL,MIA
Shot Chart Detail,0021800140,138,1627884,Derrick Jones Jr.,1610612748,Miami Heat,1,3,11,Missed Shot,Driving Layup Shot,2PT Field Goal,In The Paint (Non-RA),Center(C),Less Than 8 ft.,5,-35,36,1,0,20181105,DET,MIA
Shot Chart Detail,0021800140,157,1627884,Derrick Jones Jr.,1610612748,Miami Heat,1,1,16,Made Shot,Layup Shot,2PT Field Goal,Restricted Area,Center(C),Less Than 8 ft.,0,-6,4,1,1,20181105,DET,MIA
Shot Chart Detail,0021800140,174,1627884,Derrick Jones Jr.,1610612748,Miami Heat,1,0,21,Made Shot,Dunk Shot,2PT Field Goal,Restricted Area,Center(C),Less Than 8 ft.,0,-2,4,1,1,20181105,DET,MIA
Shot Chart Detail,0021800140,281,1627884,Derrick Jones Jr.,1610612748,Miami Heat,2,9,6,Missed Shot,Alley Oop Dunk Shot,2PT Field Goal,Restricted Area,Center(C),Less Than 8 ft.,1,8,17,1,0,20181105,DET,MIA
Shot Chart Detail,0021800156,110,1627884,Derrick Jones Jr.,1610612748,Miami Heat,1,4,12,Missed Shot,Driving Layup Shot,2PT Field Goal,Restricted Area,Center(C),Less Than 8 ft.,2,11,22,1,0,20181107,MIA,SAS
Shot Chart Detail,0021800156,112,1627884,Derrick Jones Jr.,1610612748,Miami Heat,1,4,9,Missed Shot,Tip Layup Shot,2PT Field Goal,Restricted Area,Center(C),Less Than 8 ft.,0,0,-6,1,0,20181107,MIA,SAS
Shot Chart Detail,0021800156,215,1627884,Derrick Jones Jr.,1610612748,Miami Heat,2,9,21,Missed Shot,Jump Shot,2PT Field Goal,Restricted Area,Center(C),Less Than 8 ft.,3,0,36,1,0,20181107,MIA,SAS
Shot Chart Detail,0021800170,222,1627884,Derrick Jones Jr.,1610612748,Miami Heat,2,7,52,Made Shot,Jump Shot,3PT Field Goal,Left Corner 3,Left Side(L),24+ ft.,22,-226,10,1,1,20181109,MIA,IND
Shot Chart Detail,0021800170,288,1627884,Derrick Jones Jr.,1610612748,Miami Heat,2,3,29,Missed Shot,Pullup Jump shot,2PT Field Goal,Mid-Range,Left Side(L),16-24 ft.,17,-161,64,1,0,20181109,MIA,IND
Shot Chart Detail,0021800170,338,1627884,Derrick Jones Jr.,1610612748,Miami Heat,2,0,57,Made Shot,Cutting Dunk Shot,2PT Field Goal,Restricted Area,Center(C),Less Than 8 ft.,1,-3,11,1,1,20181109,MIA,IND
Shot Chart Detail,0021800170,472,1627884,Derrick Jones Jr.,1610612748,Miami Heat,3,4,39,Missed Shot,Jump Shot,2PT Field Goal,In The Paint (Non-RA),Center(C),8-16 ft.,11,-2,110,1,0,20181109,MIA,IND
Shot Chart Detail,0021800170,476,1627884,Derrick Jones Jr.,1610612748,Miami Heat,3,4,28,Made Shot,Alley Oop Layup shot,2PT Field Goal,Restricted Area,Center(C),Less Than 8 ft.,0,-6,2,1,1,20181109,MIA,IND
Shot Chart Detail,0021800170,482,1627884,Derrick Jones Jr.,1610612748,Miami Heat,3,4,18,Made Shot,Putback Layup Shot,2PT Field Goal,Restricted Area,Center(C),Less Than 8 ft.,0,-6,0,1,1,20181109,MIA,IND
Shot Chart Detail,0021800191,337,1627884,Derrick Jones Jr.,1610612748,Miami Heat,2,0,1,Missed Shot,Jump Shot,3PT Field Goal,Backcourt,Back Court(BC),Back Court Shot,65,218,618,1,0,20181112,MIA,PHI
Shot Chart Detail,0021800191,533,1627884,Derrick Jones Jr.,1610612748,Miami Heat,3,0,8,Made Shot,Jump Bank Shot,2PT Field Goal,In The Paint (Non-RA),Center(C),Less Than 8 ft.,4,25,36,1,1,20181112,MIA,PHI
Shot Chart Detail,0021800191,545,1627884,Derrick Jones Jr.,1610612748,Miami Heat,4,11,48,Made Shot,Alley Oop Dunk Shot,2PT Field Goal,Restricted Area,Center(C),Less Than 8 ft.,1,-11,2,1,1,20181112,MIA,PHI
Shot Chart Detail,0021800191,617,1627884,Derrick Jones Jr.,1610612748,Miami Heat,4,5,23,Missed Shot,Jump Shot,3PT Field Goal,Above the Break 3,Left Side Center(LC),24+ ft.,24,-202,142,1,0,20181112,MIA,PHI
Shot Chart Detail,0021800235,556,1627884,Derrick Jones Jr.,1610612748,Miami Heat,4,9,48,Missed Shot,Driving Layup Shot,2PT Field Goal,Restricted Area,Center(C),Less Than 8 ft.,1,4,15,1,0,20181118,MIA,LAL
Shot Chart Detail,0021800235,570,1627884,Derrick Jones Jr.,1610612748,Miami Heat,4,8,49,Missed Shot,Running Dunk Shot,2PT Field Goal,Restricted Area,Center(C),Less Than 8 ft.,1,0,12,1,0,20181118,MIA,LAL
Shot Chart Detail,0021800235,625,1627884,Derrick Jones Jr.,1610612748,Miami Heat,4,4,50,Made Shot,Alley Oop Layup shot,2PT Field Goal,Restricted Area,Center(C),Less Than 8 ft.,1,-16,7,1,1,20181118,MIA,LAL
Shot Chart Detail,0021800235,638,1627884,Derrick Jones Jr.,1610612748,Miami Heat,4,3,25,Made Shot,Tip Dunk Shot,2PT Field Goal,Restricted Area,Center(C),Less Than 8 ft.,0,0,-6,1,1,20181118,MIA,LAL
Shot Chart Detail,0021800250,14,1627884,Derrick Jones Jr.,1610612748,Miami Heat,1,11,1,Missed Shot,Cutting Layup Shot,2PT Field Goal,Restricted Area,Center(C),Less Than 8 ft.,0,9,4,1,0,20181120,MIA,BKN
Shot Chart Detail,0021800250,40,1627884,Derrick Jones Jr.,1610612748,Miami Heat,1,8,54,Missed Shot,Driving Layup Shot,2PT Field Goal,Restricted Area,Center(C),Less Than 8 ft.,1,10,8,1,0,20181120,MIA,BKN
Shot Chart Detail,0021800250,84,1627884,Derrick Jones Jr.,1610612748,Miami Heat,1,5,32,Missed Shot,Jump Shot,3PT Field Goal,Left Corner 3,Left Side(L),24+ ft.,23,-236,16,1,0,20181120,MIA,BKN
Shot Chart Detail,0021800250,395,1627884,Derrick Jones Jr.,1610612748,Miami Heat,3,8,9,Missed Shot,Jump Shot,2PT Field Goal,In The Paint (Non-RA),Center(C),Less Than 8 ft.,6,20,63,1,0,20181120,MIA,BKN
Shot Chart Detail,0021800250,404,1627884,Derrick Jones Jr.,1610612748,Miami Heat,3,7,7,Made Shot,Jump Shot,3PT Field Goal,Above the Break 3,Right Side Center(RC),24+ ft.,25,120,230,1,1,20181120,MIA,BKN
Shot Chart Detail,0021800250,430,1627884,Derrick Jones Jr.,1610612748,Miami Heat,3,5,1,Missed Shot,Jump Shot,3PT Field Goal,Above the Break 3,Left Side Center(LC),24+ ft.,24,-162,188,1,0,20181120,MIA,BKN
Shot Chart Detail,0021800302,353,1627884,Derrick Jones Jr.,1610612748,Miami Heat,2,1,7,Missed Shot,Running Layup Shot,2PT Field Goal,Restricted Area,Center(C),Less Than 8 ft.,0,1,6,1,0,20181127,MIA,ATL
Shot Chart Detail,0021800302,588,1627884,Derrick Jones Jr.,1610612748,Miami Heat,3,0,0,Missed Shot,Jump Shot,3PT Field Goal,Backcourt,Back Court(BC),Back Court Shot,56,-6,567,1,0,20181127,MIA,ATL
Shot Chart Detail,0021800376,110,1627884,Derrick Jones Jr.,1610612748,Miami Heat,1,3,50,Made Shot,Alley Oop Dunk Shot,2PT Field Goal,Restricted Area,Center(C),Less Than 8 ft.,1,2,17,1,1,20181207,PHX,MIA
Shot Chart Detail,0021800376,130,1627884,Derrick Jones Jr.,1610612748,Miami Heat,1,2,1,Missed Shot,Jump Shot,3PT Field Goal,Above the Break 3,Right Side Center(RC),24+ ft.,25,161,194,1,0,20181207,PHX,MIA
Shot Chart Detail,0021800376,604,1627884,Derrick Jones Jr.,1610612748,Miami Heat,4,0,54,Made Shot,Jump Shot,3PT Field Goal,Right Corner 3,Right Side(R),24+ ft.,23,232,23,1,1,20181207,PHX,MIA
Shot Chart Detail,0021800386,314,1627884,Derrick Jones Jr.,1610612748,Miami Heat,2,3,1,Missed Shot,Floating Jump shot,2PT Field Goal,In The Paint (Non-RA),Center(C),8-16 ft.,9,-35,83,1,0,20181208,LAC,MIA
Shot Chart Detail,0021800386,316,1627884,Derrick Jones Jr.,1610612748,Miami Heat,2,2,57,Made Shot,Putback Dunk Shot,2PT Field Goal,Restricted Area,Center(C),Less Than 8 ft.,0,0,-6,1,1,20181208,LAC,MIA
Shot Chart Detail,0021800386,520,1627884,Derrick Jones Jr.,1610612748,Miami Heat,3,2,35,Missed Shot,Jump Shot,3PT Field Goal,Above the Break 3,Right Side Center(RC),24+ ft.,27,139,237,1,0,20181208,LAC,MIA
Shot Chart Detail,0021800386,560,1627884,Derrick Jones Jr.,1610612748,Miami Heat,4,11,25,Made Shot,Alley Oop Layup shot,2PT Field Goal,Restricted Area,Center(C),Less Than 8 ft.,1,-13,11,1,1,20181208,LAC,MIA
Shot Chart Detail,0021800386,673,1627884,Derrick Jones Jr.,1610612748,Miami Heat,4,3,52,Missed Shot,Putback Layup Shot,2PT Field Goal,Restricted Area,Center(C),Less Than 8 ft.,2,2,20,1,0,20181208,LAC,MIA
Shot Chart Detail,0021800401,191,1627884,Derrick Jones Jr.,1610612748,Miami Heat,2,10,19,Missed Shot,Tip Layup Shot,2PT Field Goal,Restricted Area,Center(C),Less Than 8 ft.,0,0,-6,1,0,20181210,LAL,MIA
Shot Chart Detail,0021800401,193,1627884,Derrick Jones Jr.,1610612748,Miami Heat,2,10,18,Made Shot,Tip Layup Shot,2PT Field Goal,Restricted Area,Center(C),Less Than 8 ft.,0,0,-6,1,1,20181210,LAL,MIA
Shot Chart Detail,0021800401,319,1627884,Derrick Jones Jr.,1610612748,Miami Heat,2,0,35,Made Shot,Cutting Dunk Shot,2PT Field Goal,Restricted Area,Center(C),Less Than 8 ft.,0,6,6,1,1,20181210,LAL,MIA
Shot Chart Detail,0021800401,514,1627884,Derrick Jones Jr.,1610612748,Miami Heat,4,9,35,Made Shot,Tip Dunk Shot,2PT Field Goal,Restricted Area,Center(C),Less Than 8 ft.,0,0,-6,1,1,20181210,LAL,MIA
Shot Chart Detail,0021800413,143,1627884,Derrick Jones Jr.,1610612748,Miami Heat,1,0,55,Made Shot,Cutting Dunk Shot,2PT Field Goal,Restricted Area,Center(C),Less Than 8 ft.,1,1,14,1,1,20181212,UTA,MIA
Shot Chart Detail,0021800413,506,1627884,Derrick Jones Jr.,1610612748,Miami Heat,4,10,34,Made Shot,Running Layup Shot,2PT Field Goal,Restricted Area,Center(C),Less Than 8 ft.,3,-33,22,1,1,20181212,UTA,MIA
Shot Chart Detail,0021800413,512,1627884,Derrick Jones Jr.,1610612748,Miami Heat,4,9,20,Missed Shot,Jump Shot,3PT Field Goal,Left Corner 3,Left Side(L),24+ ft.,23,-235,21,1,0,20181212,UTA,MIA
Shot Chart Detail,0021800413,546,1627884,Derrick Jones Jr.,1610612748,Miami Heat,4,6,35,Missed Shot,Step Back Jump shot,3PT Field Goal,Above the Break 3,Left Side Center(LC),24+ ft.,24,-180,172,1,0,20181212,UTA,MIA
Shot Chart Detail,0021800413,574,1627884,Derrick Jones Jr.,1610612748,Miami Heat,4,3,50,Made Shot,Running Dunk Shot,2PT Field Goal,Restricted Area,Center(C),Less Than 8 ft.,2,-9,22,1,1,20181212,UTA,MIA
Shot Chart Detail,0021800413,600,1627884,Derrick Jones Jr.,1610612748,Miami Heat,4,0,44,Missed Shot,Jump Shot,3PT Field Goal,Left Corner 3,Left Side(L),24+ ft.,23,-228,59,1,0,20181212,UTA,MIA
Shot Chart Detail,0021800425,184,1627884,Derrick Jones Jr.,1610612748,Miami Heat,2,10,11,Made Shot,Cutting Finger Roll Layup Shot,2PT Field Goal,Restricted Area,Center(C),Less Than 8 ft.,1,-12,6,1,1,20181214,MEM,MIA
Shot Chart Detail,0021800425,197,1627884,Derrick Jones Jr.,1610612748,Miami Heat,2,9,30,Missed Shot,Cutting Finger Roll Layup Shot,2PT Field Goal,Restricted Area,Center(C),Less Than 8 ft.,1,-19,6,1,0,20181214,MEM,MIA
Shot Chart Detail,0021800425,234,1627884,Derrick Jones Jr.,1610612748,Miami Heat,2,6,41,Missed Shot,Driving Layup Shot,2PT Field Goal,Restricted Area,Center(C),Less Than 8 ft.,2,22,0,1,0,20181214,MEM,MIA
Shot Chart Detail,0021800425,463,1627884,Derrick Jones Jr.,1610612748,Miami Heat,3,0,10,Made Shot,Layup Shot,2PT Field Goal,Restricted Area,Center(C),Less Than 8 ft.,0,0,9,1,1,20181214,MEM,MIA
Shot Chart Detail,0021800425,488,1627884,Derrick Jones Jr.,1610612748,Miami Heat,4,10,52,Missed Shot,Putback Layup Shot,2PT Field Goal,Restricted Area,Center(C),Less Than 8 ft.,0,0,-6,1,0,20181214,MEM,MIA
Shot Chart Detail,0021800425,490,1627884,Derrick Jones Jr.,1610612748,Miami Heat,4,10,52,Missed Shot,Tip Layup Shot,2PT Field Goal,Restricted Area,Center(C),Less Than 8 ft.,0,0,-6,1,0,20181214,MEM,MIA
Shot Chart Detail,0021800425,507,1627884,Derrick Jones Jr.,1610612748,Miami Heat,4,10,12,Made Shot,Jump Shot,3PT Field Goal,Left Corner 3,Left Side(L),24+ ft.,23,-236,0,1,1,20181214,MEM,MIA
Shot Chart Detail,0021800425,520,1627884,Derrick Jones Jr.,1610612748,Miami Heat,4,8,56,Made Shot,Cutting Dunk Shot,2PT Field Goal,Restricted Area,Center(C),Less Than 8 ft.,0,-2,1,1,1,20181214,MEM,MIA
Shot Chart Detail,0021800425,591,1627884,Derrick Jones Jr.,1610612748,Miami Heat,4,3,32,Made Shot,Dunk Shot,2PT Field Goal,Restricted Area,Center(C),Less Than 8 ft.,0,8,1,1,1,20181214,MEM,MIA
Shot Chart Detail,0021800425,635,1627884,Derrick Jones Jr.,1610612748,Miami Heat,4,0,41,Made Shot,Layup Shot,2PT Field Goal,Restricted Area,Center(C),Less Than 8 ft.,1,-11,9,1,1,20181214,MEM,MIA
Shot Chart Detail,0021800441,264,1627884,Derrick Jones Jr.,1610612748,Miami Heat,2,6,0,Made Shot,Putback Layup Shot,2PT Field Goal,In The Paint (Non-RA),Center(C),8-16 ft.,10,38,94,1,1,20181216,NOP,MIA
Shot Chart Detail,0021800441,285,1627884,Derrick Jones Jr.,1610612748,Miami Heat,2,4,39,Made Shot,Layup Shot,2PT Field Goal,Restricted Area,Center(C),Less Than 8 ft.,1,-11,-6,1,1,20181216,NOP,MIA
Shot Chart Detail,0021800441,329,1627884,Derrick Jones Jr.,1610612748,Miami Heat,2,1,34,Made Shot,Jump Shot,3PT Field Goal,Above the Break 3,Right Side Center(RC),24+ ft.,24,224,89,1,1,20181216,NOP,MIA
Shot Chart Detail,0021800441,493,1627884,Derrick Jones Jr.,1610612748,Miami Heat,3,1,13,Missed Shot,Layup Shot,2PT Field Goal,Restricted Area,Center(C),Less Than 8 ft.,2,-25,7,1,0,20181216,NOP,MIA
Shot Chart Detail,0021800441,539,1627884,Derrick Jones Jr.,1610612748,Miami Heat,4,9,59,Made Shot,Tip Dunk Shot,2PT Field Goal,Restricted Area,Center(C),Less Than 8 ft.,0,0,-6,1,1,20181216,NOP,MIA
Shot Chart Detail,0021800441,566,1627884,Derrick Jones Jr.,1610612748,Miami Heat,4,7,55,Missed Shot,Jump Shot,3PT Field Goal,Right Corner 3,Right Side(R),24+ ft.,22,227,-1,1,0,20181216,NOP,MIA
Shot Chart Detail,0021800441,616,1627884,Derrick Jones Jr.,1610612748,Miami Heat,4,3,59,Made Shot,Layup Shot,2PT Field Goal,Restricted Area,Center(C),Less Than 8 ft.,2,21,15,1,1,20181216,NOP,MIA
Shot Chart Detail,0021800467,161,1627884,Derrick Jones Jr.,1610612748,Miami Heat,2,11,28,Missed Shot,Driving Layup Shot,2PT Field Goal,Restricted Area,Center(C),Less Than 8 ft.,2,14,22,1,0,20181220,MIA,HOU
Shot Chart Detail,0021800467,170,1627884,Derrick Jones Jr.,1610612748,Miami Heat,2,10,40,Made Shot,Dunk Shot,2PT Field Goal,Restricted Area,Center(C),Less Than 8 ft.,0,6,3,1,1,20181220,MIA,HOU
Shot Chart Detail,0021800467,226,1627884,Derrick Jones Jr.,1610612748,Miami Heat,2,6,53,Missed Shot,Tip Layup Shot,2PT Field Goal,Restricted Area,Center(C),Less Than 8 ft.,3,11,34,1,0,20181220,MIA,HOU
Shot Chart Detail,0021800467,228,1627884,Derrick Jones Jr.,1610612748,Miami Heat,2,6,49,Missed Shot,Putback Layup Shot,2PT Field Goal,In The Paint (Non-RA),Center(C),Less Than 8 ft.,5,-13,51,1,0,20181220,MIA,HOU
Shot Chart Detail,0021800467,467,1627884,Derrick Jones Jr.,1610612748,Miami Heat,3,1,13,Made Shot,Tip Dunk Shot,2PT Field Goal,Restricted Area,Center(C),Less Than 8 ft.,0,0,-6,1,1,20181220,MIA,HOU
Shot Chart Detail,0021800467,512,1627884,Derrick Jones Jr.,1610612748,Miami Heat,4,10,34,Made Shot,Jump Shot,3PT Field Goal,Left Corner 3,Left Side(L),24+ ft.,22,-225,-1,1,1,20181220,MIA,HOU
Shot Chart Detail,0021800467,555,1627884,Derrick Jones Jr.,1610612748,Miami Heat,4,7,35,Missed Shot,Jump Shot,3PT Field Goal,Above the Break 3,Right Side Center(RC),24+ ft.,25,198,167,1,0,20181220,MIA,HOU
Shot Chart Detail,0021800467,618,1627884,Derrick Jones Jr.,1610612748,Miami Heat,4,4,13,Missed Shot,Jump Shot,3PT Field Goal,Left Corner 3,Left Side(L),24+ ft.,23,-231,-5,1,0,20181220,MIA,HOU
Shot Chart Detail,0021800482,143,1627884,Derrick Jones Jr.,1610612748,Miami Heat,2,11,43,Missed Shot,Jump Shot,3PT Field Goal,Right Corner 3,Right Side(R),24+ ft.,24,230,73,1,0,20181222,MIA,MIL
Shot Chart Detail,0021800482,158,1627884,Derrick Jones Jr.,1610612748,Miami Heat,2,11,5,Made Shot,Running Layup Shot,2PT Field Goal,Restricted Area,Center(C),Less Than 8 ft.,1,5,13,1,1,20181222,MIA,MIL
Shot Chart Detail,0021800482,190,1627884,Derrick Jones Jr.,1610612748,Miami Heat,2,8,57,Missed Shot,Jump Bank Shot,2PT Field Goal,Restricted Area,Center(C),Less Than 8 ft.,2,18,17,1,0,20181222,MIA,MIL
Shot Chart Detail,0021800482,192,1627884,Derrick Jones Jr.,1610612748,Miami Heat,2,8,54,Made Shot,Tip Layup Shot,2PT Field Goal,Restricted Area,Center(C),Less Than 8 ft.,0,3,7,1,1,20181222,MIA,MIL
Shot Chart Detail,0021800482,197,1627884,Derrick Jones Jr.,1610612748,Miami Heat,2,8,26,Missed Shot,Driving Layup Shot,2PT Field Goal,Restricted Area,Center(C),Less Than 8 ft.,1,-16,10,1,0,20181222,MIA,MIL
Shot Chart Detail,0021800491,100,1627884,Derrick Jones Jr.,1610612748,Miami Heat,1,3,7,Made Shot,Driving Floating Bank Jump Shot,2PT Field Goal,Restricted Area,Center(C),Less Than 8 ft.,2,-17,22,1,1,20181223,ORL,MIA
Shot Chart Detail,0021800491,120,1627884,Derrick Jones Jr.,1610612748,Miami Heat,1,1,39,Missed Shot,Driving Dunk Shot,2PT Field Goal,Restricted Area,Center(C),Less Than 8 ft.,2,8,20,1,0,20181223,ORL,MIA
Shot Chart Detail,0021800491,127,1627884,Derrick Jones Jr.,1610612748,Miami Heat,1,1,0,Missed Shot,Jump Shot,3PT Field Goal,Right Corner 3,Right Side(R),24+ ft.,24,230,79,1,0,20181223,ORL,MIA
Shot Chart Detail,0021800491,561,1627884,Derrick Jones Jr.,1610612748,Miami Heat,4,6,34,Missed Shot,Dunk Shot,2PT Field Goal,Restricted Area,Center(C),Less Than 8 ft.,2,9,22,1,0,20181223,ORL,MIA
Shot Chart Detail,0021800491,624,1627884,Derrick Jones Jr.,1610612748,Miami Heat,4,2,10,Made Shot,Jump Shot,3PT Field Goal,Left Corner 3,Left Side(L),24+ ft.,22,-222,22,1,1,20181223,ORL,MIA
Shot Chart Detail,0021800506,119,1627884,Derrick Jones Jr.,1610612748,Miami Heat,1,1,40,Made Shot,Cutting Dunk Shot,2PT Field Goal,Restricted Area,Center(C),Less Than 8 ft.,2,-11,26,1,1,20181226,MIA,TOR
Shot Chart Detail,0021800506,191,1627884,Derrick Jones Jr.,1610612748,Miami Heat,2,7,51,Made Shot,Driving Layup Shot,2PT Field Goal,Restricted Area,Center(C),Less Than 8 ft.,3,-29,14,1,1,20181226,MIA,TOR
Shot Chart Detail,0021800521,236,1627884,Derrick Jones Jr.,1610612748,Miami Heat,2,5,58,Made Shot,Cutting Dunk Shot,2PT Field Goal,In The Paint (Non-RA),Center(C),Less Than 8 ft.,6,36,55,1,1,20181228,MIA,CLE
Shot Chart Detail,0021800537,61,1627884,Derrick Jones Jr.,1610612748,Miami Heat,1,6,33,Made Shot,Layup Shot,2PT Field Goal,Restricted Area,Center(C),Less Than 8 ft.,1,11,16,1,1,20181230,MIA,MIN
Shot Chart Detail,0021800537,85,1627884,Derrick Jones Jr.,1610612748,Miami Heat,1,3,25,Missed Shot,Putback Layup Shot,2PT Field Goal,Restricted Area,Center(C),Less Than 8 ft.,1,-9,9,1,0,20181230,MIA,MIN
Shot Chart Detail,0021800537,87,1627884,Derrick Jones Jr.,1610612748,Miami Heat,1,3,19,Made Shot,Tip Layup Shot,2PT Field Goal,Restricted Area,Center(C),Less Than 8 ft.,0,0,-6,1,1,20181230,MIA,MIN
Shot Chart Detail,0021800537,350,1627884,Derrick Jones Jr.,1610612748,Miami Heat,2,1,12,Missed Shot,Tip Layup Shot,2PT Field Goal,Restricted Area,Center(C),Less Than 8 ft.,0,0,-6,1,0,20181230,MIA,MIN
Shot Chart Detail,0021800537,384,1627884,Derrick Jones Jr.,1610612748,Miami Heat,3,11,31,Made Shot,Driving Layup Shot,2PT Field Goal,Restricted Area,Center(C),Less Than 8 ft.,2,-1,28,1,1,20181230,MIA,MIN
Shot Chart Detail,0021800537,417,1627884,Derrick Jones Jr.,1610612748,Miami Heat,3,8,46,Missed Shot,Tip Layup Shot,2PT Field Goal,Restricted Area,Center(C),Less Than 8 ft.,0,0,-6,1,0,20181230,MIA,MIN
Shot Chart Detail,0021800537,422,1627884,Derrick Jones Jr.,1610612748,Miami Heat,3,8,23,Made Shot,Putback Dunk Shot,2PT Field Goal,Restricted Area,Center(C),Less Than 8 ft.,2,-2,20,1,1,20181230,MIA,MIN
Shot Chart Detail,0021800537,442,1627884,Derrick Jones Jr.,1610612748,Miami Heat,3,7,13,Made Shot,Driving Finger Roll Layup Shot,2PT Field Goal,Restricted Area,Center(C),Less Than 8 ft.,3,-11,36,1,1,20181230,MIA,MIN
Shot Chart Detail,0021800537,455,1627884,Derrick Jones Jr.,1610612748,Miami Heat,3,6,39,Missed Shot,Jump Shot,3PT Field Goal,Above the Break 3,Right Side Center(RC),24+ ft.,24,107,221,1,0,20181230,MIA,MIN
Shot Chart Detail,0021800537,467,1627884,Derrick Jones Jr.,1610612748,Miami Heat,3,5,24,Made Shot,Tip Layup Shot,2PT Field Goal,Restricted Area,Center(C),Less Than 8 ft.,0,0,-6,1,1,20181230,MIA,MIN
Shot Chart Detail,0021800537,630,1627884,Derrick Jones Jr.,1610612748,Miami Heat,4,5,50,Made Shot,Cutting Dunk Shot,2PT Field Goal,Restricted Area,Center(C),Less Than 8 ft.,0,-8,4,1,1,20181230,MIA,MIN
Shot Chart Detail,0021800555,168,1627884,Derrick Jones Jr.,1610612748,Miami Heat,2,10,7,Missed Shot,Driving Floating Bank Jump Shot,2PT Field Goal,In The Paint (Non-RA),Center(C),Less Than 8 ft.,5,-9,55,1,0,20190102,CLE,MIA
Shot Chart Detail,0021800555,182,1627884,Derrick Jones Jr.,1610612748,Miami Heat,2,8,32,Made Shot,Jump Shot,3PT Field Goal,Right Corner 3,Right Side(R),24+ ft.,24,244,29,1,1,20190102,CLE,MIA
Shot Chart Detail,0021800555,211,1627884,Derrick Jones Jr.,1610612748,Miami Heat,2,6,9,Made Shot,Jump Shot,3PT Field Goal,Left Corner 3,Left Side(L),24+ ft.,24,-231,68,1,1,20190102,CLE,MIA
Shot Chart Detail,0021800555,227,1627884,Derrick Jones Jr.,1610612748,Miami Heat,2,4,44,Made Shot,Running Layup Shot,2PT Field Goal,Restricted Area,Center(C),Less Than 8 ft.,1,8,6,1,1,20190102,CLE,MIA
Shot Chart Detail,0021800555,255,1627884,Derrick Jones Jr.,1610612748,Miami Heat,2,2,11,Made Shot,Jump Shot,3PT Field Goal,Right Corner 3,Right Side(R),24+ ft.,23,232,35,1,1,20190102,CLE,MIA
Shot Chart Detail,0021800555,421,1627884,Derrick Jones Jr.,1610612748,Miami Heat,3,0,33,Missed Shot,Driving Finger Roll Layup Shot,2PT Field Goal,Restricted Area,Center(C),Less Than 8 ft.,0,4,4,1,0,20190102,CLE,MIA
Shot Chart Detail,0021800555,447,1627884,Derrick Jones Jr.,1610612748,Miami Heat,4,9,43,Missed Shot,Jump Shot,3PT Field Goal,Above the Break 3,Left Side Center(LC),24+ ft.,25,-239,89,1,0,20190102,CLE,MIA
Shot Chart Detail,0021800555,567,1627884,Derrick Jones Jr.,1610612748,Miami Heat,4,0,26,Missed Shot,Driving Layup Shot,2PT Field Goal,Restricted Area,Center(C),Less Than 8 ft.,0,0,0,1,0,20190102,CLE,MIA
Shot Chart Detail,0021800568,226,1627884,Derrick Jones Jr.,1610612748,Miami Heat,2,8,10,Made Shot,Cutting Layup Shot,2PT Field Goal,Restricted Area,Center(C),Less Than 8 ft.,0,-3,9,1,1,20190104,MIA,WAS
Shot Chart Detail,0021800568,567,1627884,Derrick Jones Jr.,1610612748,Miami Heat,4,7,40,Made Shot,Jump Shot,3PT Field Goal,Right Corner 3,Right Side(R),24+ ft.,23,237,17,1,1,20190104,MIA,WAS
Shot Chart Detail,0021800587,161,1627884,Derrick Jones Jr.,1610612748,Miami Heat,1,2,19,Made Shot,Alley Oop Dunk Shot,2PT Field Goal,Restricted Area,Center(C),Less Than 8 ft.,0,0,6,1,1,20190106,ATL,MIA
Shot Chart Detail,0021800587,193,1627884,Derrick Jones Jr.,1610612748,Miami Heat,2,11,16,Made Shot,Cutting Dunk Shot,2PT Field Goal,Restricted Area,Center(C),Less Than 8 ft.,1,8,9,1,1,20190106,ATL,MIA
Shot Chart Detail,0021800587,278,1627884,Derrick Jones Jr.,1610612748,Miami Heat,2,5,19,Missed Shot,Jump Shot,3PT Field Goal,Right Corner 3,Right Side(R),24+ ft.,23,229,69,1,0,20190106,ATL,MIA
Shot Chart Detail,0021800587,529,1627884,Derrick Jones Jr.,1610612748,Miami Heat,3,0,8,Made Shot,Driving Layup Shot,2PT Field Goal,In The Paint (Non-RA),Center(C),Less Than 8 ft.,7,-9,73,1,1,20190106,ATL,MIA
Shot Chart Detail,0021800587,557,1627884,Derrick Jones Jr.,1610612748,Miami Heat,4,10,45,Missed Shot,Jump Shot,3PT Field Goal,Right Corner 3,Right Side(R),24+ ft.,23,237,12,1,0,20190106,ATL,MIA
Shot Chart Detail,0021800587,563,1627884,Derrick Jones Jr.,1610612748,Miami Heat,4,10,34,Made Shot,Tip Layup Shot,2PT Field Goal,Restricted Area,Center(C),Less Than 8 ft.,0,0,-6,1,1,20190106,ATL,MIA
Shot Chart Detail,0021800587,566,1627884,Derrick Jones Jr.,1610612748,Miami Heat,4,10,3,Missed Shot,Alley Oop Layup shot,2PT Field Goal,Restricted Area,Center(C),Less Than 8 ft.,2,8,20,1,0,20190106,ATL,MIA
Shot Chart Detail,0021800587,658,1627884,Derrick Jones Jr.,1610612748,Miami Heat,4,3,18,Missed Shot,Jump Shot,3PT Field Goal,Left Corner 3,Left Side(L),24+ ft.,23,-228,55,1,0,20190106,ATL,MIA
Shot Chart Detail,0021800587,678,1627884,Derrick Jones Jr.,1610612748,Miami Heat,4,2,14,Made Shot,Alley Oop Dunk Shot,2PT Field Goal,Restricted Area,Center(C),Less Than 8 ft.,0,-2,4,1,1,20190106,ATL,MIA
Shot Chart Detail,0021800617,137,1627884,Derrick Jones Jr.,1610612748,Miami Heat,2,11,40,Missed Shot,Jump Shot,2PT Field Goal,In The Paint (Non-RA),Center(C),Less Than 8 ft.,5,-52,18,1,0,20190110,MIA,BOS
Shot Chart Detail,0021800617,177,1627884,Derrick Jones Jr.,1610612748,Miami Heat,2,8,2,Made Shot,Cutting Layup Shot,2PT Field Goal,Restricted Area,Center(C),Less Than 8 ft.,1,-8,10,1,1,20190110,MIA,BOS
Shot Chart Detail,0021800617,218,1627884,Derrick Jones Jr.,1610612748,Miami Heat,2,5,56,Made Shot,Finger Roll Layup Shot,2PT Field Goal,Restricted Area,Center(C),Less Than 8 ft.,1,-9,7,1,1,20190110,MIA,BOS
Shot Chart Detail,0021800617,262,1627884,Derrick Jones Jr.,1610612748,Miami Heat,2,1,27,Made Shot,Running Dunk Shot,2PT Field Goal,Restricted Area,Center(C),Less Than 8 ft.,0,0,5,1,1,20190110,MIA,BOS
Shot Chart Detail,0021800617,280,1627884,Derrick Jones Jr.,1610612748,Miami Heat,2,0,0,Made Shot,Jump Shot,3PT Field Goal,Above the Break 3,Left Side Center(LC),24+ ft.,40,-172,368,1,1,20190110,MIA,BOS
Shot Chart Detail,0021800617,458,1627884,Derrick Jones Jr.,1610612748,Miami Heat,3,0,0,Missed Shot,Jump Shot,3PT Field Goal,Backcourt,Back Court(BC),Back Court Shot,50,120,489,1,0,20190110,MIA,BOS
Shot Chart Detail,0021800617,514,1627884,Derrick Jones Jr.,1610612748,Miami Heat,4,7,39,Made Shot,Jump Shot,3PT Field Goal,Right Corner 3,Right Side(R),24+ ft.,23,232,-1,1,1,20190110,MIA,BOS
Shot Chart Detail,0021800617,580,1627884,Derrick Jones Jr.,1610612748,Miami Heat,4,2,32,Missed Shot,Tip Dunk Shot,2PT Field Goal,Restricted Area,Center(C),Less Than 8 ft.,0,0,-6,1,0,20190110,MIA,BOS
Shot Chart Detail,0021800617,596,1627884,Derrick Jones Jr.,1610612748,Miami Heat,4,2,23,Made Shot,Cutting Dunk Shot,2PT Field Goal,Restricted Area,Center(C),Less Than 8 ft.,1,0,14,1,1,20190110,MIA,BOS
Shot Chart Detail,0021800631,58,1627884,Derrick Jones Jr.,1610612748,Miami Heat,1,7,21,Missed Shot,Jump Shot,2PT Field Goal,In The Paint (Non-RA),Center(C),Less Than 8 ft.,4,9,45,1,0,20190112,MIA,MEM
Shot Chart Detail,0021800631,90,1627884,Derrick Jones Jr.,1610612748,Miami Heat,1,4,41,Made Shot,Layup Shot,2PT Field Goal,Restricted Area,Center(C),Less Than 8 ft.,2,23,13,1,1,20190112,MIA,MEM
Shot Chart Detail,0021800631,107,1627884,Derrick Jones Jr.,1610612748,Miami Heat,1,2,56,Made Shot,Hook Shot,2PT Field Goal,Restricted Area,Center(C),Less Than 8 ft.,2,0,24,1,1,20190112,MIA,MEM
Shot Chart Detail,0021800631,115,1627884,Derrick Jones Jr.,1610612748,Miami Heat,1,1,58,Missed Shot,Driving Floating Jump Shot,2PT Field Goal,In The Paint (Non-RA),Center(C),Less Than 8 ft.,4,19,43,1,0,20190112,MIA,MEM
Shot Chart Detail,0021800631,118,1627884,Derrick Jones Jr.,1610612748,Miami Heat,1,1,48,Made Shot,Jump Shot,3PT Field Goal,Left Corner 3,Left Side(L),24+ ft.,23,-222,71,1,1,20190112,MIA,MEM
Shot Chart Detail,0021800631,465,1627884,Derrick Jones Jr.,1610612748,Miami Heat,3,0,1,Missed Shot,Jump Shot,3PT Field Goal,Above the Break 3,Center(C),24+ ft.,40,-87,395,1,0,20190112,MIA,MEM
Shot Chart Detail,0021800631,496,1627884,Derrick Jones Jr.,1610612748,Miami Heat,4,10,3,Missed Shot,Layup Shot,2PT Field Goal,Restricted Area,Center(C),Less Than 8 ft.,0,0,-6,1,0,20190112,MIA,MEM
Shot Chart Detail,0021800631,532,1627884,Derrick Jones Jr.,1610612748,Miami Heat,4,7,47,Missed Shot,Layup Shot,2PT Field Goal,Restricted Area,Center(C),Less Than 8 ft.,1,5,17,1,0,20190112,MIA,MEM
Shot Chart Detail,0021800631,535,1627884,Derrick Jones Jr.,1610612748,Miami Heat,4,7,42,Missed Shot,Layup Shot,2PT Field Goal,Restricted Area,Center(C),Less Than 8 ft.,2,-8,23,1,0,20190112,MIA,MEM
Shot Chart Detail,0021800631,537,1627884,Derrick Jones Jr.,1610612748,Miami Heat,4,7,38,Made Shot,Tip Layup Shot,2PT Field Goal,Restricted Area,Center(C),Less Than 8 ft.,0,0,-6,1,1,20190112,MIA,MEM
Shot Chart Detail,0021800654,252,1627884,Derrick Jones Jr.,1610612748,Miami Heat,2,5,7,Missed Shot,Jump Shot,3PT Field Goal,Left Corner 3,Left Side(L),24+ ft.,23,-231,11,1,0,20190115,MIL,MIA
Shot Chart Detail,0021800654,273,1627884,Derrick Jones Jr.,1610612748,Miami Heat,2,3,57,Made Shot,Driving Layup Shot,2PT Field Goal,Restricted Area,Center(C),Less Than 8 ft.,1,-11,8,1,1,20190115,MIL,MIA
Shot Chart Detail,0021800654,508,1627884,Derrick Jones Jr.,1610612748,Miami Heat,4,10,37,Made Shot,Floating Jump shot,2PT Field Goal,In The Paint (Non-RA),Center(C),8-16 ft.,11,46,100,1,1,20190115,MIL,MIA
Shot Chart Detail,0021800654,586,1627884,Derrick Jones Jr.,1610612748,Miami Heat,4,4,14,Made Shot,Driving Layup Shot,2PT Field Goal,Restricted Area,Center(C),Less Than 8 ft.,1,11,16,1,1,20190115,MIL,MIA
Shot Chart Detail,0021800654,595,1627884,Derrick Jones Jr.,1610612748,Miami Heat,4,3,23,Missed Shot,Jump Shot,3PT Field Goal,Left Corner 3,Left Side(L),24+ ft.,22,-222,41,1,0,20190115,MIL,MIA
Shot Chart Detail,0021800672,137,1627884,Derrick Jones Jr.,1610612748,Miami Heat,1,1,49,Made Shot,Driving Finger Roll Layup Shot,2PT Field Goal,In The Paint (Non-RA),Center(C),Less Than 8 ft.,4,2,40,1,1,20190118,DET,MIA
Shot Chart Detail,0021800672,173,1627884,Derrick Jones Jr.,1610612748,Miami Heat,2,10,40,Missed Shot,Driving Layup Shot,2PT Field Goal,Restricted Area,Center(C),Less Than 8 ft.,0,1,1,1,0,20190118,DET,MIA
Shot Chart Detail,0021800685,257,1627884,Derrick Jones Jr.,1610612748,Miami Heat,2,7,38,Made Shot,Reverse Dunk Shot,2PT Field Goal,Restricted Area,Center(C),Less Than 8 ft.,0,2,7,1,1,20190119,CHI,MIA
Shot Chart Detail,0021800685,532,1627884,Derrick Jones Jr.,1610612748,Miami Heat,3,0,29,Made Shot,Driving Layup Shot,2PT Field Goal,In The Paint (Non-RA),Center(C),Less Than 8 ft.,4,-27,40,1,1,20190119,CHI,MIA
Shot Chart Detail,0021800685,550,1627884,Derrick Jones Jr.,1610612748,Miami Heat,4,11,39,Made Shot,Layup Shot,2PT Field Goal,Restricted Area,Center(C),Less Than 8 ft.,1,7,9,1,1,20190119,CHI,MIA
Shot Chart Detail,0021800685,604,1627884,Derrick Jones Jr.,1610612748,Miami Heat,4,5,33,Made Shot,Cutting Layup Shot,2PT Field Goal,Restricted Area,Center(C),Less Than 8 ft.,1,-13,-6,1,1,20190119,CHI,MIA
Shot Chart Detail,0021800698,128,1627884,Derrick Jones Jr.,1610612748,Miami Heat,1,2,24,Made Shot,Reverse Dunk Shot,2PT Field Goal,Restricted Area,Center(C),Less Than 8 ft.,1,0,15,1,1,20190121,BOS,MIA
Shot Chart Detail,0021800698,233,1627884,Derrick Jones Jr.,1610612748,Miami Heat,2,7,19,Missed Shot,Jump Shot,3PT Field Goal,Left Corner 3,Left Side(L),24+ ft.,23,-231,16,1,0,20190121,BOS,MIA
Shot Chart Detail,0021800698,240,1627884,Derrick Jones Jr.,1610612748,Miami Heat,2,6,44,Made Shot,Driving Dunk Shot,2PT Field Goal,Restricted Area,Center(C),Less Than 8 ft.,0,2,5,1,1,20190121,BOS,MIA
Shot Chart Detail,0021800698,263,1627884,Derrick Jones Jr.,1610612748,Miami Heat,2,5,31,Made Shot,Driving Dunk Shot,2PT Field Goal,Restricted Area,Center(C),Less Than 8 ft.,1,6,11,1,1,20190121,BOS,MIA
Shot Chart Detail,0021800698,341,1627884,Derrick Jones Jr.,1610612748,Miami Heat,2,0,16,Missed Shot,Putback Layup Shot,2PT Field Goal,Restricted Area,Center(C),Less Than 8 ft.,2,4,22,1,0,20190121,BOS,MIA
Shot Chart Detail,0021800698,333,1627884,Derrick Jones Jr.,1610612748,Miami Heat,2,0,15,Made Shot,Tip Dunk Shot,2PT Field Goal,Restricted Area,Center(C),Less Than 8 ft.,2,18,15,1,1,20190121,BOS,MIA
Shot Chart Detail,0021800698,445,1627884,Derrick Jones Jr.,1610612748,Miami Heat,3,3,31,Missed Shot,Turnaround Jump Shot,2PT Field Goal,In The Paint (Non-RA),Center(C),Less Than 8 ft.,6,-1,60,1,0,20190121,BOS,MIA
Shot Chart Detail,0021800698,474,1627884,Derrick Jones Jr.,1610612748,Miami Heat,3,1,38,Missed Shot,Driving Reverse Layup Shot,2PT Field Goal,In The Paint (Non-RA),Center(C),Less Than 8 ft.,4,-43,14,1,0,20190121,BOS,MIA
Shot Chart Detail,0021800698,523,1627884,Derrick Jones Jr.,1610612748,Miami Heat,4,9,45,Made Shot,Running Finger Roll Layup Shot,2PT Field Goal,Restricted Area,Center(C),Less Than 8 ft.,0,3,-5,1,1,20190121,BOS,MIA
Shot Chart Detail,0021800698,549,1627884,Derrick Jones Jr.,1610612748,Miami Heat,4,7,47,Made Shot,Cutting Dunk Shot,2PT Field Goal,Restricted Area,Center(C),Less Than 8 ft.,0,3,2,1,1,20190121,BOS,MIA
Shot Chart Detail,0021800698,569,1627884,Derrick Jones Jr.,1610612748,Miami Heat,4,6,2,Made Shot,Jump Shot,3PT Field Goal,Right Corner 3,Right Side(R),24+ ft.,22,223,23,1,1,20190121,BOS,MIA
Shot Chart Detail,0021800698,596,1627884,Derrick Jones Jr.,1610612748,Miami Heat,4,3,29,Missed Shot,Jump Shot,3PT Field Goal,Above the Break 3,Left Side Center(LC),24+ ft.,26,-206,165,1,0,20190121,BOS,MIA
Shot Chart Detail,0021800709,467,1627884,Derrick Jones Jr.,1610612748,Miami Heat,4,8,41,Missed Shot,Tip Dunk Shot,2PT Field Goal,Restricted Area,Center(C),Less Than 8 ft.,0,0,-6,1,0,20190123,MIA,LAC
Shot Chart Detail,0021800722,123,1627884,Derrick Jones Jr.,1610612748,Miami Heat,1,2,3,Made Shot,Driving Floating Jump Shot,2PT Field Goal,Mid-Range,Right Side(R),8-16 ft.,10,95,34,1,1,20190125,CLE,MIA
Shot Chart Detail,0021800722,129,1627884,Derrick Jones Jr.,1610612748,Miami Heat,1,1,25,Missed Shot,Tip Layup Shot,2PT Field Goal,Restricted Area,Center(C),Less Than 8 ft.,0,0,-6,1,0,20190125,CLE,MIA
Shot Chart Detail,0021800722,132,1627884,Derrick Jones Jr.,1610612748,Miami Heat,1,1,3,Made Shot,Jump Shot,3PT Field Goal,Left Corner 3,Left Side(L),24+ ft.,22,-225,-12,1,1,20190125,CLE,MIA
Shot Chart Detail,0021800722,147,1627884,Derrick Jones Jr.,1610612748,Miami Heat,2,11,34,Made Shot,Driving Layup Shot,2PT Field Goal,Restricted Area,Center(C),Less Than 8 ft.,1,0,16,1,1,20190125,CLE,MIA
Shot Chart Detail,0021800722,169,1627884,Derrick Jones Jr.,1610612748,Miami Heat,2,9,22,Missed Shot,Floating Jump shot,2PT Field Goal,In The Paint (Non-RA),Center(C),Less Than 8 ft.,7,-71,-4,1,0,20190125,CLE,MIA
Shot Chart Detail,0021800722,227,1627884,Derrick Jones Jr.,1610612748,Miami Heat,2,4,46,Missed Shot,Driving Floating Jump Shot,2PT Field Goal,In The Paint (Non-RA),Center(C),Less Than 8 ft.,5,-52,21,1,0,20190125,CLE,MIA
Shot Chart Detail,0021800722,229,1627884,Derrick Jones Jr.,1610612748,Miami Heat,2,4,40,Made Shot,Tip Dunk Shot,2PT Field Goal,Restricted Area,Center(C),Less Than 8 ft.,0,0,-6,1,1,20190125,CLE,MIA
Shot Chart Detail,0021800722,241,1627884,Derrick Jones Jr.,1610612748,Miami Heat,2,3,58,Made Shot,Running Dunk Shot,2PT Field Goal,Restricted Area,Center(C),Less Than 8 ft.,1,13,14,1,1,20190125,CLE,MIA
Shot Chart Detail,0021800722,439,1627884,Derrick Jones Jr.,1610612748,Miami Heat,4,11,40,Missed Shot,Jump Shot,3PT Field Goal,Above the Break 3,Left Side Center(LC),24+ ft.,29,-196,222,1,0,20190125,CLE,MIA
Shot Chart Detail,0021800722,526,1627884,Derrick Jones Jr.,1610612748,Miami Heat,4,4,12,Made Shot,Cutting Dunk Shot,2PT Field Goal,Restricted Area,Center(C),Less Than 8 ft.,0,-8,-1,1,1,20190125,CLE,MIA
Shot Chart Detail,0021800722,543,1627884,Derrick Jones Jr.,1610612748,Miami Heat,4,2,47,Missed Shot,Driving Layup Shot,2PT Field Goal,Restricted Area,Center(C),Less Than 8 ft.,1,-17,1,1,0,20190125,CLE,MIA
Shot Chart Detail,0021800868,250,1627884,Derrick Jones Jr.,1610612748,Miami Heat,2,6,17,Made Shot,Tip Layup Shot,2PT Field Goal,Restricted Area,Center(C),Less Than 8 ft.,0,0,-6,1,1,20190221,PHI,MIA
Shot Chart Detail,0021800868,255,1627884,Derrick Jones Jr.,1610612748,Miami Heat,2,5,53,Missed Shot,Jump Shot,3PT Field Goal,Above the Break 3,Left Side Center(LC),24+ ft.,26,-145,217,1,0,20190221,PHI,MIA
Shot Chart Detail,0021800868,486,1627884,Derrick Jones Jr.,1610612748,Miami Heat,3,1,13,Made Shot,Running Alley Oop Dunk Shot,2PT Field Goal,Restricted Area,Center(C),Less Than 8 ft.,0,3,5,1,1,20190221,PHI,MIA
Shot Chart Detail,0021800868,522,1627884,Derrick Jones Jr.,1610612748,Miami Heat,4,11,3,Missed Shot,Driving Layup Shot,2PT Field Goal,Restricted Area,Center(C),Less Than 8 ft.,3,24,27,1,0,20190221,PHI,MIA
Shot Chart Detail,0021800868,532,1627884,Derrick Jones Jr.,1610612748,Miami Heat,4,10,22,Made Shot,Jump Shot,3PT Field Goal,Above the Break 3,Right Side Center(RC),24+ ft.,25,132,219,1,1,20190221,PHI,MIA
Shot Chart Detail,0021800868,537,1627884,Derrick Jones Jr.,1610612748,Miami Heat,4,9,38,Missed Shot,Layup Shot,2PT Field Goal,Restricted Area,Center(C),Less Than 8 ft.,3,25,19,1,0,20190221,PHI,MIA
Shot Chart Detail,0021800868,556,1627884,Derrick Jones Jr.,1610612748,Miami Heat,4,8,28,Made Shot,Dunk Shot,2PT Field Goal,Restricted Area,Center(C),Less Than 8 ft.,0,5,-4,1,1,20190221,PHI,MIA
Shot Chart Detail,0021800888,273,1627884,Derrick Jones Jr.,1610612748,Miami Heat,2,3,54,Made Shot,Putback Layup Shot,2PT Field Goal,Restricted Area,Center(C),Less Than 8 ft.,1,-5,9,1,1,20190223,MIA,DET
Shot Chart Detail,0021800888,452,1627884,Derrick Jones Jr.,1610612748,Miami Heat,3,3,2,Missed Shot,Jump Shot,3PT Field Goal,Left Corner 3,Left Side(L),24+ ft.,24,-231,67,1,0,20190223,MIA,DET
Shot Chart Detail,0021800888,552,1627884,Derrick Jones Jr.,1610612748,Miami Heat,4,6,40,Missed Shot,Jump Shot,3PT Field Goal,Right Corner 3,Right Side(R),24+ ft.,22,222,6,1,0,20190223,MIA,DET
Shot Chart Detail,0021800888,616,1627884,Derrick Jones Jr.,1610612748,Miami Heat,4,1,52,Missed Shot,Driving Dunk Shot,2PT Field Goal,Restricted Area,Center(C),Less Than 8 ft.,0,5,6,1,0,20190223,MIA,DET
Shot Chart Detail,0021800915,84,1627884,Derrick Jones Jr.,1610612748,Miami Heat,1,5,39,Missed Shot,Step Back Jump shot,3PT Field Goal,Left Corner 3,Left Side(L),24+ ft.,23,-230,5,1,0,20190227,MIA,GSW
Shot Chart Detail,0021800915,463,1627884,Derrick Jones Jr.,1610612748,Miami Heat,3,3,27,Missed Shot,Driving Layup Shot,2PT Field Goal,Restricted Area,Center(C),Less Than 8 ft.,2,-7,21,1,0,20190227,MIA,GSW
Shot Chart Detail,0021800915,505,1627884,Derrick Jones Jr.,1610612748,Miami Heat,3,1,13,Made Shot,Putback Layup Shot,2PT Field Goal,Restricted Area,Center(C),Less Than 8 ft.,0,0,5,1,1,20190227,MIA,GSW
Shot Chart Detail,0021800915,579,1627884,Derrick Jones Jr.,1610612748,Miami Heat,4,8,11,Missed Shot,Jump Shot,2PT Field Goal,Restricted Area,Center(C),Less Than 8 ft.,3,29,20,1,0,20190227,MIA,GSW
Shot Chart Detail,0021800915,581,1627884,Derrick Jones Jr.,1610612748,Miami Heat,4,7,50,Missed Shot,Jump Shot,2PT Field Goal,Restricted Area,Center(C),Less Than 8 ft.,2,-25,15,1,0,20190227,MIA,GSW
Shot Chart Detail,0021800925,147,1627884,Derrick Jones Jr.,1610612748,Miami Heat,2,11,24,Missed Shot,Running Layup Shot,2PT Field Goal,Mid-Range,Right Side Center(RC),16-24 ft.,21,136,165,1,0,20190228,HOU,MIA
Shot Chart Detail,0021800925,454,1627884,Derrick Jones Jr.,1610612748,Miami Heat,3,1,7,Made Shot,Tip Dunk Shot,2PT Field Goal,Restricted Area,Center(C),Less Than 8 ft.,0,0,-6,1,1,20190228,HOU,MIA
Shot Chart Detail,0021800937,160,1627884,Derrick Jones Jr.,1610612748,Miami Heat,2,11,40,Made Shot,Jump Shot,3PT Field Goal,Left Corner 3,Left Side(L),24+ ft.,23,-232,-3,1,1,20190302,MIA,BKN
Shot Chart Detail,0021800937,167,1627884,Derrick Jones Jr.,1610612748,Miami Heat,2,11,10,Made Shot,Cutting Dunk Shot,2PT Field Goal,Restricted Area,Center(C),Less Than 8 ft.,1,-12,8,1,1,20190302,MIA,BKN
Shot Chart Detail,0021800937,183,1627884,Derrick Jones Jr.,1610612748,Miami Heat,2,9,29,Made Shot,Jump Shot,3PT Field Goal,Left Corner 3,Left Side(L),24+ ft.,23,-231,18,1,1,20190302,MIA,BKN
Shot Chart Detail,0021800937,426,1627884,Derrick Jones Jr.,1610612748,Miami Heat,3,4,22,Made Shot,Jump Bank Shot,2PT Field Goal,Restricted Area,Center(C),Less Than 8 ft.,3,-31,16,1,1,20190302,MIA,BKN
Shot Chart Detail,0021800937,430,1627884,Derrick Jones Jr.,1610612748,Miami Heat,3,3,48,Made Shot,Layup Shot,2PT Field Goal,Restricted Area,Center(C),Less Than 8 ft.,1,-13,9,1,1,20190302,MIA,BKN
Shot Chart Detail,0021800937,439,1627884,Derrick Jones Jr.,1610612748,Miami Heat,3,3,26,Made Shot,Cutting Finger Roll Layup Shot,2PT Field Goal,Restricted Area,Center(C),Less Than 8 ft.,1,-4,16,1,1,20190302,MIA,BKN
Shot Chart Detail,0021800937,451,1627884,Derrick Jones Jr.,1610612748,Miami Heat,3,2,15,Missed Shot,Jump Shot,3PT Field Goal,Left Corner 3,Left Side(L),24+ ft.,23,-227,43,1,0,20190302,MIA,BKN
Shot Chart Detail,0021800937,486,1627884,Derrick Jones Jr.,1610612748,Miami Heat,3,0,1,Missed Shot,Pullup Jump shot,3PT Field Goal,Above the Break 3,Center(C),24+ ft.,24,-60,242,1,0,20190302,MIA,BKN
Shot Chart Detail,0021800937,535,1627884,Derrick Jones Jr.,1610612748,Miami Heat,4,9,6,Made Shot,Cutting Finger Roll Layup Shot,2PT Field Goal,Restricted Area,Center(C),Less Than 8 ft.,3,-26,19,1,1,20190302,MIA,BKN
Shot Chart Detail,0021800937,555,1627884,Derrick Jones Jr.,1610612748,Miami Heat,4,7,50,Missed Shot,Driving Layup Shot,2PT Field Goal,Restricted Area,Center(C),Less Than 8 ft.,1,11,11,1,0,20190302,MIA,BKN
Shot Chart Detail,0021800953,139,1627884,Derrick Jones Jr.,1610612748,Miami Heat,1,2,3,Missed Shot,Jump Shot,3PT Field Goal,Left Corner 3,Left Side(L),24+ ft.,22,-225,21,1,0,20190304,MIA,ATL
Shot Chart Detail,0021800953,143,1627884,Derrick Jones Jr.,1610612748,Miami Heat,1,1,38,Made Shot,Running Dunk Shot,2PT Field Goal,Restricted Area,Center(C),Less Than 8 ft.,1,5,16,1,1,20190304,MIA,ATL
Shot Chart Detail,0021800953,149,1627884,Derrick Jones Jr.,1610612748,Miami Heat,1,1,3,Made Shot,Tip Dunk Shot,2PT Field Goal,Restricted Area,Center(C),Less Than 8 ft.,0,0,-6,1,1,20190304,MIA,ATL
Shot Chart Detail,0021800953,577,1627884,Derrick Jones Jr.,1610612748,Miami Heat,4,8,38,Made Shot,Alley Oop Dunk Shot,2PT Field Goal,Restricted Area,Center(C),Less Than 8 ft.,1,-9,5,1,1,20190304,MIA,ATL
Shot Chart Detail,0021800965,178,1627884,Derrick Jones Jr.,1610612748,Miami Heat,2,9,24,Made Shot,Putback Layup Shot,2PT Field Goal,Restricted Area,Center(C),Less Than 8 ft.,0,0,-6,1,1,20190306,CHA,MIA
Shot Chart Detail,0021800965,176,1627884,Derrick Jones Jr.,1610612748,Miami Heat,2,9,24,Missed Shot,Tip Layup Shot,2PT Field Goal,Restricted Area,Center(C),Less Than 8 ft.,0,0,-6,1,0,20190306,CHA,MIA
Shot Chart Detail,0021800979,87,1627884,Derrick Jones Jr.,1610612748,Miami Heat,1,3,47,Made Shot,Cutting Layup Shot,2PT Field Goal,Restricted Area,Center(C),Less Than 8 ft.,3,-19,31,1,1,20190308,MIA,CLE
Shot Chart Detail,0021800979,483,1627884,Derrick Jones Jr.,1610612748,Miami Heat,4,10,27,Missed Shot,Jump Shot,3PT Field Goal,Left Corner 3,Left Side(L),24+ ft.,23,-233,15,1,0,20190308,MIA,CLE
Shot Chart Detail,0021800979,544,1627884,Derrick Jones Jr.,1610612748,Miami Heat,4,6,15,Made Shot,Jump Shot,2PT Field Goal,Mid-Range,Right Side(R),8-16 ft.,15,116,103,1,1,20190308,MIA,CLE
Shot Chart Detail,0021800979,559,1627884,Derrick Jones Jr.,1610612748,Miami Heat,4,5,15,Missed Shot,Jump Shot,2PT Field Goal,In The Paint (Non-RA),Center(C),Less Than 8 ft.,5,-25,48,1,0,20190308,MIA,CLE
Shot Chart Detail,0021800979,591,1627884,Derrick Jones Jr.,1610612748,Miami Heat,4,3,20,Made Shot,Jump Shot,3PT Field Goal,Right Corner 3,Right Side(R),24+ ft.,23,236,40,1,1,20190308,MIA,CLE
Shot Chart Detail,0021800979,595,1627884,Derrick Jones Jr.,1610612748,Miami Heat,4,3,10,Missed Shot,Cutting Dunk Shot,2PT Field Goal,Restricted Area,Center(C),Less Than 8 ft.,2,7,25,1,0,20190308,MIA,CLE
Shot Chart Detail,0021800993,145,1627884,Derrick Jones Jr.,1610612748,Miami Heat,1,0,39,Missed Shot,Driving Layup Shot,2PT Field Goal,Restricted Area,Center(C),Less Than 8 ft.,1,-9,8,1,0,20190310,MIA,TOR
Shot Chart Detail,0021800993,189,1627884,Derrick Jones Jr.,1610612748,Miami Heat,2,9,33,Made Shot,Dunk Shot,2PT Field Goal,Restricted Area,Center(C),Less Than 8 ft.,1,-9,13,1,1,20190310,MIA,TOR
Shot Chart Detail,0021800993,643,1627884,Derrick Jones Jr.,1610612748,Miami Heat,4,3,29,Missed Shot,Jump Shot,3PT Field Goal,Above the Break 3,Right Side Center(RC),24+ ft.,24,204,144,1,0,20190310,MIA,TOR
Shot Chart Detail,0021800993,649,1627884,Derrick Jones Jr.,1610612748,Miami Heat,4,2,52,Made Shot,Alley Oop Dunk Shot,2PT Field Goal,Restricted Area,Center(C),Less Than 8 ft.,1,14,0,1,1,20190310,MIA,TOR
Shot Chart Detail,0021801014,160,1627884,Derrick Jones Jr.,1610612748,Miami Heat,2,11,30,Missed Shot,Turnaround Jump Shot,2PT Field Goal,In The Paint (Non-RA),Center(C),Less Than 8 ft.,6,5,62,1,0,20190313,MIA,DET
Shot Chart Detail,0021801014,250,1627884,Derrick Jones Jr.,1610612748,Miami Heat,2,4,34,Made Shot,Jump Shot,3PT Field Goal,Right Corner 3,Right Side(R),24+ ft.,23,231,42,1,1,20190313,MIA,DET
Shot Chart Detail,0021801014,481,1627884,Derrick Jones Jr.,1610612748,Miami Heat,3,0,33,Missed Shot,Jump Shot,3PT Field Goal,Above the Break 3,Left Side Center(LC),24+ ft.,25,-127,226,1,0,20190313,MIA,DET
Shot Chart Detail,0021801014,498,1627884,Derrick Jones Jr.,1610612748,Miami Heat,4,11,13,Missed Shot,Driving Layup Shot,2PT Field Goal,Restricted Area,Center(C),Less Than 8 ft.,1,6,8,1,0,20190313,MIA,DET
Shot Chart Detail,0021801014,523,1627884,Derrick Jones Jr.,1610612748,Miami Heat,4,9,8,Made Shot,Running Alley Oop Dunk Shot,2PT Field Goal,Restricted Area,Center(C),Less Than 8 ft.,1,9,7,1,1,20190313,MIA,DET
Shot Chart Detail,0021801014,564,1627884,Derrick Jones Jr.,1610612748,Miami Heat,4,6,15,Missed Shot,Jump Shot,3PT Field Goal,Right Corner 3,Right Side(R),24+ ft.,23,231,29,1,0,20190313,MIA,DET
Shot Chart Detail,0021801014,632,1627884,Derrick Jones Jr.,1610612748,Miami Heat,4,0,5,Made Shot,Tip Layup Shot,2PT Field Goal,Restricted Area,Center(C),Less Than 8 ft.,0,0,-6,1,1,20190313,MIA,DET
Shot Chart Detail,0021801029,190,1627884,Derrick Jones Jr.,1610612748,Miami Heat,2,9,27,Made Shot,Reverse Layup Shot,2PT Field Goal,Restricted Area,Center(C),Less Than 8 ft.,0,8,0,1,1,20190315,MIA,MIL
Shot Chart Detail,0021801029,472,1627884,Derrick Jones Jr.,1610612748,Miami Heat,3,4,3,Missed Shot,Jump Shot,3PT Field Goal,Right Corner 3,Right Side(R),24+ ft.,23,231,-13,1,0,20190315,MIA,MIL
Shot Chart Detail,0021801029,481,1627884,Derrick Jones Jr.,1610612748,Miami Heat,3,3,49,Missed Shot,Jump Shot,3PT Field Goal,Right Corner 3,Right Side(R),24+ ft.,23,232,32,1,0,20190315,MIA,MIL
Shot Chart Detail,0021801029,515,1627884,Derrick Jones Jr.,1610612748,Miami Heat,3,2,15,Missed Shot,Running Layup Shot,2PT Field Goal,Restricted Area,Center(C),Less Than 8 ft.,1,-11,8,1,0,20190315,MIA,MIL
Shot Chart Detail,0021801029,517,1627884,Derrick Jones Jr.,1610612748,Miami Heat,3,2,12,Made Shot,Putback Dunk Shot,2PT Field Goal,Restricted Area,Center(C),Less Than 8 ft.,1,0,14,1,1,20190315,MIA,MIL
Shot Chart Detail,0021801029,712,1627884,Derrick Jones Jr.,1610612748,Miami Heat,4,0,49,Made Shot,Tip Dunk Shot,2PT Field Goal,Restricted Area,Center(C),Less Than 8 ft.,0,0,-6,1,1,20190315,MIA,MIL
Shot Chart Detail,0021801045,45,1627884,Derrick Jones Jr.,1610612748,Miami Heat,1,8,23,Missed Shot,Cutting Layup Shot,2PT Field Goal,Restricted Area,Center(C),Less Than 8 ft.,1,-14,10,1,0,20190317,MIA,CHA
Shot Chart Detail,0021801045,49,1627884,Derrick Jones Jr.,1610612748,Miami Heat,1,7,48,Missed Shot,Jump Shot,3PT Field Goal,Left Corner 3,Left Side(L),24+ ft.,23,-234,4,1,0,20190317,MIA,CHA
Shot Chart Detail,0021801045,78,1627884,Derrick Jones Jr.,1610612748,Miami Heat,1,5,15,Made Shot,Jump Shot,3PT Field Goal,Left Corner 3,Left Side(L),24+ ft.,23,-230,-23,1,1,20190317,MIA,CHA
Shot Chart Detail,0021801045,294,1627884,Derrick Jones Jr.,1610612748,Miami Heat,2,3,29,Made Shot,Driving Floating Jump Shot,2PT Field Goal,Restricted Area,Center(C),Less Than 8 ft.,2,17,11,1,1,20190317,MIA,CHA
Shot Chart Detail,0021801045,362,1627884,Derrick Jones Jr.,1610612748,Miami Heat,3,11,40,Missed Shot,Driving Layup Shot,2PT Field Goal,Restricted Area,Center(C),Less Than 8 ft.,2,-3,20,1,0,20190317,MIA,CHA
Shot Chart Detail,0021801045,421,1627884,Derrick Jones Jr.,1610612748,Miami Heat,3,7,5,Missed Shot,Cutting Layup Shot,2PT Field Goal,Restricted Area,Center(C),Less Than 8 ft.,0,4,0,1,0,20190317,MIA,CHA
Shot Chart Detail,0021801054,12,1627884,Derrick Jones Jr.,1610612748,Miami Heat,1,10,43,Missed Shot,Jump Shot,3PT Field Goal,Left Corner 3,Left Side(L),24+ ft.,23,-229,38,1,0,20190318,OKC,MIA
Shot Chart Detail,0021801054,18,1627884,Derrick Jones Jr.,1610612748,Miami Heat,1,10,11,Missed Shot,Pullup Jump shot,2PT Field Goal,In The Paint (Non-RA),Left Side(L),8-16 ft.,12,-65,102,1,0,20190318,OKC,MIA
Shot Chart Detail,0021801054,98,1627884,Derrick Jones Jr.,1610612748,Miami Heat,1,4,34,Made Shot,Cutting Dunk Shot,2PT Field Goal,Restricted Area,Center(C),Less Than 8 ft.,0,-3,6,1,1,20190318,OKC,MIA
Shot Chart Detail,0021801054,217,1627884,Derrick Jones Jr.,1610612748,Miami Heat,2,9,2,Missed Shot,Driving Layup Shot,2PT Field Goal,Restricted Area,Center(C),Less Than 8 ft.,2,-17,23,1,0,20190318,OKC,MIA
Shot Chart Detail,0021801054,223,1627884,Derrick Jones Jr.,1610612748,Miami Heat,2,8,58,Made Shot,Alley Oop Dunk Shot,2PT Field Goal,Restricted Area,Center(C),Less Than 8 ft.,1,0,13,1,1,20190318,OKC,MIA
Shot Chart Detail,0021801054,229,1627884,Derrick Jones Jr.,1610612748,Miami Heat,2,8,13,Made Shot,Cutting Layup Shot,2PT Field Goal,Restricted Area,Center(C),Less Than 8 ft.,2,-9,25,1,1,20190318,OKC,MIA
Shot Chart Detail,0021801054,242,1627884,Derrick Jones Jr.,1610612748,Miami Heat,2,7,18,Missed Shot,Jump Shot,3PT Field Goal,Right Corner 3,Right Side(R),24+ ft.,22,228,11,1,0,20190318,OKC,MIA
Shot Chart Detail,0021801054,251,1627884,Derrick Jones Jr.,1610612748,Miami Heat,2,6,1,Made Shot,Cutting Layup Shot,2PT Field Goal,Restricted Area,Center(C),Less Than 8 ft.,1,11,6,1,1,20190318,OKC,MIA
Shot Chart Detail,0021801054,259,1627884,Derrick Jones Jr.,1610612748,Miami Heat,2,5,9,Missed Shot,Driving Layup Shot,2PT Field Goal,In The Paint (Non-RA),Center(C),Less Than 8 ft.,4,5,47,1,0,20190318,OKC,MIA
Shot Chart Detail,0021801054,360,1627884,Derrick Jones Jr.,1610612748,Miami Heat,3,10,20,Missed Shot,Cutting Dunk Shot,2PT Field Goal,Restricted Area,Center(C),Less Than 8 ft.,0,-3,5,1,0,20190318,OKC,MIA
Shot Chart Detail,0021801054,374,1627884,Derrick Jones Jr.,1610612748,Miami Heat,3,9,32,Missed Shot,Running Layup Shot,2PT Field Goal,Restricted Area,Center(C),Less Than 8 ft.,1,1,10,1,0,20190318,OKC,MIA
Shot Chart Detail,0021801071,11,1627884,Derrick Jones Jr.,1610612748,Miami Heat,1,11,15,Missed Shot,Jump Shot,3PT Field Goal,Above the Break 3,Center(C),24+ ft.,24,7,248,1,0,20190320,SAS,MIA
Shot Chart Detail,0021801071,34,1627884,Derrick Jones Jr.,1610612748,Miami Heat,1,9,0,Made Shot,Jump Shot,3PT Field Goal,Left Corner 3,Left Side(L),24+ ft.,22,-222,-6,1,1,20190320,SAS,MIA
Shot Chart Detail,0021801071,52,1627884,Derrick Jones Jr.,1610612748,Miami Heat,1,7,16,Missed Shot,Driving Finger Roll Layup Shot,2PT Field Goal,In The Paint (Non-RA),Center(C),Less Than 8 ft.,6,-62,32,1,0,20190320,SAS,MIA
Shot Chart Detail,0021801071,123,1627884,Derrick Jones Jr.,1610612748,Miami Heat,1,1,29,Missed Shot,Alley Oop Layup shot,2PT Field Goal,Restricted Area,Center(C),Less Than 8 ft.,2,3,25,1,0,20190320,SAS,MIA
Shot Chart Detail,0021801071,253,1627884,Derrick Jones Jr.,1610612748,Miami Heat,2,5,47,Missed Shot,Jump Shot,3PT Field Goal,Right Corner 3,Right Side(R),24+ ft.,22,225,14,1,0,20190320,SAS,MIA
Shot Chart Detail,0021801071,412,1627884,Derrick Jones Jr.,1610612748,Miami Heat,3,4,32,Missed Shot,Jump Shot,3PT Field Goal,Left Corner 3,Left Side(L),24+ ft.,23,-230,2,1,0,20190320,SAS,MIA
Shot Chart Detail,0021801071,536,1627884,Derrick Jones Jr.,1610612748,Miami Heat,4,6,41,Missed Shot,Cutting Layup Shot,2PT Field Goal,In The Paint (Non-RA),Center(C),Less Than 8 ft.,4,-4,43,1,0,20190320,SAS,MIA
Shot Chart Detail,0021801085,26,1627884,Derrick Jones Jr.,1610612748,Miami Heat,1,9,45,Made Shot,Jump Shot,3PT Field Goal,Above the Break 3,Left Side Center(LC),24+ ft.,27,-148,232,1,1,20190322,MIL,MIA
Shot Chart Detail,0021801085,41,1627884,Derrick Jones Jr.,1610612748,Miami Heat,1,8,4,Made Shot,Tip Layup Shot,2PT Field Goal,Restricted Area,Center(C),Less Than 8 ft.,1,-6,8,1,1,20190322,MIL,MIA
Shot Chart Detail,0021801085,45,1627884,Derrick Jones Jr.,1610612748,Miami Heat,1,7,28,Missed Shot,Jump Shot,3PT Field Goal,Right Corner 3,Right Side(R),24+ ft.,22,223,37,1,0,20190322,MIL,MIA
Shot Chart Detail,0021801085,53,1627884,Derrick Jones Jr.,1610612748,Miami Heat,1,6,55,Missed Shot,Jump Shot,3PT Field Goal,Above the Break 3,Right Side Center(RC),24+ ft.,25,109,231,1,0,20190322,MIL,MIA
Shot Chart Detail,0021801085,97,1627884,Derrick Jones Jr.,1610612748,Miami Heat,1,3,24,Made Shot,Layup Shot,2PT Field Goal,Restricted Area,Center(C),Less Than 8 ft.,2,-7,25,1,1,20190322,MIL,MIA
Shot Chart Detail,0021801085,416,1627884,Derrick Jones Jr.,1610612748,Miami Heat,3,6,8,Made Shot,Jump Shot,3PT Field Goal,Left Corner 3,Left Side(L),24+ ft.,22,-225,36,1,1,20190322,MIL,MIA
Shot Chart Detail,0021801085,437,1627884,Derrick Jones Jr.,1610612748,Miami Heat,3,4,47,Missed Shot,Jump Shot,3PT Field Goal,Left Corner 3,Left Side(L),24+ ft.,23,-225,61,1,0,20190322,MIL,MIA
Shot Chart Detail,0021801085,687,1627884,Derrick Jones Jr.,1610612748,Miami Heat,4,0,55,Missed Shot,Jump Shot,3PT Field Goal,Left Corner 3,Left Side(L),24+ ft.,23,-222,80,1,0,20190322,MIL,MIA
Shot Chart Detail,0021801089,20,1627884,Derrick Jones Jr.,1610612748,Miami Heat,1,10,44,Missed Shot,Tip Layup Shot,2PT Field Goal,Restricted Area,Center(C),Less Than 8 ft.,3,18,27,1,0,20190323,WAS,MIA
Shot Chart Detail,0021801089,64,1627884,Derrick Jones Jr.,1610612748,Miami Heat,1,6,34,Missed Shot,Jump Shot,3PT Field Goal,Above the Break 3,Right Side Center(RC),24+ ft.,25,204,158,1,0,20190323,WAS,MIA
Shot Chart Detail,0021801089,69,1627884,Derrick Jones Jr.,1610612748,Miami Heat,1,5,51,Made Shot,Dunk Shot,2PT Field Goal,Restricted Area,Center(C),Less Than 8 ft.,1,-3,17,1,1,20190323,WAS,MIA
Shot Chart Detail,0021801089,240,1627884,Derrick Jones Jr.,1610612748,Miami Heat,2,6,44,Missed Shot,Finger Roll Layup Shot,2PT Field Goal,Restricted Area,Center(C),Less Than 8 ft.,2,3,27,1,0,20190323,WAS,MIA
Shot Chart Detail,0021801089,251,1627884,Derrick Jones Jr.,1610612748,Miami Heat,2,5,45,Missed Shot,Jump Shot,3PT Field Goal,Above the Break 3,Right Side Center(RC),24+ ft.,28,147,239,1,0,20190323,WAS,MIA
Shot Chart Detail,0021801109,17,1627884,Derrick Jones Jr.,1610612748,Miami Heat,1,10,24,Made Shot,Layup Shot,2PT Field Goal,Restricted Area,Center(C),Less Than 8 ft.,2,16,13,1,1,20190326,MIA,ORL
Shot Chart Detail,0021801109,47,1627884,Derrick Jones Jr.,1610612748,Miami Heat,1,8,8,Missed Shot,Jump Shot,2PT Field Goal,In The Paint (Non-RA),Center(C),8-16 ft.,10,30,98,1,0,20190326,MIA,ORL
Shot Chart Detail,0021801109,72,1627884,Derrick Jones Jr.,1610612748,Miami Heat,1,5,47,Missed Shot,Driving Layup Shot,2PT Field Goal,Restricted Area,Center(C),Less Than 8 ft.,1,-6,14,1,0,20190326,MIA,ORL
Shot Chart Detail,0021801109,74,1627884,Derrick Jones Jr.,1610612748,Miami Heat,1,5,44,Missed Shot,Tip Layup Shot,2PT Field Goal,Restricted Area,Center(C),Less Than 8 ft.,0,0,-6,1,0,20190326,MIA,ORL
Shot Chart Detail,0021801109,76,1627884,Derrick Jones Jr.,1610612748,Miami Heat,1,5,42,Made Shot,Tip Layup Shot,2PT Field Goal,Restricted Area,Center(C),Less Than 8 ft.,0,0,-6,1,1,20190326,MIA,ORL
Shot Chart Detail,0021801109,254,1627884,Derrick Jones Jr.,1610612748,Miami Heat,2,4,4,Made Shot,Driving Dunk Shot,2PT Field Goal,Restricted Area,Center(C),Less Than 8 ft.,1,-10,8,1,1,20190326,MIA,ORL
Shot Chart Detail,0021801109,583,1627884,Derrick Jones Jr.,1610612748,Miami Heat,4,3,36,Made Shot,Driving Layup Shot,2PT Field Goal,Restricted Area,Center(C),Less Than 8 ft.,2,-22,10,1,1,20190326,MIA,ORL
Shot Chart Detail,0021801124,7,1627884,Derrick Jones Jr.,1610612748,Miami Heat,1,11,45,Made Shot,Alley Oop Dunk Shot,2PT Field Goal,Restricted Area,Center(C),Less Than 8 ft.,1,1,11,1,1,20190328,MIA,DAL
Shot Chart Detail,0021801124,19,1627884,Derrick Jones Jr.,1610612748,Miami Heat,1,10,8,Missed Shot,Jump Shot,3PT Field Goal,Above the Break 3,Right Side Center(RC),24+ ft.,25,149,210,1,0,20190328,MIA,DAL
Shot Chart Detail,0021801124,23,1627884,Derrick Jones Jr.,1610612748,Miami Heat,1,9,45,Made Shot,Cutting Layup Shot,2PT Field Goal,Restricted Area,Center(C),Less Than 8 ft.,0,5,-6,1,1,20190328,MIA,DAL
Shot Chart Detail,0021801124,291,1627884,Derrick Jones Jr.,1610612748,Miami Heat,2,2,13,Made Shot,Alley Oop Dunk Shot,2PT Field Goal,Restricted Area,Center(C),Less Than 8 ft.,1,6,10,1,1,20190328,MIA,DAL
Shot Chart Detail,0021801124,413,1627884,Derrick Jones Jr.,1610612748,Miami Heat,3,5,13,Missed Shot,Jump Shot,3PT Field Goal,Left Corner 3,Left Side(L),24+ ft.,23,-234,44,1,0,20190328,MIA,DAL
Shot Chart Detail,0021801124,421,1627884,Derrick Jones Jr.,1610612748,Miami Heat,3,4,42,Missed Shot,Jump Shot,3PT Field Goal,Right Corner 3,Right Side(R),24+ ft.,23,231,7,1,0,20190328,MIA,DAL
Shot Chart Detail,0021801141,62,1627884,Derrick Jones Jr.,1610612748,Miami Heat,1,6,47,Made Shot,Layup Shot,2PT Field Goal,Restricted Area,Center(C),Less Than 8 ft.,2,-3,26,1,1,20190330,NYK,MIA
Shot Chart Detail,0021801153,18,1627884,Derrick Jones Jr.,1610612748,Miami Heat,1,10,21,Missed Shot,Jump Shot,3PT Field Goal,Left Corner 3,Left Side(L),24+ ft.,23,-231,-5,1,0,20190401,BOS,MIA
Shot Chart Detail,0021801195,259,1627884,Derrick Jones Jr.,1610612748,Miami Heat,2,4,41,Missed Shot,Driving Finger Roll Layup Shot,2PT Field Goal,Restricted Area,Center(C),Less Than 8 ft.,1,16,8,1,0,20190407,TOR,MIA
Shot Chart Detail,0021801212,246,1627884,Derrick Jones Jr.,1610612748,Miami Heat,2,4,58,Made Shot,Cutting Dunk Shot,2PT Field Goal,Restricted Area,Center(C),Less Than 8 ft.,0,-2,6,1,1,20190409,MIA,PHI
Shot Chart Detail,0021801212,651,1627884,Derrick Jones Jr.,1610612748,Miami Heat,4,0,52,Made Shot,Dunk Shot,2PT Field Goal,Restricted Area,Center(C),Less Than 8 ft.,1,4,12,1,1,20190409,MIA,PHI
Shot Chart Detail,0021801221,183,1627884,Derrick Jones Jr.,1610612748,Miami Heat,2,11,17,Missed Shot,Jump Shot,3PT Field Goal,Left Corner 3,Left Side(L),24+ ft.,23,-233,37,1,0,20190410,BKN,MIA
Shot Chart Detail,0021801221,217,1627884,Derrick Jones Jr.,1610612748,Miami Heat,2,8,39,Missed Shot,Turnaround Fadeaway shot,2PT Field Goal,Mid-Range,Left Side(L),8-16 ft.,8,-84,9,1,0,20190410,BKN,MIA
Shot Chart Detail,0021801221,251,1627884,Derrick Jones Jr.,1610612748,Miami Heat,2,5,42,Made Shot,Putback Dunk Shot,2PT Field Goal,Restricted Area,Center(C),Less Than 8 ft.,0,0,-6,1,1,20190410,BKN,MIA
Shot Chart Detail,0021801221,258,1627884,Derrick Jones Jr.,1610612748,Miami Heat,2,5,3,Missed Shot,Driving Dunk Shot,2PT Field Goal,Restricted Area,Center(C),Less Than 8 ft.,1,13,11,1,0,20190410,BKN,MIA
Shot Chart Detail,0021801221,280,1627884,Derrick Jones Jr.,1610612748,Miami Heat,2,3,49,Made Shot,Driving Dunk Shot,2PT Field Goal,Restricted Area,Center(C),Less Than 8 ft.,1,5,15,1,1,20190410,BKN,MIA
Shot Chart Detail,0021801221,328,1627884,Derrick Jones Jr.,1610612748,Miami Heat,2,0,29,Made Shot,Alley Oop Dunk Shot,2PT Field Goal,Restricted Area,Center(C),Less Than 8 ft.,2,13,16,1,1,20190410,BKN,MIA
Shot Chart Detail,0021801221,534,1627884,Derrick Jones Jr.,1610612748,Miami Heat,4,8,15,Made Shot,Alley Oop Dunk Shot,2PT Field Goal,Restricted Area,Center(C),Less Than 8 ft.,0,-3,8,1,1,20190410,BKN,MIA
Shot Chart Detail,0021801221,587,1627884,Derrick Jones Jr.,1610612748,Miami Heat,4,4,24,Missed Shot,Driving Dunk Shot,2PT Field Goal,Restricted Area,Center(C),Less Than 8 ft.,2,6,20,1,0,20190410,BKN,MIA
Shot Chart Detail,0021801221,600,1627884,Derrick Jones Jr.,1610612748,Miami Heat,4,3,19,Made Shot,Running Reverse Dunk Shot,2PT Field Goal,Restricted Area,Center(C),Less Than 8 ft.,1,8,13,1,1,20190410,BKN,MIA
