GRID_TYPE,GAME_ID,GAME_EVENT_ID,PLAYER_ID,PLAYER_NAME,TEAM_ID,TEAM_NAME,PERIOD,MINUTES_REMAINING,SECONDS_REMAINING,EVENT_TYPE,ACTION_TYPE,SHOT_TYPE,SHOT_ZONE_BASIC,SHOT_ZONE_AREA,SHOT_ZONE_RANGE,SHOT_DISTANCE,LOC_X,LOC_Y,SHOT_ATTEMPTED_FLAG,SHOT_MADE_FLAG,GAME_DATE,HTM,VTM
Shot Chart Detail,0021800070,684,1627820,Tyrone Wallace,1610612746,LA Clippers,4,0,54,Made Shot,Driving Floating Jump Shot,2PT Field Goal,In The Paint (Non-RA),Center(C),Less Than 8 ft.,6,24,60,1,1,20181026,HOU,LAC
Shot Chart Detail,0021800086,617,1627820,Tyrone Wallace,1610612746,LA Clippers,4,3,14,Missed Shot,Cutting Finger Roll Layup Shot,2PT Field Goal,Restricted Area,Center(C),Less Than 8 ft.,2,10,23,1,0,20181028,LAC,WAS
Shot Chart Detail,0021800086,638,1627820,Tyrone Wallace,1610612746,LA Clippers,4,2,5,Missed Shot,Driving Layup Shot,2PT Field Goal,Restricted Area,Center(C),Less Than 8 ft.,3,31,5,1,0,20181028,LAC,WAS
Shot Chart Detail,0021800086,649,1627820,Tyrone Wallace,1610612746,LA Clippers,4,1,17,Made Shot,Running Layup Shot,2PT Field Goal,Restricted Area,Center(C),Less Than 8 ft.,1,4,10,1,1,20181028,LAC,WAS
Shot Chart Detail,0021800086,654,1627820,Tyrone Wallace,1610612746,LA Clippers,4,0,58,Missed Shot,Running Layup Shot,2PT Field Goal,Restricted Area,Center(C),Less Than 8 ft.,2,-16,18,1,0,20181028,LAC,WAS
Shot Chart Detail,0021800117,617,1627820,Tyrone Wallace,1610612746,LA Clippers,4,3,4,Missed Shot,Pullup Jump shot,2PT Field Goal,Mid-Range,Right Side Center(RC),16-24 ft.,16,70,145,1,0,20181102,ORL,LAC
Shot Chart Detail,0021800117,634,1627820,Tyrone Wallace,1610612746,LA Clippers,4,1,50,Made Shot,Floating Jump shot,2PT Field Goal,In The Paint (Non-RA),Left Side(L),8-16 ft.,9,-54,83,1,1,20181102,ORL,LAC
Shot Chart Detail,0021800117,646,1627820,Tyrone Wallace,1610612746,LA Clippers,4,0,23,Made Shot,Floating Jump shot,2PT Field Goal,In The Paint (Non-RA),Center(C),Less Than 8 ft.,6,24,61,1,1,20181102,ORL,LAC
Shot Chart Detail,0021800175,187,1627820,Tyrone Wallace,1610612746,LA Clippers,2,10,19,Made Shot,Driving Layup Shot,2PT Field Goal,In The Paint (Non-RA),Center(C),Less Than 8 ft.,4,-14,42,1,1,20181110,LAC,MIL
Shot Chart Detail,0021800175,508,1627820,Tyrone Wallace,1610612746,LA Clippers,3,0,30,Missed Shot,Running Layup Shot,2PT Field Goal,Restricted Area,Center(C),Less Than 8 ft.,1,3,17,1,0,20181110,LAC,MIL
Shot Chart Detail,0021800175,536,1627820,Tyrone Wallace,1610612746,LA Clippers,4,11,8,Made Shot,Driving Floating Jump Shot,2PT Field Goal,Restricted Area,Center(C),Less Than 8 ft.,3,0,38,1,1,20181110,LAC,MIL
Shot Chart Detail,0021800175,548,1627820,Tyrone Wallace,1610612746,LA Clippers,4,10,24,Missed Shot,Running Layup Shot,2PT Field Goal,Restricted Area,Center(C),Less Than 8 ft.,1,-4,17,1,0,20181110,LAC,MIL
Shot Chart Detail,0021800198,178,1627820,Tyrone Wallace,1610612746,LA Clippers,2,9,44,Made Shot,Running Layup Shot,2PT Field Goal,Restricted Area,Center(C),Less Than 8 ft.,2,22,1,1,1,20181112,LAC,GSW
Shot Chart Detail,0021800198,190,1627820,Tyrone Wallace,1610612746,LA Clippers,2,8,55,Missed Shot,Driving Layup Shot,2PT Field Goal,Restricted Area,Center(C),Less Than 8 ft.,1,16,11,1,0,20181112,LAC,GSW
Shot Chart Detail,0021800198,525,1627820,Tyrone Wallace,1610612746,LA Clippers,4,8,14,Missed Shot,Alley Oop Layup shot,2PT Field Goal,Restricted Area,Center(C),Less Than 8 ft.,0,6,6,1,0,20181112,LAC,GSW
Shot Chart Detail,0021800198,534,1627820,Tyrone Wallace,1610612746,LA Clippers,4,7,26,Missed Shot,Driving Layup Shot,2PT Field Goal,In The Paint (Non-RA),Center(C),Less Than 8 ft.,6,-30,57,1,0,20181112,LAC,GSW
Shot Chart Detail,0021800215,171,1627820,Tyrone Wallace,1610612746,LA Clippers,2,10,47,Missed Shot,Jump Shot,3PT Field Goal,Above the Break 3,Left Side Center(LC),24+ ft.,26,-170,201,1,0,20181115,LAC,SAS
Shot Chart Detail,0021800215,225,1627820,Tyrone Wallace,1610612746,LA Clippers,2,7,37,Made Shot,Driving Layup Shot,2PT Field Goal,Restricted Area,Center(C),Less Than 8 ft.,1,10,11,1,1,20181115,LAC,SAS
Shot Chart Detail,0021800215,462,1627820,Tyrone Wallace,1610612746,LA Clippers,3,3,13,Made Shot,Cutting Layup Shot,2PT Field Goal,Restricted Area,Center(C),Less Than 8 ft.,0,0,5,1,1,20181115,LAC,SAS
Shot Chart Detail,0021800215,469,1627820,Tyrone Wallace,1610612746,LA Clippers,3,2,7,Made Shot,Pullup Jump shot,2PT Field Goal,In The Paint (Non-RA),Left Side(L),8-16 ft.,11,-59,100,1,1,20181115,LAC,SAS
Shot Chart Detail,0021800215,519,1627820,Tyrone Wallace,1610612746,LA Clippers,4,10,52,Missed Shot,Running Layup Shot,2PT Field Goal,Restricted Area,Center(C),Less Than 8 ft.,3,17,26,1,0,20181115,LAC,SAS
Shot Chart Detail,0021800224,139,1627820,Tyrone Wallace,1610612746,LA Clippers,1,0,57,Missed Shot,Jump Shot,3PT Field Goal,Above the Break 3,Left Side Center(LC),24+ ft.,25,-113,224,1,0,20181117,BKN,LAC
Shot Chart Detail,0021800224,160,1627820,Tyrone Wallace,1610612746,LA Clippers,2,11,49,Missed Shot,Driving Layup Shot,2PT Field Goal,Restricted Area,Center(C),Less Than 8 ft.,3,29,22,1,0,20181117,BKN,LAC
Shot Chart Detail,0021800224,176,1627820,Tyrone Wallace,1610612746,LA Clippers,2,10,26,Made Shot,Running Layup Shot,2PT Field Goal,Restricted Area,Center(C),Less Than 8 ft.,1,9,9,1,1,20181117,BKN,LAC
Shot Chart Detail,0021800224,181,1627820,Tyrone Wallace,1610612746,LA Clippers,2,9,58,Missed Shot,Driving Layup Shot,2PT Field Goal,In The Paint (Non-RA),Center(C),Less Than 8 ft.,4,27,32,1,0,20181117,BKN,LAC
Shot Chart Detail,0021800224,196,1627820,Tyrone Wallace,1610612746,LA Clippers,2,8,53,Missed Shot,Pullup Jump shot,2PT Field Goal,In The Paint (Non-RA),Center(C),Less Than 8 ft.,7,-27,71,1,0,20181117,BKN,LAC
Shot Chart Detail,0021800224,214,1627820,Tyrone Wallace,1610612746,LA Clippers,2,7,9,Made Shot,Running Layup Shot,2PT Field Goal,Restricted Area,Center(C),Less Than 8 ft.,2,22,6,1,1,20181117,BKN,LAC
Shot Chart Detail,0021800224,473,1627820,Tyrone Wallace,1610612746,LA Clippers,3,1,8,Missed Shot,Driving Layup Shot,2PT Field Goal,Restricted Area,Center(C),Less Than 8 ft.,2,16,22,1,0,20181117,BKN,LAC
Shot Chart Detail,0021800224,476,1627820,Tyrone Wallace,1610612746,LA Clippers,3,0,57,Missed Shot,Jump Shot,3PT Field Goal,Right Corner 3,Right Side(R),24+ ft.,22,223,17,1,0,20181117,BKN,LAC
Shot Chart Detail,0021800224,489,1627820,Tyrone Wallace,1610612746,LA Clippers,3,0,32,Made Shot,Cutting Layup Shot,2PT Field Goal,Restricted Area,Center(C),Less Than 8 ft.,1,5,11,1,1,20181117,BKN,LAC
Shot Chart Detail,0021800243,161,1627820,Tyrone Wallace,1610612746,LA Clippers,1,0,0,Missed Shot,Jump Shot,3PT Field Goal,Above the Break 3,Center(C),24+ ft.,31,-68,305,1,0,20181119,ATL,LAC
Shot Chart Detail,0021800243,195,1627820,Tyrone Wallace,1610612746,LA Clippers,2,10,17,Made Shot,Pullup Jump shot,2PT Field Goal,In The Paint (Non-RA),Center(C),8-16 ft.,9,33,93,1,1,20181119,ATL,LAC
Shot Chart Detail,0021800243,225,1627820,Tyrone Wallace,1610612746,LA Clippers,2,8,32,Missed Shot,Jump Bank Shot,2PT Field Goal,Restricted Area,Center(C),Less Than 8 ft.,3,27,29,1,0,20181119,ATL,LAC
Shot Chart Detail,0021800249,197,1627820,Tyrone Wallace,1610612746,LA Clippers,2,9,0,Made Shot,Driving Layup Shot,2PT Field Goal,Restricted Area,Center(C),Less Than 8 ft.,2,-5,24,1,1,20181120,WAS,LAC
Shot Chart Detail,0021800349,168,1627820,Tyrone Wallace,1610612746,LA Clippers,2,11,23,Made Shot,Driving Layup Shot,2PT Field Goal,Restricted Area,Center(C),Less Than 8 ft.,1,-10,13,1,1,20181203,NOP,LAC
Shot Chart Detail,0021800349,192,1627820,Tyrone Wallace,1610612746,LA Clippers,2,8,48,Missed Shot,Cutting Layup Shot,2PT Field Goal,Restricted Area,Center(C),Less Than 8 ft.,1,16,4,1,0,20181203,NOP,LAC
Shot Chart Detail,0021800349,194,1627820,Tyrone Wallace,1610612746,LA Clippers,2,8,42,Made Shot,Putback Layup Shot,2PT Field Goal,Restricted Area,Center(C),Less Than 8 ft.,0,0,-6,1,1,20181203,NOP,LAC
Shot Chart Detail,0021800349,207,1627820,Tyrone Wallace,1610612746,LA Clippers,2,8,1,Made Shot,Pullup Jump shot,2PT Field Goal,Mid-Range,Right Side Center(RC),16-24 ft.,17,116,135,1,1,20181203,NOP,LAC
Shot Chart Detail,0021800349,234,1627820,Tyrone Wallace,1610612746,LA Clippers,2,6,21,Missed Shot,Cutting Layup Shot,2PT Field Goal,Restricted Area,Center(C),Less Than 8 ft.,3,-31,-4,1,0,20181203,NOP,LAC
Shot Chart Detail,0021800349,478,1627820,Tyrone Wallace,1610612746,LA Clippers,4,11,50,Made Shot,Floating Jump shot,2PT Field Goal,In The Paint (Non-RA),Center(C),Less Than 8 ft.,7,15,75,1,1,20181203,NOP,LAC
Shot Chart Detail,0021800386,156,1627820,Tyrone Wallace,1610612746,LA Clippers,1,0,37,Missed Shot,Fadeaway Jump Shot,2PT Field Goal,In The Paint (Non-RA),Right Side(R),8-16 ft.,10,55,89,1,0,20181208,LAC,MIA
Shot Chart Detail,0021800386,190,1627820,Tyrone Wallace,1610612746,LA Clippers,2,10,23,Missed Shot,Floating Jump shot,2PT Field Goal,In The Paint (Non-RA),Center(C),Less Than 8 ft.,4,36,31,1,0,20181208,LAC,MIA
Shot Chart Detail,0021800399,527,1627820,Tyrone Wallace,1610612746,LA Clippers,4,10,47,Missed Shot,Driving Layup Shot,2PT Field Goal,Restricted Area,Center(C),Less Than 8 ft.,3,31,15,1,0,20181210,PHX,LAC
Shot Chart Detail,0021800404,157,1627820,Tyrone Wallace,1610612746,LA Clippers,2,10,57,Missed Shot,Running Reverse Layup Shot,2PT Field Goal,Restricted Area,Center(C),Less Than 8 ft.,1,-14,0,1,0,20181211,LAC,TOR
Shot Chart Detail,0021800404,175,1627820,Tyrone Wallace,1610612746,LA Clippers,2,9,41,Made Shot,Cutting Layup Shot,2PT Field Goal,Restricted Area,Center(C),Less Than 8 ft.,1,12,14,1,1,20181211,LAC,TOR
Shot Chart Detail,0021800404,179,1627820,Tyrone Wallace,1610612746,LA Clippers,2,9,9,Made Shot,Pullup Jump shot,2PT Field Goal,Mid-Range,Right Side(R),8-16 ft.,8,82,9,1,1,20181211,LAC,TOR
Shot Chart Detail,0021800404,198,1627820,Tyrone Wallace,1610612746,LA Clippers,2,7,43,Made Shot,Floating Jump shot,2PT Field Goal,Mid-Range,Right Side(R),8-16 ft.,12,84,90,1,1,20181211,LAC,TOR
Shot Chart Detail,0021800404,388,1627820,Tyrone Wallace,1610612746,LA Clippers,3,5,48,Made Shot,Driving Floating Jump Shot,2PT Field Goal,In The Paint (Non-RA),Center(C),8-16 ft.,9,6,91,1,1,20181211,LAC,TOR
Shot Chart Detail,0021800404,396,1627820,Tyrone Wallace,1610612746,LA Clippers,3,5,8,Missed Shot,Hook Shot,2PT Field Goal,Restricted Area,Center(C),Less Than 8 ft.,3,19,25,1,0,20181211,LAC,TOR
Shot Chart Detail,0021800404,421,1627820,Tyrone Wallace,1610612746,LA Clippers,3,3,28,Made Shot,Floating Jump shot,2PT Field Goal,In The Paint (Non-RA),Center(C),Less Than 8 ft.,6,-27,54,1,1,20181211,LAC,TOR
Shot Chart Detail,0021800404,466,1627820,Tyrone Wallace,1610612746,LA Clippers,4,11,46,Missed Shot,Driving Floating Jump Shot,2PT Field Goal,In The Paint (Non-RA),Right Side(R),8-16 ft.,11,68,91,1,0,20181211,LAC,TOR
Shot Chart Detail,0021800404,488,1627820,Tyrone Wallace,1610612746,LA Clippers,4,9,35,Made Shot,Fadeaway Jump Shot,2PT Field Goal,Mid-Range,Right Side(R),8-16 ft.,8,81,2,1,1,20181211,LAC,TOR
Shot Chart Detail,0021800404,529,1627820,Tyrone Wallace,1610612746,LA Clippers,4,6,25,Missed Shot,Turnaround Jump Shot,2PT Field Goal,In The Paint (Non-RA),Left Side(L),8-16 ft.,11,-66,99,1,0,20181211,LAC,TOR
Shot Chart Detail,0021800404,562,1627820,Tyrone Wallace,1610612746,LA Clippers,4,3,31,Missed Shot,Jump Shot,3PT Field Goal,Above the Break 3,Left Side Center(LC),24+ ft.,24,-179,170,1,0,20181211,LAC,TOR
Shot Chart Detail,0021800417,137,1627820,Tyrone Wallace,1610612746,LA Clippers,1,1,7,Missed Shot,Floating Jump shot,2PT Field Goal,In The Paint (Non-RA),Left Side(L),8-16 ft.,8,-68,51,1,0,20181213,SAS,LAC
Shot Chart Detail,0021800417,145,1627820,Tyrone Wallace,1610612746,LA Clippers,1,0,22,Missed Shot,Floating Jump shot,2PT Field Goal,In The Paint (Non-RA),Center(C),Less Than 8 ft.,7,28,67,1,0,20181213,SAS,LAC
Shot Chart Detail,0021800417,173,1627820,Tyrone Wallace,1610612746,LA Clippers,2,9,48,Missed Shot,Driving Finger Roll Layup Shot,2PT Field Goal,In The Paint (Non-RA),Center(C),Less Than 8 ft.,7,-66,31,1,0,20181213,SAS,LAC
Shot Chart Detail,0021800417,191,1627820,Tyrone Wallace,1610612746,LA Clippers,2,8,47,Missed Shot,Driving Floating Jump Shot,2PT Field Goal,In The Paint (Non-RA),Center(C),Less Than 8 ft.,6,56,40,1,0,20181213,SAS,LAC
Shot Chart Detail,0021800417,558,1627820,Tyrone Wallace,1610612746,LA Clippers,4,5,55,Missed Shot,Jump Shot,3PT Field Goal,Above the Break 3,Left Side Center(LC),24+ ft.,26,-179,189,1,0,20181213,SAS,LAC
Shot Chart Detail,0021800417,616,1627820,Tyrone Wallace,1610612746,LA Clippers,4,1,44,Made Shot,Floating Jump shot,2PT Field Goal,In The Paint (Non-RA),Right Side(R),8-16 ft.,9,49,76,1,1,20181213,SAS,LAC
Shot Chart Detail,0021800417,625,1627820,Tyrone Wallace,1610612746,LA Clippers,4,0,24,Missed Shot,Floating Jump shot,2PT Field Goal,In The Paint (Non-RA),Center(C),Less Than 8 ft.,4,16,44,1,0,20181213,SAS,LAC
Shot Chart Detail,0021800417,627,1627820,Tyrone Wallace,1610612746,LA Clippers,4,0,19,Missed Shot,Tip Layup Shot,2PT Field Goal,In The Paint (Non-RA),Center(C),Less Than 8 ft.,4,8,44,1,0,20181213,SAS,LAC
Shot Chart Detail,0021800450,187,1627820,Tyrone Wallace,1610612746,LA Clippers,2,8,36,Missed Shot,Hook Shot,2PT Field Goal,In The Paint (Non-RA),Left Side(L),8-16 ft.,10,-73,73,1,0,20181217,LAC,POR
Shot Chart Detail,0021800450,206,1627820,Tyrone Wallace,1610612746,LA Clippers,2,6,55,Made Shot,Driving Hook Shot,2PT Field Goal,Restricted Area,Center(C),Less Than 8 ft.,1,9,10,1,1,20181217,LAC,POR
Shot Chart Detail,0021800450,240,1627820,Tyrone Wallace,1610612746,LA Clippers,2,4,34,Made Shot,Running Layup Shot,2PT Field Goal,Restricted Area,Center(C),Less Than 8 ft.,1,14,2,1,1,20181217,LAC,POR
Shot Chart Detail,0021800450,489,1627820,Tyrone Wallace,1610612746,LA Clippers,4,9,53,Made Shot,Turnaround Jump Shot,2PT Field Goal,In The Paint (Non-RA),Right Side(R),8-16 ft.,9,58,69,1,1,20181217,LAC,POR
Shot Chart Detail,0021800450,508,1627820,Tyrone Wallace,1610612746,LA Clippers,4,8,13,Missed Shot,Floating Jump shot,2PT Field Goal,In The Paint (Non-RA),Center(C),Less Than 8 ft.,7,29,66,1,0,20181217,LAC,POR
Shot Chart Detail,0021800450,527,1627820,Tyrone Wallace,1610612746,LA Clippers,4,7,32,Made Shot,Driving Layup Shot,2PT Field Goal,Restricted Area,Center(C),Less Than 8 ft.,1,18,3,1,1,20181217,LAC,POR
Shot Chart Detail,0021800468,270,1627820,Tyrone Wallace,1610612746,LA Clippers,2,4,25,Made Shot,Driving Floating Bank Jump Shot,2PT Field Goal,Restricted Area,Center(C),Less Than 8 ft.,2,25,16,1,1,20181220,LAC,DAL
Shot Chart Detail,0021800468,278,1627820,Tyrone Wallace,1610612746,LA Clippers,2,3,55,Made Shot,Floating Jump shot,2PT Field Goal,In The Paint (Non-RA),Center(C),Less Than 8 ft.,6,49,36,1,1,20181220,LAC,DAL
Shot Chart Detail,0021800468,304,1627820,Tyrone Wallace,1610612746,LA Clippers,2,2,3,Made Shot,Floating Jump shot,2PT Field Goal,Mid-Range,Right Side(R),8-16 ft.,8,82,6,1,1,20181220,LAC,DAL
Shot Chart Detail,0021800468,496,1627820,Tyrone Wallace,1610612746,LA Clippers,4,11,46,Missed Shot,Fadeaway Jump Shot,2PT Field Goal,In The Paint (Non-RA),Center(C),Less Than 8 ft.,7,-41,67,1,0,20181220,LAC,DAL
Shot Chart Detail,0021800479,142,1627820,Tyrone Wallace,1610612746,LA Clippers,1,0,10,Missed Shot,Fadeaway Jump Shot,2PT Field Goal,Mid-Range,Left Side Center(LC),16-24 ft.,17,-127,127,1,0,20181222,LAC,DEN
Shot Chart Detail,0021800479,164,1627820,Tyrone Wallace,1610612746,LA Clippers,2,11,32,Missed Shot,Jump Shot,3PT Field Goal,Left Corner 3,Left Side(L),24+ ft.,23,-230,41,1,0,20181222,LAC,DEN
Shot Chart Detail,0021800479,172,1627820,Tyrone Wallace,1610612746,LA Clippers,2,11,18,Made Shot,Hook Shot,2PT Field Goal,Restricted Area,Center(C),Less Than 8 ft.,3,29,13,1,1,20181222,LAC,DEN
Shot Chart Detail,0021800479,190,1627820,Tyrone Wallace,1610612746,LA Clippers,2,9,54,Made Shot,Cutting Layup Shot,2PT Field Goal,Restricted Area,Center(C),Less Than 8 ft.,2,2,20,1,1,20181222,LAC,DEN
Shot Chart Detail,0021800479,199,1627820,Tyrone Wallace,1610612746,LA Clippers,2,9,12,Made Shot,Floating Jump shot,2PT Field Goal,In The Paint (Non-RA),Center(C),8-16 ft.,9,11,96,1,1,20181222,LAC,DEN
Shot Chart Detail,0021800479,210,1627820,Tyrone Wallace,1610612746,LA Clippers,2,8,3,Missed Shot,Running Layup Shot,2PT Field Goal,Restricted Area,Center(C),Less Than 8 ft.,0,-2,9,1,0,20181222,LAC,DEN
Shot Chart Detail,0021800479,214,1627820,Tyrone Wallace,1610612746,LA Clippers,2,7,50,Missed Shot,Running Layup Shot,2PT Field Goal,Restricted Area,Center(C),Less Than 8 ft.,1,-15,9,1,0,20181222,LAC,DEN
Shot Chart Detail,0021800479,602,1627820,Tyrone Wallace,1610612746,LA Clippers,4,5,32,Missed Shot,Driving Hook Shot,2PT Field Goal,In The Paint (Non-RA),Center(C),Less Than 8 ft.,4,40,22,1,0,20181222,LAC,DEN
Shot Chart Detail,0021800479,649,1627820,Tyrone Wallace,1610612746,LA Clippers,4,1,30,Made Shot,Turnaround Jump Shot,2PT Field Goal,In The Paint (Non-RA),Center(C),Less Than 8 ft.,7,-5,73,1,1,20181222,LAC,DEN
Shot Chart Detail,0021800494,206,1627820,Tyrone Wallace,1610612746,LA Clippers,2,10,22,Made Shot,Hook Shot,2PT Field Goal,In The Paint (Non-RA),Center(C),Less Than 8 ft.,7,3,71,1,1,20181223,GSW,LAC
Shot Chart Detail,0021800511,156,1627820,Tyrone Wallace,1610612746,LA Clippers,1,0,50,Missed Shot,Layup Shot,2PT Field Goal,Restricted Area,Center(C),Less Than 8 ft.,3,-14,36,1,0,20181226,LAC,SAC
Shot Chart Detail,0021800511,182,1627820,Tyrone Wallace,1610612746,LA Clippers,2,11,29,Made Shot,Running Layup Shot,2PT Field Goal,Restricted Area,Center(C),Less Than 8 ft.,1,3,10,1,1,20181226,LAC,SAC
Shot Chart Detail,0021800511,207,1627820,Tyrone Wallace,1610612746,LA Clippers,2,10,7,Made Shot,Running Layup Shot,2PT Field Goal,Restricted Area,Center(C),Less Than 8 ft.,1,14,8,1,1,20181226,LAC,SAC
Shot Chart Detail,0021800511,244,1627820,Tyrone Wallace,1610612746,LA Clippers,2,7,22,Missed Shot,Driving Floating Bank Jump Shot,2PT Field Goal,In The Paint (Non-RA),Center(C),Less Than 8 ft.,7,27,72,1,0,20181226,LAC,SAC
Shot Chart Detail,0021800511,246,1627820,Tyrone Wallace,1610612746,LA Clippers,2,7,19,Missed Shot,Putback Layup Shot,2PT Field Goal,Restricted Area,Center(C),Less Than 8 ft.,3,9,31,1,0,20181226,LAC,SAC
Shot Chart Detail,0021800511,507,1627820,Tyrone Wallace,1610612746,LA Clippers,3,0,36,Missed Shot,Running Layup Shot,2PT Field Goal,Restricted Area,Center(C),Less Than 8 ft.,1,-11,15,1,0,20181226,LAC,SAC
Shot Chart Detail,0021800526,186,1627820,Tyrone Wallace,1610612746,LA Clippers,1,0,28,Made Shot,Cutting Layup Shot,2PT Field Goal,Restricted Area,Center(C),Less Than 8 ft.,0,-1,6,1,1,20181228,LAL,LAC
Shot Chart Detail,0021800526,205,1627820,Tyrone Wallace,1610612746,LA Clippers,2,11,15,Made Shot,Floating Jump shot,2PT Field Goal,In The Paint (Non-RA),Center(C),8-16 ft.,10,-36,102,1,1,20181228,LAL,LAC
Shot Chart Detail,0021800526,554,1627820,Tyrone Wallace,1610612746,LA Clippers,4,11,16,Made Shot,Hook Shot,2PT Field Goal,In The Paint (Non-RA),Center(C),8-16 ft.,9,12,95,1,1,20181228,LAL,LAC
Shot Chart Detail,0021800526,598,1627820,Tyrone Wallace,1610612746,LA Clippers,4,8,34,Missed Shot,Floating Jump shot,2PT Field Goal,In The Paint (Non-RA),Center(C),8-16 ft.,12,25,121,1,0,20181228,LAL,LAC
Shot Chart Detail,0021800535,155,1627820,Tyrone Wallace,1610612746,LA Clippers,1,0,44,Missed Shot,Hook Shot,2PT Field Goal,In The Paint (Non-RA),Center(C),Less Than 8 ft.,4,15,39,1,0,20181229,LAC,SAS
Shot Chart Detail,0021800535,515,1627820,Tyrone Wallace,1610612746,LA Clippers,4,11,49,Missed Shot,Driving Hook Shot,2PT Field Goal,Restricted Area,Center(C),Less Than 8 ft.,3,34,17,1,0,20181229,LAC,SAS
Shot Chart Detail,0021800535,691,1627820,Tyrone Wallace,1610612746,LA Clippers,4,0,8,Missed Shot,Jump Shot,3PT Field Goal,Right Corner 3,Right Side(R),24+ ft.,25,237,83,1,0,20181229,LAC,SAS
Shot Chart Detail,0021800553,295,1627820,Tyrone Wallace,1610612746,LA Clippers,2,5,26,Made Shot,Floating Jump shot,2PT Field Goal,In The Paint (Non-RA),Center(C),Less Than 8 ft.,4,0,45,1,1,20190101,LAC,PHI
Shot Chart Detail,0021800553,337,1627820,Tyrone Wallace,1610612746,LA Clippers,2,0,49,Missed Shot,Driving Hook Shot,2PT Field Goal,In The Paint (Non-RA),Center(C),Less Than 8 ft.,6,49,42,1,0,20190101,LAC,PHI
Shot Chart Detail,0021800573,184,1627820,Tyrone Wallace,1610612746,LA Clippers,2,9,5,Made Shot,Running Layup Shot,2PT Field Goal,Restricted Area,Center(C),Less Than 8 ft.,0,0,-1,1,1,20190104,PHX,LAC
Shot Chart Detail,0021800573,195,1627820,Tyrone Wallace,1610612746,LA Clippers,2,8,35,Made Shot,Jump Shot,2PT Field Goal,Mid-Range,Right Side(R),8-16 ft.,10,101,-22,1,1,20190104,PHX,LAC
Shot Chart Detail,0021800573,210,1627820,Tyrone Wallace,1610612746,LA Clippers,2,7,11,Made Shot,Step Back Jump shot,2PT Field Goal,In The Paint (Non-RA),Center(C),8-16 ft.,12,-55,117,1,1,20190104,PHX,LAC
Shot Chart Detail,0021800573,525,1627820,Tyrone Wallace,1610612746,LA Clippers,4,11,16,Missed Shot,Pullup Jump shot,2PT Field Goal,In The Paint (Non-RA),Center(C),Less Than 8 ft.,5,48,31,1,0,20190104,PHX,LAC
Shot Chart Detail,0021800573,538,1627820,Tyrone Wallace,1610612746,LA Clippers,4,10,44,Made Shot,Running Dunk Shot,2PT Field Goal,Restricted Area,Center(C),Less Than 8 ft.,0,3,-5,1,1,20190104,PHX,LAC
Shot Chart Detail,0021800586,185,1627820,Tyrone Wallace,1610612746,LA Clippers,2,10,2,Missed Shot,Hook Shot,2PT Field Goal,In The Paint (Non-RA),Center(C),Less Than 8 ft.,5,-22,52,1,0,20190106,LAC,ORL
Shot Chart Detail,0021800586,477,1627820,Tyrone Wallace,1610612746,LA Clippers,4,11,13,Missed Shot,Floating Jump shot,2PT Field Goal,Restricted Area,Center(C),Less Than 8 ft.,3,-6,37,1,0,20190106,LAC,ORL
Shot Chart Detail,0021800586,515,1627820,Tyrone Wallace,1610612746,LA Clippers,4,9,6,Made Shot,Running Layup Shot,2PT Field Goal,Restricted Area,Center(C),Less Than 8 ft.,1,0,10,1,1,20190106,LAC,ORL
Shot Chart Detail,0021800586,525,1627820,Tyrone Wallace,1610612746,LA Clippers,4,8,43,Missed Shot,Fadeaway Jump Shot,2PT Field Goal,Restricted Area,Center(C),Less Than 8 ft.,3,8,38,1,0,20190106,LAC,ORL
Shot Chart Detail,0021800606,190,1627820,Tyrone Wallace,1610612746,LA Clippers,2,11,18,Missed Shot,Layup Shot,2PT Field Goal,Restricted Area,Center(C),Less Than 8 ft.,1,18,1,1,0,20190108,LAC,CHA
Shot Chart Detail,0021800606,226,1627820,Tyrone Wallace,1610612746,LA Clippers,2,7,37,Missed Shot,Driving Layup Shot,2PT Field Goal,Restricted Area,Center(C),Less Than 8 ft.,1,17,4,1,0,20190108,LAC,CHA
Shot Chart Detail,0021800606,533,1627820,Tyrone Wallace,1610612746,LA Clippers,4,11,43,Missed Shot,Driving Floating Jump Shot,2PT Field Goal,In The Paint (Non-RA),Center(C),Less Than 8 ft.,4,0,44,1,0,20190108,LAC,CHA
Shot Chart Detail,0021800606,667,1627820,Tyrone Wallace,1610612746,LA Clippers,4,3,29,Missed Shot,Jump Shot,3PT Field Goal,Left Corner 3,Left Side(L),24+ ft.,23,-232,38,1,0,20190108,LAC,CHA
Shot Chart Detail,0021800606,693,1627820,Tyrone Wallace,1610612746,LA Clippers,4,0,55,Missed Shot,Jump Shot,3PT Field Goal,Left Corner 3,Left Side(L),24+ ft.,23,-231,49,1,0,20190108,LAC,CHA
Shot Chart Detail,0021800618,462,1627820,Tyrone Wallace,1610612746,LA Clippers,3,0,0,Made Shot,Jump Shot,2PT Field Goal,Mid-Range,Right Side Center(RC),16-24 ft.,22,136,184,1,1,20190110,DEN,LAC
Shot Chart Detail,0021800618,497,1627820,Tyrone Wallace,1610612746,LA Clippers,4,10,19,Made Shot,Driving Layup Shot,2PT Field Goal,In The Paint (Non-RA),Center(C),Less Than 8 ft.,5,-43,39,1,1,20190110,DEN,LAC
Shot Chart Detail,0021800618,613,1627820,Tyrone Wallace,1610612746,LA Clippers,4,3,32,Made Shot,Running Layup Shot,2PT Field Goal,Restricted Area,Center(C),Less Than 8 ft.,1,16,6,1,1,20190110,DEN,LAC
Shot Chart Detail,0021800618,645,1627820,Tyrone Wallace,1610612746,LA Clippers,4,1,4,Missed Shot,Running Reverse Layup Shot,2PT Field Goal,Restricted Area,Center(C),Less Than 8 ft.,2,-9,18,1,0,20190110,DEN,LAC
Shot Chart Detail,0021800630,174,1627820,Tyrone Wallace,1610612746,LA Clippers,2,9,59,Made Shot,Floating Jump shot,2PT Field Goal,In The Paint (Non-RA),Center(C),8-16 ft.,9,-2,96,1,1,20190112,LAC,DET
Shot Chart Detail,0021800630,480,1627820,Tyrone Wallace,1610612746,LA Clippers,3,1,36,Made Shot,Cutting Layup Shot,2PT Field Goal,Restricted Area,Center(C),Less Than 8 ft.,1,5,13,1,1,20190112,LAC,DET
Shot Chart Detail,0021800630,510,1627820,Tyrone Wallace,1610612746,LA Clippers,4,11,48,Made Shot,Driving Dunk Shot,2PT Field Goal,Restricted Area,Center(C),Less Than 8 ft.,1,15,12,1,1,20190112,LAC,DET
Shot Chart Detail,0021800630,537,1627820,Tyrone Wallace,1610612746,LA Clippers,4,9,58,Made Shot,Running Layup Shot,2PT Field Goal,Restricted Area,Center(C),Less Than 8 ft.,1,-13,7,1,1,20190112,LAC,DET
Shot Chart Detail,0021800630,544,1627820,Tyrone Wallace,1610612746,LA Clippers,4,9,20,Missed Shot,Driving Layup Shot,2PT Field Goal,Restricted Area,Center(C),Less Than 8 ft.,0,2,6,1,0,20190112,LAC,DET
Shot Chart Detail,0021800650,179,1627820,Tyrone Wallace,1610612746,LA Clippers,2,11,22,Missed Shot,Running Layup Shot,2PT Field Goal,Restricted Area,Center(C),Less Than 8 ft.,3,-10,31,1,0,20190114,LAC,NOP
Shot Chart Detail,0021800650,235,1627820,Tyrone Wallace,1610612746,LA Clippers,2,7,37,Missed Shot,Driving Floating Jump Shot,2PT Field Goal,In The Paint (Non-RA),Right Side(R),8-16 ft.,10,67,78,1,0,20190114,LAC,NOP
Shot Chart Detail,0021800650,523,1627820,Tyrone Wallace,1610612746,LA Clippers,3,2,48,Missed Shot,Running Reverse Layup Shot,2PT Field Goal,Restricted Area,Center(C),Less Than 8 ft.,1,8,15,1,0,20190114,LAC,NOP
Shot Chart Detail,0021800650,550,1627820,Tyrone Wallace,1610612746,LA Clippers,3,0,9,Made Shot,Jump Shot,3PT Field Goal,Above the Break 3,Left Side Center(LC),24+ ft.,24,-228,96,1,1,20190114,LAC,NOP
Shot Chart Detail,0021800650,573,1627820,Tyrone Wallace,1610612746,LA Clippers,4,11,10,Made Shot,Putback Layup Shot,2PT Field Goal,Restricted Area,Center(C),Less Than 8 ft.,2,4,22,1,1,20190114,LAC,NOP
Shot Chart Detail,0021800650,579,1627820,Tyrone Wallace,1610612746,LA Clippers,4,10,17,Missed Shot,Driving Floating Jump Shot,2PT Field Goal,In The Paint (Non-RA),Left Side(L),8-16 ft.,8,-46,68,1,0,20190114,LAC,NOP
Shot Chart Detail,0021800664,112,1627820,Tyrone Wallace,1610612746,LA Clippers,1,1,40,Missed Shot,Pullup Jump shot,2PT Field Goal,Mid-Range,Left Side(L),8-16 ft.,12,-105,64,1,0,20190116,LAC,UTA
Shot Chart Detail,0021800664,139,1627820,Tyrone Wallace,1610612746,LA Clippers,1,0,4,Missed Shot,Cutting Layup Shot,2PT Field Goal,Restricted Area,Center(C),Less Than 8 ft.,1,5,11,1,0,20190116,LAC,UTA
Shot Chart Detail,0021800664,158,1627820,Tyrone Wallace,1610612746,LA Clippers,2,10,38,Missed Shot,Floating Jump shot,2PT Field Goal,In The Paint (Non-RA),Center(C),Less Than 8 ft.,4,30,37,1,0,20190116,LAC,UTA
Shot Chart Detail,0021800664,472,1627820,Tyrone Wallace,1610612746,LA Clippers,3,0,53,Made Shot,Jump Shot,3PT Field Goal,Left Corner 3,Left Side(L),24+ ft.,23,-227,48,1,1,20190116,LAC,UTA
Shot Chart Detail,0021800664,524,1627820,Tyrone Wallace,1610612746,LA Clippers,4,10,1,Missed Shot,Running Layup Shot,2PT Field Goal,Restricted Area,Center(C),Less Than 8 ft.,2,18,11,1,0,20190116,LAC,UTA
Shot Chart Detail,0021800664,654,1627820,Tyrone Wallace,1610612746,LA Clippers,4,1,31,Made Shot,Pullup Jump shot,2PT Field Goal,In The Paint (Non-RA),Center(C),8-16 ft.,12,50,111,1,1,20190116,LAC,UTA
Shot Chart Detail,0021800664,668,1627820,Tyrone Wallace,1610612746,LA Clippers,4,0,14,Missed Shot,Jump Shot,3PT Field Goal,Left Corner 3,Left Side(L),24+ ft.,22,-227,9,1,0,20190116,LAC,UTA
Shot Chart Detail,0021800676,157,1627820,Tyrone Wallace,1610612746,LA Clippers,1,0,46,Missed Shot,Driving Hook Shot,2PT Field Goal,In The Paint (Non-RA),Center(C),Less Than 8 ft.,6,67,9,1,0,20190118,LAC,GSW
Shot Chart Detail,0021800676,203,1627820,Tyrone Wallace,1610612746,LA Clippers,2,9,39,Missed Shot,Floating Jump shot,2PT Field Goal,In The Paint (Non-RA),Center(C),Less Than 8 ft.,5,11,52,1,0,20190118,LAC,GSW
Shot Chart Detail,0021800676,657,1627820,Tyrone Wallace,1610612746,LA Clippers,4,5,4,Missed Shot,Floating Jump shot,2PT Field Goal,In The Paint (Non-RA),Center(C),Less Than 8 ft.,6,36,54,1,0,20190118,LAC,GSW
Shot Chart Detail,0021800676,699,1627820,Tyrone Wallace,1610612746,LA Clippers,4,3,49,Missed Shot,Driving Layup Shot,2PT Field Goal,Restricted Area,Center(C),Less Than 8 ft.,2,27,0,1,0,20190118,LAC,GSW
Shot Chart Detail,0021800676,718,1627820,Tyrone Wallace,1610612746,LA Clippers,4,1,49,Made Shot,Pullup Jump shot,2PT Field Goal,In The Paint (Non-RA),Center(C),8-16 ft.,10,42,97,1,1,20190118,LAC,GSW
Shot Chart Detail,0021800676,741,1627820,Tyrone Wallace,1610612746,LA Clippers,4,0,7,Made Shot,Driving Layup Shot,2PT Field Goal,Restricted Area,Center(C),Less Than 8 ft.,1,-11,6,1,1,20190118,LAC,GSW
Shot Chart Detail,0021800690,205,1627820,Tyrone Wallace,1610612746,LA Clippers,2,9,40,Missed Shot,Driving Finger Roll Layup Shot,2PT Field Goal,In The Paint (Non-RA),Center(C),Less Than 8 ft.,4,45,10,1,0,20190120,SAS,LAC
Shot Chart Detail,0021800704,231,1627820,Tyrone Wallace,1610612746,LA Clippers,2,8,22,Missed Shot,Pullup Jump shot,2PT Field Goal,Mid-Range,Right Side(R),16-24 ft.,16,155,63,1,0,20190122,DAL,LAC
Shot Chart Detail,0021800704,552,1627820,Tyrone Wallace,1610612746,LA Clippers,4,11,34,Missed Shot,Floating Jump shot,2PT Field Goal,In The Paint (Non-RA),Right Side(R),8-16 ft.,11,58,100,1,0,20190122,DAL,LAC
Shot Chart Detail,0021800704,556,1627820,Tyrone Wallace,1610612746,LA Clippers,4,11,27,Made Shot,Tip Layup Shot,2PT Field Goal,Restricted Area,Center(C),Less Than 8 ft.,0,0,-6,1,1,20190122,DAL,LAC
Shot Chart Detail,0021800704,561,1627820,Tyrone Wallace,1610612746,LA Clippers,4,11,3,Missed Shot,Pullup Jump shot,2PT Field Goal,In The Paint (Non-RA),Center(C),Less Than 8 ft.,5,49,31,1,0,20190122,DAL,LAC
Shot Chart Detail,0021800704,615,1627820,Tyrone Wallace,1610612746,LA Clippers,4,7,40,Missed Shot,Step Back Jump shot,2PT Field Goal,Mid-Range,Right Side(R),8-16 ft.,12,109,62,1,0,20190122,DAL,LAC
Shot Chart Detail,0021800748,545,1627820,Tyrone Wallace,1610612746,LA Clippers,4,11,41,Missed Shot,Layup Shot,2PT Field Goal,In The Paint (Non-RA),Center(C),Less Than 8 ft.,5,52,4,1,0,20190128,LAC,ATL
Shot Chart Detail,0021800789,526,1627820,Tyrone Wallace,1610612746,LA Clippers,3,0,36,Made Shot,Hook Shot,2PT Field Goal,In The Paint (Non-RA),Center(C),Less Than 8 ft.,5,-28,52,1,1,20190203,TOR,LAC
Shot Chart Detail,0021800789,701,1627820,Tyrone Wallace,1610612746,LA Clippers,4,0,59,Missed Shot,Jump Shot,3PT Field Goal,Above the Break 3,Right Side Center(RC),24+ ft.,27,220,160,1,0,20190203,TOR,LAC
Shot Chart Detail,0021800789,712,1627820,Tyrone Wallace,1610612746,LA Clippers,4,0,25,Missed Shot,Pullup Jump shot,2PT Field Goal,In The Paint (Non-RA),Center(C),8-16 ft.,10,-1,109,1,0,20190203,TOR,LAC
Shot Chart Detail,0021800811,127,1627820,Tyrone Wallace,1610612746,LA Clippers,1,1,21,Made Shot,Pullup Jump shot,2PT Field Goal,Mid-Range,Left Side(L),8-16 ft.,12,-118,48,1,1,20190207,IND,LAC
Shot Chart Detail,0021800811,142,1627820,Tyrone Wallace,1610612746,LA Clippers,1,0,9,Missed Shot,Driving Floating Jump Shot,2PT Field Goal,In The Paint (Non-RA),Center(C),8-16 ft.,11,-16,109,1,0,20190207,IND,LAC
Shot Chart Detail,0021800811,186,1627820,Tyrone Wallace,1610612746,LA Clippers,2,8,5,Missed Shot,Pullup Jump shot,2PT Field Goal,Mid-Range,Right Side Center(RC),16-24 ft.,16,112,121,1,0,20190207,IND,LAC
Shot Chart Detail,0021800811,207,1627820,Tyrone Wallace,1610612746,LA Clippers,2,6,22,Made Shot,Driving Layup Shot,2PT Field Goal,Restricted Area,Center(C),Less Than 8 ft.,0,-3,9,1,1,20190207,IND,LAC
Shot Chart Detail,0021800811,524,1627820,Tyrone Wallace,1610612746,LA Clippers,4,9,14,Made Shot,Floating Jump shot,2PT Field Goal,In The Paint (Non-RA),Center(C),Less Than 8 ft.,5,-6,58,1,1,20190207,IND,LAC
Shot Chart Detail,0021800811,553,1627820,Tyrone Wallace,1610612746,LA Clippers,4,6,27,Made Shot,Driving Reverse Layup Shot,2PT Field Goal,Restricted Area,Center(C),Less Than 8 ft.,0,-8,4,1,1,20190207,IND,LAC
Shot Chart Detail,0021800811,556,1627820,Tyrone Wallace,1610612746,LA Clippers,4,5,57,Missed Shot,Pullup Jump shot,2PT Field Goal,In The Paint (Non-RA),Left Side(L),8-16 ft.,13,-78,112,1,0,20190207,IND,LAC
Shot Chart Detail,0021800811,586,1627820,Tyrone Wallace,1610612746,LA Clippers,4,3,58,Missed Shot,Driving Layup Shot,2PT Field Goal,Restricted Area,Center(C),Less Than 8 ft.,0,-6,1,1,0,20190207,IND,LAC
Shot Chart Detail,0021800811,596,1627820,Tyrone Wallace,1610612746,LA Clippers,4,3,25,Missed Shot,Driving Layup Shot,2PT Field Goal,Restricted Area,Center(C),Less Than 8 ft.,2,-9,23,1,0,20190207,IND,LAC
Shot Chart Detail,0021800811,608,1627820,Tyrone Wallace,1610612746,LA Clippers,4,2,18,Missed Shot,Driving Layup Shot,2PT Field Goal,Restricted Area,Center(C),Less Than 8 ft.,1,-3,13,1,0,20190207,IND,LAC
Shot Chart Detail,0021800811,644,1627820,Tyrone Wallace,1610612746,LA Clippers,4,0,15,Missed Shot,Step Back Jump shot,2PT Field Goal,In The Paint (Non-RA),Right Side(R),8-16 ft.,10,67,80,1,0,20190207,IND,LAC
Shot Chart Detail,0021800829,172,1627820,Tyrone Wallace,1610612746,LA Clippers,1,1,11,Missed Shot,Pullup Jump shot,2PT Field Goal,In The Paint (Non-RA),Right Side(R),8-16 ft.,8,76,30,1,0,20190209,BOS,LAC
Shot Chart Detail,0021800863,125,1627820,Tyrone Wallace,1610612746,LA Clippers,1,1,52,Made Shot,Running Layup Shot,2PT Field Goal,Restricted Area,Center(C),Less Than 8 ft.,2,2,25,1,1,20190213,LAC,PHX
Shot Chart Detail,0021800863,134,1627820,Tyrone Wallace,1610612746,LA Clippers,1,0,42,Missed Shot,Driving Layup Shot,2PT Field Goal,Restricted Area,Center(C),Less Than 8 ft.,2,14,25,1,0,20190213,LAC,PHX
Shot Chart Detail,0021800863,530,1627820,Tyrone Wallace,1610612746,LA Clippers,4,11,42,Made Shot,Driving Dunk Shot,2PT Field Goal,Restricted Area,Center(C),Less Than 8 ft.,1,-14,4,1,1,20190213,LAC,PHX
Shot Chart Detail,0021800863,534,1627820,Tyrone Wallace,1610612746,LA Clippers,4,11,8,Made Shot,Hook Shot,2PT Field Goal,In The Paint (Non-RA),Center(C),Less Than 8 ft.,4,-13,47,1,1,20190213,LAC,PHX
Shot Chart Detail,0021800863,623,1627820,Tyrone Wallace,1610612746,LA Clippers,4,3,41,Missed Shot,Jump Shot,2PT Field Goal,In The Paint (Non-RA),Center(C),Less Than 8 ft.,6,14,59,1,0,20190213,LAC,PHX
Shot Chart Detail,0021800863,670,1627820,Tyrone Wallace,1610612746,LA Clippers,4,0,41,Missed Shot,Layup Shot,2PT Field Goal,Restricted Area,Center(C),Less Than 8 ft.,2,18,21,1,0,20190213,LAC,PHX
Shot Chart Detail,0021800879,154,1627820,Tyrone Wallace,1610612746,LA Clippers,1,1,39,Made Shot,Driving Floating Jump Shot,2PT Field Goal,In The Paint (Non-RA),Center(C),Less Than 8 ft.,7,-58,47,1,1,20190222,MEM,LAC
Shot Chart Detail,0021800879,493,1627820,Tyrone Wallace,1610612746,LA Clippers,3,4,49,Made Shot,Pullup Jump shot,2PT Field Goal,Mid-Range,Right Side(R),8-16 ft.,11,103,53,1,1,20190222,MEM,LAC
Shot Chart Detail,0021800895,165,1627820,Tyrone Wallace,1610612746,LA Clippers,1,0,15,Made Shot,Layup Shot,2PT Field Goal,Restricted Area,Center(C),Less Than 8 ft.,3,27,25,1,1,20190224,DEN,LAC
Shot Chart Detail,0021800895,703,1627820,Tyrone Wallace,1610612746,LA Clippers,4,3,35,Missed Shot,Turnaround Fadeaway shot,2PT Field Goal,In The Paint (Non-RA),Center(C),Less Than 8 ft.,7,6,76,1,0,20190224,DEN,LAC
Shot Chart Detail,0021800907,138,1627820,Tyrone Wallace,1610612746,LA Clippers,1,1,36,Missed Shot,Running Reverse Layup Shot,2PT Field Goal,Restricted Area,Center(C),Less Than 8 ft.,2,-16,13,1,0,20190225,LAC,DAL
Shot Chart Detail,0021800907,199,1627820,Tyrone Wallace,1610612746,LA Clippers,2,10,14,Made Shot,Jump Shot,3PT Field Goal,Right Corner 3,Right Side(R),24+ ft.,23,232,38,1,1,20190225,LAC,DAL
Shot Chart Detail,0021800907,526,1627820,Tyrone Wallace,1610612746,LA Clippers,4,10,40,Missed Shot,Floating Jump shot,2PT Field Goal,In The Paint (Non-RA),Center(C),Less Than 8 ft.,4,37,25,1,0,20190225,LAC,DAL
Shot Chart Detail,0021800919,162,1627820,Tyrone Wallace,1610612746,LA Clippers,1,1,26,Missed Shot,Layup Shot,2PT Field Goal,In The Paint (Non-RA),Center(C),Less Than 8 ft.,5,39,40,1,0,20190227,UTA,LAC
Shot Chart Detail,0021800919,182,1627820,Tyrone Wallace,1610612746,LA Clippers,1,0,30,Missed Shot,Driving Layup Shot,2PT Field Goal,Restricted Area,Center(C),Less Than 8 ft.,3,34,6,1,0,20190227,UTA,LAC
Shot Chart Detail,0021800919,192,1627820,Tyrone Wallace,1610612746,LA Clippers,2,11,49,Missed Shot,Floating Jump shot,2PT Field Goal,In The Paint (Non-RA),Center(C),Less Than 8 ft.,7,38,62,1,0,20190227,UTA,LAC
Shot Chart Detail,0021800919,197,1627820,Tyrone Wallace,1610612746,LA Clippers,2,11,29,Missed Shot,Driving Layup Shot,2PT Field Goal,In The Paint (Non-RA),Center(C),Less Than 8 ft.,4,-14,46,1,0,20190227,UTA,LAC
Shot Chart Detail,0021800947,177,1627820,Tyrone Wallace,1610612746,LA Clippers,2,10,42,Made Shot,Running Dunk Shot,2PT Field Goal,Restricted Area,Center(C),Less Than 8 ft.,0,7,1,1,1,20190303,LAC,NYK
Shot Chart Detail,0021800947,541,1627820,Tyrone Wallace,1610612746,LA Clippers,4,11,48,Missed Shot,Driving Layup Shot,2PT Field Goal,Restricted Area,Center(C),Less Than 8 ft.,1,15,11,1,0,20190303,LAC,NYK
Shot Chart Detail,0021800947,543,1627820,Tyrone Wallace,1610612746,LA Clippers,4,11,44,Missed Shot,Tip Layup Shot,2PT Field Goal,Restricted Area,Center(C),Less Than 8 ft.,0,0,-6,1,0,20190303,LAC,NYK
Shot Chart Detail,0021800947,676,1627820,Tyrone Wallace,1610612746,LA Clippers,4,1,37,Made Shot,Jump Shot,3PT Field Goal,Left Corner 3,Left Side(L),24+ ft.,24,-234,65,1,1,20190303,LAC,NYK
Shot Chart Detail,0021800947,680,1627820,Tyrone Wallace,1610612746,LA Clippers,4,1,13,Missed Shot,Turnaround Hook Shot,2PT Field Goal,In The Paint (Non-RA),Center(C),Less Than 8 ft.,4,32,26,1,0,20190303,LAC,NYK
Shot Chart Detail,0021800958,164,1627820,Tyrone Wallace,1610612746,LA Clippers,1,1,23,Missed Shot,Running Layup Shot,2PT Field Goal,Restricted Area,Center(C),Less Than 8 ft.,2,3,21,1,0,20190304,LAL,LAC
Shot Chart Detail,0021800958,229,1627820,Tyrone Wallace,1610612746,LA Clippers,2,9,37,Made Shot,Layup Shot,2PT Field Goal,Restricted Area,Center(C),Less Than 8 ft.,3,-11,34,1,1,20190304,LAL,LAC
Shot Chart Detail,0021800958,242,1627820,Tyrone Wallace,1610612746,LA Clippers,2,8,56,Missed Shot,Layup Shot,2PT Field Goal,Restricted Area,Center(C),Less Than 8 ft.,0,2,8,1,0,20190304,LAL,LAC
Shot Chart Detail,0021800985,144,1627820,Tyrone Wallace,1610612746,LA Clippers,1,3,3,Missed Shot,Floating Jump shot,2PT Field Goal,In The Paint (Non-RA),Center(C),Less Than 8 ft.,6,-14,62,1,0,20190308,LAC,OKC
Shot Chart Detail,0021801006,669,1627820,Tyrone Wallace,1610612746,LA Clippers,4,1,55,Missed Shot,Layup Shot,2PT Field Goal,Restricted Area,Center(C),Less Than 8 ft.,1,6,13,1,0,20190311,LAC,BOS
Shot Chart Detail,0021801013,513,1627820,Tyrone Wallace,1610612746,LA Clippers,3,0,18,Missed Shot,Floating Jump shot,2PT Field Goal,In The Paint (Non-RA),Center(C),Less Than 8 ft.,7,1,77,1,0,20190312,LAC,POR
Shot Chart Detail,0021801013,684,1627820,Tyrone Wallace,1610612746,LA Clippers,4,2,6,Missed Shot,Pullup Jump shot,2PT Field Goal,Mid-Range,Center(C),8-16 ft.,15,12,159,1,0,20190312,LAC,POR
Shot Chart Detail,0021801013,694,1627820,Tyrone Wallace,1610612746,LA Clippers,4,1,29,Missed Shot,Driving Hook Shot,2PT Field Goal,In The Paint (Non-RA),Center(C),Less Than 8 ft.,7,44,55,1,0,20190312,LAC,POR
Shot Chart Detail,0021801013,708,1627820,Tyrone Wallace,1610612746,LA Clippers,4,0,23,Made Shot,Driving Hook Shot,2PT Field Goal,In The Paint (Non-RA),Center(C),Less Than 8 ft.,7,25,66,1,1,20190312,LAC,POR
Shot Chart Detail,0021801112,181,1627820,Tyrone Wallace,1610612746,LA Clippers,2,10,8,Missed Shot,Pullup Jump shot,2PT Field Goal,Restricted Area,Center(C),Less Than 8 ft.,3,-1,37,1,0,20190326,MIN,LAC
Shot Chart Detail,0021801112,559,1627820,Tyrone Wallace,1610612746,LA Clippers,4,8,43,Missed Shot,Jump Shot,3PT Field Goal,Above the Break 3,Left Side Center(LC),24+ ft.,24,-145,201,1,0,20190326,MIN,LAC
Shot Chart Detail,0021801112,563,1627820,Tyrone Wallace,1610612746,LA Clippers,4,8,12,Made Shot,Cutting Dunk Shot,2PT Field Goal,Restricted Area,Center(C),Less Than 8 ft.,1,12,8,1,1,20190326,MIN,LAC
Shot Chart Detail,0021801127,166,1627820,Tyrone Wallace,1610612746,LA Clippers,2,10,42,Made Shot,Driving Floating Jump Shot,2PT Field Goal,In The Paint (Non-RA),Center(C),8-16 ft.,8,8,84,1,1,20190328,MIL,LAC
Shot Chart Detail,0021801127,192,1627820,Tyrone Wallace,1610612746,LA Clippers,2,8,25,Missed Shot,Pullup Jump shot,2PT Field Goal,In The Paint (Non-RA),Center(C),8-16 ft.,13,-65,118,1,0,20190328,MIL,LAC
Shot Chart Detail,0021801127,633,1627820,Tyrone Wallace,1610612746,LA Clippers,4,1,12,Missed Shot,Driving Hook Shot,2PT Field Goal,In The Paint (Non-RA),Center(C),Less Than 8 ft.,4,36,31,1,0,20190328,MIL,LAC
Shot Chart Detail,0021801127,661,1627820,Tyrone Wallace,1610612746,LA Clippers,4,0,24,Made Shot,Driving Hook Shot,2PT Field Goal,In The Paint (Non-RA),Right Side(R),8-16 ft.,10,55,84,1,1,20190328,MIL,LAC
Shot Chart Detail,0021801136,187,1627820,Tyrone Wallace,1610612746,LA Clippers,1,0,0,Missed Shot,Running Jump Shot,3PT Field Goal,Above the Break 3,Center(C),24+ ft.,27,-70,270,1,0,20190330,LAC,CLE
Shot Chart Detail,0021801136,629,1627820,Tyrone Wallace,1610612746,LA Clippers,4,1,15,Made Shot,Floating Jump shot,2PT Field Goal,In The Paint (Non-RA),Center(C),8-16 ft.,8,13,87,1,1,20190330,LAC,CLE
Shot Chart Detail,0021801151,686,1627820,Tyrone Wallace,1610612746,LA Clippers,4,0,46,Made Shot,Driving Layup Shot,2PT Field Goal,Restricted Area,Center(C),Less Than 8 ft.,1,11,10,1,1,20190331,LAC,MEM
Shot Chart Detail,0021801176,137,1627820,Tyrone Wallace,1610612746,LA Clippers,1,1,17,Made Shot,Driving Floating Jump Shot,2PT Field Goal,Restricted Area,Center(C),Less Than 8 ft.,2,-5,26,1,1,20190403,LAC,HOU
Shot Chart Detail,0021801176,142,1627820,Tyrone Wallace,1610612746,LA Clippers,1,0,47,Missed Shot,Driving Layup Shot,2PT Field Goal,Restricted Area,Center(C),Less Than 8 ft.,3,7,31,1,0,20190403,LAC,HOU
Shot Chart Detail,0021801176,647,1627820,Tyrone Wallace,1610612746,LA Clippers,4,2,18,Missed Shot,Driving Floating Jump Shot,2PT Field Goal,In The Paint (Non-RA),Center(C),Less Than 8 ft.,5,-14,48,1,0,20190403,LAC,HOU
Shot Chart Detail,0021801176,680,1627820,Tyrone Wallace,1610612746,LA Clippers,4,0,28,Missed Shot,Jump Shot,3PT Field Goal,Above the Break 3,Left Side Center(LC),24+ ft.,26,-141,220,1,0,20190403,LAC,HOU
Shot Chart Detail,0021801192,198,1627820,Tyrone Wallace,1610612746,LA Clippers,2,11,20,Missed Shot,Floating Jump shot,2PT Field Goal,In The Paint (Non-RA),Center(C),Less Than 8 ft.,7,-11,78,1,0,20190405,LAC,LAL
Shot Chart Detail,0021801192,210,1627820,Tyrone Wallace,1610612746,LA Clippers,2,9,59,Made Shot,Floating Jump shot,2PT Field Goal,Restricted Area,Center(C),Less Than 8 ft.,3,-31,1,1,1,20190405,LAC,LAL
Shot Chart Detail,0021801205,531,1627820,Tyrone Wallace,1610612746,LA Clippers,3,0,16,Missed Shot,Jump Shot,2PT Field Goal,In The Paint (Non-RA),Center(C),8-16 ft.,9,-14,89,1,0,20190407,GSW,LAC
Shot Chart Detail,0021801205,568,1627820,Tyrone Wallace,1610612746,LA Clippers,4,9,7,Missed Shot,Jump Shot,2PT Field Goal,In The Paint (Non-RA),Center(C),Less Than 8 ft.,6,4,63,1,0,20190407,GSW,LAC
Shot Chart Detail,0021801205,586,1627820,Tyrone Wallace,1610612746,LA Clippers,4,7,50,Made Shot,Driving Floating Jump Shot,2PT Field Goal,In The Paint (Non-RA),Center(C),8-16 ft.,11,-3,116,1,1,20190407,GSW,LAC
Shot Chart Detail,0021801205,637,1627820,Tyrone Wallace,1610612746,LA Clippers,4,4,43,Made Shot,Pullup Jump shot,2PT Field Goal,Mid-Range,Left Side Center(LC),16-24 ft.,18,-107,147,1,1,20190407,GSW,LAC
Shot Chart Detail,0021801205,658,1627820,Tyrone Wallace,1610612746,LA Clippers,4,2,47,Made Shot,Layup Shot,2PT Field Goal,Restricted Area,Center(C),Less Than 8 ft.,3,4,31,1,1,20190407,GSW,LAC
Shot Chart Detail,0021801205,661,1627820,Tyrone Wallace,1610612746,LA Clippers,4,2,7,Made Shot,Fadeaway Jump Shot,2PT Field Goal,In The Paint (Non-RA),Center(C),8-16 ft.,11,-27,112,1,1,20190407,GSW,LAC
Shot Chart Detail,0021801229,712,1627820,Tyrone Wallace,1610612746,LA Clippers,4,1,34,Missed Shot,Turnaround Hook Shot,2PT Field Goal,In The Paint (Non-RA),Center(C),Less Than 8 ft.,4,33,25,1,0,20190410,LAC,UTA
Shot Chart Detail,0021801229,749,1627820,Tyrone Wallace,1610612746,LA Clippers,5,4,45,Made Shot,Driving Layup Shot,2PT Field Goal,Restricted Area,Center(C),Less Than 8 ft.,2,2,26,1,1,20190410,LAC,UTA
Shot Chart Detail,0021801229,792,1627820,Tyrone Wallace,1610612746,LA Clippers,5,0,27,Made Shot,Step Back Jump shot,2PT Field Goal,In The Paint (Non-RA),Center(C),8-16 ft.,11,23,116,1,1,20190410,LAC,UTA
