GRID_TYPE,GAME_ID,GAME_EVENT_ID,PLAYER_ID,PLAYER_NAME,TEAM_ID,TEAM_NAME,PERIOD,MINUTES_REMAINING,SECONDS_REMAINING,EVENT_TYPE,ACTION_TYPE,SHOT_TYPE,SHOT_ZONE_BASIC,SHOT_ZONE_AREA,SHOT_ZONE_RANGE,SHOT_DISTANCE,LOC_X,LOC_Y,SHOT_ATTEMPTED_FLAG,SHOT_MADE_FLAG,GAME_DATE,HTM,VTM
Shot Chart Detail,0021800022,662,1627767,Cheick Diallo,1610612740,New Orleans Pelicans,4,2,42,Made Shot,Cutting Layup Shot,2PT Field Goal,Restricted Area,Center(C),Less Than 8 ft.,0,8,4,1,1,20181019,NOP,SAC
Shot Chart Detail,0021800022,678,1627767,Cheick Diallo,1610612740,New Orleans Pelicans,4,1,5,Made Shot,Cutting Layup Shot,2PT Field Goal,Restricted Area,Center(C),Less Than 8 ft.,2,5,22,1,1,20181019,NOP,SAC
Shot Chart Detail,0021800075,575,1627767,Cheick Diallo,1610612740,New Orleans Pelicans,4,10,25,Made Shot,Dunk Shot,2PT Field Goal,Restricted Area,Center(C),Less Than 8 ft.,1,-12,7,1,1,20181027,NOP,UTA
Shot Chart Detail,0021800075,594,1627767,Cheick Diallo,1610612740,New Orleans Pelicans,4,9,23,Made Shot,Putback Dunk Shot,2PT Field Goal,Restricted Area,Center(C),Less Than 8 ft.,0,0,-6,1,1,20181027,NOP,UTA
Shot Chart Detail,0021800075,621,1627767,Cheick Diallo,1610612740,New Orleans Pelicans,4,7,42,Made Shot,Jump Shot,2PT Field Goal,In The Paint (Non-RA),Center(C),8-16 ft.,8,-16,81,1,1,20181027,NOP,UTA
Shot Chart Detail,0021800075,634,1627767,Cheick Diallo,1610612740,New Orleans Pelicans,4,5,56,Missed Shot,Jump Shot,2PT Field Goal,Mid-Range,Center(C),8-16 ft.,14,25,147,1,0,20181027,NOP,UTA
Shot Chart Detail,0021800075,650,1627767,Cheick Diallo,1610612740,New Orleans Pelicans,4,5,24,Missed Shot,Jump Shot,2PT Field Goal,In The Paint (Non-RA),Center(C),8-16 ft.,10,-1,100,1,0,20181027,NOP,UTA
Shot Chart Detail,0021800075,662,1627767,Cheick Diallo,1610612740,New Orleans Pelicans,4,4,48,Made Shot,Layup Shot,2PT Field Goal,Restricted Area,Center(C),Less Than 8 ft.,1,-6,8,1,1,20181027,NOP,UTA
Shot Chart Detail,0021800075,674,1627767,Cheick Diallo,1610612740,New Orleans Pelicans,4,4,7,Missed Shot,Jump Shot,2PT Field Goal,Mid-Range,Right Side(R),8-16 ft.,15,149,23,1,0,20181027,NOP,UTA
Shot Chart Detail,0021800075,741,1627767,Cheick Diallo,1610612740,New Orleans Pelicans,4,0,48,Missed Shot,Jump Shot,2PT Field Goal,Mid-Range,Right Side(R),8-16 ft.,14,133,63,1,0,20181027,NOP,UTA
Shot Chart Detail,0021800095,391,1627767,Cheick Diallo,1610612740,New Orleans Pelicans,3,7,59,Made Shot,Dunk Shot,2PT Field Goal,Restricted Area,Center(C),Less Than 8 ft.,0,0,2,1,1,20181029,DEN,NOP
Shot Chart Detail,0021800095,398,1627767,Cheick Diallo,1610612740,New Orleans Pelicans,3,7,29,Made Shot,Tip Layup Shot,2PT Field Goal,Restricted Area,Center(C),Less Than 8 ft.,0,0,-6,1,1,20181029,DEN,NOP
Shot Chart Detail,0021800095,434,1627767,Cheick Diallo,1610612740,New Orleans Pelicans,3,4,36,Made Shot,Jump Shot,2PT Field Goal,Mid-Range,Left Side(L),16-24 ft.,16,-153,60,1,1,20181029,DEN,NOP
Shot Chart Detail,0021800095,564,1627767,Cheick Diallo,1610612740,New Orleans Pelicans,4,7,31,Missed Shot,Jump Shot,2PT Field Goal,In The Paint (Non-RA),Center(C),8-16 ft.,13,2,137,1,0,20181029,DEN,NOP
Shot Chart Detail,0021800116,229,1627767,Cheick Diallo,1610612740,New Orleans Pelicans,2,7,33,Missed Shot,Jump Shot,2PT Field Goal,Mid-Range,Left Side(L),16-24 ft.,16,-166,13,1,0,20181101,POR,NOP
Shot Chart Detail,0021800116,356,1627767,Cheick Diallo,1610612740,New Orleans Pelicans,2,0,35,Made Shot,Tip Layup Shot,2PT Field Goal,Restricted Area,Center(C),Less Than 8 ft.,0,0,-6,1,1,20181101,POR,NOP
Shot Chart Detail,0021800116,489,1627767,Cheick Diallo,1610612740,New Orleans Pelicans,3,4,11,Missed Shot,Reverse Layup Shot,2PT Field Goal,In The Paint (Non-RA),Center(C),Less Than 8 ft.,5,-50,2,1,0,20181101,POR,NOP
Shot Chart Detail,0021800116,493,1627767,Cheick Diallo,1610612740,New Orleans Pelicans,3,3,52,Missed Shot,Cutting Layup Shot,2PT Field Goal,Restricted Area,Center(C),Less Than 8 ft.,3,-32,22,1,0,20181101,POR,NOP
Shot Chart Detail,0021800116,536,1627767,Cheick Diallo,1610612740,New Orleans Pelicans,3,2,2,Missed Shot,Cutting Layup Shot,2PT Field Goal,Restricted Area,Center(C),Less Than 8 ft.,2,-11,27,1,0,20181101,POR,NOP
Shot Chart Detail,0021800144,555,1627767,Cheick Diallo,1610612740,New Orleans Pelicans,4,8,5,Made Shot,Reverse Layup Shot,2PT Field Goal,Restricted Area,Center(C),Less Than 8 ft.,1,14,9,1,1,20181105,OKC,NOP
Shot Chart Detail,0021800159,187,1627767,Cheick Diallo,1610612740,New Orleans Pelicans,2,9,18,Made Shot,Floating Jump shot,2PT Field Goal,In The Paint (Non-RA),Center(C),Less Than 8 ft.,7,43,59,1,1,20181107,NOP,CHI
Shot Chart Detail,0021800176,147,1627767,Cheick Diallo,1610612740,New Orleans Pelicans,1,1,4,Made Shot,Layup Shot,2PT Field Goal,Restricted Area,Center(C),Less Than 8 ft.,2,-12,21,1,1,20181110,NOP,PHX
Shot Chart Detail,0021800176,177,1627767,Cheick Diallo,1610612740,New Orleans Pelicans,2,11,0,Missed Shot,Layup Shot,2PT Field Goal,In The Paint (Non-RA),Center(C),Less Than 8 ft.,4,32,25,1,0,20181110,NOP,PHX
Shot Chart Detail,0021800176,201,1627767,Cheick Diallo,1610612740,New Orleans Pelicans,2,9,8,Missed Shot,Tip Layup Shot,2PT Field Goal,Restricted Area,Center(C),Less Than 8 ft.,0,0,-6,1,0,20181110,NOP,PHX
Shot Chart Detail,0021800176,203,1627767,Cheick Diallo,1610612740,New Orleans Pelicans,2,9,6,Made Shot,Tip Layup Shot,2PT Field Goal,Restricted Area,Center(C),Less Than 8 ft.,0,0,-6,1,1,20181110,NOP,PHX
Shot Chart Detail,0021800192,153,1627767,Cheick Diallo,1610612740,New Orleans Pelicans,1,0,37,Missed Shot,Layup Shot,2PT Field Goal,Restricted Area,Center(C),Less Than 8 ft.,2,19,13,1,0,20181112,TOR,NOP
Shot Chart Detail,0021800192,159,1627767,Cheick Diallo,1610612740,New Orleans Pelicans,1,0,22,Made Shot,Tip Layup Shot,2PT Field Goal,Restricted Area,Center(C),Less Than 8 ft.,1,3,10,1,1,20181112,TOR,NOP
Shot Chart Detail,0021800192,176,1627767,Cheick Diallo,1610612740,New Orleans Pelicans,2,11,9,Missed Shot,Floating Jump shot,2PT Field Goal,In The Paint (Non-RA),Center(C),8-16 ft.,9,39,84,1,0,20181112,TOR,NOP
Shot Chart Detail,0021800192,213,1627767,Cheick Diallo,1610612740,New Orleans Pelicans,2,8,24,Made Shot,Cutting Layup Shot,2PT Field Goal,Restricted Area,Center(C),Less Than 8 ft.,2,-15,21,1,1,20181112,TOR,NOP
Shot Chart Detail,0021800192,227,1627767,Cheick Diallo,1610612740,New Orleans Pelicans,2,7,25,Made Shot,Jump Shot,2PT Field Goal,In The Paint (Non-RA),Right Side(R),8-16 ft.,9,77,48,1,1,20181112,TOR,NOP
Shot Chart Detail,0021800192,481,1627767,Cheick Diallo,1610612740,New Orleans Pelicans,3,3,7,Made Shot,Cutting Layup Shot,2PT Field Goal,Restricted Area,Center(C),Less Than 8 ft.,3,20,23,1,1,20181112,TOR,NOP
Shot Chart Detail,0021800192,502,1627767,Cheick Diallo,1610612740,New Orleans Pelicans,3,1,31,Missed Shot,Jump Shot,2PT Field Goal,In The Paint (Non-RA),Center(C),Less Than 8 ft.,6,51,43,1,0,20181112,TOR,NOP
Shot Chart Detail,0021800192,677,1627767,Cheick Diallo,1610612740,New Orleans Pelicans,4,0,34,Missed Shot,Jump Shot,2PT Field Goal,In The Paint (Non-RA),Center(C),8-16 ft.,8,-35,81,1,0,20181112,TOR,NOP
Shot Chart Detail,0021800208,158,1627767,Cheick Diallo,1610612740,New Orleans Pelicans,2,11,35,Missed Shot,Putback Layup Shot,2PT Field Goal,Restricted Area,Center(C),Less Than 8 ft.,2,6,20,1,0,20181114,MIN,NOP
Shot Chart Detail,0021800208,203,1627767,Cheick Diallo,1610612740,New Orleans Pelicans,2,7,30,Made Shot,Jump Shot,2PT Field Goal,In The Paint (Non-RA),Center(C),Less Than 8 ft.,6,-62,25,1,1,20181114,MIN,NOP
Shot Chart Detail,0021800246,659,1627767,Cheick Diallo,1610612740,New Orleans Pelicans,4,2,40,Made Shot,Cutting Layup Shot,2PT Field Goal,Restricted Area,Center(C),Less Than 8 ft.,2,-14,15,1,1,20181119,NOP,SAS
Shot Chart Detail,0021800269,571,1627767,Cheick Diallo,1610612740,New Orleans Pelicans,4,9,13,Made Shot,Putback Layup Shot,2PT Field Goal,Restricted Area,Center(C),Less Than 8 ft.,0,0,-6,1,1,20181123,NYK,NOP
Shot Chart Detail,0021800269,598,1627767,Cheick Diallo,1610612740,New Orleans Pelicans,4,7,22,Missed Shot,Layup Shot,2PT Field Goal,Restricted Area,Center(C),Less Than 8 ft.,1,15,13,1,0,20181123,NYK,NOP
Shot Chart Detail,0021800269,629,1627767,Cheick Diallo,1610612740,New Orleans Pelicans,4,5,7,Missed Shot,Finger Roll Layup Shot,2PT Field Goal,Restricted Area,Center(C),Less Than 8 ft.,0,-5,1,1,0,20181123,NYK,NOP
Shot Chart Detail,0021800280,86,1627767,Cheick Diallo,1610612740,New Orleans Pelicans,1,4,17,Made Shot,Layup Shot,2PT Field Goal,Restricted Area,Center(C),Less Than 8 ft.,1,2,10,1,1,20181124,WAS,NOP
Shot Chart Detail,0021800280,89,1627767,Cheick Diallo,1610612740,New Orleans Pelicans,1,3,51,Made Shot,Floating Jump shot,2PT Field Goal,Mid-Range,Left Side(L),8-16 ft.,13,-95,95,1,1,20181124,WAS,NOP
Shot Chart Detail,0021800280,155,1627767,Cheick Diallo,1610612740,New Orleans Pelicans,2,11,17,Made Shot,Floating Jump shot,2PT Field Goal,In The Paint (Non-RA),Center(C),8-16 ft.,8,-21,83,1,1,20181124,WAS,NOP
Shot Chart Detail,0021800280,406,1627767,Cheick Diallo,1610612740,New Orleans Pelicans,3,5,6,Missed Shot,Driving Layup Shot,2PT Field Goal,In The Paint (Non-RA),Center(C),Less Than 8 ft.,6,4,63,1,0,20181124,WAS,NOP
Shot Chart Detail,0021800280,416,1627767,Cheick Diallo,1610612740,New Orleans Pelicans,3,4,29,Missed Shot,Cutting Layup Shot,2PT Field Goal,Restricted Area,Center(C),Less Than 8 ft.,2,20,18,1,0,20181124,WAS,NOP
Shot Chart Detail,0021800280,420,1627767,Cheick Diallo,1610612740,New Orleans Pelicans,3,4,6,Missed Shot,Jump Shot,2PT Field Goal,In The Paint (Non-RA),Center(C),Less Than 8 ft.,7,24,68,1,0,20181124,WAS,NOP
Shot Chart Detail,0021800312,200,1627767,Cheick Diallo,1610612740,New Orleans Pelicans,2,11,19,Missed Shot,Jump Shot,3PT Field Goal,Right Corner 3,Right Side(R),24+ ft.,22,222,0,1,0,20181128,NOP,WAS
Shot Chart Detail,0021800312,210,1627767,Cheick Diallo,1610612740,New Orleans Pelicans,2,10,41,Made Shot,Dunk Shot,2PT Field Goal,Restricted Area,Center(C),Less Than 8 ft.,1,6,10,1,1,20181128,NOP,WAS
Shot Chart Detail,0021800312,684,1627767,Cheick Diallo,1610612740,New Orleans Pelicans,4,0,58,Made Shot,Floating Jump shot,2PT Field Goal,Mid-Range,Right Side(R),8-16 ft.,12,126,-5,1,1,20181128,NOP,WAS
Shot Chart Detail,0021800324,277,1627767,Cheick Diallo,1610612740,New Orleans Pelicans,2,3,9,Missed Shot,Jump Shot,2PT Field Goal,In The Paint (Non-RA),Center(C),8-16 ft.,8,-23,83,1,0,20181130,MIA,NOP
Shot Chart Detail,0021800338,649,1627767,Cheick Diallo,1610612740,New Orleans Pelicans,4,3,59,Missed Shot,Floating Jump shot,2PT Field Goal,In The Paint (Non-RA),Center(C),8-16 ft.,9,8,92,1,0,20181202,CHA,NOP
Shot Chart Detail,0021800338,673,1627767,Cheick Diallo,1610612740,New Orleans Pelicans,4,2,26,Missed Shot,Alley Oop Layup shot,2PT Field Goal,Restricted Area,Center(C),Less Than 8 ft.,3,8,31,1,0,20181202,CHA,NOP
Shot Chart Detail,0021800363,176,1627767,Cheick Diallo,1610612740,New Orleans Pelicans,2,10,0,Made Shot,Dunk Shot,2PT Field Goal,Restricted Area,Center(C),Less Than 8 ft.,0,0,4,1,1,20181205,NOP,DAL
Shot Chart Detail,0021800363,199,1627767,Cheick Diallo,1610612740,New Orleans Pelicans,2,8,20,Made Shot,Putback Layup Shot,2PT Field Goal,Restricted Area,Center(C),Less Than 8 ft.,0,0,-6,1,1,20181205,NOP,DAL
Shot Chart Detail,0021800363,416,1627767,Cheick Diallo,1610612740,New Orleans Pelicans,3,5,25,Made Shot,Cutting Layup Shot,2PT Field Goal,Restricted Area,Center(C),Less Than 8 ft.,1,-16,-2,1,1,20181205,NOP,DAL
Shot Chart Detail,0021800363,423,1627767,Cheick Diallo,1610612740,New Orleans Pelicans,3,4,53,Made Shot,Putback Layup Shot,2PT Field Goal,Restricted Area,Center(C),Less Than 8 ft.,2,25,9,1,1,20181205,NOP,DAL
Shot Chart Detail,0021800363,426,1627767,Cheick Diallo,1610612740,New Orleans Pelicans,3,4,26,Made Shot,Cutting Dunk Shot,2PT Field Goal,Restricted Area,Center(C),Less Than 8 ft.,0,-5,3,1,1,20181205,NOP,DAL
Shot Chart Detail,0021800363,633,1627767,Cheick Diallo,1610612740,New Orleans Pelicans,4,0,52,Missed Shot,Tip Layup Shot,2PT Field Goal,Restricted Area,Center(C),Less Than 8 ft.,0,0,-6,1,0,20181205,NOP,DAL
Shot Chart Detail,0021800374,157,1627767,Cheick Diallo,1610612740,New Orleans Pelicans,1,0,27,Missed Shot,Layup Shot,2PT Field Goal,Restricted Area,Center(C),Less Than 8 ft.,3,24,18,1,0,20181207,NOP,MEM
Shot Chart Detail,0021800387,97,1627767,Cheick Diallo,1610612740,New Orleans Pelicans,1,3,53,Made Shot,Layup Shot,2PT Field Goal,In The Paint (Non-RA),Center(C),Less Than 8 ft.,4,-40,11,1,1,20181209,DET,NOP
Shot Chart Detail,0021800387,100,1627767,Cheick Diallo,1610612740,New Orleans Pelicans,1,3,18,Made Shot,Layup Shot,2PT Field Goal,Restricted Area,Center(C),Less Than 8 ft.,1,-3,13,1,1,20181209,DET,NOP
Shot Chart Detail,0021800393,233,1627767,Cheick Diallo,1610612740,New Orleans Pelicans,2,6,57,Made Shot,Cutting Dunk Shot,2PT Field Goal,Restricted Area,Center(C),Less Than 8 ft.,0,1,9,1,1,20181210,BOS,NOP
Shot Chart Detail,0021800393,515,1627767,Cheick Diallo,1610612740,New Orleans Pelicans,3,0,1,Made Shot,Layup Shot,2PT Field Goal,Restricted Area,Center(C),Less Than 8 ft.,2,24,15,1,1,20181210,BOS,NOP
Shot Chart Detail,0021800393,663,1627767,Cheick Diallo,1610612740,New Orleans Pelicans,4,1,23,Made Shot,Hook Shot,2PT Field Goal,In The Paint (Non-RA),Right Side(R),8-16 ft.,8,55,65,1,1,20181210,BOS,NOP
Shot Chart Detail,0021800411,127,1627767,Cheick Diallo,1610612740,New Orleans Pelicans,1,2,5,Missed Shot,Layup Shot,2PT Field Goal,In The Paint (Non-RA),Center(C),Less Than 8 ft.,4,-12,43,1,0,20181212,NOP,OKC
Shot Chart Detail,0021800462,167,1627767,Cheick Diallo,1610612740,New Orleans Pelicans,2,11,6,Made Shot,Layup Shot,2PT Field Goal,Restricted Area,Center(C),Less Than 8 ft.,1,3,15,1,1,20181219,MIL,NOP
Shot Chart Detail,0021800579,426,1627767,Cheick Diallo,1610612740,New Orleans Pelicans,3,3,36,Made Shot,Reverse Layup Shot,2PT Field Goal,Restricted Area,Center(C),Less Than 8 ft.,0,-3,7,1,1,20190105,CLE,NOP
Shot Chart Detail,0021800579,601,1627767,Cheick Diallo,1610612740,New Orleans Pelicans,4,3,10,Made Shot,Jump Shot,2PT Field Goal,Mid-Range,Right Side(R),8-16 ft.,14,141,27,1,1,20190105,CLE,NOP
Shot Chart Detail,0021800717,135,1627767,Cheick Diallo,1610612740,New Orleans Pelicans,1,1,38,Made Shot,Jump Shot,2PT Field Goal,Mid-Range,Right Side(R),8-16 ft.,15,150,2,1,1,20190124,OKC,NOP
Shot Chart Detail,0021800717,149,1627767,Cheick Diallo,1610612740,New Orleans Pelicans,1,0,5,Made Shot,Turnaround Jump Shot,2PT Field Goal,In The Paint (Non-RA),Center(C),Less Than 8 ft.,6,46,46,1,1,20190124,OKC,NOP
Shot Chart Detail,0021800717,161,1627767,Cheick Diallo,1610612740,New Orleans Pelicans,2,11,43,Missed Shot,Jump Shot,2PT Field Goal,Mid-Range,Left Side(L),8-16 ft.,15,-154,-4,1,0,20190124,OKC,NOP
Shot Chart Detail,0021800717,475,1627767,Cheick Diallo,1610612740,New Orleans Pelicans,3,0,42,Made Shot,Turnaround Jump Shot,2PT Field Goal,Mid-Range,Left Side Center(LC),16-24 ft.,21,-68,205,1,1,20190124,OKC,NOP
Shot Chart Detail,0021800717,493,1627767,Cheick Diallo,1610612740,New Orleans Pelicans,4,11,12,Made Shot,Turnaround Jump Shot,2PT Field Goal,In The Paint (Non-RA),Center(C),Less Than 8 ft.,6,58,32,1,1,20190124,OKC,NOP
Shot Chart Detail,0021800717,499,1627767,Cheick Diallo,1610612740,New Orleans Pelicans,4,10,14,Made Shot,Cutting Dunk Shot,2PT Field Goal,Restricted Area,Center(C),Less Than 8 ft.,0,0,1,1,1,20190124,OKC,NOP
Shot Chart Detail,0021800717,528,1627767,Cheick Diallo,1610612740,New Orleans Pelicans,4,8,26,Made Shot,Cutting Layup Shot,2PT Field Goal,Restricted Area,Center(C),Less Than 8 ft.,1,11,8,1,1,20190124,OKC,NOP
Shot Chart Detail,0021800717,558,1627767,Cheick Diallo,1610612740,New Orleans Pelicans,4,6,10,Made Shot,Cutting Layup Shot,2PT Field Goal,Restricted Area,Center(C),Less Than 8 ft.,0,6,4,1,1,20190124,OKC,NOP
Shot Chart Detail,0021800717,581,1627767,Cheick Diallo,1610612740,New Orleans Pelicans,4,4,46,Missed Shot,Cutting Layup Shot,2PT Field Goal,Restricted Area,Center(C),Less Than 8 ft.,2,3,20,1,0,20190124,OKC,NOP
Shot Chart Detail,0021800717,585,1627767,Cheick Diallo,1610612740,New Orleans Pelicans,4,4,37,Missed Shot,Layup Shot,2PT Field Goal,Restricted Area,Center(C),Less Than 8 ft.,1,5,10,1,0,20190124,OKC,NOP
Shot Chart Detail,0021800717,588,1627767,Cheick Diallo,1610612740,New Orleans Pelicans,4,4,33,Missed Shot,Putback Layup Shot,2PT Field Goal,Restricted Area,Center(C),Less Than 8 ft.,1,-10,15,1,0,20190124,OKC,NOP
Shot Chart Detail,0021800717,638,1627767,Cheick Diallo,1610612740,New Orleans Pelicans,4,0,37,Missed Shot,Jump Shot,3PT Field Goal,Left Corner 3,Left Side(L),24+ ft.,23,-230,-12,1,0,20190124,OKC,NOP
Shot Chart Detail,0021800730,131,1627767,Cheick Diallo,1610612740,New Orleans Pelicans,1,2,9,Missed Shot,Jump Shot,2PT Field Goal,Mid-Range,Right Side Center(RC),16-24 ft.,18,147,115,1,0,20190126,NOP,SAS
Shot Chart Detail,0021800730,139,1627767,Cheick Diallo,1610612740,New Orleans Pelicans,1,1,5,Missed Shot,Cutting Layup Shot,2PT Field Goal,Restricted Area,Center(C),Less Than 8 ft.,1,13,-6,1,0,20190126,NOP,SAS
Shot Chart Detail,0021800730,148,1627767,Cheick Diallo,1610612740,New Orleans Pelicans,1,0,30,Made Shot,Reverse Layup Shot,2PT Field Goal,Restricted Area,Center(C),Less Than 8 ft.,1,17,3,1,1,20190126,NOP,SAS
Shot Chart Detail,0021800730,460,1627767,Cheick Diallo,1610612740,New Orleans Pelicans,3,2,18,Made Shot,Reverse Layup Shot,2PT Field Goal,Restricted Area,Center(C),Less Than 8 ft.,1,10,-3,1,1,20190126,NOP,SAS
Shot Chart Detail,0021800730,650,1627767,Cheick Diallo,1610612740,New Orleans Pelicans,4,1,45,Made Shot,Jump Shot,2PT Field Goal,In The Paint (Non-RA),Center(C),Less Than 8 ft.,7,76,15,1,1,20190126,NOP,SAS
Shot Chart Detail,0021800753,193,1627767,Cheick Diallo,1610612740,New Orleans Pelicans,2,9,39,Missed Shot,Cutting Layup Shot,2PT Field Goal,Restricted Area,Center(C),Less Than 8 ft.,2,-11,24,1,0,20190129,HOU,NOP
Shot Chart Detail,0021800753,217,1627767,Cheick Diallo,1610612740,New Orleans Pelicans,2,8,7,Missed Shot,Cutting Finger Roll Layup Shot,2PT Field Goal,Restricted Area,Center(C),Less Than 8 ft.,2,6,27,1,0,20190129,HOU,NOP
Shot Chart Detail,0021800753,503,1627767,Cheick Diallo,1610612740,New Orleans Pelicans,3,0,19,Made Shot,Cutting Dunk Shot,2PT Field Goal,Restricted Area,Center(C),Less Than 8 ft.,1,3,15,1,1,20190129,HOU,NOP
Shot Chart Detail,0021800753,530,1627767,Cheick Diallo,1610612740,New Orleans Pelicans,4,10,38,Made Shot,Reverse Layup Shot,2PT Field Goal,Restricted Area,Center(C),Less Than 8 ft.,0,-1,5,1,1,20190129,HOU,NOP
Shot Chart Detail,0021800761,125,1627767,Cheick Diallo,1610612740,New Orleans Pelicans,1,3,14,Made Shot,Hook Shot,2PT Field Goal,In The Paint (Non-RA),Center(C),8-16 ft.,11,-54,97,1,1,20190130,NOP,DEN
Shot Chart Detail,0021800761,146,1627767,Cheick Diallo,1610612740,New Orleans Pelicans,1,0,53,Missed Shot,Floating Jump shot,2PT Field Goal,Restricted Area,Center(C),Less Than 8 ft.,3,32,10,1,0,20190130,NOP,DEN
Shot Chart Detail,0021800761,166,1627767,Cheick Diallo,1610612740,New Orleans Pelicans,2,11,12,Made Shot,Jump Shot,2PT Field Goal,In The Paint (Non-RA),Center(C),Less Than 8 ft.,6,-8,67,1,1,20190130,NOP,DEN
Shot Chart Detail,0021800761,208,1627767,Cheick Diallo,1610612740,New Orleans Pelicans,2,7,37,Missed Shot,Layup Shot,2PT Field Goal,Restricted Area,Center(C),Less Than 8 ft.,1,6,8,1,0,20190130,NOP,DEN
Shot Chart Detail,0021800761,438,1627767,Cheick Diallo,1610612740,New Orleans Pelicans,3,2,7,Missed Shot,Floating Jump shot,2PT Field Goal,In The Paint (Non-RA),Center(C),Less Than 8 ft.,7,-71,15,1,0,20190130,NOP,DEN
Shot Chart Detail,0021800761,463,1627767,Cheick Diallo,1610612740,New Orleans Pelicans,3,0,45,Made Shot,Layup Shot,2PT Field Goal,Restricted Area,Center(C),Less Than 8 ft.,2,-20,0,1,1,20190130,NOP,DEN
Shot Chart Detail,0021800761,537,1627767,Cheick Diallo,1610612740,New Orleans Pelicans,4,7,6,Missed Shot,Floating Jump shot,2PT Field Goal,In The Paint (Non-RA),Center(C),Less Than 8 ft.,5,-18,57,1,0,20190130,NOP,DEN
Shot Chart Detail,0021800779,132,1627767,Cheick Diallo,1610612740,New Orleans Pelicans,1,0,54,Made Shot,Jump Shot,2PT Field Goal,Mid-Range,Left Side(L),8-16 ft.,9,-90,36,1,1,20190202,SAS,NOP
Shot Chart Detail,0021800779,196,1627767,Cheick Diallo,1610612740,New Orleans Pelicans,2,8,58,Made Shot,Cutting Dunk Shot,2PT Field Goal,Restricted Area,Center(C),Less Than 8 ft.,2,3,22,1,1,20190202,SAS,NOP
Shot Chart Detail,0021800779,369,1627767,Cheick Diallo,1610612740,New Orleans Pelicans,3,6,35,Missed Shot,Jump Shot,2PT Field Goal,In The Paint (Non-RA),Right Side(R),8-16 ft.,8,78,20,1,0,20190202,SAS,NOP
Shot Chart Detail,0021800779,398,1627767,Cheick Diallo,1610612740,New Orleans Pelicans,3,4,55,Made Shot,Layup Shot,2PT Field Goal,Restricted Area,Center(C),Less Than 8 ft.,1,15,-1,1,1,20190202,SAS,NOP
Shot Chart Detail,0021800779,407,1627767,Cheick Diallo,1610612740,New Orleans Pelicans,3,4,16,Missed Shot,Cutting Layup Shot,2PT Field Goal,Restricted Area,Center(C),Less Than 8 ft.,2,-22,2,1,0,20190202,SAS,NOP
Shot Chart Detail,0021800779,527,1627767,Cheick Diallo,1610612740,New Orleans Pelicans,4,5,45,Made Shot,Cutting Layup Shot,2PT Field Goal,Restricted Area,Center(C),Less Than 8 ft.,1,2,15,1,1,20190202,SAS,NOP
Shot Chart Detail,0021800779,574,1627767,Cheick Diallo,1610612740,New Orleans Pelicans,4,2,27,Made Shot,Dunk Shot,2PT Field Goal,Restricted Area,Center(C),Less Than 8 ft.,0,2,1,1,1,20190202,SAS,NOP
Shot Chart Detail,0021800793,132,1627767,Cheick Diallo,1610612740,New Orleans Pelicans,1,1,36,Missed Shot,Floating Jump shot,2PT Field Goal,In The Paint (Non-RA),Center(C),Less Than 8 ft.,7,78,12,1,0,20190204,NOP,IND
Shot Chart Detail,0021800793,191,1627767,Cheick Diallo,1610612740,New Orleans Pelicans,2,9,18,Made Shot,Cutting Layup Shot,2PT Field Goal,Restricted Area,Center(C),Less Than 8 ft.,1,16,7,1,1,20190204,NOP,IND
Shot Chart Detail,0021800793,274,1627767,Cheick Diallo,1610612740,New Orleans Pelicans,2,2,31,Made Shot,Floating Jump shot,2PT Field Goal,In The Paint (Non-RA),Center(C),8-16 ft.,9,4,96,1,1,20190204,NOP,IND
Shot Chart Detail,0021800793,352,1627767,Cheick Diallo,1610612740,New Orleans Pelicans,3,7,14,Made Shot,Cutting Layup Shot,2PT Field Goal,Restricted Area,Center(C),Less Than 8 ft.,1,12,6,1,1,20190204,NOP,IND
Shot Chart Detail,0021800793,378,1627767,Cheick Diallo,1610612740,New Orleans Pelicans,3,5,7,Made Shot,Floating Jump shot,2PT Field Goal,Mid-Range,Right Side(R),8-16 ft.,11,109,48,1,1,20190204,NOP,IND
Shot Chart Detail,0021800793,386,1627767,Cheick Diallo,1610612740,New Orleans Pelicans,3,4,36,Made Shot,Tip Layup Shot,2PT Field Goal,Restricted Area,Center(C),Less Than 8 ft.,0,0,-6,1,1,20190204,NOP,IND
Shot Chart Detail,0021800793,412,1627767,Cheick Diallo,1610612740,New Orleans Pelicans,3,3,7,Missed Shot,Layup Shot,2PT Field Goal,Restricted Area,Center(C),Less Than 8 ft.,1,13,4,1,0,20190204,NOP,IND
Shot Chart Detail,0021800793,576,1627767,Cheick Diallo,1610612740,New Orleans Pelicans,4,5,0,Missed Shot,Turnaround Hook Shot,2PT Field Goal,Restricted Area,Center(C),Less Than 8 ft.,2,-2,21,1,0,20190204,NOP,IND
Shot Chart Detail,0021800805,82,1627767,Cheick Diallo,1610612740,New Orleans Pelicans,1,3,50,Made Shot,Cutting Dunk Shot,2PT Field Goal,Restricted Area,Center(C),Less Than 8 ft.,0,-3,4,1,1,20190206,CHI,NOP
Shot Chart Detail,0021800805,98,1627767,Cheick Diallo,1610612740,New Orleans Pelicans,1,2,32,Made Shot,Floating Jump shot,2PT Field Goal,In The Paint (Non-RA),Center(C),Less Than 8 ft.,4,48,6,1,1,20190206,CHI,NOP
Shot Chart Detail,0021800805,110,1627767,Cheick Diallo,1610612740,New Orleans Pelicans,1,1,26,Made Shot,Tip Layup Shot,2PT Field Goal,Restricted Area,Center(C),Less Than 8 ft.,0,0,-6,1,1,20190206,CHI,NOP
Shot Chart Detail,0021800805,163,1627767,Cheick Diallo,1610612740,New Orleans Pelicans,2,11,1,Missed Shot,Jump Shot,2PT Field Goal,Mid-Range,Right Side(R),8-16 ft.,14,127,59,1,0,20190206,CHI,NOP
Shot Chart Detail,0021800805,400,1627767,Cheick Diallo,1610612740,New Orleans Pelicans,3,5,24,Made Shot,Dunk Shot,2PT Field Goal,Restricted Area,Center(C),Less Than 8 ft.,0,1,5,1,1,20190206,CHI,NOP
Shot Chart Detail,0021800805,425,1627767,Cheick Diallo,1610612740,New Orleans Pelicans,3,3,51,Made Shot,Cutting Layup Shot,2PT Field Goal,Restricted Area,Center(C),Less Than 8 ft.,1,-2,15,1,1,20190206,CHI,NOP
Shot Chart Detail,0021800805,450,1627767,Cheick Diallo,1610612740,New Orleans Pelicans,3,1,16,Made Shot,Cutting Layup Shot,2PT Field Goal,Restricted Area,Center(C),Less Than 8 ft.,1,11,4,1,1,20190206,CHI,NOP
Shot Chart Detail,0021800805,532,1627767,Cheick Diallo,1610612740,New Orleans Pelicans,4,7,26,Made Shot,Dunk Shot,2PT Field Goal,Restricted Area,Center(C),Less Than 8 ft.,1,8,10,1,1,20190206,CHI,NOP
Shot Chart Detail,0021800823,614,1627767,Cheick Diallo,1610612740,New Orleans Pelicans,4,3,48,Missed Shot,Layup Shot,2PT Field Goal,Restricted Area,Center(C),Less Than 8 ft.,1,12,3,1,0,20190208,NOP,MIN
Shot Chart Detail,0021800823,617,1627767,Cheick Diallo,1610612740,New Orleans Pelicans,4,3,39,Made Shot,Putback Layup Shot,2PT Field Goal,Restricted Area,Center(C),Less Than 8 ft.,0,0,-6,1,1,20190208,NOP,MIN
Shot Chart Detail,0021800831,120,1627767,Cheick Diallo,1610612740,New Orleans Pelicans,1,4,17,Made Shot,Cutting Dunk Shot,2PT Field Goal,Restricted Area,Center(C),Less Than 8 ft.,0,-1,2,1,1,20190209,MEM,NOP
Shot Chart Detail,0021800831,132,1627767,Cheick Diallo,1610612740,New Orleans Pelicans,1,3,54,Made Shot,Driving Floating Jump Shot,2PT Field Goal,Restricted Area,Center(C),Less Than 8 ft.,0,-5,4,1,1,20190209,MEM,NOP
Shot Chart Detail,0021800851,106,1627767,Cheick Diallo,1610612740,New Orleans Pelicans,1,4,34,Missed Shot,Tip Layup Shot,2PT Field Goal,Restricted Area,Center(C),Less Than 8 ft.,0,0,-6,1,0,20190212,NOP,ORL
Shot Chart Detail,0021800851,627,1627767,Cheick Diallo,1610612740,New Orleans Pelicans,4,1,22,Missed Shot,Jump Shot,2PT Field Goal,Mid-Range,Left Side Center(LC),16-24 ft.,17,-141,109,1,0,20190212,NOP,ORL
Shot Chart Detail,0021800866,410,1627767,Cheick Diallo,1610612740,New Orleans Pelicans,3,5,48,Made Shot,Reverse Layup Shot,2PT Field Goal,Restricted Area,Center(C),Less Than 8 ft.,1,19,4,1,1,20190214,NOP,OKC
Shot Chart Detail,0021800866,432,1627767,Cheick Diallo,1610612740,New Orleans Pelicans,3,4,17,Missed Shot,Layup Shot,2PT Field Goal,In The Paint (Non-RA),Center(C),8-16 ft.,11,35,114,1,0,20190214,NOP,OKC
Shot Chart Detail,0021800866,451,1627767,Cheick Diallo,1610612740,New Orleans Pelicans,3,3,22,Made Shot,Layup Shot,2PT Field Goal,Restricted Area,Center(C),Less Than 8 ft.,1,18,-4,1,1,20190214,NOP,OKC
Shot Chart Detail,0021800866,530,1627767,Cheick Diallo,1610612740,New Orleans Pelicans,4,9,42,Made Shot,Layup Shot,2PT Field Goal,Restricted Area,Center(C),Less Than 8 ft.,2,-24,-8,1,1,20190214,NOP,OKC
Shot Chart Detail,0021800874,198,1627767,Cheick Diallo,1610612740,New Orleans Pelicans,2,9,38,Made Shot,Jump Shot,2PT Field Goal,Mid-Range,Left Side(L),8-16 ft.,15,-157,-5,1,1,20190222,IND,NOP
Shot Chart Detail,0021800874,280,1627767,Cheick Diallo,1610612740,New Orleans Pelicans,2,4,22,Missed Shot,Layup Shot,2PT Field Goal,Restricted Area,Center(C),Less Than 8 ft.,2,-2,27,1,0,20190222,IND,NOP
Shot Chart Detail,0021800874,318,1627767,Cheick Diallo,1610612740,New Orleans Pelicans,2,2,9,Made Shot,Putback Layup Shot,2PT Field Goal,Restricted Area,Center(C),Less Than 8 ft.,0,0,-6,1,1,20190222,IND,NOP
Shot Chart Detail,0021800874,322,1627767,Cheick Diallo,1610612740,New Orleans Pelicans,2,1,46,Made Shot,Layup Shot,2PT Field Goal,Restricted Area,Center(C),Less Than 8 ft.,0,-4,8,1,1,20190222,IND,NOP
Shot Chart Detail,0021800874,447,1627767,Cheick Diallo,1610612740,New Orleans Pelicans,3,6,9,Made Shot,Jump Shot,2PT Field Goal,In The Paint (Non-RA),Center(C),Less Than 8 ft.,6,55,31,1,1,20190222,IND,NOP
Shot Chart Detail,0021800874,486,1627767,Cheick Diallo,1610612740,New Orleans Pelicans,3,3,41,Made Shot,Reverse Layup Shot,2PT Field Goal,Restricted Area,Center(C),Less Than 8 ft.,0,3,-8,1,1,20190222,IND,NOP
Shot Chart Detail,0021800874,633,1627767,Cheick Diallo,1610612740,New Orleans Pelicans,4,6,31,Missed Shot,Tip Layup Shot,2PT Field Goal,Restricted Area,Center(C),Less Than 8 ft.,0,0,-6,1,0,20190222,IND,NOP
Shot Chart Detail,0021800887,111,1627767,Cheick Diallo,1610612740,New Orleans Pelicans,1,3,56,Made Shot,Hook Shot,2PT Field Goal,In The Paint (Non-RA),Center(C),Less Than 8 ft.,4,-8,42,1,1,20190223,NOP,LAL
Shot Chart Detail,0021800887,119,1627767,Cheick Diallo,1610612740,New Orleans Pelicans,1,3,22,Made Shot,Cutting Layup Shot,2PT Field Goal,Restricted Area,Center(C),Less Than 8 ft.,0,3,7,1,1,20190223,NOP,LAL
Shot Chart Detail,0021800887,140,1627767,Cheick Diallo,1610612740,New Orleans Pelicans,1,1,49,Made Shot,Jump Shot,2PT Field Goal,Mid-Range,Right Side(R),8-16 ft.,12,128,15,1,1,20190223,NOP,LAL
Shot Chart Detail,0021800887,192,1627767,Cheick Diallo,1610612740,New Orleans Pelicans,2,10,49,Made Shot,Turnaround Jump Shot,2PT Field Goal,In The Paint (Non-RA),Center(C),8-16 ft.,9,-30,92,1,1,20190223,NOP,LAL
Shot Chart Detail,0021800887,204,1627767,Cheick Diallo,1610612740,New Orleans Pelicans,2,9,37,Made Shot,Putback Layup Shot,2PT Field Goal,Restricted Area,Center(C),Less Than 8 ft.,1,-14,11,1,1,20190223,NOP,LAL
Shot Chart Detail,0021800887,481,1627767,Cheick Diallo,1610612740,New Orleans Pelicans,3,2,43,Made Shot,Layup Shot,2PT Field Goal,Restricted Area,Center(C),Less Than 8 ft.,2,25,6,1,1,20190223,NOP,LAL
Shot Chart Detail,0021800887,503,1627767,Cheick Diallo,1610612740,New Orleans Pelicans,3,1,0,Made Shot,Jump Shot,2PT Field Goal,In The Paint (Non-RA),Center(C),Less Than 8 ft.,7,-2,75,1,1,20190223,NOP,LAL
Shot Chart Detail,0021800887,574,1627767,Cheick Diallo,1610612740,New Orleans Pelicans,4,8,56,Made Shot,Cutting Dunk Shot,2PT Field Goal,Restricted Area,Center(C),Less Than 8 ft.,0,5,8,1,1,20190223,NOP,LAL
Shot Chart Detail,0021800906,506,1627767,Cheick Diallo,1610612740,New Orleans Pelicans,3,4,27,Made Shot,Alley Oop Layup shot,2PT Field Goal,Restricted Area,Center(C),Less Than 8 ft.,1,-3,15,1,1,20190225,NOP,PHI
Shot Chart Detail,0021800906,535,1627767,Cheick Diallo,1610612740,New Orleans Pelicans,3,2,51,Made Shot,Floating Jump shot,2PT Field Goal,In The Paint (Non-RA),Center(C),8-16 ft.,8,34,79,1,1,20190225,NOP,PHI
Shot Chart Detail,0021800906,551,1627767,Cheick Diallo,1610612740,New Orleans Pelicans,3,0,50,Made Shot,Jump Shot,2PT Field Goal,Mid-Range,Right Side(R),8-16 ft.,13,123,56,1,1,20190225,NOP,PHI
Shot Chart Detail,0021800906,697,1627767,Cheick Diallo,1610612740,New Orleans Pelicans,4,2,38,Made Shot,Layup Shot,2PT Field Goal,Mid-Range,Right Side(R),8-16 ft.,9,96,-23,1,1,20190225,NOP,PHI
Shot Chart Detail,0021800921,126,1627767,Cheick Diallo,1610612740,New Orleans Pelicans,1,3,50,Made Shot,Layup Shot,2PT Field Goal,Restricted Area,Center(C),Less Than 8 ft.,3,-12,36,1,1,20190227,LAL,NOP
Shot Chart Detail,0021800921,552,1627767,Cheick Diallo,1610612740,New Orleans Pelicans,3,2,28,Made Shot,Jump Shot,2PT Field Goal,Restricted Area,Center(C),Less Than 8 ft.,3,-36,-5,1,1,20190227,LAL,NOP
Shot Chart Detail,0021800921,597,1627767,Cheick Diallo,1610612740,New Orleans Pelicans,4,11,46,Missed Shot,Layup Shot,2PT Field Goal,Restricted Area,Center(C),Less Than 8 ft.,2,5,25,1,0,20190227,LAL,NOP
Shot Chart Detail,0021800921,642,1627767,Cheick Diallo,1610612740,New Orleans Pelicans,4,8,45,Missed Shot,Jump Shot,2PT Field Goal,Mid-Range,Left Side(L),8-16 ft.,12,-108,68,1,0,20190227,LAL,NOP
Shot Chart Detail,0021800921,653,1627767,Cheick Diallo,1610612740,New Orleans Pelicans,4,7,15,Made Shot,Layup Shot,2PT Field Goal,Restricted Area,Center(C),Less Than 8 ft.,0,-3,9,1,1,20190227,LAL,NOP
Shot Chart Detail,0021800921,713,1627767,Cheick Diallo,1610612740,New Orleans Pelicans,4,3,31,Missed Shot,Jump Shot,2PT Field Goal,Mid-Range,Right Side(R),8-16 ft.,12,121,-10,1,0,20190227,LAL,NOP
Shot Chart Detail,0021800932,147,1627767,Cheick Diallo,1610612740,New Orleans Pelicans,1,2,41,Missed Shot,Fadeaway Jump Shot,2PT Field Goal,In The Paint (Non-RA),Center(C),8-16 ft.,14,-60,135,1,0,20190301,PHX,NOP
Shot Chart Detail,0021800932,537,1627767,Cheick Diallo,1610612740,New Orleans Pelicans,4,11,10,Made Shot,Reverse Layup Shot,2PT Field Goal,Restricted Area,Center(C),Less Than 8 ft.,0,4,1,1,1,20190301,PHX,NOP
Shot Chart Detail,0021800932,553,1627767,Cheick Diallo,1610612740,New Orleans Pelicans,4,9,51,Missed Shot,Running Layup Shot,2PT Field Goal,Restricted Area,Center(C),Less Than 8 ft.,1,9,6,1,0,20190301,PHX,NOP
Shot Chart Detail,0021800932,591,1627767,Cheick Diallo,1610612740,New Orleans Pelicans,4,7,44,Made Shot,Jump Shot,2PT Field Goal,In The Paint (Non-RA),Center(C),Less Than 8 ft.,6,3,63,1,1,20190301,PHX,NOP
Shot Chart Detail,0021800932,631,1627767,Cheick Diallo,1610612740,New Orleans Pelicans,4,4,48,Made Shot,Cutting Layup Shot,2PT Field Goal,Restricted Area,Center(C),Less Than 8 ft.,0,0,5,1,1,20190301,PHX,NOP
Shot Chart Detail,0021800932,647,1627767,Cheick Diallo,1610612740,New Orleans Pelicans,4,3,26,Made Shot,Cutting Dunk Shot,2PT Field Goal,Restricted Area,Center(C),Less Than 8 ft.,0,0,2,1,1,20190301,PHX,NOP
Shot Chart Detail,0021800932,661,1627767,Cheick Diallo,1610612740,New Orleans Pelicans,4,2,37,Made Shot,Jump Shot,2PT Field Goal,In The Paint (Non-RA),Center(C),Less Than 8 ft.,7,72,8,1,1,20190301,PHX,NOP
Shot Chart Detail,0021800932,674,1627767,Cheick Diallo,1610612740,New Orleans Pelicans,4,1,42,Made Shot,Jump Shot,2PT Field Goal,In The Paint (Non-RA),Center(C),Less Than 8 ft.,6,65,12,1,1,20190301,PHX,NOP
Shot Chart Detail,0021800932,686,1627767,Cheick Diallo,1610612740,New Orleans Pelicans,4,0,46,Made Shot,Putback Layup Shot,2PT Field Goal,Restricted Area,Center(C),Less Than 8 ft.,0,0,1,1,1,20190301,PHX,NOP
Shot Chart Detail,0021800941,110,1627767,Cheick Diallo,1610612740,New Orleans Pelicans,1,4,57,Missed Shot,Finger Roll Layup Shot,2PT Field Goal,Restricted Area,Center(C),Less Than 8 ft.,2,-13,16,1,0,20190302,DEN,NOP
Shot Chart Detail,0021800941,126,1627767,Cheick Diallo,1610612740,New Orleans Pelicans,1,3,35,Missed Shot,Floating Jump shot,2PT Field Goal,In The Paint (Non-RA),Center(C),Less Than 8 ft.,5,-42,36,1,0,20190302,DEN,NOP
Shot Chart Detail,0021800941,133,1627767,Cheick Diallo,1610612740,New Orleans Pelicans,1,3,27,Made Shot,Cutting Dunk Shot,2PT Field Goal,Restricted Area,Center(C),Less Than 8 ft.,0,-4,1,1,1,20190302,DEN,NOP
Shot Chart Detail,0021800941,163,1627767,Cheick Diallo,1610612740,New Orleans Pelicans,1,1,18,Made Shot,Jump Shot,2PT Field Goal,Mid-Range,Right Side(R),8-16 ft.,8,82,31,1,1,20190302,DEN,NOP
Shot Chart Detail,0021800941,173,1627767,Cheick Diallo,1610612740,New Orleans Pelicans,1,0,9,Missed Shot,Jump Shot,2PT Field Goal,In The Paint (Non-RA),Center(C),Less Than 8 ft.,5,-35,42,1,0,20190302,DEN,NOP
Shot Chart Detail,0021800941,523,1627767,Cheick Diallo,1610612740,New Orleans Pelicans,3,3,30,Made Shot,Running Finger Roll Layup Shot,2PT Field Goal,Restricted Area,Center(C),Less Than 8 ft.,0,2,-1,1,1,20190302,DEN,NOP
Shot Chart Detail,0021800941,563,1627767,Cheick Diallo,1610612740,New Orleans Pelicans,3,0,35,Made Shot,Floating Jump shot,2PT Field Goal,In The Paint (Non-RA),Center(C),8-16 ft.,8,4,84,1,1,20190302,DEN,NOP
Shot Chart Detail,0021800941,566,1627767,Cheick Diallo,1610612740,New Orleans Pelicans,3,0,21,Made Shot,Running Alley Oop Dunk Shot,2PT Field Goal,Restricted Area,Center(C),Less Than 8 ft.,1,10,7,1,1,20190302,DEN,NOP
Shot Chart Detail,0021800941,576,1627767,Cheick Diallo,1610612740,New Orleans Pelicans,4,11,38,Made Shot,Floating Jump shot,2PT Field Goal,In The Paint (Non-RA),Center(C),Less Than 8 ft.,7,-5,75,1,1,20190302,DEN,NOP
Shot Chart Detail,0021800956,118,1627767,Cheick Diallo,1610612740,New Orleans Pelicans,1,3,15,Missed Shot,Jump Shot,2PT Field Goal,In The Paint (Non-RA),Center(C),8-16 ft.,11,55,100,1,0,20190304,UTA,NOP
Shot Chart Detail,0021800956,267,1627767,Cheick Diallo,1610612740,New Orleans Pelicans,2,6,2,Made Shot,Turnaround Hook Shot,2PT Field Goal,In The Paint (Non-RA),Center(C),Less Than 8 ft.,4,-14,40,1,1,20190304,UTA,NOP
Shot Chart Detail,0021800956,319,1627767,Cheick Diallo,1610612740,New Orleans Pelicans,2,1,29,Made Shot,Jump Shot,2PT Field Goal,Mid-Range,Left Side(L),8-16 ft.,13,-128,29,1,1,20190304,UTA,NOP
Shot Chart Detail,0021800971,93,1627767,Cheick Diallo,1610612740,New Orleans Pelicans,1,4,42,Missed Shot,Jump Shot,2PT Field Goal,Mid-Range,Left Side(L),8-16 ft.,15,-141,74,1,0,20190306,NOP,UTA
Shot Chart Detail,0021800971,163,1627767,Cheick Diallo,1610612740,New Orleans Pelicans,1,0,23,Missed Shot,Floating Jump shot,2PT Field Goal,In The Paint (Non-RA),Center(C),8-16 ft.,10,12,109,1,0,20190306,NOP,UTA
Shot Chart Detail,0021800983,121,1627767,Cheick Diallo,1610612740,New Orleans Pelicans,1,2,20,Made Shot,Floating Jump shot,2PT Field Goal,In The Paint (Non-RA),Center(C),Less Than 8 ft.,7,73,6,1,1,20190308,NOP,TOR
Shot Chart Detail,0021800983,131,1627767,Cheick Diallo,1610612740,New Orleans Pelicans,1,1,30,Made Shot,Running Dunk Shot,2PT Field Goal,Restricted Area,Center(C),Less Than 8 ft.,1,8,15,1,1,20190308,NOP,TOR
Shot Chart Detail,0021800983,170,1627767,Cheick Diallo,1610612740,New Orleans Pelicans,2,11,3,Made Shot,Cutting Dunk Shot,2PT Field Goal,Restricted Area,Center(C),Less Than 8 ft.,0,-1,1,1,1,20190308,NOP,TOR
Shot Chart Detail,0021800983,177,1627767,Cheick Diallo,1610612740,New Orleans Pelicans,2,10,8,Made Shot,Floating Jump shot,2PT Field Goal,In The Paint (Non-RA),Center(C),8-16 ft.,10,-36,96,1,1,20190308,NOP,TOR
Shot Chart Detail,0021800983,181,1627767,Cheick Diallo,1610612740,New Orleans Pelicans,2,9,42,Made Shot,Jump Shot,2PT Field Goal,Mid-Range,Right Side(R),8-16 ft.,10,103,11,1,1,20190308,NOP,TOR
Shot Chart Detail,0021800983,185,1627767,Cheick Diallo,1610612740,New Orleans Pelicans,2,9,15,Missed Shot,Jump Shot,2PT Field Goal,Mid-Range,Left Side Center(LC),16-24 ft.,22,-154,160,1,0,20190308,NOP,TOR
Shot Chart Detail,0021800983,314,1627767,Cheick Diallo,1610612740,New Orleans Pelicans,2,1,1,Missed Shot,Floating Jump shot,2PT Field Goal,In The Paint (Non-RA),Center(C),Less Than 8 ft.,7,-9,73,1,0,20190308,NOP,TOR
Shot Chart Detail,0021800983,378,1627767,Cheick Diallo,1610612740,New Orleans Pelicans,3,7,18,Made Shot,Layup Shot,2PT Field Goal,In The Paint (Non-RA),Center(C),Less Than 8 ft.,6,-63,5,1,1,20190308,NOP,TOR
Shot Chart Detail,0021800983,427,1627767,Cheick Diallo,1610612740,New Orleans Pelicans,3,4,0,Missed Shot,Alley Oop Layup shot,2PT Field Goal,Restricted Area,Center(C),Less Than 8 ft.,1,12,3,1,0,20190308,NOP,TOR
Shot Chart Detail,0021800983,454,1627767,Cheick Diallo,1610612740,New Orleans Pelicans,3,1,45,Made Shot,Cutting Layup Shot,2PT Field Goal,Restricted Area,Center(C),Less Than 8 ft.,1,12,0,1,1,20190308,NOP,TOR
Shot Chart Detail,0021800983,564,1627767,Cheick Diallo,1610612740,New Orleans Pelicans,4,5,43,Missed Shot,Turnaround Fadeaway shot,2PT Field Goal,Mid-Range,Left Side(L),8-16 ft.,10,-93,37,1,0,20190308,NOP,TOR
Shot Chart Detail,0021800983,589,1627767,Cheick Diallo,1610612740,New Orleans Pelicans,4,3,57,Missed Shot,Layup Shot,2PT Field Goal,Restricted Area,Center(C),Less Than 8 ft.,3,-30,-7,1,0,20190308,NOP,TOR
Shot Chart Detail,0021800983,620,1627767,Cheick Diallo,1610612740,New Orleans Pelicans,4,2,15,Missed Shot,Jump Shot,2PT Field Goal,In The Paint (Non-RA),Center(C),8-16 ft.,10,36,94,1,0,20190308,NOP,TOR
Shot Chart Detail,0021800983,633,1627767,Cheick Diallo,1610612740,New Orleans Pelicans,4,1,17,Made Shot,Jump Shot,2PT Field Goal,Mid-Range,Left Side(L),8-16 ft.,10,-105,-16,1,1,20190308,NOP,TOR
Shot Chart Detail,0021800983,645,1627767,Cheick Diallo,1610612740,New Orleans Pelicans,4,0,0,Missed Shot,Jump Shot,2PT Field Goal,Mid-Range,Left Side(L),8-16 ft.,9,-92,31,1,0,20190308,NOP,TOR
Shot Chart Detail,0021800995,114,1627767,Cheick Diallo,1610612740,New Orleans Pelicans,1,3,12,Missed Shot,Jump Shot,2PT Field Goal,Mid-Range,Right Side(R),8-16 ft.,13,132,14,1,0,20190310,ATL,NOP
Shot Chart Detail,0021800995,150,1627767,Cheick Diallo,1610612740,New Orleans Pelicans,1,1,2,Made Shot,Jump Shot,2PT Field Goal,Mid-Range,Left Side(L),8-16 ft.,9,-93,17,1,1,20190310,ATL,NOP
Shot Chart Detail,0021800995,154,1627767,Cheick Diallo,1610612740,New Orleans Pelicans,1,0,20,Missed Shot,Driving Layup Shot,2PT Field Goal,Restricted Area,Center(C),Less Than 8 ft.,1,2,15,1,0,20190310,ATL,NOP
Shot Chart Detail,0021800995,425,1627767,Cheick Diallo,1610612740,New Orleans Pelicans,3,5,59,Missed Shot,Jump Shot,2PT Field Goal,Mid-Range,Right Side Center(RC),16-24 ft.,21,108,185,1,0,20190310,ATL,NOP
Shot Chart Detail,0021800995,440,1627767,Cheick Diallo,1610612740,New Orleans Pelicans,3,4,48,Made Shot,Driving Floating Jump Shot,2PT Field Goal,In The Paint (Non-RA),Center(C),8-16 ft.,10,-2,106,1,1,20190310,ATL,NOP
Shot Chart Detail,0021800995,484,1627767,Cheick Diallo,1610612740,New Orleans Pelicans,3,1,23,Missed Shot,Hook Shot,2PT Field Goal,In The Paint (Non-RA),Center(C),Less Than 8 ft.,4,-7,42,1,0,20190310,ATL,NOP
Shot Chart Detail,0021801010,514,1627767,Cheick Diallo,1610612740,New Orleans Pelicans,3,2,56,Made Shot,Jump Shot,2PT Field Goal,Mid-Range,Left Side(L),8-16 ft.,9,-89,16,1,1,20190312,NOP,MIL
Shot Chart Detail,0021801010,520,1627767,Cheick Diallo,1610612740,New Orleans Pelicans,3,2,9,Made Shot,Floating Jump shot,2PT Field Goal,In The Paint (Non-RA),Center(C),Less Than 8 ft.,7,4,71,1,1,20190312,NOP,MIL
Shot Chart Detail,0021801010,541,1627767,Cheick Diallo,1610612740,New Orleans Pelicans,3,1,2,Made Shot,Cutting Layup Shot,2PT Field Goal,Restricted Area,Center(C),Less Than 8 ft.,2,-2,28,1,1,20190312,NOP,MIL
Shot Chart Detail,0021801010,548,1627767,Cheick Diallo,1610612740,New Orleans Pelicans,3,0,24,Made Shot,Jump Shot,2PT Field Goal,Mid-Range,Left Side(L),16-24 ft.,18,-174,49,1,1,20190312,NOP,MIL
Shot Chart Detail,0021801010,564,1627767,Cheick Diallo,1610612740,New Orleans Pelicans,4,10,42,Made Shot,Cutting Dunk Shot,2PT Field Goal,Restricted Area,Center(C),Less Than 8 ft.,0,2,8,1,1,20190312,NOP,MIL
Shot Chart Detail,0021801010,577,1627767,Cheick Diallo,1610612740,New Orleans Pelicans,4,9,42,Missed Shot,Floating Jump shot,2PT Field Goal,In The Paint (Non-RA),Center(C),Less Than 8 ft.,7,76,18,1,0,20190312,NOP,MIL
Shot Chart Detail,0021801010,648,1627767,Cheick Diallo,1610612740,New Orleans Pelicans,4,4,39,Missed Shot,Jump Shot,2PT Field Goal,In The Paint (Non-RA),Right Side(R),8-16 ft.,11,64,90,1,0,20190312,NOP,MIL
Shot Chart Detail,0021801031,103,1627767,Cheick Diallo,1610612740,New Orleans Pelicans,1,3,16,Made Shot,Jump Shot,2PT Field Goal,Mid-Range,Right Side Center(RC),16-24 ft.,19,145,129,1,1,20190315,NOP,POR
Shot Chart Detail,0021801031,171,1627767,Cheick Diallo,1610612740,New Orleans Pelicans,2,10,14,Missed Shot,Jump Shot,2PT Field Goal,Mid-Range,Center(C),8-16 ft.,14,33,145,1,0,20190315,NOP,POR
Shot Chart Detail,0021801031,175,1627767,Cheick Diallo,1610612740,New Orleans Pelicans,2,9,50,Missed Shot,Jump Shot,2PT Field Goal,Mid-Range,Right Side Center(RC),16-24 ft.,19,131,141,1,0,20190315,NOP,POR
Shot Chart Detail,0021801031,503,1627767,Cheick Diallo,1610612740,New Orleans Pelicans,3,2,26,Made Shot,Cutting Layup Shot,2PT Field Goal,Restricted Area,Center(C),Less Than 8 ft.,0,5,5,1,1,20190315,NOP,POR
Shot Chart Detail,0021801036,150,1627767,Cheick Diallo,1610612740,New Orleans Pelicans,1,0,34,Made Shot,Dunk Shot,2PT Field Goal,Restricted Area,Center(C),Less Than 8 ft.,0,-5,2,1,1,20190316,NOP,PHX
Shot Chart Detail,0021801036,161,1627767,Cheick Diallo,1610612740,New Orleans Pelicans,1,0,0,Missed Shot,Jump Shot,3PT Field Goal,Backcourt,Back Court(BC),Back Court Shot,76,225,730,1,0,20190316,NOP,PHX
Shot Chart Detail,0021801036,178,1627767,Cheick Diallo,1610612740,New Orleans Pelicans,2,11,17,Made Shot,Dunk Shot,2PT Field Goal,Restricted Area,Center(C),Less Than 8 ft.,0,0,4,1,1,20190316,NOP,PHX
Shot Chart Detail,0021801036,214,1627767,Cheick Diallo,1610612740,New Orleans Pelicans,2,8,40,Missed Shot,Jump Shot,2PT Field Goal,Mid-Range,Right Side(R),16-24 ft.,16,167,20,1,0,20190316,NOP,PHX
Shot Chart Detail,0021801036,552,1627767,Cheick Diallo,1610612740,New Orleans Pelicans,4,11,40,Missed Shot,Layup Shot,2PT Field Goal,Restricted Area,Center(C),Less Than 8 ft.,2,-5,20,1,0,20190316,NOP,PHX
Shot Chart Detail,0021801036,570,1627767,Cheick Diallo,1610612740,New Orleans Pelicans,4,10,42,Made Shot,Hook Shot,2PT Field Goal,In The Paint (Non-RA),Center(C),Less Than 8 ft.,6,14,64,1,1,20190316,NOP,PHX
Shot Chart Detail,0021801036,671,1627767,Cheick Diallo,1610612740,New Orleans Pelicans,4,4,52,Made Shot,Layup Shot,2PT Field Goal,Restricted Area,Center(C),Less Than 8 ft.,1,17,6,1,1,20190316,NOP,PHX
Shot Chart Detail,0021801056,154,1627767,Cheick Diallo,1610612740,New Orleans Pelicans,1,1,12,Missed Shot,Jump Shot,2PT Field Goal,Mid-Range,Left Side(L),8-16 ft.,10,-101,31,1,0,20190318,DAL,NOP
Shot Chart Detail,0021801056,190,1627767,Cheick Diallo,1610612740,New Orleans Pelicans,2,11,19,Missed Shot,Jump Shot,2PT Field Goal,In The Paint (Non-RA),Center(C),Less Than 8 ft.,7,45,55,1,0,20190318,DAL,NOP
Shot Chart Detail,0021801056,413,1627767,Cheick Diallo,1610612740,New Orleans Pelicans,3,5,49,Missed Shot,Putback Layup Shot,2PT Field Goal,Restricted Area,Center(C),Less Than 8 ft.,1,0,12,1,0,20190318,DAL,NOP
Shot Chart Detail,0021801056,476,1627767,Cheick Diallo,1610612740,New Orleans Pelicans,3,1,27,Made Shot,Jump Shot,2PT Field Goal,Mid-Range,Right Side Center(RC),16-24 ft.,17,114,139,1,1,20190318,DAL,NOP
Shot Chart Detail,0021801056,491,1627767,Cheick Diallo,1610612740,New Orleans Pelicans,3,0,33,Made Shot,Jump Shot,2PT Field Goal,Mid-Range,Left Side(L),16-24 ft.,18,-148,107,1,1,20190318,DAL,NOP
Shot Chart Detail,0021801056,509,1627767,Cheick Diallo,1610612740,New Orleans Pelicans,4,11,11,Made Shot,Cutting Dunk Shot,2PT Field Goal,Restricted Area,Center(C),Less Than 8 ft.,0,-1,6,1,1,20190318,DAL,NOP
Shot Chart Detail,0021801056,540,1627767,Cheick Diallo,1610612740,New Orleans Pelicans,4,8,34,Missed Shot,Putback Layup Shot,2PT Field Goal,Restricted Area,Center(C),Less Than 8 ft.,3,27,15,1,0,20190318,DAL,NOP
Shot Chart Detail,0021801066,161,1627767,Cheick Diallo,1610612740,New Orleans Pelicans,1,0,18,Made Shot,Layup Shot,2PT Field Goal,Restricted Area,Center(C),Less Than 8 ft.,2,2,28,1,1,20190320,ORL,NOP
Shot Chart Detail,0021801066,314,1627767,Cheick Diallo,1610612740,New Orleans Pelicans,2,2,51,Made Shot,Hook Shot,2PT Field Goal,Restricted Area,Center(C),Less Than 8 ft.,0,5,8,1,1,20190320,ORL,NOP
Shot Chart Detail,0021801066,322,1627767,Cheick Diallo,1610612740,New Orleans Pelicans,2,1,49,Missed Shot,Jump Shot,2PT Field Goal,Mid-Range,Right Side Center(RC),16-24 ft.,22,97,206,1,0,20190320,ORL,NOP
Shot Chart Detail,0021801066,326,1627767,Cheick Diallo,1610612740,New Orleans Pelicans,2,1,21,Missed Shot,Floating Jump shot,2PT Field Goal,In The Paint (Non-RA),Center(C),8-16 ft.,8,3,88,1,0,20190320,ORL,NOP
Shot Chart Detail,0021801066,428,1627767,Cheick Diallo,1610612740,New Orleans Pelicans,3,4,51,Missed Shot,Jump Shot,2PT Field Goal,In The Paint (Non-RA),Center(C),8-16 ft.,9,0,92,1,0,20190320,ORL,NOP
Shot Chart Detail,0021801066,450,1627767,Cheick Diallo,1610612740,New Orleans Pelicans,3,3,44,Missed Shot,Jump Shot,2PT Field Goal,In The Paint (Non-RA),Right Side(R),8-16 ft.,9,51,78,1,0,20190320,ORL,NOP
Shot Chart Detail,0021801066,549,1627767,Cheick Diallo,1610612740,New Orleans Pelicans,4,7,59,Made Shot,Fadeaway Jump Shot,2PT Field Goal,In The Paint (Non-RA),Center(C),Less Than 8 ft.,7,50,55,1,1,20190320,ORL,NOP
Shot Chart Detail,0021801099,132,1627767,Cheick Diallo,1610612740,New Orleans Pelicans,1,1,12,Made Shot,Cutting Layup Shot,2PT Field Goal,Restricted Area,Center(C),Less Than 8 ft.,1,8,6,1,1,20190324,NOP,HOU
Shot Chart Detail,0021801099,146,1627767,Cheick Diallo,1610612740,New Orleans Pelicans,1,0,3,Made Shot,Layup Shot,2PT Field Goal,Restricted Area,Center(C),Less Than 8 ft.,3,-7,32,1,1,20190324,NOP,HOU
Shot Chart Detail,0021801099,180,1627767,Cheick Diallo,1610612740,New Orleans Pelicans,2,10,0,Made Shot,Cutting Layup Shot,2PT Field Goal,Restricted Area,Center(C),Less Than 8 ft.,0,9,4,1,1,20190324,NOP,HOU
Shot Chart Detail,0021801099,199,1627767,Cheick Diallo,1610612740,New Orleans Pelicans,2,7,53,Missed Shot,Floating Jump shot,2PT Field Goal,In The Paint (Non-RA),Center(C),Less Than 8 ft.,6,65,18,1,0,20190324,NOP,HOU
Shot Chart Detail,0021801113,21,1627767,Cheick Diallo,1610612740,New Orleans Pelicans,1,10,28,Made Shot,Floating Jump shot,2PT Field Goal,In The Paint (Non-RA),Center(C),Less Than 8 ft.,6,69,5,1,1,20190326,NOP,ATL
Shot Chart Detail,0021801113,35,1627767,Cheick Diallo,1610612740,New Orleans Pelicans,1,9,29,Made Shot,Floating Jump shot,2PT Field Goal,In The Paint (Non-RA),Center(C),Less Than 8 ft.,5,55,5,1,1,20190326,NOP,ATL
Shot Chart Detail,0021801113,286,1627767,Cheick Diallo,1610612740,New Orleans Pelicans,2,4,49,Missed Shot,Floating Jump shot,2PT Field Goal,In The Paint (Non-RA),Center(C),Less Than 8 ft.,7,76,17,1,0,20190326,NOP,ATL
Shot Chart Detail,0021801113,292,1627767,Cheick Diallo,1610612740,New Orleans Pelicans,2,4,15,Missed Shot,Tip Layup Shot,2PT Field Goal,Restricted Area,Center(C),Less Than 8 ft.,0,0,-6,1,0,20190326,NOP,ATL
Shot Chart Detail,0021801113,320,1627767,Cheick Diallo,1610612740,New Orleans Pelicans,2,2,38,Missed Shot,Tip Layup Shot,2PT Field Goal,Restricted Area,Center(C),Less Than 8 ft.,0,0,-6,1,0,20190326,NOP,ATL
Shot Chart Detail,0021801128,124,1627767,Cheick Diallo,1610612740,New Orleans Pelicans,1,1,30,Made Shot,Tip Layup Shot,2PT Field Goal,Restricted Area,Center(C),Less Than 8 ft.,0,0,-6,1,1,20190328,NOP,SAC
Shot Chart Detail,0021801128,166,1627767,Cheick Diallo,1610612740,New Orleans Pelicans,2,9,21,Made Shot,Layup Shot,2PT Field Goal,Restricted Area,Center(C),Less Than 8 ft.,2,-19,7,1,1,20190328,NOP,SAC
Shot Chart Detail,0021801128,466,1627767,Cheick Diallo,1610612740,New Orleans Pelicans,3,1,15,Missed Shot,Jump Shot,2PT Field Goal,Mid-Range,Left Side Center(LC),16-24 ft.,16,-91,135,1,0,20190328,NOP,SAC
Shot Chart Detail,0021801128,505,1627767,Cheick Diallo,1610612740,New Orleans Pelicans,4,11,21,Made Shot,Reverse Layup Shot,2PT Field Goal,Restricted Area,Center(C),Less Than 8 ft.,1,11,1,1,1,20190328,NOP,SAC
Shot Chart Detail,0021801147,133,1627767,Cheick Diallo,1610612740,New Orleans Pelicans,1,2,30,Made Shot,Layup Shot,2PT Field Goal,Restricted Area,Center(C),Less Than 8 ft.,3,30,2,1,1,20190331,NOP,LAL
Shot Chart Detail,0021801147,154,1627767,Cheick Diallo,1610612740,New Orleans Pelicans,1,0,40,Made Shot,Putback Layup Shot,2PT Field Goal,Restricted Area,Center(C),Less Than 8 ft.,0,0,-6,1,1,20190331,NOP,LAL
Shot Chart Detail,0021801147,441,1627767,Cheick Diallo,1610612740,New Orleans Pelicans,3,3,32,Made Shot,Jump Shot,2PT Field Goal,Mid-Range,Right Side Center(RC),16-24 ft.,19,104,164,1,1,20190331,NOP,LAL
Shot Chart Detail,0021801147,454,1627767,Cheick Diallo,1610612740,New Orleans Pelicans,3,2,57,Made Shot,Putback Layup Shot,2PT Field Goal,Restricted Area,Center(C),Less Than 8 ft.,0,0,-6,1,1,20190331,NOP,LAL
Shot Chart Detail,0021801147,517,1627767,Cheick Diallo,1610612740,New Orleans Pelicans,4,10,45,Made Shot,Jump Shot,2PT Field Goal,Mid-Range,Right Side(R),8-16 ft.,12,126,13,1,1,20190331,NOP,LAL
Shot Chart Detail,0021801147,551,1627767,Cheick Diallo,1610612740,New Orleans Pelicans,4,7,22,Missed Shot,Jump Shot,2PT Field Goal,In The Paint (Non-RA),Center(C),8-16 ft.,9,-2,99,1,0,20190331,NOP,LAL
Shot Chart Detail,0021801171,130,1627767,Cheick Diallo,1610612740,New Orleans Pelicans,1,2,27,Missed Shot,Jump Shot,2PT Field Goal,Mid-Range,Right Side(R),8-16 ft.,8,87,21,1,0,20190403,NOP,CHA
Shot Chart Detail,0021801171,278,1627767,Cheick Diallo,1610612740,New Orleans Pelicans,2,3,9,Made Shot,Layup Shot,2PT Field Goal,Restricted Area,Center(C),Less Than 8 ft.,1,-13,10,1,1,20190403,NOP,CHA
Shot Chart Detail,0021801189,102,1627767,Cheick Diallo,1610612740,New Orleans Pelicans,1,3,16,Made Shot,Jump Shot,2PT Field Goal,Mid-Range,Right Side(R),8-16 ft.,12,121,-6,1,1,20190405,PHX,NOP
Shot Chart Detail,0021801189,145,1627767,Cheick Diallo,1610612740,New Orleans Pelicans,1,0,24,Missed Shot,Driving Floating Jump Shot,2PT Field Goal,Restricted Area,Center(C),Less Than 8 ft.,2,1,24,1,0,20190405,PHX,NOP
Shot Chart Detail,0021801189,177,1627767,Cheick Diallo,1610612740,New Orleans Pelicans,2,11,0,Made Shot,Jump Shot,2PT Field Goal,Mid-Range,Right Side(R),8-16 ft.,12,119,-24,1,1,20190405,PHX,NOP
Shot Chart Detail,0021801189,185,1627767,Cheick Diallo,1610612740,New Orleans Pelicans,2,10,13,Made Shot,Turnaround Jump Shot,2PT Field Goal,Mid-Range,Right Side(R),16-24 ft.,19,180,72,1,1,20190405,PHX,NOP
Shot Chart Detail,0021801189,403,1627767,Cheick Diallo,1610612740,New Orleans Pelicans,3,5,5,Made Shot,Putback Layup Shot,2PT Field Goal,Restricted Area,Center(C),Less Than 8 ft.,0,-5,2,1,1,20190405,PHX,NOP
Shot Chart Detail,0021801189,431,1627767,Cheick Diallo,1610612740,New Orleans Pelicans,3,2,16,Missed Shot,Driving Reverse Layup Shot,2PT Field Goal,Restricted Area,Center(C),Less Than 8 ft.,1,-8,6,1,0,20190405,PHX,NOP
Shot Chart Detail,0021801189,482,1627767,Cheick Diallo,1610612740,New Orleans Pelicans,4,11,19,Missed Shot,Turnaround Hook Shot,2PT Field Goal,Restricted Area,Center(C),Less Than 8 ft.,2,5,29,1,0,20190405,PHX,NOP
Shot Chart Detail,0021801189,509,1627767,Cheick Diallo,1610612740,New Orleans Pelicans,4,8,20,Made Shot,Cutting Layup Shot,2PT Field Goal,Restricted Area,Center(C),Less Than 8 ft.,0,0,0,1,1,20190405,PHX,NOP
Shot Chart Detail,0021801189,544,1627767,Cheick Diallo,1610612740,New Orleans Pelicans,4,5,13,Made Shot,Jump Shot,2PT Field Goal,Mid-Range,Right Side(R),8-16 ft.,11,116,17,1,1,20190405,PHX,NOP
Shot Chart Detail,0021801207,101,1627767,Cheick Diallo,1610612740,New Orleans Pelicans,1,5,15,Missed Shot,Jump Shot,2PT Field Goal,Mid-Range,Left Side(L),8-16 ft.,13,-139,-11,1,0,20190407,SAC,NOP
Shot Chart Detail,0021801207,158,1627767,Cheick Diallo,1610612740,New Orleans Pelicans,1,0,34,Made Shot,Layup Shot,2PT Field Goal,Restricted Area,Center(C),Less Than 8 ft.,1,13,13,1,1,20190407,SAC,NOP
Shot Chart Detail,0021801207,282,1627767,Cheick Diallo,1610612740,New Orleans Pelicans,2,3,4,Made Shot,Reverse Layup Shot,2PT Field Goal,Restricted Area,Center(C),Less Than 8 ft.,1,-13,11,1,1,20190407,SAC,NOP
Shot Chart Detail,0021801207,596,1627767,Cheick Diallo,1610612740,New Orleans Pelicans,4,4,4,Made Shot,Tip Layup Shot,2PT Field Goal,Restricted Area,Center(C),Less Than 8 ft.,0,0,-6,1,1,20190407,SAC,NOP
Shot Chart Detail,0021801207,608,1627767,Cheick Diallo,1610612740,New Orleans Pelicans,4,3,6,Made Shot,Floating Jump shot,2PT Field Goal,Mid-Range,Left Side(L),8-16 ft.,10,-86,57,1,1,20190407,SAC,NOP
Shot Chart Detail,0021801215,143,1627767,Cheick Diallo,1610612740,New Orleans Pelicans,1,0,44,Missed Shot,Jump Shot,2PT Field Goal,Mid-Range,Left Side(L),8-16 ft.,13,-138,-10,1,0,20190409,NOP,GSW
Shot Chart Detail,0021801215,169,1627767,Cheick Diallo,1610612740,New Orleans Pelicans,2,11,24,Missed Shot,Jump Shot,2PT Field Goal,Mid-Range,Right Side(R),8-16 ft.,9,82,49,1,0,20190409,NOP,GSW
Shot Chart Detail,0021801215,186,1627767,Cheick Diallo,1610612740,New Orleans Pelicans,2,9,26,Made Shot,Hook Shot,2PT Field Goal,In The Paint (Non-RA),Center(C),Less Than 8 ft.,6,-50,41,1,1,20190409,NOP,GSW
Shot Chart Detail,0021801215,215,1627767,Cheick Diallo,1610612740,New Orleans Pelicans,2,7,27,Made Shot,Dunk Shot,2PT Field Goal,Restricted Area,Center(C),Less Than 8 ft.,0,-3,7,1,1,20190409,NOP,GSW
Shot Chart Detail,0021801215,317,1627767,Cheick Diallo,1610612740,New Orleans Pelicans,2,0,11,Made Shot,Jump Shot,3PT Field Goal,Above the Break 3,Right Side Center(RC),24+ ft.,25,227,126,1,1,20190409,NOP,GSW
Shot Chart Detail,0021801215,497,1627767,Cheick Diallo,1610612740,New Orleans Pelicans,4,10,57,Made Shot,Layup Shot,2PT Field Goal,Restricted Area,Center(C),Less Than 8 ft.,1,-9,8,1,1,20190409,NOP,GSW
Shot Chart Detail,0021801215,520,1627767,Cheick Diallo,1610612740,New Orleans Pelicans,4,8,46,Made Shot,Jump Shot,2PT Field Goal,Mid-Range,Right Side(R),8-16 ft.,15,149,25,1,1,20190409,NOP,GSW
