GRID_TYPE,GAME_ID,GAME_EVENT_ID,PLAYER_ID,PLAYER_NAME,TEAM_ID,TEAM_NAME,PERIOD,MINUTES_REMAINING,SECONDS_REMAINING,EVENT_TYPE,ACTION_TYPE,SHOT_TYPE,SHOT_ZONE_BASIC,SHOT_ZONE_AREA,SHOT_ZONE_RANGE,SHOT_DISTANCE,LOC_X,LOC_Y,SHOT_ATTEMPTED_FLAG,SHOT_MADE_FLAG,GAME_DATE,HTM,VTM
Shot Chart Detail,0021800004,18,1627747,Caris LeVert,1610612751,Brooklyn Nets,1,11,10,Missed Shot,Layup Shot,2PT Field Goal,In The Paint (Non-RA),Center(C),Less Than 8 ft.,7,-71,26,1,0,20181017,DET,BKN
Shot Chart Detail,0021800004,31,1627747,Caris LeVert,1610612751,Brooklyn Nets,1,10,5,Made Shot,Dunk Shot,2PT Field Goal,Restricted Area,Center(C),Less Than 8 ft.,1,0,14,1,1,20181017,DET,BKN
Shot Chart Detail,0021800004,47,1627747,Caris LeVert,1610612751,Brooklyn Nets,1,8,42,Made Shot,Driving Reverse Layup Shot,2PT Field Goal,Restricted Area,Center(C),Less Than 8 ft.,3,-38,11,1,1,20181017,DET,BKN
Shot Chart Detail,0021800004,81,1627747,Caris LeVert,1610612751,Brooklyn Nets,1,5,45,Made Shot,Driving Floating Jump Shot,2PT Field Goal,In The Paint (Non-RA),Center(C),Less Than 8 ft.,7,8,71,1,1,20181017,DET,BKN
Shot Chart Detail,0021800004,109,1627747,Caris LeVert,1610612751,Brooklyn Nets,1,3,39,Made Shot,Jump Bank Shot,2PT Field Goal,Restricted Area,Center(C),Less Than 8 ft.,3,35,13,1,1,20181017,DET,BKN
Shot Chart Detail,0021800004,112,1627747,Caris LeVert,1610612751,Brooklyn Nets,1,3,23,Missed Shot,Jump Shot,3PT Field Goal,Above the Break 3,Left Side Center(LC),24+ ft.,26,-198,172,1,0,20181017,DET,BKN
Shot Chart Detail,0021800004,236,1627747,Caris LeVert,1610612751,Brooklyn Nets,2,6,19,Missed Shot,Pullup Jump shot,2PT Field Goal,In The Paint (Non-RA),Center(C),8-16 ft.,8,-4,80,1,0,20181017,DET,BKN
Shot Chart Detail,0021800004,285,1627747,Caris LeVert,1610612751,Brooklyn Nets,2,3,31,Missed Shot,Driving Floating Bank Jump Shot,2PT Field Goal,Mid-Range,Left Side(L),8-16 ft.,12,-99,80,1,0,20181017,DET,BKN
Shot Chart Detail,0021800004,315,1627747,Caris LeVert,1610612751,Brooklyn Nets,2,1,4,Missed Shot,Driving Layup Shot,2PT Field Goal,Restricted Area,Center(C),Less Than 8 ft.,2,24,13,1,0,20181017,DET,BKN
Shot Chart Detail,0021800004,324,1627747,Caris LeVert,1610612751,Brooklyn Nets,2,0,10,Made Shot,Driving Floating Jump Shot,2PT Field Goal,In The Paint (Non-RA),Center(C),Less Than 8 ft.,5,19,51,1,1,20181017,DET,BKN
Shot Chart Detail,0021800004,396,1627747,Caris LeVert,1610612751,Brooklyn Nets,3,7,4,Missed Shot,Driving Layup Shot,2PT Field Goal,In The Paint (Non-RA),Center(C),Less Than 8 ft.,7,45,55,1,0,20181017,DET,BKN
Shot Chart Detail,0021800004,411,1627747,Caris LeVert,1610612751,Brooklyn Nets,3,6,10,Made Shot,Driving Layup Shot,2PT Field Goal,In The Paint (Non-RA),Center(C),Less Than 8 ft.,5,46,22,1,1,20181017,DET,BKN
Shot Chart Detail,0021800004,439,1627747,Caris LeVert,1610612751,Brooklyn Nets,3,4,27,Made Shot,Driving Layup Shot,2PT Field Goal,Restricted Area,Center(C),Less Than 8 ft.,2,16,20,1,1,20181017,DET,BKN
Shot Chart Detail,0021800004,442,1627747,Caris LeVert,1610612751,Brooklyn Nets,3,4,15,Missed Shot,Jump Shot,3PT Field Goal,Above the Break 3,Left Side Center(LC),24+ ft.,25,-183,180,1,0,20181017,DET,BKN
Shot Chart Detail,0021800004,445,1627747,Caris LeVert,1610612751,Brooklyn Nets,3,3,42,Made Shot,Driving Layup Shot,2PT Field Goal,In The Paint (Non-RA),Center(C),Less Than 8 ft.,4,17,38,1,1,20181017,DET,BKN
Shot Chart Detail,0021800004,593,1627747,Caris LeVert,1610612751,Brooklyn Nets,4,6,22,Made Shot,Floating Jump shot,2PT Field Goal,In The Paint (Non-RA),Center(C),8-16 ft.,10,3,106,1,1,20181017,DET,BKN
Shot Chart Detail,0021800004,611,1627747,Caris LeVert,1610612751,Brooklyn Nets,4,4,26,Made Shot,Floating Jump shot,2PT Field Goal,In The Paint (Non-RA),Center(C),Less Than 8 ft.,7,49,56,1,1,20181017,DET,BKN
Shot Chart Detail,0021800004,625,1627747,Caris LeVert,1610612751,Brooklyn Nets,4,3,2,Missed Shot,Layup Shot,2PT Field Goal,In The Paint (Non-RA),Center(C),Less Than 8 ft.,4,2,48,1,0,20181017,DET,BKN
Shot Chart Detail,0021800018,16,1627747,Caris LeVert,1610612751,Brooklyn Nets,1,10,38,Made Shot,Pullup Jump shot,2PT Field Goal,In The Paint (Non-RA),Center(C),8-16 ft.,13,42,128,1,1,20181019,BKN,NYK
Shot Chart Detail,0021800018,19,1627747,Caris LeVert,1610612751,Brooklyn Nets,1,10,3,Made Shot,Driving Floating Jump Shot,2PT Field Goal,In The Paint (Non-RA),Center(C),Less Than 8 ft.,5,25,53,1,1,20181019,BKN,NYK
Shot Chart Detail,0021800018,99,1627747,Caris LeVert,1610612751,Brooklyn Nets,1,3,55,Missed Shot,Driving Layup Shot,2PT Field Goal,Restricted Area,Center(C),Less Than 8 ft.,2,4,25,1,0,20181019,BKN,NYK
Shot Chart Detail,0021800018,179,1627747,Caris LeVert,1610612751,Brooklyn Nets,2,9,48,Made Shot,Driving Layup Shot,2PT Field Goal,Restricted Area,Center(C),Less Than 8 ft.,3,26,18,1,1,20181019,BKN,NYK
Shot Chart Detail,0021800018,190,1627747,Caris LeVert,1610612751,Brooklyn Nets,2,8,52,Made Shot,Driving Layup Shot,2PT Field Goal,Restricted Area,Center(C),Less Than 8 ft.,1,-11,15,1,1,20181019,BKN,NYK
Shot Chart Detail,0021800018,192,1627747,Caris LeVert,1610612751,Brooklyn Nets,2,8,34,Missed Shot,Driving Floating Bank Jump Shot,2PT Field Goal,In The Paint (Non-RA),Center(C),Less Than 8 ft.,4,36,29,1,0,20181019,BKN,NYK
Shot Chart Detail,0021800018,312,1627747,Caris LeVert,1610612751,Brooklyn Nets,3,11,44,Made Shot,Cutting Layup Shot,2PT Field Goal,Restricted Area,Center(C),Less Than 8 ft.,2,13,16,1,1,20181019,BKN,NYK
Shot Chart Detail,0021800018,347,1627747,Caris LeVert,1610612751,Brooklyn Nets,3,8,18,Missed Shot,Jump Shot,3PT Field Goal,Above the Break 3,Right Side Center(RC),24+ ft.,26,138,225,1,0,20181019,BKN,NYK
Shot Chart Detail,0021800018,352,1627747,Caris LeVert,1610612751,Brooklyn Nets,3,7,45,Missed Shot,Jump Shot,3PT Field Goal,Above the Break 3,Left Side Center(LC),24+ ft.,25,-192,163,1,0,20181019,BKN,NYK
Shot Chart Detail,0021800018,368,1627747,Caris LeVert,1610612751,Brooklyn Nets,3,6,17,Missed Shot,Jump Shot,3PT Field Goal,Above the Break 3,Center(C),24+ ft.,25,23,252,1,0,20181019,BKN,NYK
Shot Chart Detail,0021800018,471,1627747,Caris LeVert,1610612751,Brooklyn Nets,4,10,58,Made Shot,Jump Shot,3PT Field Goal,Above the Break 3,Left Side Center(LC),24+ ft.,24,-125,215,1,1,20181019,BKN,NYK
Shot Chart Detail,0021800018,597,1627747,Caris LeVert,1610612751,Brooklyn Nets,4,1,55,Made Shot,Jump Shot,3PT Field Goal,Above the Break 3,Left Side Center(LC),24+ ft.,24,-206,131,1,1,20181019,BKN,NYK
Shot Chart Detail,0021800018,624,1627747,Caris LeVert,1610612751,Brooklyn Nets,4,0,1,Made Shot,Driving Layup Shot,2PT Field Goal,Restricted Area,Center(C),Less Than 8 ft.,2,14,19,1,1,20181019,BKN,NYK
Shot Chart Detail,0021800026,7,1627747,Caris LeVert,1610612751,Brooklyn Nets,1,11,35,Made Shot,Step Back Jump shot,2PT Field Goal,Mid-Range,Right Side Center(RC),16-24 ft.,18,68,167,1,1,20181020,IND,BKN
Shot Chart Detail,0021800026,19,1627747,Caris LeVert,1610612751,Brooklyn Nets,1,9,35,Missed Shot,Jump Shot,3PT Field Goal,Above the Break 3,Right Side Center(RC),24+ ft.,27,122,247,1,0,20181020,IND,BKN
Shot Chart Detail,0021800026,49,1627747,Caris LeVert,1610612751,Brooklyn Nets,1,7,20,Made Shot,Jump Shot,3PT Field Goal,Above the Break 3,Left Side Center(LC),24+ ft.,28,-176,228,1,1,20181020,IND,BKN
Shot Chart Detail,0021800026,257,1627747,Caris LeVert,1610612751,Brooklyn Nets,2,6,0,Made Shot,Jump Shot,3PT Field Goal,Right Corner 3,Right Side(R),24+ ft.,24,227,78,1,1,20181020,IND,BKN
Shot Chart Detail,0021800026,373,1627747,Caris LeVert,1610612751,Brooklyn Nets,3,9,44,Made Shot,Driving Layup Shot,2PT Field Goal,Restricted Area,Center(C),Less Than 8 ft.,0,2,5,1,1,20181020,IND,BKN
Shot Chart Detail,0021800026,390,1627747,Caris LeVert,1610612751,Brooklyn Nets,3,8,25,Made Shot,Step Back Jump shot,2PT Field Goal,Mid-Range,Right Side Center(RC),16-24 ft.,18,100,161,1,1,20181020,IND,BKN
Shot Chart Detail,0021800026,446,1627747,Caris LeVert,1610612751,Brooklyn Nets,3,3,34,Made Shot,Driving Finger Roll Layup Shot,2PT Field Goal,Restricted Area,Center(C),Less Than 8 ft.,0,6,4,1,1,20181020,IND,BKN
Shot Chart Detail,0021800026,531,1627747,Caris LeVert,1610612751,Brooklyn Nets,4,9,8,Made Shot,Pullup Jump shot,2PT Field Goal,In The Paint (Non-RA),Center(C),Less Than 8 ft.,4,8,45,1,1,20181020,IND,BKN
Shot Chart Detail,0021800026,540,1627747,Caris LeVert,1610612751,Brooklyn Nets,4,8,30,Made Shot,Layup Shot,2PT Field Goal,Restricted Area,Center(C),Less Than 8 ft.,2,0,22,1,1,20181020,IND,BKN
Shot Chart Detail,0021800053,10,1627747,Caris LeVert,1610612751,Brooklyn Nets,1,11,14,Missed Shot,Layup Shot,2PT Field Goal,Restricted Area,Center(C),Less Than 8 ft.,2,-2,28,1,0,20181024,CLE,BKN
Shot Chart Detail,0021800053,54,1627747,Caris LeVert,1610612751,Brooklyn Nets,1,6,56,Missed Shot,Driving Floating Bank Jump Shot,2PT Field Goal,Mid-Range,Left Side(L),8-16 ft.,11,-101,48,1,0,20181024,CLE,BKN
Shot Chart Detail,0021800053,73,1627747,Caris LeVert,1610612751,Brooklyn Nets,1,5,46,Missed Shot,Jump Shot,3PT Field Goal,Above the Break 3,Left Side Center(LC),24+ ft.,26,-88,248,1,0,20181024,CLE,BKN
Shot Chart Detail,0021800053,113,1627747,Caris LeVert,1610612751,Brooklyn Nets,1,3,59,Made Shot,Layup Shot,2PT Field Goal,Restricted Area,Center(C),Less Than 8 ft.,1,-2,13,1,1,20181024,CLE,BKN
Shot Chart Detail,0021800053,119,1627747,Caris LeVert,1610612751,Brooklyn Nets,1,3,26,Missed Shot,Jump Shot,2PT Field Goal,Mid-Range,Right Side Center(RC),16-24 ft.,17,75,160,1,0,20181024,CLE,BKN
Shot Chart Detail,0021800053,269,1627747,Caris LeVert,1610612751,Brooklyn Nets,2,4,23,Missed Shot,Alley Oop Layup shot,2PT Field Goal,Restricted Area,Center(C),Less Than 8 ft.,1,10,8,1,0,20181024,CLE,BKN
Shot Chart Detail,0021800053,273,1627747,Caris LeVert,1610612751,Brooklyn Nets,2,4,7,Missed Shot,Jump Shot,3PT Field Goal,Above the Break 3,Center(C),24+ ft.,25,59,248,1,0,20181024,CLE,BKN
Shot Chart Detail,0021800053,376,1627747,Caris LeVert,1610612751,Brooklyn Nets,3,8,7,Made Shot,Driving Layup Shot,2PT Field Goal,Restricted Area,Center(C),Less Than 8 ft.,1,1,11,1,1,20181024,CLE,BKN
Shot Chart Detail,0021800053,401,1627747,Caris LeVert,1610612751,Brooklyn Nets,3,5,34,Made Shot,Driving Finger Roll Layup Shot,2PT Field Goal,Restricted Area,Center(C),Less Than 8 ft.,3,18,27,1,1,20181024,CLE,BKN
Shot Chart Detail,0021800053,404,1627747,Caris LeVert,1610612751,Brooklyn Nets,3,5,1,Made Shot,Fadeaway Jump Shot,2PT Field Goal,In The Paint (Non-RA),Left Side(L),8-16 ft.,10,-52,87,1,1,20181024,CLE,BKN
Shot Chart Detail,0021800053,564,1627747,Caris LeVert,1610612751,Brooklyn Nets,4,4,55,Made Shot,Driving Floating Bank Jump Shot,2PT Field Goal,Restricted Area,Center(C),Less Than 8 ft.,0,-2,8,1,1,20181024,CLE,BKN
Shot Chart Detail,0021800053,569,1627747,Caris LeVert,1610612751,Brooklyn Nets,4,4,13,Missed Shot,Step Back Jump shot,2PT Field Goal,Mid-Range,Center(C),16-24 ft.,21,54,203,1,0,20181024,CLE,BKN
Shot Chart Detail,0021800072,42,1627747,Caris LeVert,1610612751,Brooklyn Nets,1,8,36,Missed Shot,Layup Shot,2PT Field Goal,Restricted Area,Center(C),Less Than 8 ft.,1,19,0,1,0,20181026,NOP,BKN
Shot Chart Detail,0021800072,83,1627747,Caris LeVert,1610612751,Brooklyn Nets,1,6,9,Made Shot,Floating Jump shot,2PT Field Goal,In The Paint (Non-RA),Center(C),8-16 ft.,9,-12,96,1,1,20181026,NOP,BKN
Shot Chart Detail,0021800072,86,1627747,Caris LeVert,1610612751,Brooklyn Nets,1,5,51,Made Shot,Layup Shot,2PT Field Goal,Restricted Area,Center(C),Less Than 8 ft.,1,-9,10,1,1,20181026,NOP,BKN
Shot Chart Detail,0021800072,107,1627747,Caris LeVert,1610612751,Brooklyn Nets,1,4,41,Missed Shot,Layup Shot,2PT Field Goal,Restricted Area,Center(C),Less Than 8 ft.,2,27,8,1,0,20181026,NOP,BKN
Shot Chart Detail,0021800072,118,1627747,Caris LeVert,1610612751,Brooklyn Nets,1,3,58,Made Shot,Cutting Layup Shot,2PT Field Goal,Restricted Area,Center(C),Less Than 8 ft.,1,-9,13,1,1,20181026,NOP,BKN
Shot Chart Detail,0021800072,275,1627747,Caris LeVert,1610612751,Brooklyn Nets,2,4,42,Missed Shot,Jump Shot,3PT Field Goal,Above the Break 3,Left Side Center(LC),24+ ft.,26,-174,195,1,0,20181026,NOP,BKN
Shot Chart Detail,0021800072,281,1627747,Caris LeVert,1610612751,Brooklyn Nets,2,4,9,Missed Shot,Layup Shot,2PT Field Goal,Restricted Area,Center(C),Less Than 8 ft.,2,18,12,1,0,20181026,NOP,BKN
Shot Chart Detail,0021800072,347,1627747,Caris LeVert,1610612751,Brooklyn Nets,2,4,9,Missed Shot,Layup Shot,2PT Field Goal,Restricted Area,Center(C),Less Than 8 ft.,1,2,12,1,0,20181026,NOP,BKN
Shot Chart Detail,0021800072,292,1627747,Caris LeVert,1610612751,Brooklyn Nets,2,3,57,Missed Shot,Jump Shot,3PT Field Goal,Above the Break 3,Center(C),24+ ft.,25,27,251,1,0,20181026,NOP,BKN
Shot Chart Detail,0021800072,328,1627747,Caris LeVert,1610612751,Brooklyn Nets,2,1,20,Made Shot,Driving Layup Shot,2PT Field Goal,Restricted Area,Center(C),Less Than 8 ft.,1,-12,8,1,1,20181026,NOP,BKN
Shot Chart Detail,0021800072,371,1627747,Caris LeVert,1610612751,Brooklyn Nets,3,10,8,Missed Shot,Pullup Jump shot,2PT Field Goal,In The Paint (Non-RA),Center(C),8-16 ft.,12,0,129,1,0,20181026,NOP,BKN
Shot Chart Detail,0021800072,381,1627747,Caris LeVert,1610612751,Brooklyn Nets,3,9,18,Missed Shot,Floating Jump shot,2PT Field Goal,In The Paint (Non-RA),Right Side(R),8-16 ft.,12,73,103,1,0,20181026,NOP,BKN
Shot Chart Detail,0021800072,393,1627747,Caris LeVert,1610612751,Brooklyn Nets,3,8,26,Missed Shot,Layup Shot,2PT Field Goal,Restricted Area,Center(C),Less Than 8 ft.,2,17,11,1,0,20181026,NOP,BKN
Shot Chart Detail,0021800072,406,1627747,Caris LeVert,1610612751,Brooklyn Nets,3,7,3,Missed Shot,Pullup Jump shot,3PT Field Goal,Above the Break 3,Right Side Center(RC),24+ ft.,24,120,215,1,0,20181026,NOP,BKN
Shot Chart Detail,0021800072,416,1627747,Caris LeVert,1610612751,Brooklyn Nets,3,6,19,Missed Shot,Driving Layup Shot,2PT Field Goal,Restricted Area,Center(C),Less Than 8 ft.,1,-9,16,1,0,20181026,NOP,BKN
Shot Chart Detail,0021800072,436,1627747,Caris LeVert,1610612751,Brooklyn Nets,3,5,18,Made Shot,Pullup Jump shot,3PT Field Goal,Above the Break 3,Left Side Center(LC),24+ ft.,25,-163,195,1,1,20181026,NOP,BKN
Shot Chart Detail,0021800072,449,1627747,Caris LeVert,1610612751,Brooklyn Nets,3,4,47,Missed Shot,Layup Shot,2PT Field Goal,Restricted Area,Center(C),Less Than 8 ft.,1,-19,0,1,0,20181026,NOP,BKN
Shot Chart Detail,0021800072,622,1627747,Caris LeVert,1610612751,Brooklyn Nets,4,6,26,Missed Shot,Jump Shot,3PT Field Goal,Above the Break 3,Center(C),24+ ft.,26,66,252,1,0,20181026,NOP,BKN
Shot Chart Detail,0021800072,624,1627747,Caris LeVert,1610612751,Brooklyn Nets,4,6,9,Missed Shot,Fadeaway Jump Shot,2PT Field Goal,In The Paint (Non-RA),Right Side(R),8-16 ft.,8,43,74,1,0,20181026,NOP,BKN
Shot Chart Detail,0021800072,643,1627747,Caris LeVert,1610612751,Brooklyn Nets,4,4,42,Made Shot,Cutting Dunk Shot,2PT Field Goal,Restricted Area,Center(C),Less Than 8 ft.,0,0,0,1,1,20181026,NOP,BKN
Shot Chart Detail,0021800072,678,1627747,Caris LeVert,1610612751,Brooklyn Nets,4,2,40,Made Shot,Turnaround Hook Shot,2PT Field Goal,Restricted Area,Center(C),Less Than 8 ft.,3,-14,34,1,1,20181026,NOP,BKN
Shot Chart Detail,0021800072,680,1627747,Caris LeVert,1610612751,Brooklyn Nets,4,2,4,Made Shot,Turnaround Jump Shot,2PT Field Goal,In The Paint (Non-RA),Center(C),Less Than 8 ft.,7,1,75,1,1,20181026,NOP,BKN
Shot Chart Detail,0021800072,700,1627747,Caris LeVert,1610612751,Brooklyn Nets,4,0,26,Missed Shot,Pullup Jump shot,3PT Field Goal,Above the Break 3,Right Side Center(RC),24+ ft.,25,232,105,1,0,20181026,NOP,BKN
Shot Chart Detail,0021800083,23,1627747,Caris LeVert,1610612751,Brooklyn Nets,1,10,17,Made Shot,Driving Layup Shot,2PT Field Goal,Restricted Area,Center(C),Less Than 8 ft.,1,10,0,1,1,20181028,BKN,GSW
Shot Chart Detail,0021800083,29,1627747,Caris LeVert,1610612751,Brooklyn Nets,1,9,30,Missed Shot,Pullup Jump shot,2PT Field Goal,In The Paint (Non-RA),Center(C),8-16 ft.,9,-1,99,1,0,20181028,BKN,GSW
Shot Chart Detail,0021800083,36,1627747,Caris LeVert,1610612751,Brooklyn Nets,1,8,56,Missed Shot,Driving Layup Shot,2PT Field Goal,Restricted Area,Center(C),Less Than 8 ft.,0,6,7,1,0,20181028,BKN,GSW
Shot Chart Detail,0021800083,55,1627747,Caris LeVert,1610612751,Brooklyn Nets,1,7,32,Made Shot,Pullup Jump shot,3PT Field Goal,Above the Break 3,Left Side Center(LC),24+ ft.,24,-79,237,1,1,20181028,BKN,GSW
Shot Chart Detail,0021800083,75,1627747,Caris LeVert,1610612751,Brooklyn Nets,1,5,49,Missed Shot,Running Layup Shot,2PT Field Goal,Restricted Area,Center(C),Less Than 8 ft.,0,6,-5,1,0,20181028,BKN,GSW
Shot Chart Detail,0021800083,83,1627747,Caris LeVert,1610612751,Brooklyn Nets,1,4,51,Made Shot,Driving Layup Shot,2PT Field Goal,Restricted Area,Center(C),Less Than 8 ft.,0,8,-1,1,1,20181028,BKN,GSW
Shot Chart Detail,0021800083,95,1627747,Caris LeVert,1610612751,Brooklyn Nets,1,4,26,Made Shot,Step Back Jump shot,3PT Field Goal,Above the Break 3,Center(C),24+ ft.,24,20,248,1,1,20181028,BKN,GSW
Shot Chart Detail,0021800083,98,1627747,Caris LeVert,1610612751,Brooklyn Nets,1,4,3,Missed Shot,Jump Shot,3PT Field Goal,Right Corner 3,Right Side(R),24+ ft.,22,221,-10,1,0,20181028,BKN,GSW
Shot Chart Detail,0021800083,257,1627747,Caris LeVert,1610612751,Brooklyn Nets,2,4,50,Made Shot,Turnaround Fadeaway shot,2PT Field Goal,In The Paint (Non-RA),Center(C),Less Than 8 ft.,6,-1,68,1,1,20181028,BKN,GSW
Shot Chart Detail,0021800083,306,1627747,Caris LeVert,1610612751,Brooklyn Nets,2,0,5,Missed Shot,Turnaround Fadeaway shot,2PT Field Goal,Mid-Range,Left Side Center(LC),16-24 ft.,18,-94,160,1,0,20181028,BKN,GSW
Shot Chart Detail,0021800083,333,1627747,Caris LeVert,1610612751,Brooklyn Nets,3,10,41,Missed Shot,Driving Layup Shot,2PT Field Goal,Restricted Area,Center(C),Less Than 8 ft.,2,-14,21,1,0,20181028,BKN,GSW
Shot Chart Detail,0021800083,368,1627747,Caris LeVert,1610612751,Brooklyn Nets,3,7,37,Made Shot,Jump Shot,3PT Field Goal,Above the Break 3,Left Side Center(LC),24+ ft.,24,-223,89,1,1,20181028,BKN,GSW
Shot Chart Detail,0021800083,386,1627747,Caris LeVert,1610612751,Brooklyn Nets,3,6,14,Made Shot,Driving Layup Shot,2PT Field Goal,Restricted Area,Center(C),Less Than 8 ft.,1,-10,5,1,1,20181028,BKN,GSW
Shot Chart Detail,0021800083,559,1627747,Caris LeVert,1610612751,Brooklyn Nets,4,5,28,Made Shot,Pullup Jump shot,3PT Field Goal,Above the Break 3,Center(C),24+ ft.,25,1,253,1,1,20181028,BKN,GSW
Shot Chart Detail,0021800083,564,1627747,Caris LeVert,1610612751,Brooklyn Nets,4,4,56,Missed Shot,Step Back Jump shot,3PT Field Goal,Above the Break 3,Right Side Center(RC),24+ ft.,25,106,229,1,0,20181028,BKN,GSW
Shot Chart Detail,0021800083,574,1627747,Caris LeVert,1610612751,Brooklyn Nets,4,3,44,Missed Shot,Driving Layup Shot,2PT Field Goal,Restricted Area,Center(C),Less Than 8 ft.,1,17,-7,1,0,20181028,BKN,GSW
Shot Chart Detail,0021800083,584,1627747,Caris LeVert,1610612751,Brooklyn Nets,4,3,5,Made Shot,Cutting Dunk Shot,2PT Field Goal,Restricted Area,Center(C),Less Than 8 ft.,0,3,4,1,1,20181028,BKN,GSW
Shot Chart Detail,0021800083,609,1627747,Caris LeVert,1610612751,Brooklyn Nets,4,1,1,Missed Shot,Jump Shot,3PT Field Goal,Above the Break 3,Left Side Center(LC),24+ ft.,25,-107,230,1,0,20181028,BKN,GSW
Shot Chart Detail,0021800090,37,1627747,Caris LeVert,1610612751,Brooklyn Nets,1,8,45,Missed Shot,Jump Shot,3PT Field Goal,Above the Break 3,Left Side Center(LC),24+ ft.,27,-139,232,1,0,20181029,NYK,BKN
Shot Chart Detail,0021800090,62,1627747,Caris LeVert,1610612751,Brooklyn Nets,1,6,54,Missed Shot,Reverse Layup Shot,2PT Field Goal,Restricted Area,Center(C),Less Than 8 ft.,1,-11,8,1,0,20181029,NYK,BKN
Shot Chart Detail,0021800090,80,1627747,Caris LeVert,1610612751,Brooklyn Nets,1,5,58,Made Shot,Pullup Jump shot,2PT Field Goal,In The Paint (Non-RA),Center(C),8-16 ft.,11,-3,118,1,1,20181029,NYK,BKN
Shot Chart Detail,0021800090,114,1627747,Caris LeVert,1610612751,Brooklyn Nets,1,2,35,Missed Shot,Jump Shot,3PT Field Goal,Above the Break 3,Right Side Center(RC),24+ ft.,26,96,251,1,0,20181029,NYK,BKN
Shot Chart Detail,0021800090,235,1627747,Caris LeVert,1610612751,Brooklyn Nets,2,5,29,Missed Shot,Jump Shot,3PT Field Goal,Above the Break 3,Left Side Center(LC),24+ ft.,25,-232,117,1,0,20181029,NYK,BKN
Shot Chart Detail,0021800090,296,1627747,Caris LeVert,1610612751,Brooklyn Nets,2,1,8,Missed Shot,Driving Floating Jump Shot,2PT Field Goal,In The Paint (Non-RA),Center(C),Less Than 8 ft.,7,15,71,1,0,20181029,NYK,BKN
Shot Chart Detail,0021800090,300,1627747,Caris LeVert,1610612751,Brooklyn Nets,2,0,29,Missed Shot,Jump Shot,3PT Field Goal,Above the Break 3,Right Side Center(RC),24+ ft.,26,122,230,1,0,20181029,NYK,BKN
Shot Chart Detail,0021800090,379,1627747,Caris LeVert,1610612751,Brooklyn Nets,3,7,8,Missed Shot,Turnaround Jump Shot,2PT Field Goal,In The Paint (Non-RA),Center(C),8-16 ft.,11,35,113,1,0,20181029,NYK,BKN
Shot Chart Detail,0021800090,517,1627747,Caris LeVert,1610612751,Brooklyn Nets,4,9,38,Missed Shot,Jump Shot,3PT Field Goal,Above the Break 3,Right Side Center(RC),24+ ft.,25,85,239,1,0,20181029,NYK,BKN
Shot Chart Detail,0021800090,541,1627747,Caris LeVert,1610612751,Brooklyn Nets,4,7,52,Missed Shot,Jump Shot,3PT Field Goal,Left Corner 3,Left Side(L),24+ ft.,23,-228,38,1,0,20181029,NYK,BKN
Shot Chart Detail,0021800090,593,1627747,Caris LeVert,1610612751,Brooklyn Nets,4,5,1,Made Shot,Driving Floating Jump Shot,2PT Field Goal,In The Paint (Non-RA),Center(C),Less Than 8 ft.,4,-8,48,1,1,20181029,NYK,BKN
Shot Chart Detail,0021800104,7,1627747,Caris LeVert,1610612751,Brooklyn Nets,1,11,36,Missed Shot,Jump Shot,3PT Field Goal,Right Corner 3,Right Side(R),24+ ft.,22,221,41,1,0,20181031,BKN,DET
Shot Chart Detail,0021800104,89,1627747,Caris LeVert,1610612751,Brooklyn Nets,1,6,12,Made Shot,Pullup Jump shot,3PT Field Goal,Above the Break 3,Center(C),24+ ft.,26,-43,257,1,1,20181031,BKN,DET
Shot Chart Detail,0021800104,93,1627747,Caris LeVert,1610612751,Brooklyn Nets,1,5,48,Made Shot,Driving Layup Shot,2PT Field Goal,Restricted Area,Center(C),Less Than 8 ft.,3,33,12,1,1,20181031,BKN,DET
Shot Chart Detail,0021800104,125,1627747,Caris LeVert,1610612751,Brooklyn Nets,1,3,59,Made Shot,Driving Layup Shot,2PT Field Goal,Restricted Area,Center(C),Less Than 8 ft.,3,3,31,1,1,20181031,BKN,DET
Shot Chart Detail,0021800104,133,1627747,Caris LeVert,1610612751,Brooklyn Nets,1,3,8,Missed Shot,Driving Floating Bank Jump Shot,2PT Field Goal,In The Paint (Non-RA),Center(C),Less Than 8 ft.,5,-29,47,1,0,20181031,BKN,DET
Shot Chart Detail,0021800104,307,1627747,Caris LeVert,1610612751,Brooklyn Nets,2,4,2,Made Shot,Pullup Jump shot,2PT Field Goal,In The Paint (Non-RA),Center(C),8-16 ft.,11,-28,116,1,1,20181031,BKN,DET
Shot Chart Detail,0021800104,314,1627747,Caris LeVert,1610612751,Brooklyn Nets,2,3,37,Made Shot,Driving Reverse Layup Shot,2PT Field Goal,Restricted Area,Center(C),Less Than 8 ft.,2,11,23,1,1,20181031,BKN,DET
Shot Chart Detail,0021800104,368,1627747,Caris LeVert,1610612751,Brooklyn Nets,2,0,37,Made Shot,Turnaround Jump Shot,2PT Field Goal,In The Paint (Non-RA),Center(C),Less Than 8 ft.,7,-67,28,1,1,20181031,BKN,DET
Shot Chart Detail,0021800104,370,1627747,Caris LeVert,1610612751,Brooklyn Nets,2,0,5,Missed Shot,Driving Layup Shot,2PT Field Goal,In The Paint (Non-RA),Center(C),Less Than 8 ft.,4,36,20,1,0,20181031,BKN,DET
Shot Chart Detail,0021800104,407,1627747,Caris LeVert,1610612751,Brooklyn Nets,3,10,9,Missed Shot,Pullup Jump shot,2PT Field Goal,In The Paint (Non-RA),Center(C),8-16 ft.,11,-53,105,1,0,20181031,BKN,DET
Shot Chart Detail,0021800104,437,1627747,Caris LeVert,1610612751,Brooklyn Nets,3,7,27,Made Shot,Driving Layup Shot,2PT Field Goal,Restricted Area,Center(C),Less Than 8 ft.,1,-13,15,1,1,20181031,BKN,DET
Shot Chart Detail,0021800104,448,1627747,Caris LeVert,1610612751,Brooklyn Nets,3,6,29,Missed Shot,Pullup Jump shot,2PT Field Goal,In The Paint (Non-RA),Center(C),8-16 ft.,10,8,100,1,0,20181031,BKN,DET
Shot Chart Detail,0021800104,485,1627747,Caris LeVert,1610612751,Brooklyn Nets,3,4,5,Missed Shot,Jump Shot,3PT Field Goal,Above the Break 3,Left Side Center(LC),24+ ft.,24,-218,113,1,0,20181031,BKN,DET
Shot Chart Detail,0021800104,616,1627747,Caris LeVert,1610612751,Brooklyn Nets,4,7,56,Missed Shot,Pullup Jump shot,3PT Field Goal,Above the Break 3,Right Side Center(RC),24+ ft.,26,117,235,1,0,20181031,BKN,DET
Shot Chart Detail,0021800104,716,1627747,Caris LeVert,1610612751,Brooklyn Nets,4,0,51,Missed Shot,Jump Shot,3PT Field Goal,Above the Break 3,Center(C),24+ ft.,25,-67,245,1,0,20181031,BKN,DET
Shot Chart Detail,0021800104,793,1627747,Caris LeVert,1610612751,Brooklyn Nets,5,1,42,Missed Shot,Driving Layup Shot,2PT Field Goal,Restricted Area,Center(C),Less Than 8 ft.,2,24,-1,1,0,20181031,BKN,DET
Shot Chart Detail,0021800118,20,1627747,Caris LeVert,1610612751,Brooklyn Nets,1,9,47,Made Shot,Driving Floating Jump Shot,2PT Field Goal,In The Paint (Non-RA),Center(C),8-16 ft.,10,-43,99,1,1,20181102,BKN,HOU
Shot Chart Detail,0021800118,34,1627747,Caris LeVert,1610612751,Brooklyn Nets,1,8,17,Made Shot,Driving Floating Jump Shot,2PT Field Goal,Restricted Area,Center(C),Less Than 8 ft.,2,10,22,1,1,20181102,BKN,HOU
Shot Chart Detail,0021800118,44,1627747,Caris LeVert,1610612751,Brooklyn Nets,1,7,16,Made Shot,Pullup Jump shot,3PT Field Goal,Above the Break 3,Left Side Center(LC),24+ ft.,26,-141,227,1,1,20181102,BKN,HOU
Shot Chart Detail,0021800118,62,1627747,Caris LeVert,1610612751,Brooklyn Nets,1,5,57,Made Shot,Driving Layup Shot,2PT Field Goal,Restricted Area,Center(C),Less Than 8 ft.,1,5,10,1,1,20181102,BKN,HOU
Shot Chart Detail,0021800118,68,1627747,Caris LeVert,1610612751,Brooklyn Nets,1,5,22,Made Shot,Driving Layup Shot,2PT Field Goal,Restricted Area,Center(C),Less Than 8 ft.,1,-6,16,1,1,20181102,BKN,HOU
Shot Chart Detail,0021800118,289,1627747,Caris LeVert,1610612751,Brooklyn Nets,2,2,33,Missed Shot,Driving Floating Bank Jump Shot,2PT Field Goal,Restricted Area,Center(C),Less Than 8 ft.,3,-7,37,1,0,20181102,BKN,HOU
Shot Chart Detail,0021800118,309,1627747,Caris LeVert,1610612751,Brooklyn Nets,2,0,37,Missed Shot,Alley Oop Dunk Shot,2PT Field Goal,Restricted Area,Center(C),Less Than 8 ft.,1,11,12,1,0,20181102,BKN,HOU
Shot Chart Detail,0021800118,337,1627747,Caris LeVert,1610612751,Brooklyn Nets,3,10,59,Made Shot,Jump Shot,3PT Field Goal,Above the Break 3,Left Side Center(LC),24+ ft.,24,-180,164,1,1,20181102,BKN,HOU
Shot Chart Detail,0021800118,380,1627747,Caris LeVert,1610612751,Brooklyn Nets,3,7,20,Missed Shot,Pullup Jump shot,3PT Field Goal,Above the Break 3,Right Side Center(RC),24+ ft.,24,100,221,1,0,20181102,BKN,HOU
Shot Chart Detail,0021800118,395,1627747,Caris LeVert,1610612751,Brooklyn Nets,3,5,53,Missed Shot,Driving Floating Bank Jump Shot,2PT Field Goal,In The Paint (Non-RA),Right Side(R),8-16 ft.,8,56,66,1,0,20181102,BKN,HOU
Shot Chart Detail,0021800118,415,1627747,Caris LeVert,1610612751,Brooklyn Nets,3,5,1,Missed Shot,Driving Floating Jump Shot,2PT Field Goal,In The Paint (Non-RA),Center(C),Less Than 8 ft.,6,7,67,1,0,20181102,BKN,HOU
Shot Chart Detail,0021800118,419,1627747,Caris LeVert,1610612751,Brooklyn Nets,3,4,52,Made Shot,Putback Layup Shot,2PT Field Goal,Restricted Area,Center(C),Less Than 8 ft.,0,0,-6,1,1,20181102,BKN,HOU
Shot Chart Detail,0021800118,557,1627747,Caris LeVert,1610612751,Brooklyn Nets,4,7,12,Made Shot,Jump Shot,3PT Field Goal,Above the Break 3,Right Side Center(RC),24+ ft.,26,105,243,1,1,20181102,BKN,HOU
Shot Chart Detail,0021800118,561,1627747,Caris LeVert,1610612751,Brooklyn Nets,4,6,45,Made Shot,Pullup Jump shot,3PT Field Goal,Above the Break 3,Left Side Center(LC),24+ ft.,26,-98,241,1,1,20181102,BKN,HOU
Shot Chart Detail,0021800118,564,1627747,Caris LeVert,1610612751,Brooklyn Nets,4,6,26,Missed Shot,Pullup Jump shot,3PT Field Goal,Above the Break 3,Left Side Center(LC),24+ ft.,24,-203,136,1,0,20181102,BKN,HOU
Shot Chart Detail,0021800118,634,1627747,Caris LeVert,1610612751,Brooklyn Nets,4,1,19,Missed Shot,Cutting Layup Shot,2PT Field Goal,Restricted Area,Center(C),Less Than 8 ft.,2,12,17,1,0,20181102,BKN,HOU
Shot Chart Detail,0021800118,681,1627747,Caris LeVert,1610612751,Brooklyn Nets,4,0,12,Made Shot,Driving Layup Shot,2PT Field Goal,Restricted Area,Center(C),Less Than 8 ft.,3,27,16,1,1,20181102,BKN,HOU
Shot Chart Detail,0021800134,35,1627747,Caris LeVert,1610612751,Brooklyn Nets,1,9,22,Missed Shot,Driving Layup Shot,2PT Field Goal,Restricted Area,Center(C),Less Than 8 ft.,2,26,-6,1,0,20181104,BKN,PHI
Shot Chart Detail,0021800134,42,1627747,Caris LeVert,1610612751,Brooklyn Nets,1,9,0,Missed Shot,Driving Layup Shot,2PT Field Goal,Restricted Area,Center(C),Less Than 8 ft.,2,-22,1,1,0,20181104,BKN,PHI
Shot Chart Detail,0021800134,77,1627747,Caris LeVert,1610612751,Brooklyn Nets,1,7,28,Made Shot,Jump Shot,3PT Field Goal,Above the Break 3,Right Side Center(RC),24+ ft.,24,124,214,1,1,20181104,BKN,PHI
Shot Chart Detail,0021800134,81,1627747,Caris LeVert,1610612751,Brooklyn Nets,1,6,57,Missed Shot,Driving Layup Shot,2PT Field Goal,Restricted Area,Center(C),Less Than 8 ft.,1,6,8,1,0,20181104,BKN,PHI
Shot Chart Detail,0021800134,125,1627747,Caris LeVert,1610612751,Brooklyn Nets,1,4,20,Missed Shot,Driving Layup Shot,2PT Field Goal,Restricted Area,Center(C),Less Than 8 ft.,2,20,6,1,0,20181104,BKN,PHI
Shot Chart Detail,0021800134,135,1627747,Caris LeVert,1610612751,Brooklyn Nets,1,4,14,Missed Shot,Jump Bank Shot,2PT Field Goal,Mid-Range,Left Side(L),8-16 ft.,11,-110,18,1,0,20181104,BKN,PHI
Shot Chart Detail,0021800134,139,1627747,Caris LeVert,1610612751,Brooklyn Nets,1,3,46,Made Shot,Driving Finger Roll Layup Shot,2PT Field Goal,Restricted Area,Center(C),Less Than 8 ft.,1,15,-6,1,1,20181104,BKN,PHI
Shot Chart Detail,0021800134,287,1627747,Caris LeVert,1610612751,Brooklyn Nets,2,5,51,Made Shot,Driving Floating Bank Jump Shot,2PT Field Goal,In The Paint (Non-RA),Center(C),Less Than 8 ft.,5,6,57,1,1,20181104,BKN,PHI
Shot Chart Detail,0021800134,305,1627747,Caris LeVert,1610612751,Brooklyn Nets,2,4,56,Missed Shot,Jump Shot,3PT Field Goal,Above the Break 3,Center(C),24+ ft.,24,-38,246,1,0,20181104,BKN,PHI
Shot Chart Detail,0021800134,323,1627747,Caris LeVert,1610612751,Brooklyn Nets,2,3,29,Made Shot,Floating Jump shot,2PT Field Goal,In The Paint (Non-RA),Center(C),Less Than 8 ft.,7,43,58,1,1,20181104,BKN,PHI
Shot Chart Detail,0021800134,339,1627747,Caris LeVert,1610612751,Brooklyn Nets,2,2,27,Made Shot,Driving Layup Shot,2PT Field Goal,Restricted Area,Center(C),Less Than 8 ft.,3,31,6,1,1,20181104,BKN,PHI
Shot Chart Detail,0021800134,359,1627747,Caris LeVert,1610612751,Brooklyn Nets,2,1,18,Made Shot,Driving Floating Jump Shot,2PT Field Goal,Restricted Area,Center(C),Less Than 8 ft.,3,3,34,1,1,20181104,BKN,PHI
Shot Chart Detail,0021800134,362,1627747,Caris LeVert,1610612751,Brooklyn Nets,2,1,1,Missed Shot,Pullup Jump shot,3PT Field Goal,Above the Break 3,Left Side Center(LC),24+ ft.,25,-145,206,1,0,20181104,BKN,PHI
Shot Chart Detail,0021800134,369,1627747,Caris LeVert,1610612751,Brooklyn Nets,2,0,38,Made Shot,Driving Floating Jump Shot,2PT Field Goal,Restricted Area,Center(C),Less Than 8 ft.,2,-17,11,1,1,20181104,BKN,PHI
Shot Chart Detail,0021800134,384,1627747,Caris LeVert,1610612751,Brooklyn Nets,3,11,35,Made Shot,Cutting Layup Shot,2PT Field Goal,Restricted Area,Center(C),Less Than 8 ft.,2,23,5,1,1,20181104,BKN,PHI
Shot Chart Detail,0021800134,411,1627747,Caris LeVert,1610612751,Brooklyn Nets,3,9,45,Missed Shot,Pullup Jump shot,2PT Field Goal,Mid-Range,Center(C),8-16 ft.,14,-27,145,1,0,20181104,BKN,PHI
Shot Chart Detail,0021800134,434,1627747,Caris LeVert,1610612751,Brooklyn Nets,3,7,29,Missed Shot,Layup Shot,2PT Field Goal,Restricted Area,Center(C),Less Than 8 ft.,2,23,-7,1,0,20181104,BKN,PHI
Shot Chart Detail,0021800134,486,1627747,Caris LeVert,1610612751,Brooklyn Nets,3,4,21,Missed Shot,Driving Floating Jump Shot,2PT Field Goal,In The Paint (Non-RA),Center(C),Less Than 8 ft.,4,-24,42,1,0,20181104,BKN,PHI
Shot Chart Detail,0021800134,636,1627747,Caris LeVert,1610612751,Brooklyn Nets,4,5,55,Missed Shot,Driving Floating Jump Shot,2PT Field Goal,In The Paint (Non-RA),Center(C),Less Than 8 ft.,4,24,40,1,0,20181104,BKN,PHI
Shot Chart Detail,0021800134,660,1627747,Caris LeVert,1610612751,Brooklyn Nets,4,3,57,Missed Shot,Turnaround Jump Shot,2PT Field Goal,In The Paint (Non-RA),Center(C),8-16 ft.,10,12,101,1,0,20181104,BKN,PHI
Shot Chart Detail,0021800151,37,1627747,Caris LeVert,1610612751,Brooklyn Nets,1,8,54,Made Shot,Cutting Dunk Shot,2PT Field Goal,Restricted Area,Center(C),Less Than 8 ft.,1,0,10,1,1,20181106,PHX,BKN
Shot Chart Detail,0021800151,67,1627747,Caris LeVert,1610612751,Brooklyn Nets,1,7,10,Missed Shot,Pullup Jump shot,2PT Field Goal,In The Paint (Non-RA),Center(C),Less Than 8 ft.,4,16,37,1,0,20181106,PHX,BKN
Shot Chart Detail,0021800151,84,1627747,Caris LeVert,1610612751,Brooklyn Nets,1,6,9,Made Shot,Driving Hook Shot,2PT Field Goal,In The Paint (Non-RA),Center(C),Less Than 8 ft.,6,-18,65,1,1,20181106,PHX,BKN
Shot Chart Detail,0021800151,87,1627747,Caris LeVert,1610612751,Brooklyn Nets,1,5,46,Made Shot,Jump Shot,3PT Field Goal,Above the Break 3,Left Side Center(LC),24+ ft.,25,-106,236,1,1,20181106,PHX,BKN
Shot Chart Detail,0021800151,89,1627747,Caris LeVert,1610612751,Brooklyn Nets,1,5,7,Missed Shot,Step Back Jump shot,2PT Field Goal,Mid-Range,Left Side(L),16-24 ft.,16,-164,-15,1,0,20181106,PHX,BKN
Shot Chart Detail,0021800151,281,1627747,Caris LeVert,1610612751,Brooklyn Nets,2,3,59,Made Shot,Pullup Jump shot,2PT Field Goal,In The Paint (Non-RA),Center(C),8-16 ft.,10,0,101,1,1,20181106,PHX,BKN
Shot Chart Detail,0021800151,363,1627747,Caris LeVert,1610612751,Brooklyn Nets,3,11,39,Made Shot,Driving Dunk Shot,2PT Field Goal,Restricted Area,Center(C),Less Than 8 ft.,0,-3,5,1,1,20181106,PHX,BKN
Shot Chart Detail,0021800151,372,1627747,Caris LeVert,1610612751,Brooklyn Nets,3,10,32,Made Shot,Jump Shot,3PT Field Goal,Above the Break 3,Center(C),24+ ft.,25,5,251,1,1,20181106,PHX,BKN
Shot Chart Detail,0021800151,380,1627747,Caris LeVert,1610612751,Brooklyn Nets,3,9,40,Missed Shot,Jump Shot,3PT Field Goal,Above the Break 3,Right Side Center(RC),24+ ft.,25,203,148,1,0,20181106,PHX,BKN
Shot Chart Detail,0021800151,416,1627747,Caris LeVert,1610612751,Brooklyn Nets,3,6,7,Missed Shot,Jump Shot,3PT Field Goal,Above the Break 3,Center(C),24+ ft.,24,63,240,1,0,20181106,PHX,BKN
Shot Chart Detail,0021800151,439,1627747,Caris LeVert,1610612751,Brooklyn Nets,3,4,1,Made Shot,Jump Shot,3PT Field Goal,Left Corner 3,Left Side(L),24+ ft.,23,-232,-15,1,1,20181106,PHX,BKN
Shot Chart Detail,0021800151,598,1627747,Caris LeVert,1610612751,Brooklyn Nets,4,5,44,Made Shot,Layup Shot,2PT Field Goal,Restricted Area,Center(C),Less Than 8 ft.,0,-6,0,1,1,20181106,PHX,BKN
Shot Chart Detail,0021800151,609,1627747,Caris LeVert,1610612751,Brooklyn Nets,4,4,46,Missed Shot,Step Back Jump shot,3PT Field Goal,Above the Break 3,Left Side Center(LC),24+ ft.,24,-222,110,1,0,20181106,PHX,BKN
Shot Chart Detail,0021800151,635,1627747,Caris LeVert,1610612751,Brooklyn Nets,4,2,38,Missed Shot,Turnaround Fadeaway shot,2PT Field Goal,In The Paint (Non-RA),Right Side(R),8-16 ft.,8,71,37,1,0,20181106,PHX,BKN
Shot Chart Detail,0021800151,639,1627747,Caris LeVert,1610612751,Brooklyn Nets,4,2,20,Made Shot,Running Layup Shot,2PT Field Goal,Restricted Area,Center(C),Less Than 8 ft.,0,-6,1,1,1,20181106,PHX,BKN
Shot Chart Detail,0021800151,656,1627747,Caris LeVert,1610612751,Brooklyn Nets,4,0,55,Made Shot,Running Dunk Shot,2PT Field Goal,Restricted Area,Center(C),Less Than 8 ft.,0,0,3,1,1,20181106,PHX,BKN
Shot Chart Detail,0021800171,14,1627747,Caris LeVert,1610612751,Brooklyn Nets,1,10,54,Made Shot,Jump Shot,3PT Field Goal,Right Corner 3,Right Side(R),24+ ft.,22,221,12,1,1,20181109,DEN,BKN
Shot Chart Detail,0021800171,18,1627747,Caris LeVert,1610612751,Brooklyn Nets,1,10,34,Missed Shot,Step Back Jump shot,3PT Field Goal,Right Corner 3,Right Side(R),24+ ft.,22,225,32,1,0,20181109,DEN,BKN
Shot Chart Detail,0021800171,43,1627747,Caris LeVert,1610612751,Brooklyn Nets,1,8,8,Missed Shot,Driving Floating Jump Shot,2PT Field Goal,In The Paint (Non-RA),Left Side(L),8-16 ft.,9,-57,76,1,0,20181109,DEN,BKN
Shot Chart Detail,0021800171,102,1627747,Caris LeVert,1610612751,Brooklyn Nets,1,3,34,Made Shot,Running Layup Shot,2PT Field Goal,Restricted Area,Center(C),Less Than 8 ft.,2,-24,17,1,1,20181109,DEN,BKN
Shot Chart Detail,0021800171,233,1627747,Caris LeVert,1610612751,Brooklyn Nets,2,4,26,Made Shot,Driving Finger Roll Layup Shot,2PT Field Goal,Restricted Area,Center(C),Less Than 8 ft.,2,-16,15,1,1,20181109,DEN,BKN
Shot Chart Detail,0021800171,281,1627747,Caris LeVert,1610612751,Brooklyn Nets,2,2,3,Missed Shot,Jump Shot,3PT Field Goal,Left Corner 3,Left Side(L),24+ ft.,22,-223,41,1,0,20181109,DEN,BKN
Shot Chart Detail,0021800171,326,1627747,Caris LeVert,1610612751,Brooklyn Nets,3,11,0,Missed Shot,Layup Shot,2PT Field Goal,In The Paint (Non-RA),Center(C),Less Than 8 ft.,5,7,55,1,0,20181109,DEN,BKN
Shot Chart Detail,0021800171,377,1627747,Caris LeVert,1610612751,Brooklyn Nets,3,7,27,Missed Shot,Driving Finger Roll Layup Shot,2PT Field Goal,Restricted Area,Center(C),Less Than 8 ft.,2,19,13,1,0,20181109,DEN,BKN
Shot Chart Detail,0021800171,426,1627747,Caris LeVert,1610612751,Brooklyn Nets,3,5,6,Missed Shot,Step Back Jump shot,3PT Field Goal,Above the Break 3,Right Side Center(RC),24+ ft.,24,144,204,1,0,20181109,DEN,BKN
Shot Chart Detail,0021800171,609,1627747,Caris LeVert,1610612751,Brooklyn Nets,4,6,30,Made Shot,Pullup Jump shot,2PT Field Goal,In The Paint (Non-RA),Center(C),8-16 ft.,9,-25,96,1,1,20181109,DEN,BKN
Shot Chart Detail,0021800171,673,1627747,Caris LeVert,1610612751,Brooklyn Nets,4,2,54,Missed Shot,Running Layup Shot,2PT Field Goal,Restricted Area,Center(C),Less Than 8 ft.,1,-13,13,1,0,20181109,DEN,BKN
Shot Chart Detail,0021800171,685,1627747,Caris LeVert,1610612751,Brooklyn Nets,4,1,55,Made Shot,Turnaround Fadeaway shot,2PT Field Goal,In The Paint (Non-RA),Right Side(R),8-16 ft.,8,51,63,1,1,20181109,DEN,BKN
Shot Chart Detail,0021800171,715,1627747,Caris LeVert,1610612751,Brooklyn Nets,4,0,0,Made Shot,Pullup Jump shot,2PT Field Goal,In The Paint (Non-RA),Center(C),8-16 ft.,11,1,115,1,1,20181109,DEN,BKN
Shot Chart Detail,0021800182,75,1627747,Caris LeVert,1610612751,Brooklyn Nets,1,5,40,Missed Shot,Jump Shot,3PT Field Goal,Above the Break 3,Left Side Center(LC),24+ ft.,27,-116,249,1,0,20181110,GSW,BKN
Shot Chart Detail,0021800182,119,1627747,Caris LeVert,1610612751,Brooklyn Nets,1,3,0,Missed Shot,Layup Shot,2PT Field Goal,Restricted Area,Center(C),Less Than 8 ft.,2,3,28,1,0,20181110,GSW,BKN
Shot Chart Detail,0021800182,258,1627747,Caris LeVert,1610612751,Brooklyn Nets,2,5,31,Made Shot,Driving Hook Shot,2PT Field Goal,In The Paint (Non-RA),Center(C),8-16 ft.,8,32,83,1,1,20181110,GSW,BKN
Shot Chart Detail,0021800182,317,1627747,Caris LeVert,1610612751,Brooklyn Nets,2,1,36,Missed Shot,Layup Shot,2PT Field Goal,In The Paint (Non-RA),Center(C),Less Than 8 ft.,4,25,41,1,0,20181110,GSW,BKN
Shot Chart Detail,0021800182,341,1627747,Caris LeVert,1610612751,Brooklyn Nets,2,0,3,Missed Shot,Jump Shot,3PT Field Goal,Above the Break 3,Right Side Center(RC),24+ ft.,25,135,221,1,0,20181110,GSW,BKN
Shot Chart Detail,0021800182,372,1627747,Caris LeVert,1610612751,Brooklyn Nets,3,11,9,Missed Shot,Step Back Jump shot,3PT Field Goal,Above the Break 3,Left Side Center(LC),24+ ft.,25,-160,203,1,0,20181110,GSW,BKN
Shot Chart Detail,0021800195,15,1627747,Caris LeVert,1610612751,Brooklyn Nets,1,10,50,Missed Shot,Jump Shot,3PT Field Goal,Above the Break 3,Left Side Center(LC),24+ ft.,26,-112,235,1,0,20181112,MIN,BKN
Shot Chart Detail,0021800195,25,1627747,Caris LeVert,1610612751,Brooklyn Nets,1,10,12,Made Shot,Cutting Layup Shot,2PT Field Goal,Restricted Area,Center(C),Less Than 8 ft.,1,2,16,1,1,20181112,MIN,BKN
Shot Chart Detail,0021800195,40,1627747,Caris LeVert,1610612751,Brooklyn Nets,1,8,30,Missed Shot,Layup Shot,2PT Field Goal,In The Paint (Non-RA),Center(C),Less Than 8 ft.,7,14,69,1,0,20181112,MIN,BKN
Shot Chart Detail,0021800195,73,1627747,Caris LeVert,1610612751,Brooklyn Nets,1,6,15,Made Shot,Cutting Dunk Shot,2PT Field Goal,Restricted Area,Center(C),Less Than 8 ft.,0,3,4,1,1,20181112,MIN,BKN
Shot Chart Detail,0021800195,93,1627747,Caris LeVert,1610612751,Brooklyn Nets,1,4,46,Made Shot,Layup Shot,2PT Field Goal,Restricted Area,Center(C),Less Than 8 ft.,1,1,14,1,1,20181112,MIN,BKN
Shot Chart Detail,0021800195,246,1627747,Caris LeVert,1610612751,Brooklyn Nets,2,6,35,Made Shot,Driving Dunk Shot,2PT Field Goal,Restricted Area,Center(C),Less Than 8 ft.,0,-2,5,1,1,20181112,MIN,BKN
Shot Chart Detail,0021800195,262,1627747,Caris LeVert,1610612751,Brooklyn Nets,2,5,39,Missed Shot,Jump Shot,2PT Field Goal,In The Paint (Non-RA),Center(C),Less Than 8 ft.,6,-8,61,1,0,20181112,MIN,BKN
Shot Chart Detail,0021800195,268,1627747,Caris LeVert,1610612751,Brooklyn Nets,2,5,12,Missed Shot,Jump Shot,2PT Field Goal,In The Paint (Non-RA),Center(C),Less Than 8 ft.,4,30,34,1,0,20181112,MIN,BKN
Shot Chart Detail,0021800195,279,1627747,Caris LeVert,1610612751,Brooklyn Nets,2,4,39,Made Shot,Cutting Layup Shot,2PT Field Goal,Restricted Area,Center(C),Less Than 8 ft.,1,6,15,1,1,20181112,MIN,BKN
Shot Chart Detail,0021800195,283,1627747,Caris LeVert,1610612751,Brooklyn Nets,2,4,21,Missed Shot,Dunk Shot,2PT Field Goal,Restricted Area,Center(C),Less Than 8 ft.,0,-2,1,1,0,20181112,MIN,BKN
Shot Chart Detail,0021800195,323,1627747,Caris LeVert,1610612751,Brooklyn Nets,2,1,16,Missed Shot,Jump Shot,3PT Field Goal,Above the Break 3,Right Side Center(RC),24+ ft.,24,134,205,1,0,20181112,MIN,BKN
Shot Chart Detail,0021800195,346,1627747,Caris LeVert,1610612751,Brooklyn Nets,2,0,10,Missed Shot,Jump Shot,3PT Field Goal,Above the Break 3,Left Side Center(LC),24+ ft.,24,-184,169,1,0,20181112,MIN,BKN
Shot Chart Detail,0021800820,181,1627747,Caris LeVert,1610612751,Brooklyn Nets,2,9,35,Missed Shot,Driving Layup Shot,2PT Field Goal,Restricted Area,Center(C),Less Than 8 ft.,1,0,11,1,0,20190208,BKN,CHI
Shot Chart Detail,0021800820,198,1627747,Caris LeVert,1610612751,Brooklyn Nets,2,8,10,Missed Shot,Step Back Jump shot,3PT Field Goal,Above the Break 3,Right Side Center(RC),24+ ft.,24,96,229,1,0,20190208,BKN,CHI
Shot Chart Detail,0021800820,248,1627747,Caris LeVert,1610612751,Brooklyn Nets,2,5,16,Made Shot,Floating Jump shot,2PT Field Goal,In The Paint (Non-RA),Center(C),8-16 ft.,12,25,119,1,1,20190208,BKN,CHI
Shot Chart Detail,0021800820,503,1627747,Caris LeVert,1610612751,Brooklyn Nets,4,11,39,Missed Shot,Driving Layup Shot,2PT Field Goal,Restricted Area,Center(C),Less Than 8 ft.,2,-29,6,1,0,20190208,BKN,CHI
Shot Chart Detail,0021800820,558,1627747,Caris LeVert,1610612751,Brooklyn Nets,4,8,13,Missed Shot,Jump Shot,3PT Field Goal,Above the Break 3,Left Side Center(LC),24+ ft.,25,-115,231,1,0,20190208,BKN,CHI
Shot Chart Detail,0021800820,564,1627747,Caris LeVert,1610612751,Brooklyn Nets,4,8,0,Made Shot,Driving Layup Shot,2PT Field Goal,Restricted Area,Center(C),Less Than 8 ft.,0,0,6,1,1,20190208,BKN,CHI
Shot Chart Detail,0021800820,574,1627747,Caris LeVert,1610612751,Brooklyn Nets,4,6,49,Made Shot,Driving Layup Shot,2PT Field Goal,Restricted Area,Center(C),Less Than 8 ft.,2,10,23,1,1,20190208,BKN,CHI
Shot Chart Detail,0021800820,588,1627747,Caris LeVert,1610612751,Brooklyn Nets,4,6,18,Made Shot,Driving Layup Shot,2PT Field Goal,Restricted Area,Center(C),Less Than 8 ft.,2,19,10,1,1,20190208,BKN,CHI
Shot Chart Detail,0021800820,592,1627747,Caris LeVert,1610612751,Brooklyn Nets,4,6,2,Missed Shot,Jump Shot,3PT Field Goal,Above the Break 3,Left Side Center(LC),24+ ft.,25,-185,169,1,0,20190208,BKN,CHI
Shot Chart Detail,0021800820,620,1627747,Caris LeVert,1610612751,Brooklyn Nets,4,4,7,Made Shot,Driving Layup Shot,2PT Field Goal,Restricted Area,Center(C),Less Than 8 ft.,1,11,15,1,1,20190208,BKN,CHI
Shot Chart Detail,0021800820,627,1627747,Caris LeVert,1610612751,Brooklyn Nets,4,3,47,Missed Shot,Driving Layup Shot,2PT Field Goal,Restricted Area,Center(C),Less Than 8 ft.,0,-9,1,1,0,20190208,BKN,CHI
Shot Chart Detail,0021800842,123,1627747,Caris LeVert,1610612751,Brooklyn Nets,1,2,39,Made Shot,Pullup Jump shot,2PT Field Goal,Mid-Range,Center(C),16-24 ft.,16,-40,162,1,1,20190211,TOR,BKN
Shot Chart Detail,0021800842,130,1627747,Caris LeVert,1610612751,Brooklyn Nets,1,1,45,Missed Shot,Jump Shot,3PT Field Goal,Above the Break 3,Left Side Center(LC),24+ ft.,25,-180,179,1,0,20190211,TOR,BKN
Shot Chart Detail,0021800842,136,1627747,Caris LeVert,1610612751,Brooklyn Nets,1,1,17,Made Shot,Running Layup Shot,2PT Field Goal,Restricted Area,Center(C),Less Than 8 ft.,1,8,10,1,1,20190211,TOR,BKN
Shot Chart Detail,0021800842,162,1627747,Caris LeVert,1610612751,Brooklyn Nets,2,11,27,Missed Shot,Layup Shot,2PT Field Goal,Restricted Area,Center(C),Less Than 8 ft.,2,-14,16,1,0,20190211,TOR,BKN
Shot Chart Detail,0021800842,177,1627747,Caris LeVert,1610612751,Brooklyn Nets,2,9,45,Missed Shot,Jump Shot,3PT Field Goal,Above the Break 3,Center(C),24+ ft.,25,21,257,1,0,20190211,TOR,BKN
Shot Chart Detail,0021800842,211,1627747,Caris LeVert,1610612751,Brooklyn Nets,2,6,9,Missed Shot,Driving Finger Roll Layup Shot,2PT Field Goal,Restricted Area,Center(C),Less Than 8 ft.,0,-9,1,1,0,20190211,TOR,BKN
Shot Chart Detail,0021800842,425,1627747,Caris LeVert,1610612751,Brooklyn Nets,3,1,37,Missed Shot,Jump Shot,3PT Field Goal,Above the Break 3,Left Side Center(LC),24+ ft.,25,-222,121,1,0,20190211,TOR,BKN
Shot Chart Detail,0021800842,462,1627747,Caris LeVert,1610612751,Brooklyn Nets,4,11,2,Missed Shot,Layup Shot,2PT Field Goal,Restricted Area,Center(C),Less Than 8 ft.,2,18,16,1,0,20190211,TOR,BKN
Shot Chart Detail,0021800842,469,1627747,Caris LeVert,1610612751,Brooklyn Nets,4,10,18,Missed Shot,Jump Shot,3PT Field Goal,Above the Break 3,Center(C),24+ ft.,25,-29,250,1,0,20190211,TOR,BKN
Shot Chart Detail,0021800842,547,1627747,Caris LeVert,1610612751,Brooklyn Nets,4,5,30,Made Shot,Driving Floating Jump Shot,2PT Field Goal,In The Paint (Non-RA),Center(C),Less Than 8 ft.,6,5,64,1,1,20190211,TOR,BKN
Shot Chart Detail,0021800842,566,1627747,Caris LeVert,1610612751,Brooklyn Nets,4,4,0,Missed Shot,Jump Shot,3PT Field Goal,Above the Break 3,Left Side Center(LC),24+ ft.,25,-161,192,1,0,20190211,TOR,BKN
Shot Chart Detail,0021800853,46,1627747,Caris LeVert,1610612751,Brooklyn Nets,1,7,27,Missed Shot,Step Back Jump shot,3PT Field Goal,Above the Break 3,Right Side Center(RC),24+ ft.,26,95,244,1,0,20190213,CLE,BKN
Shot Chart Detail,0021800853,259,1627747,Caris LeVert,1610612751,Brooklyn Nets,2,4,26,Made Shot,Driving Floating Jump Shot,2PT Field Goal,In The Paint (Non-RA),Center(C),Less Than 8 ft.,6,-34,58,1,1,20190213,CLE,BKN
Shot Chart Detail,0021800853,278,1627747,Caris LeVert,1610612751,Brooklyn Nets,2,2,13,Made Shot,Driving Floating Bank Jump Shot,2PT Field Goal,In The Paint (Non-RA),Center(C),Less Than 8 ft.,5,44,26,1,1,20190213,CLE,BKN
Shot Chart Detail,0021800853,286,1627747,Caris LeVert,1610612751,Brooklyn Nets,2,1,34,Missed Shot,Driving Floating Jump Shot,2PT Field Goal,In The Paint (Non-RA),Center(C),8-16 ft.,9,32,89,1,0,20190213,CLE,BKN
Shot Chart Detail,0021800853,288,1627747,Caris LeVert,1610612751,Brooklyn Nets,2,1,26,Made Shot,Driving Layup Shot,2PT Field Goal,Restricted Area,Center(C),Less Than 8 ft.,1,11,-14,1,1,20190213,CLE,BKN
Shot Chart Detail,0021800853,363,1627747,Caris LeVert,1610612751,Brooklyn Nets,3,7,13,Made Shot,Jump Shot,3PT Field Goal,Above the Break 3,Left Side Center(LC),24+ ft.,25,-84,246,1,1,20190213,CLE,BKN
Shot Chart Detail,0021800853,394,1627747,Caris LeVert,1610612751,Brooklyn Nets,3,5,13,Missed Shot,Jump Shot,3PT Field Goal,Above the Break 3,Left Side Center(LC),24+ ft.,25,-190,163,1,0,20190213,CLE,BKN
Shot Chart Detail,0021800853,498,1627747,Caris LeVert,1610612751,Brooklyn Nets,4,9,36,Made Shot,Jump Shot,3PT Field Goal,Above the Break 3,Center(C),24+ ft.,25,2,257,1,1,20190213,CLE,BKN
Shot Chart Detail,0021800853,501,1627747,Caris LeVert,1610612751,Brooklyn Nets,4,9,3,Missed Shot,Driving Floating Jump Shot,2PT Field Goal,In The Paint (Non-RA),Center(C),8-16 ft.,8,33,75,1,0,20190213,CLE,BKN
Shot Chart Detail,0021800853,599,1627747,Caris LeVert,1610612751,Brooklyn Nets,4,1,54,Missed Shot,Driving Floating Bank Jump Shot,2PT Field Goal,In The Paint (Non-RA),Center(C),Less Than 8 ft.,6,63,15,1,0,20190213,CLE,BKN
Shot Chart Detail,0021800853,626,1627747,Caris LeVert,1610612751,Brooklyn Nets,4,0,1,Missed Shot,Pullup Jump shot,3PT Field Goal,Above the Break 3,Left Side Center(LC),24+ ft.,24,-116,216,1,0,20190213,CLE,BKN
Shot Chart Detail,0021800853,651,1627747,Caris LeVert,1610612751,Brooklyn Nets,5,3,48,Missed Shot,Running Layup Shot,2PT Field Goal,Restricted Area,Center(C),Less Than 8 ft.,1,9,15,1,0,20190213,CLE,BKN
Shot Chart Detail,0021800853,656,1627747,Caris LeVert,1610612751,Brooklyn Nets,5,3,34,Missed Shot,Driving Floating Jump Shot,2PT Field Goal,In The Paint (Non-RA),Center(C),8-16 ft.,10,-41,94,1,0,20190213,CLE,BKN
Shot Chart Detail,0021800853,663,1627747,Caris LeVert,1610612751,Brooklyn Nets,5,2,57,Missed Shot,Driving Floating Jump Shot,2PT Field Goal,In The Paint (Non-RA),Center(C),8-16 ft.,13,66,120,1,0,20190213,CLE,BKN
Shot Chart Detail,0021800869,11,1627747,Caris LeVert,1610612751,Brooklyn Nets,1,11,17,Missed Shot,Driving Floating Jump Shot,2PT Field Goal,In The Paint (Non-RA),Center(C),8-16 ft.,9,46,85,1,0,20190221,BKN,POR
Shot Chart Detail,0021800869,24,1627747,Caris LeVert,1610612751,Brooklyn Nets,1,9,56,Missed Shot,Pullup Jump shot,2PT Field Goal,In The Paint (Non-RA),Center(C),8-16 ft.,11,-14,110,1,0,20190221,BKN,POR
Shot Chart Detail,0021800869,27,1627747,Caris LeVert,1610612751,Brooklyn Nets,1,9,35,Made Shot,Driving Layup Shot,2PT Field Goal,Restricted Area,Center(C),Less Than 8 ft.,2,20,8,1,1,20190221,BKN,POR
Shot Chart Detail,0021800869,328,1627747,Caris LeVert,1610612751,Brooklyn Nets,2,2,21,Made Shot,Driving Layup Shot,2PT Field Goal,Restricted Area,Center(C),Less Than 8 ft.,2,20,20,1,1,20190221,BKN,POR
Shot Chart Detail,0021800869,339,1627747,Caris LeVert,1610612751,Brooklyn Nets,2,1,14,Made Shot,Driving Layup Shot,2PT Field Goal,In The Paint (Non-RA),Center(C),Less Than 8 ft.,5,20,52,1,1,20190221,BKN,POR
Shot Chart Detail,0021800869,347,1627747,Caris LeVert,1610612751,Brooklyn Nets,2,0,0,Missed Shot,Driving Finger Roll Layup Shot,2PT Field Goal,Restricted Area,Center(C),Less Than 8 ft.,1,-11,10,1,0,20190221,BKN,POR
Shot Chart Detail,0021800869,376,1627747,Caris LeVert,1610612751,Brooklyn Nets,3,10,9,Missed Shot,Driving Layup Shot,2PT Field Goal,Restricted Area,Center(C),Less Than 8 ft.,3,19,26,1,0,20190221,BKN,POR
Shot Chart Detail,0021800869,391,1627747,Caris LeVert,1610612751,Brooklyn Nets,3,8,36,Missed Shot,Driving Floating Jump Shot,2PT Field Goal,In The Paint (Non-RA),Center(C),8-16 ft.,9,-27,96,1,0,20190221,BKN,POR
Shot Chart Detail,0021800869,403,1627747,Caris LeVert,1610612751,Brooklyn Nets,3,7,58,Made Shot,Step Back Jump shot,3PT Field Goal,Above the Break 3,Left Side Center(LC),24+ ft.,25,-134,218,1,1,20190221,BKN,POR
Shot Chart Detail,0021800869,422,1627747,Caris LeVert,1610612751,Brooklyn Nets,3,6,43,Missed Shot,Driving Layup Shot,2PT Field Goal,In The Paint (Non-RA),Center(C),Less Than 8 ft.,5,46,20,1,0,20190221,BKN,POR
Shot Chart Detail,0021800869,613,1627747,Caris LeVert,1610612751,Brooklyn Nets,4,4,59,Missed Shot,Pullup Jump shot,3PT Field Goal,Above the Break 3,Center(C),24+ ft.,25,-58,246,1,0,20190221,BKN,POR
Shot Chart Detail,0021800884,52,1627747,Caris LeVert,1610612751,Brooklyn Nets,1,7,30,Missed Shot,Floating Jump shot,2PT Field Goal,In The Paint (Non-RA),Center(C),Less Than 8 ft.,6,-20,63,1,0,20190223,CHA,BKN
Shot Chart Detail,0021800884,263,1627747,Caris LeVert,1610612751,Brooklyn Nets,2,4,59,Made Shot,Jump Shot,3PT Field Goal,Above the Break 3,Left Side Center(LC),24+ ft.,25,-89,235,1,1,20190223,CHA,BKN
Shot Chart Detail,0021800884,292,1627747,Caris LeVert,1610612751,Brooklyn Nets,2,3,27,Missed Shot,Floating Jump shot,2PT Field Goal,In The Paint (Non-RA),Left Side(L),8-16 ft.,9,-79,54,1,0,20190223,CHA,BKN
Shot Chart Detail,0021800884,296,1627747,Caris LeVert,1610612751,Brooklyn Nets,2,2,49,Missed Shot,Jump Shot,2PT Field Goal,In The Paint (Non-RA),Center(C),Less Than 8 ft.,7,-60,50,1,0,20190223,CHA,BKN
Shot Chart Detail,0021800884,304,1627747,Caris LeVert,1610612751,Brooklyn Nets,2,2,16,Made Shot,Pullup Jump shot,3PT Field Goal,Above the Break 3,Left Side Center(LC),24+ ft.,25,-149,205,1,1,20190223,CHA,BKN
Shot Chart Detail,0021800884,307,1627747,Caris LeVert,1610612751,Brooklyn Nets,2,1,46,Missed Shot,Jump Shot,3PT Field Goal,Above the Break 3,Center(C),24+ ft.,26,-49,264,1,0,20190223,CHA,BKN
Shot Chart Detail,0021800884,323,1627747,Caris LeVert,1610612751,Brooklyn Nets,2,0,43,Missed Shot,Jump Shot,3PT Field Goal,Above the Break 3,Center(C),24+ ft.,26,-56,254,1,0,20190223,CHA,BKN
Shot Chart Detail,0021800884,569,1627747,Caris LeVert,1610612751,Brooklyn Nets,4,7,35,Missed Shot,Jump Shot,2PT Field Goal,Mid-Range,Center(C),16-24 ft.,22,-37,225,1,0,20190223,CHA,BKN
Shot Chart Detail,0021800900,22,1627747,Caris LeVert,1610612751,Brooklyn Nets,1,10,0,Missed Shot,Jump Shot,3PT Field Goal,Above the Break 3,Left Side Center(LC),24+ ft.,25,-112,230,1,0,20190225,BKN,SAS
Shot Chart Detail,0021800900,54,1627747,Caris LeVert,1610612751,Brooklyn Nets,1,6,30,Missed Shot,Jump Shot,3PT Field Goal,Above the Break 3,Left Side Center(LC),24+ ft.,25,-128,217,1,0,20190225,BKN,SAS
Shot Chart Detail,0021800900,241,1627747,Caris LeVert,1610612751,Brooklyn Nets,2,4,59,Missed Shot,Driving Layup Shot,2PT Field Goal,Restricted Area,Center(C),Less Than 8 ft.,3,27,23,1,0,20190225,BKN,SAS
Shot Chart Detail,0021800900,264,1627747,Caris LeVert,1610612751,Brooklyn Nets,2,2,38,Made Shot,Jump Shot,3PT Field Goal,Left Corner 3,Left Side(L),24+ ft.,22,-228,-6,1,1,20190225,BKN,SAS
Shot Chart Detail,0021800900,271,1627747,Caris LeVert,1610612751,Brooklyn Nets,2,2,1,Made Shot,Driving Layup Shot,2PT Field Goal,Restricted Area,Center(C),Less Than 8 ft.,1,15,6,1,1,20190225,BKN,SAS
Shot Chart Detail,0021800900,275,1627747,Caris LeVert,1610612751,Brooklyn Nets,2,1,33,Made Shot,Running Layup Shot,2PT Field Goal,Restricted Area,Center(C),Less Than 8 ft.,1,10,6,1,1,20190225,BKN,SAS
Shot Chart Detail,0021800900,294,1627747,Caris LeVert,1610612751,Brooklyn Nets,2,0,37,Made Shot,Driving Floating Jump Shot,2PT Field Goal,In The Paint (Non-RA),Center(C),8-16 ft.,11,27,116,1,1,20190225,BKN,SAS
Shot Chart Detail,0021800900,297,1627747,Caris LeVert,1610612751,Brooklyn Nets,2,0,5,Missed Shot,Driving Layup Shot,2PT Field Goal,Restricted Area,Center(C),Less Than 8 ft.,2,22,4,1,0,20190225,BKN,SAS
Shot Chart Detail,0021800900,335,1627747,Caris LeVert,1610612751,Brooklyn Nets,3,9,37,Missed Shot,Layup Shot,2PT Field Goal,In The Paint (Non-RA),Center(C),Less Than 8 ft.,5,-5,57,1,0,20190225,BKN,SAS
Shot Chart Detail,0021800900,354,1627747,Caris LeVert,1610612751,Brooklyn Nets,3,7,21,Missed Shot,Jump Shot,3PT Field Goal,Above the Break 3,Center(C),24+ ft.,24,18,247,1,0,20190225,BKN,SAS
Shot Chart Detail,0021800900,375,1627747,Caris LeVert,1610612751,Brooklyn Nets,3,5,29,Missed Shot,Driving Layup Shot,2PT Field Goal,In The Paint (Non-RA),Center(C),Less Than 8 ft.,4,24,42,1,0,20190225,BKN,SAS
Shot Chart Detail,0021800900,556,1627747,Caris LeVert,1610612751,Brooklyn Nets,4,4,22,Missed Shot,Pullup Jump shot,2PT Field Goal,In The Paint (Non-RA),Center(C),Less Than 8 ft.,7,-42,61,1,0,20190225,BKN,SAS
Shot Chart Detail,0021800900,563,1627747,Caris LeVert,1610612751,Brooklyn Nets,4,3,48,Missed Shot,Cutting Layup Shot,2PT Field Goal,Restricted Area,Center(C),Less Than 8 ft.,2,23,10,1,0,20190225,BKN,SAS
Shot Chart Detail,0021800900,567,1627747,Caris LeVert,1610612751,Brooklyn Nets,4,3,24,Made Shot,Jump Shot,3PT Field Goal,Above the Break 3,Center(C),24+ ft.,25,13,253,1,1,20190225,BKN,SAS
Shot Chart Detail,0021800914,38,1627747,Caris LeVert,1610612751,Brooklyn Nets,1,8,7,Missed Shot,Driving Floating Jump Shot,2PT Field Goal,In The Paint (Non-RA),Center(C),Less Than 8 ft.,7,-2,79,1,0,20190227,BKN,WAS
Shot Chart Detail,0021800914,51,1627747,Caris LeVert,1610612751,Brooklyn Nets,1,6,45,Missed Shot,Jump Shot,3PT Field Goal,Above the Break 3,Left Side Center(LC),24+ ft.,25,-169,190,1,0,20190227,BKN,WAS
Shot Chart Detail,0021800914,59,1627747,Caris LeVert,1610612751,Brooklyn Nets,1,5,44,Missed Shot,Jump Shot,3PT Field Goal,Left Corner 3,Left Side(L),24+ ft.,23,-231,44,1,0,20190227,BKN,WAS
Shot Chart Detail,0021800914,286,1627747,Caris LeVert,1610612751,Brooklyn Nets,2,5,18,Missed Shot,Jump Shot,3PT Field Goal,Above the Break 3,Right Side Center(RC),24+ ft.,25,225,121,1,0,20190227,BKN,WAS
Shot Chart Detail,0021800914,292,1627747,Caris LeVert,1610612751,Brooklyn Nets,2,4,43,Missed Shot,Driving Layup Shot,2PT Field Goal,Restricted Area,Center(C),Less Than 8 ft.,3,35,7,1,0,20190227,BKN,WAS
Shot Chart Detail,0021800929,23,1627747,Caris LeVert,1610612751,Brooklyn Nets,1,10,5,Made Shot,Cutting Layup Shot,2PT Field Goal,Restricted Area,Center(C),Less Than 8 ft.,0,8,5,1,1,20190301,BKN,CHA
Shot Chart Detail,0021800929,38,1627747,Caris LeVert,1610612751,Brooklyn Nets,1,8,30,Missed Shot,Step Back Jump shot,2PT Field Goal,Mid-Range,Right Side Center(RC),16-24 ft.,19,76,179,1,0,20190301,BKN,CHA
Shot Chart Detail,0021800929,68,1627747,Caris LeVert,1610612751,Brooklyn Nets,1,5,54,Made Shot,Driving Layup Shot,2PT Field Goal,Restricted Area,Center(C),Less Than 8 ft.,1,9,6,1,1,20190301,BKN,CHA
Shot Chart Detail,0021800929,179,1627747,Caris LeVert,1610612751,Brooklyn Nets,2,11,2,Made Shot,Layup Shot,2PT Field Goal,Restricted Area,Center(C),Less Than 8 ft.,2,19,12,1,1,20190301,BKN,CHA
Shot Chart Detail,0021800929,245,1627747,Caris LeVert,1610612751,Brooklyn Nets,2,5,20,Missed Shot,Jump Shot,3PT Field Goal,Above the Break 3,Right Side Center(RC),24+ ft.,25,196,160,1,0,20190301,BKN,CHA
Shot Chart Detail,0021800929,356,1627747,Caris LeVert,1610612751,Brooklyn Nets,3,10,53,Missed Shot,Driving Layup Shot,2PT Field Goal,Restricted Area,Center(C),Less Than 8 ft.,1,13,4,1,0,20190301,BKN,CHA
Shot Chart Detail,0021800929,373,1627747,Caris LeVert,1610612751,Brooklyn Nets,3,9,37,Made Shot,Jump Shot,3PT Field Goal,Above the Break 3,Center(C),24+ ft.,26,74,251,1,1,20190301,BKN,CHA
Shot Chart Detail,0021800929,384,1627747,Caris LeVert,1610612751,Brooklyn Nets,3,8,9,Missed Shot,Driving Floating Jump Shot,2PT Field Goal,Mid-Range,Left Side(L),8-16 ft.,9,-82,46,1,0,20190301,BKN,CHA
Shot Chart Detail,0021800929,399,1627747,Caris LeVert,1610612751,Brooklyn Nets,3,6,39,Missed Shot,Jump Shot,3PT Field Goal,Above the Break 3,Right Side Center(RC),24+ ft.,27,169,219,1,0,20190301,BKN,CHA
Shot Chart Detail,0021800929,645,1627747,Caris LeVert,1610612751,Brooklyn Nets,4,1,4,Made Shot,Running Dunk Shot,2PT Field Goal,Restricted Area,Center(C),Less Than 8 ft.,0,9,4,1,1,20190301,BKN,CHA
Shot Chart Detail,0021800929,651,1627747,Caris LeVert,1610612751,Brooklyn Nets,4,0,40,Made Shot,Jump Shot,3PT Field Goal,Above the Break 3,Left Side Center(LC),24+ ft.,26,-155,215,1,1,20190301,BKN,CHA
Shot Chart Detail,0021800937,9,1627747,Caris LeVert,1610612751,Brooklyn Nets,1,11,44,Missed Shot,Jump Shot,2PT Field Goal,In The Paint (Non-RA),Center(C),Less Than 8 ft.,5,25,47,1,0,20190302,MIA,BKN
Shot Chart Detail,0021800937,59,1627747,Caris LeVert,1610612751,Brooklyn Nets,1,7,20,Made Shot,Driving Layup Shot,2PT Field Goal,Restricted Area,Center(C),Less Than 8 ft.,1,17,6,1,1,20190302,MIA,BKN
Shot Chart Detail,0021800937,185,1627747,Caris LeVert,1610612751,Brooklyn Nets,2,9,10,Missed Shot,Driving Layup Shot,2PT Field Goal,Restricted Area,Center(C),Less Than 8 ft.,1,13,10,1,0,20190302,MIA,BKN
Shot Chart Detail,0021800937,218,1627747,Caris LeVert,1610612751,Brooklyn Nets,2,7,22,Made Shot,Pullup Jump shot,2PT Field Goal,In The Paint (Non-RA),Left Side(L),8-16 ft.,8,-65,62,1,1,20190302,MIA,BKN
Shot Chart Detail,0021800937,230,1627747,Caris LeVert,1610612751,Brooklyn Nets,2,5,41,Missed Shot,Jump Shot,2PT Field Goal,In The Paint (Non-RA),Center(C),Less Than 8 ft.,6,36,50,1,0,20190302,MIA,BKN
Shot Chart Detail,0021800937,327,1627747,Caris LeVert,1610612751,Brooklyn Nets,3,11,14,Missed Shot,Driving Floating Jump Shot,2PT Field Goal,In The Paint (Non-RA),Center(C),Less Than 8 ft.,4,-30,36,1,0,20190302,MIA,BKN
Shot Chart Detail,0021800937,342,1627747,Caris LeVert,1610612751,Brooklyn Nets,3,10,4,Missed Shot,Jump Shot,3PT Field Goal,Above the Break 3,Right Side Center(RC),24+ ft.,24,156,185,1,0,20190302,MIA,BKN
Shot Chart Detail,0021800937,565,1627747,Caris LeVert,1610612751,Brooklyn Nets,4,7,15,Made Shot,Tip Dunk Shot,2PT Field Goal,Restricted Area,Center(C),Less Than 8 ft.,0,0,-6,1,1,20190302,MIA,BKN
Shot Chart Detail,0021800937,618,1627747,Caris LeVert,1610612751,Brooklyn Nets,4,2,43,Missed Shot,Jump Shot,3PT Field Goal,Above the Break 3,Center(C),24+ ft.,25,-22,256,1,0,20190302,MIA,BKN
Shot Chart Detail,0021800952,154,1627747,Caris LeVert,1610612751,Brooklyn Nets,1,2,8,Made Shot,Driving Floating Jump Shot,2PT Field Goal,In The Paint (Non-RA),Center(C),8-16 ft.,13,-33,128,1,1,20190304,BKN,DAL
Shot Chart Detail,0021800952,184,1627747,Caris LeVert,1610612751,Brooklyn Nets,2,11,40,Made Shot,Jump Shot,3PT Field Goal,Above the Break 3,Center(C),24+ ft.,25,-9,253,1,1,20190304,BKN,DAL
Shot Chart Detail,0021800952,191,1627747,Caris LeVert,1610612751,Brooklyn Nets,2,10,34,Missed Shot,Pullup Jump shot,3PT Field Goal,Above the Break 3,Center(C),24+ ft.,24,22,248,1,0,20190304,BKN,DAL
Shot Chart Detail,0021800952,255,1627747,Caris LeVert,1610612751,Brooklyn Nets,2,6,4,Missed Shot,Driving Layup Shot,2PT Field Goal,Restricted Area,Center(C),Less Than 8 ft.,1,-11,8,1,0,20190304,BKN,DAL
Shot Chart Detail,0021800952,322,1627747,Caris LeVert,1610612751,Brooklyn Nets,2,1,23,Missed Shot,Step Back Jump shot,3PT Field Goal,Above the Break 3,Right Side Center(RC),24+ ft.,25,86,235,1,0,20190304,BKN,DAL
Shot Chart Detail,0021800952,472,1627747,Caris LeVert,1610612751,Brooklyn Nets,3,2,11,Made Shot,Driving Layup Shot,2PT Field Goal,In The Paint (Non-RA),Center(C),Less Than 8 ft.,5,54,17,1,1,20190304,BKN,DAL
Shot Chart Detail,0021800952,474,1627747,Caris LeVert,1610612751,Brooklyn Nets,3,1,29,Missed Shot,Jump Shot,3PT Field Goal,Above the Break 3,Center(C),24+ ft.,25,11,250,1,0,20190304,BKN,DAL
Shot Chart Detail,0021800952,523,1627747,Caris LeVert,1610612751,Brooklyn Nets,4,10,38,Made Shot,Jump Shot,3PT Field Goal,Above the Break 3,Right Side Center(RC),24+ ft.,25,115,230,1,1,20190304,BKN,DAL
Shot Chart Detail,0021800952,575,1627747,Caris LeVert,1610612751,Brooklyn Nets,4,7,27,Made Shot,Dunk Shot,2PT Field Goal,Restricted Area,Center(C),Less Than 8 ft.,1,6,8,1,1,20190304,BKN,DAL
Shot Chart Detail,0021800952,595,1627747,Caris LeVert,1610612751,Brooklyn Nets,4,5,55,Missed Shot,Jump Shot,3PT Field Goal,Left Corner 3,Left Side(L),24+ ft.,22,-225,8,1,0,20190304,BKN,DAL
Shot Chart Detail,0021800952,605,1627747,Caris LeVert,1610612751,Brooklyn Nets,4,4,54,Missed Shot,Pullup Jump shot,3PT Field Goal,Above the Break 3,Left Side Center(LC),24+ ft.,25,-101,232,1,0,20190304,BKN,DAL
Shot Chart Detail,0021800969,146,1627747,Caris LeVert,1610612751,Brooklyn Nets,1,0,39,Missed Shot,Pullup Jump shot,3PT Field Goal,Above the Break 3,Center(C),24+ ft.,24,-76,236,1,0,20190306,BKN,CLE
Shot Chart Detail,0021800969,188,1627747,Caris LeVert,1610612751,Brooklyn Nets,2,9,16,Missed Shot,Pullup Jump shot,2PT Field Goal,In The Paint (Non-RA),Center(C),8-16 ft.,13,20,137,1,0,20190306,BKN,CLE
Shot Chart Detail,0021800969,291,1627747,Caris LeVert,1610612751,Brooklyn Nets,2,2,54,Made Shot,Driving Finger Roll Layup Shot,2PT Field Goal,Restricted Area,Center(C),Less Than 8 ft.,3,27,16,1,1,20190306,BKN,CLE
Shot Chart Detail,0021800969,294,1627747,Caris LeVert,1610612751,Brooklyn Nets,2,2,27,Missed Shot,Driving Layup Shot,2PT Field Goal,Restricted Area,Center(C),Less Than 8 ft.,1,14,10,1,0,20190306,BKN,CLE
Shot Chart Detail,0021800969,298,1627747,Caris LeVert,1610612751,Brooklyn Nets,2,2,0,Made Shot,Jump Shot,3PT Field Goal,Left Corner 3,Left Side(L),24+ ft.,23,-231,-25,1,1,20190306,BKN,CLE
Shot Chart Detail,0021800969,319,1627747,Caris LeVert,1610612751,Brooklyn Nets,2,0,0,Missed Shot,Jump Shot,3PT Field Goal,Above the Break 3,Left Side Center(LC),24+ ft.,25,-128,215,1,0,20190306,BKN,CLE
Shot Chart Detail,0021800969,489,1627747,Caris LeVert,1610612751,Brooklyn Nets,3,0,23,Missed Shot,Cutting Layup Shot,2PT Field Goal,Restricted Area,Center(C),Less Than 8 ft.,3,-18,26,1,0,20190306,BKN,CLE
Shot Chart Detail,0021800969,516,1627747,Caris LeVert,1610612751,Brooklyn Nets,4,11,17,Made Shot,Pullup Jump shot,3PT Field Goal,Above the Break 3,Center(C),24+ ft.,25,-44,251,1,1,20190306,BKN,CLE
Shot Chart Detail,0021800969,520,1627747,Caris LeVert,1610612751,Brooklyn Nets,4,10,33,Made Shot,Driving Layup Shot,2PT Field Goal,Restricted Area,Center(C),Less Than 8 ft.,1,-8,16,1,1,20190306,BKN,CLE
Shot Chart Detail,0021800969,537,1627747,Caris LeVert,1610612751,Brooklyn Nets,4,9,26,Missed Shot,Driving Floating Bank Jump Shot,2PT Field Goal,Restricted Area,Center(C),Less Than 8 ft.,3,29,25,1,0,20190306,BKN,CLE
Shot Chart Detail,0021800969,567,1627747,Caris LeVert,1610612751,Brooklyn Nets,4,7,37,Made Shot,Pullup Jump shot,3PT Field Goal,Above the Break 3,Center(C),24+ ft.,26,-41,259,1,1,20190306,BKN,CLE
Shot Chart Detail,0021800969,576,1627747,Caris LeVert,1610612751,Brooklyn Nets,4,7,6,Missed Shot,Turnaround Fadeaway shot,2PT Field Goal,In The Paint (Non-RA),Right Side(R),8-16 ft.,9,47,78,1,0,20190306,BKN,CLE
Shot Chart Detail,0021800987,137,1627747,Caris LeVert,1610612751,Brooklyn Nets,1,2,24,Missed Shot,Pullup Jump shot,3PT Field Goal,Above the Break 3,Left Side Center(LC),24+ ft.,25,-132,218,1,0,20190309,ATL,BKN
Shot Chart Detail,0021800987,172,1627747,Caris LeVert,1610612751,Brooklyn Nets,2,11,18,Missed Shot,Driving Floating Jump Shot,2PT Field Goal,In The Paint (Non-RA),Center(C),8-16 ft.,12,46,111,1,0,20190309,ATL,BKN
Shot Chart Detail,0021800987,179,1627747,Caris LeVert,1610612751,Brooklyn Nets,2,10,36,Missed Shot,Pullup Jump shot,2PT Field Goal,Mid-Range,Center(C),16-24 ft.,16,15,160,1,0,20190309,ATL,BKN
Shot Chart Detail,0021800987,199,1627747,Caris LeVert,1610612751,Brooklyn Nets,2,9,17,Missed Shot,Jump Shot,3PT Field Goal,Above the Break 3,Right Side Center(RC),24+ ft.,25,118,227,1,0,20190309,ATL,BKN
Shot Chart Detail,0021800987,358,1627747,Caris LeVert,1610612751,Brooklyn Nets,2,0,35,Made Shot,Layup Shot,2PT Field Goal,Restricted Area,Center(C),Less Than 8 ft.,1,5,12,1,1,20190309,ATL,BKN
Shot Chart Detail,0021800987,534,1627747,Caris LeVert,1610612751,Brooklyn Nets,3,2,32,Missed Shot,Turnaround Jump Shot,2PT Field Goal,Mid-Range,Right Side(R),8-16 ft.,14,147,16,1,0,20190309,ATL,BKN
Shot Chart Detail,0021801003,127,1627747,Caris LeVert,1610612751,Brooklyn Nets,1,2,4,Missed Shot,Jump Shot,3PT Field Goal,Left Corner 3,Left Side(L),24+ ft.,22,-226,12,1,0,20190311,BKN,DET
Shot Chart Detail,0021801003,129,1627747,Caris LeVert,1610612751,Brooklyn Nets,1,1,59,Missed Shot,Floating Jump shot,2PT Field Goal,In The Paint (Non-RA),Center(C),Less Than 8 ft.,7,-7,71,1,0,20190311,BKN,DET
Shot Chart Detail,0021801003,198,1627747,Caris LeVert,1610612751,Brooklyn Nets,2,9,0,Made Shot,Driving Layup Shot,2PT Field Goal,Restricted Area,Center(C),Less Than 8 ft.,2,-23,17,1,1,20190311,BKN,DET
Shot Chart Detail,0021801003,201,1627747,Caris LeVert,1610612751,Brooklyn Nets,2,8,33,Missed Shot,Driving Finger Roll Layup Shot,2PT Field Goal,In The Paint (Non-RA),Center(C),Less Than 8 ft.,4,-25,41,1,0,20190311,BKN,DET
Shot Chart Detail,0021801003,301,1627747,Caris LeVert,1610612751,Brooklyn Nets,2,2,2,Missed Shot,Layup Shot,2PT Field Goal,Restricted Area,Center(C),Less Than 8 ft.,1,14,8,1,0,20190311,BKN,DET
Shot Chart Detail,0021801003,306,1627747,Caris LeVert,1610612751,Brooklyn Nets,2,1,28,Made Shot,Driving Floating Jump Shot,2PT Field Goal,In The Paint (Non-RA),Center(C),Less Than 8 ft.,4,22,37,1,1,20190311,BKN,DET
Shot Chart Detail,0021801003,319,1627747,Caris LeVert,1610612751,Brooklyn Nets,2,0,4,Made Shot,Driving Layup Shot,2PT Field Goal,Restricted Area,Center(C),Less Than 8 ft.,3,-19,31,1,1,20190311,BKN,DET
Shot Chart Detail,0021801003,463,1627747,Caris LeVert,1610612751,Brooklyn Nets,3,2,33,Made Shot,Running Layup Shot,2PT Field Goal,Restricted Area,Center(C),Less Than 8 ft.,2,-19,15,1,1,20190311,BKN,DET
Shot Chart Detail,0021801003,490,1627747,Caris LeVert,1610612751,Brooklyn Nets,3,0,6,Missed Shot,Jump Shot,3PT Field Goal,Above the Break 3,Left Side Center(LC),24+ ft.,24,-209,136,1,0,20190311,BKN,DET
Shot Chart Detail,0021801003,503,1627747,Caris LeVert,1610612751,Brooklyn Nets,4,11,36,Made Shot,Driving Floating Jump Shot,2PT Field Goal,In The Paint (Non-RA),Center(C),8-16 ft.,9,1,99,1,1,20190311,BKN,DET
Shot Chart Detail,0021801003,510,1627747,Caris LeVert,1610612751,Brooklyn Nets,4,10,29,Missed Shot,Pullup Jump shot,2PT Field Goal,Mid-Range,Center(C),8-16 ft.,15,27,152,1,0,20190311,BKN,DET
Shot Chart Detail,0021801003,603,1627747,Caris LeVert,1610612751,Brooklyn Nets,4,4,31,Made Shot,Driving Layup Shot,2PT Field Goal,Restricted Area,Center(C),Less Than 8 ft.,2,-25,13,1,1,20190311,BKN,DET
Shot Chart Detail,0021801003,608,1627747,Caris LeVert,1610612751,Brooklyn Nets,4,3,51,Missed Shot,Driving Layup Shot,2PT Field Goal,In The Paint (Non-RA),Center(C),Less Than 8 ft.,5,45,35,1,0,20190311,BKN,DET
Shot Chart Detail,0021801017,135,1627747,Caris LeVert,1610612751,Brooklyn Nets,1,1,15,Made Shot,Driving Floating Jump Shot,2PT Field Goal,In The Paint (Non-RA),Center(C),8-16 ft.,9,-40,85,1,1,20190313,OKC,BKN
Shot Chart Detail,0021801017,142,1627747,Caris LeVert,1610612751,Brooklyn Nets,1,0,43,Missed Shot,Pullup Jump shot,2PT Field Goal,Mid-Range,Center(C),16-24 ft.,16,13,169,1,0,20190313,OKC,BKN
Shot Chart Detail,0021801017,163,1627747,Caris LeVert,1610612751,Brooklyn Nets,2,10,55,Missed Shot,Turnaround Jump Shot,2PT Field Goal,In The Paint (Non-RA),Center(C),Less Than 8 ft.,5,1,50,1,0,20190313,OKC,BKN
Shot Chart Detail,0021801017,177,1627747,Caris LeVert,1610612751,Brooklyn Nets,2,9,42,Missed Shot,Driving Layup Shot,2PT Field Goal,Restricted Area,Center(C),Less Than 8 ft.,0,8,1,1,0,20190313,OKC,BKN
Shot Chart Detail,0021801017,423,1627747,Caris LeVert,1610612751,Brooklyn Nets,3,4,40,Missed Shot,Turnaround Jump Shot,2PT Field Goal,Mid-Range,Right Side(R),8-16 ft.,8,81,36,1,0,20190313,OKC,BKN
Shot Chart Detail,0021801017,452,1627747,Caris LeVert,1610612751,Brooklyn Nets,3,2,59,Missed Shot,Driving Layup Shot,2PT Field Goal,Restricted Area,Center(C),Less Than 8 ft.,1,11,11,1,0,20190313,OKC,BKN
Shot Chart Detail,0021801017,483,1627747,Caris LeVert,1610612751,Brooklyn Nets,3,0,42,Made Shot,Pullup Jump shot,3PT Field Goal,Above the Break 3,Left Side Center(LC),24+ ft.,25,-100,235,1,1,20190313,OKC,BKN
Shot Chart Detail,0021801017,503,1627747,Caris LeVert,1610612751,Brooklyn Nets,4,11,12,Missed Shot,Driving Layup Shot,2PT Field Goal,Restricted Area,Center(C),Less Than 8 ft.,1,11,6,1,0,20190313,OKC,BKN
Shot Chart Detail,0021801017,508,1627747,Caris LeVert,1610612751,Brooklyn Nets,4,10,42,Made Shot,Driving Reverse Layup Shot,2PT Field Goal,Restricted Area,Center(C),Less Than 8 ft.,0,8,5,1,1,20190313,OKC,BKN
Shot Chart Detail,0021801017,524,1627747,Caris LeVert,1610612751,Brooklyn Nets,4,9,16,Missed Shot,Step Back Jump shot,3PT Field Goal,Above the Break 3,Center(C),24+ ft.,25,-16,257,1,0,20190313,OKC,BKN
Shot Chart Detail,0021801041,39,1627747,Caris LeVert,1610612751,Brooklyn Nets,1,9,48,Missed Shot,Floating Jump shot,2PT Field Goal,In The Paint (Non-RA),Center(C),8-16 ft.,13,35,126,1,0,20190316,UTA,BKN
Shot Chart Detail,0021801041,165,1627747,Caris LeVert,1610612751,Brooklyn Nets,1,0,29,Missed Shot,Jump Shot,3PT Field Goal,Above the Break 3,Left Side Center(LC),24+ ft.,25,-161,193,1,0,20190316,UTA,BKN
Shot Chart Detail,0021801041,189,1627747,Caris LeVert,1610612751,Brooklyn Nets,2,10,42,Missed Shot,Driving Layup Shot,2PT Field Goal,In The Paint (Non-RA),Center(C),Less Than 8 ft.,4,-36,25,1,0,20190316,UTA,BKN
Shot Chart Detail,0021801041,216,1627747,Caris LeVert,1610612751,Brooklyn Nets,2,8,57,Missed Shot,Jump Shot,3PT Field Goal,Above the Break 3,Left Side Center(LC),24+ ft.,25,-165,191,1,0,20190316,UTA,BKN
Shot Chart Detail,0021801041,236,1627747,Caris LeVert,1610612751,Brooklyn Nets,2,7,29,Missed Shot,Driving Layup Shot,2PT Field Goal,Restricted Area,Center(C),Less Than 8 ft.,2,26,6,1,0,20190316,UTA,BKN
Shot Chart Detail,0021801041,303,1627747,Caris LeVert,1610612751,Brooklyn Nets,2,3,10,Missed Shot,Step Back Jump shot,2PT Field Goal,Mid-Range,Right Side Center(RC),16-24 ft.,16,60,155,1,0,20190316,UTA,BKN
Shot Chart Detail,0021801041,391,1627747,Caris LeVert,1610612751,Brooklyn Nets,3,8,12,Missed Shot,Step Back Jump shot,2PT Field Goal,In The Paint (Non-RA),Center(C),8-16 ft.,10,40,92,1,0,20190316,UTA,BKN
Shot Chart Detail,0021801041,400,1627747,Caris LeVert,1610612751,Brooklyn Nets,3,7,28,Made Shot,Driving Floating Bank Jump Shot,2PT Field Goal,In The Paint (Non-RA),Left Side(L),8-16 ft.,9,-79,56,1,1,20190316,UTA,BKN
Shot Chart Detail,0021801041,403,1627747,Caris LeVert,1610612751,Brooklyn Nets,3,6,55,Missed Shot,Driving Floating Jump Shot,2PT Field Goal,In The Paint (Non-RA),Center(C),8-16 ft.,10,-14,103,1,0,20190316,UTA,BKN
Shot Chart Detail,0021801041,590,1627747,Caris LeVert,1610612751,Brooklyn Nets,4,9,6,Made Shot,Driving Layup Shot,2PT Field Goal,Restricted Area,Center(C),Less Than 8 ft.,2,-19,10,1,1,20190316,UTA,BKN
Shot Chart Detail,0021801041,594,1627747,Caris LeVert,1610612751,Brooklyn Nets,4,8,39,Made Shot,Floating Jump shot,2PT Field Goal,In The Paint (Non-RA),Center(C),8-16 ft.,8,35,73,1,1,20190316,UTA,BKN
Shot Chart Detail,0021801041,613,1627747,Caris LeVert,1610612751,Brooklyn Nets,4,7,27,Missed Shot,Jump Shot,3PT Field Goal,Above the Break 3,Right Side Center(RC),24+ ft.,25,107,226,1,0,20190316,UTA,BKN
Shot Chart Detail,0021801049,15,1627747,Caris LeVert,1610612751,Brooklyn Nets,1,11,15,Missed Shot,Driving Layup Shot,2PT Field Goal,Restricted Area,Center(C),Less Than 8 ft.,2,23,4,1,0,20190317,LAC,BKN
Shot Chart Detail,0021801049,35,1627747,Caris LeVert,1610612751,Brooklyn Nets,1,10,7,Made Shot,Running Layup Shot,2PT Field Goal,Restricted Area,Center(C),Less Than 8 ft.,2,-6,20,1,1,20190317,LAC,BKN
Shot Chart Detail,0021801049,89,1627747,Caris LeVert,1610612751,Brooklyn Nets,1,6,27,Missed Shot,Driving Layup Shot,2PT Field Goal,Restricted Area,Center(C),Less Than 8 ft.,1,-16,8,1,0,20190317,LAC,BKN
Shot Chart Detail,0021801049,155,1627747,Caris LeVert,1610612751,Brooklyn Nets,1,1,47,Missed Shot,Driving Layup Shot,2PT Field Goal,In The Paint (Non-RA),Center(C),Less Than 8 ft.,5,23,48,1,0,20190317,LAC,BKN
Shot Chart Detail,0021801049,195,1627747,Caris LeVert,1610612751,Brooklyn Nets,2,11,27,Made Shot,Driving Finger Roll Layup Shot,2PT Field Goal,Restricted Area,Center(C),Less Than 8 ft.,1,3,17,1,1,20190317,LAC,BKN
Shot Chart Detail,0021801049,198,1627747,Caris LeVert,1610612751,Brooklyn Nets,2,11,10,Made Shot,Running Pull-Up Jump Shot,2PT Field Goal,In The Paint (Non-RA),Center(C),8-16 ft.,10,13,105,1,1,20190317,LAC,BKN
Shot Chart Detail,0021801049,210,1627747,Caris LeVert,1610612751,Brooklyn Nets,2,10,8,Missed Shot,Jump Shot,3PT Field Goal,Above the Break 3,Left Side Center(LC),24+ ft.,27,-141,232,1,0,20190317,LAC,BKN
Shot Chart Detail,0021801049,323,1627747,Caris LeVert,1610612751,Brooklyn Nets,2,3,38,Missed Shot,Jump Shot,3PT Field Goal,Above the Break 3,Left Side Center(LC),24+ ft.,26,-87,248,1,0,20190317,LAC,BKN
Shot Chart Detail,0021801049,362,1627747,Caris LeVert,1610612751,Brooklyn Nets,2,0,31,Missed Shot,Driving Layup Shot,2PT Field Goal,Restricted Area,Center(C),Less Than 8 ft.,1,-9,6,1,0,20190317,LAC,BKN
Shot Chart Detail,0021801049,392,1627747,Caris LeVert,1610612751,Brooklyn Nets,3,10,56,Missed Shot,Jump Shot,3PT Field Goal,Above the Break 3,Right Side Center(RC),24+ ft.,25,106,228,1,0,20190317,LAC,BKN
Shot Chart Detail,0021801049,421,1627747,Caris LeVert,1610612751,Brooklyn Nets,3,9,17,Made Shot,Driving Layup Shot,2PT Field Goal,Restricted Area,Center(C),Less Than 8 ft.,3,-19,27,1,1,20190317,LAC,BKN
Shot Chart Detail,0021801049,452,1627747,Caris LeVert,1610612751,Brooklyn Nets,3,7,9,Made Shot,Driving Finger Roll Layup Shot,2PT Field Goal,Restricted Area,Center(C),Less Than 8 ft.,1,-5,18,1,1,20190317,LAC,BKN
Shot Chart Detail,0021801049,456,1627747,Caris LeVert,1610612751,Brooklyn Nets,3,6,43,Made Shot,Driving Layup Shot,2PT Field Goal,Restricted Area,Center(C),Less Than 8 ft.,2,-6,22,1,1,20190317,LAC,BKN
Shot Chart Detail,0021801049,540,1627747,Caris LeVert,1610612751,Brooklyn Nets,3,2,17,Missed Shot,Jump Shot,3PT Field Goal,Above the Break 3,Left Side Center(LC),24+ ft.,26,-100,248,1,0,20190317,LAC,BKN
Shot Chart Detail,0021801049,561,1627747,Caris LeVert,1610612751,Brooklyn Nets,3,0,45,Missed Shot,Driving Floating Bank Jump Shot,2PT Field Goal,In The Paint (Non-RA),Left Side(L),8-16 ft.,10,-74,70,1,0,20190317,LAC,BKN
Shot Chart Detail,0021801063,25,1627747,Caris LeVert,1610612751,Brooklyn Nets,1,9,25,Missed Shot,Driving Layup Shot,2PT Field Goal,Restricted Area,Center(C),Less Than 8 ft.,1,-14,11,1,0,20190319,SAC,BKN
Shot Chart Detail,0021801063,42,1627747,Caris LeVert,1610612751,Brooklyn Nets,1,8,15,Made Shot,Running Dunk Shot,2PT Field Goal,Restricted Area,Center(C),Less Than 8 ft.,1,-3,11,1,1,20190319,SAC,BKN
Shot Chart Detail,0021801063,72,1627747,Caris LeVert,1610612751,Brooklyn Nets,1,5,28,Made Shot,Jump Bank Shot,2PT Field Goal,Restricted Area,Center(C),Less Than 8 ft.,3,-33,14,1,1,20190319,SAC,BKN
Shot Chart Detail,0021801063,117,1627747,Caris LeVert,1610612751,Brooklyn Nets,1,2,44,Missed Shot,Jump Shot,2PT Field Goal,Mid-Range,Center(C),16-24 ft.,22,-62,216,1,0,20190319,SAC,BKN
Shot Chart Detail,0021801063,173,1627747,Caris LeVert,1610612751,Brooklyn Nets,2,11,7,Made Shot,Reverse Layup Shot,2PT Field Goal,Restricted Area,Center(C),Less Than 8 ft.,1,8,16,1,1,20190319,SAC,BKN
Shot Chart Detail,0021801063,206,1627747,Caris LeVert,1610612751,Brooklyn Nets,2,10,52,Missed Shot,Layup Shot,2PT Field Goal,In The Paint (Non-RA),Center(C),Less Than 8 ft.,4,22,34,1,0,20190319,SAC,BKN
Shot Chart Detail,0021801063,373,1627747,Caris LeVert,1610612751,Brooklyn Nets,3,9,20,Missed Shot,Driving Layup Shot,2PT Field Goal,Restricted Area,Center(C),Less Than 8 ft.,1,-9,8,1,0,20190319,SAC,BKN
Shot Chart Detail,0021801063,444,1627747,Caris LeVert,1610612751,Brooklyn Nets,3,3,42,Missed Shot,Jump Shot,3PT Field Goal,Above the Break 3,Left Side Center(LC),24+ ft.,24,-139,206,1,0,20190319,SAC,BKN
Shot Chart Detail,0021801086,153,1627747,Caris LeVert,1610612751,Brooklyn Nets,1,1,53,Missed Shot,Jump Shot,3PT Field Goal,Above the Break 3,Left Side Center(LC),24+ ft.,27,-166,214,1,0,20190322,LAL,BKN
Shot Chart Detail,0021801086,215,1627747,Caris LeVert,1610612751,Brooklyn Nets,2,8,51,Missed Shot,Jump Shot,2PT Field Goal,In The Paint (Non-RA),Center(C),8-16 ft.,14,-67,124,1,0,20190322,LAL,BKN
Shot Chart Detail,0021801086,220,1627747,Caris LeVert,1610612751,Brooklyn Nets,2,8,20,Missed Shot,Jump Shot,3PT Field Goal,Above the Break 3,Right Side Center(RC),24+ ft.,26,111,242,1,0,20190322,LAL,BKN
Shot Chart Detail,0021801086,327,1627747,Caris LeVert,1610612751,Brooklyn Nets,2,1,18,Missed Shot,Driving Layup Shot,2PT Field Goal,Restricted Area,Center(C),Less Than 8 ft.,1,-16,0,1,0,20190322,LAL,BKN
Shot Chart Detail,0021801086,472,1627747,Caris LeVert,1610612751,Brooklyn Nets,3,4,24,Missed Shot,Jump Shot,3PT Field Goal,Above the Break 3,Left Side Center(LC),24+ ft.,25,-130,214,1,0,20190322,LAL,BKN
Shot Chart Detail,0021801086,556,1627747,Caris LeVert,1610612751,Brooklyn Nets,4,11,5,Missed Shot,Layup Shot,2PT Field Goal,Restricted Area,Center(C),Less Than 8 ft.,2,-14,18,1,0,20190322,LAL,BKN
Shot Chart Detail,0021801106,212,1627747,Caris LeVert,1610612751,Brooklyn Nets,2,8,18,Made Shot,Driving Layup Shot,2PT Field Goal,Restricted Area,Center(C),Less Than 8 ft.,1,-5,12,1,1,20190325,POR,BKN
Shot Chart Detail,0021801106,223,1627747,Caris LeVert,1610612751,Brooklyn Nets,2,7,10,Made Shot,Driving Floating Jump Shot,2PT Field Goal,In The Paint (Non-RA),Center(C),8-16 ft.,13,-29,130,1,1,20190325,POR,BKN
Shot Chart Detail,0021801106,417,1627747,Caris LeVert,1610612751,Brooklyn Nets,3,4,47,Missed Shot,Driving Layup Shot,2PT Field Goal,Restricted Area,Center(C),Less Than 8 ft.,2,-9,25,1,0,20190325,POR,BKN
Shot Chart Detail,0021801106,437,1627747,Caris LeVert,1610612751,Brooklyn Nets,3,3,6,Made Shot,Pullup Jump shot,3PT Field Goal,Above the Break 3,Right Side Center(RC),24+ ft.,25,117,222,1,1,20190325,POR,BKN
Shot Chart Detail,0021801106,440,1627747,Caris LeVert,1610612751,Brooklyn Nets,3,2,46,Missed Shot,Pullup Jump shot,3PT Field Goal,Above the Break 3,Right Side Center(RC),24+ ft.,26,117,241,1,0,20190325,POR,BKN
Shot Chart Detail,0021801106,486,1627747,Caris LeVert,1610612751,Brooklyn Nets,4,11,40,Made Shot,Driving Layup Shot,2PT Field Goal,Restricted Area,Center(C),Less Than 8 ft.,2,23,15,1,1,20190325,POR,BKN
Shot Chart Detail,0021801106,498,1627747,Caris LeVert,1610612751,Brooklyn Nets,4,10,19,Missed Shot,Driving Layup Shot,2PT Field Goal,Restricted Area,Center(C),Less Than 8 ft.,1,11,13,1,0,20190325,POR,BKN
Shot Chart Detail,0021801106,553,1627747,Caris LeVert,1610612751,Brooklyn Nets,4,6,7,Made Shot,Pullup Jump shot,2PT Field Goal,Mid-Range,Center(C),16-24 ft.,16,-6,167,1,1,20190325,POR,BKN
Shot Chart Detail,0021801123,149,1627747,Caris LeVert,1610612751,Brooklyn Nets,1,1,13,Missed Shot,Turnaround Fadeaway shot,2PT Field Goal,In The Paint (Non-RA),Right Side(R),8-16 ft.,8,70,43,1,0,20190328,PHI,BKN
Shot Chart Detail,0021801123,161,1627747,Caris LeVert,1610612751,Brooklyn Nets,1,0,3,Missed Shot,Driving Layup Shot,2PT Field Goal,Restricted Area,Center(C),Less Than 8 ft.,3,34,19,1,0,20190328,PHI,BKN
Shot Chart Detail,0021801123,186,1627747,Caris LeVert,1610612751,Brooklyn Nets,2,10,24,Made Shot,Jump Shot,3PT Field Goal,Above the Break 3,Center(C),24+ ft.,27,60,267,1,1,20190328,PHI,BKN
Shot Chart Detail,0021801123,193,1627747,Caris LeVert,1610612751,Brooklyn Nets,2,9,30,Missed Shot,Driving Layup Shot,2PT Field Goal,Restricted Area,Center(C),Less Than 8 ft.,2,6,25,1,0,20190328,PHI,BKN
Shot Chart Detail,0021801123,206,1627747,Caris LeVert,1610612751,Brooklyn Nets,2,8,32,Missed Shot,Driving Layup Shot,2PT Field Goal,In The Paint (Non-RA),Center(C),Less Than 8 ft.,4,24,34,1,0,20190328,PHI,BKN
Shot Chart Detail,0021801123,255,1627747,Caris LeVert,1610612751,Brooklyn Nets,2,5,3,Made Shot,Tip Layup Shot,2PT Field Goal,Restricted Area,Center(C),Less Than 8 ft.,0,0,-6,1,1,20190328,PHI,BKN
Shot Chart Detail,0021801123,273,1627747,Caris LeVert,1610612751,Brooklyn Nets,2,4,3,Missed Shot,Jump Shot,3PT Field Goal,Above the Break 3,Center(C),24+ ft.,25,-54,251,1,0,20190328,PHI,BKN
Shot Chart Detail,0021801123,474,1627747,Caris LeVert,1610612751,Brooklyn Nets,3,3,50,Made Shot,Jump Shot,3PT Field Goal,Above the Break 3,Center(C),24+ ft.,25,70,246,1,1,20190328,PHI,BKN
Shot Chart Detail,0021801123,477,1627747,Caris LeVert,1610612751,Brooklyn Nets,3,3,23,Made Shot,Driving Layup Shot,2PT Field Goal,Restricted Area,Center(C),Less Than 8 ft.,0,0,5,1,1,20190328,PHI,BKN
Shot Chart Detail,0021801123,513,1627747,Caris LeVert,1610612751,Brooklyn Nets,3,0,42,Made Shot,Driving Finger Roll Layup Shot,2PT Field Goal,Restricted Area,Center(C),Less Than 8 ft.,0,6,4,1,1,20190328,PHI,BKN
Shot Chart Detail,0021801123,535,1627747,Caris LeVert,1610612751,Brooklyn Nets,4,11,23,Missed Shot,Driving Floating Jump Shot,2PT Field Goal,In The Paint (Non-RA),Center(C),8-16 ft.,8,-12,89,1,0,20190328,PHI,BKN
Shot Chart Detail,0021801123,547,1627747,Caris LeVert,1610612751,Brooklyn Nets,4,10,3,Missed Shot,Driving Layup Shot,2PT Field Goal,Restricted Area,Center(C),Less Than 8 ft.,1,-7,13,1,0,20190328,PHI,BKN
Shot Chart Detail,0021801123,598,1627747,Caris LeVert,1610612751,Brooklyn Nets,4,7,13,Made Shot,Running Layup Shot,2PT Field Goal,Restricted Area,Center(C),Less Than 8 ft.,0,0,-3,1,1,20190328,PHI,BKN
Shot Chart Detail,0021801123,646,1627747,Caris LeVert,1610612751,Brooklyn Nets,4,3,52,Missed Shot,Jump Shot,3PT Field Goal,Above the Break 3,Center(C),24+ ft.,27,24,277,1,0,20190328,PHI,BKN
Shot Chart Detail,0021801137,106,1627747,Caris LeVert,1610612751,Brooklyn Nets,1,4,19,Missed Shot,Jump Shot,3PT Field Goal,Above the Break 3,Left Side Center(LC),24+ ft.,24,-149,199,1,0,20190330,BKN,BOS
Shot Chart Detail,0021801137,119,1627747,Caris LeVert,1610612751,Brooklyn Nets,1,3,9,Missed Shot,Driving Floating Jump Shot,2PT Field Goal,In The Paint (Non-RA),Center(C),8-16 ft.,9,9,94,1,0,20190330,BKN,BOS
Shot Chart Detail,0021801137,193,1627747,Caris LeVert,1610612751,Brooklyn Nets,2,10,38,Missed Shot,Pullup Jump shot,3PT Field Goal,Above the Break 3,Center(C),24+ ft.,24,-19,243,1,0,20190330,BKN,BOS
Shot Chart Detail,0021801137,273,1627747,Caris LeVert,1610612751,Brooklyn Nets,2,4,56,Made Shot,Driving Floating Jump Shot,2PT Field Goal,In The Paint (Non-RA),Center(C),Less Than 8 ft.,5,14,48,1,1,20190330,BKN,BOS
Shot Chart Detail,0021801137,281,1627747,Caris LeVert,1610612751,Brooklyn Nets,2,4,11,Missed Shot,Driving Layup Shot,2PT Field Goal,In The Paint (Non-RA),Center(C),Less Than 8 ft.,6,14,59,1,0,20190330,BKN,BOS
Shot Chart Detail,0021801137,302,1627747,Caris LeVert,1610612751,Brooklyn Nets,2,2,47,Made Shot,Jump Shot,3PT Field Goal,Above the Break 3,Center(C),24+ ft.,24,40,246,1,1,20190330,BKN,BOS
Shot Chart Detail,0021801137,471,1627747,Caris LeVert,1610612751,Brooklyn Nets,3,1,48,Made Shot,Fadeaway Jump Shot,2PT Field Goal,In The Paint (Non-RA),Left Side(L),8-16 ft.,10,-62,89,1,1,20190330,BKN,BOS
Shot Chart Detail,0021801137,483,1627747,Caris LeVert,1610612751,Brooklyn Nets,3,1,2,Missed Shot,Running Layup Shot,2PT Field Goal,Restricted Area,Center(C),Less Than 8 ft.,2,21,7,1,0,20190330,BKN,BOS
Shot Chart Detail,0021801137,514,1627747,Caris LeVert,1610612751,Brooklyn Nets,4,11,13,Missed Shot,Driving Floating Jump Shot,2PT Field Goal,In The Paint (Non-RA),Center(C),Less Than 8 ft.,5,5,59,1,0,20190330,BKN,BOS
Shot Chart Detail,0021801137,520,1627747,Caris LeVert,1610612751,Brooklyn Nets,4,10,35,Missed Shot,Driving Reverse Layup Shot,2PT Field Goal,Restricted Area,Center(C),Less Than 8 ft.,3,29,15,1,0,20190330,BKN,BOS
Shot Chart Detail,0021801137,586,1627747,Caris LeVert,1610612751,Brooklyn Nets,4,6,48,Made Shot,Cutting Dunk Shot,2PT Field Goal,Restricted Area,Center(C),Less Than 8 ft.,0,4,4,1,1,20190330,BKN,BOS
Shot Chart Detail,0021801137,613,1627747,Caris LeVert,1610612751,Brooklyn Nets,4,4,49,Made Shot,Driving Layup Shot,2PT Field Goal,Restricted Area,Center(C),Less Than 8 ft.,1,-11,1,1,1,20190330,BKN,BOS
Shot Chart Detail,0021801137,625,1627747,Caris LeVert,1610612751,Brooklyn Nets,4,3,35,Missed Shot,Jump Shot,3PT Field Goal,Above the Break 3,Center(C),24+ ft.,25,-56,246,1,0,20190330,BKN,BOS
Shot Chart Detail,0021801154,133,1627747,Caris LeVert,1610612751,Brooklyn Nets,1,2,43,Missed Shot,Jump Shot,3PT Field Goal,Above the Break 3,Left Side Center(LC),24+ ft.,26,-114,234,1,0,20190401,BKN,MIL
Shot Chart Detail,0021801154,148,1627747,Caris LeVert,1610612751,Brooklyn Nets,1,1,21,Made Shot,Pullup Jump shot,3PT Field Goal,Above the Break 3,Left Side Center(LC),24+ ft.,25,-84,246,1,1,20190401,BKN,MIL
Shot Chart Detail,0021801154,164,1627747,Caris LeVert,1610612751,Brooklyn Nets,1,0,15,Made Shot,Driving Layup Shot,2PT Field Goal,In The Paint (Non-RA),Center(C),Less Than 8 ft.,4,41,9,1,1,20190401,BKN,MIL
Shot Chart Detail,0021801154,197,1627747,Caris LeVert,1610612751,Brooklyn Nets,2,11,9,Missed Shot,Jump Shot,3PT Field Goal,Above the Break 3,Center(C),24+ ft.,26,18,262,1,0,20190401,BKN,MIL
Shot Chart Detail,0021801154,225,1627747,Caris LeVert,1610612751,Brooklyn Nets,2,9,22,Made Shot,Jump Shot,3PT Field Goal,Above the Break 3,Right Side Center(RC),24+ ft.,26,120,231,1,1,20190401,BKN,MIL
Shot Chart Detail,0021801154,254,1627747,Caris LeVert,1610612751,Brooklyn Nets,2,7,49,Missed Shot,Floating Jump shot,2PT Field Goal,Restricted Area,Center(C),Less Than 8 ft.,3,-11,37,1,0,20190401,BKN,MIL
Shot Chart Detail,0021801154,270,1627747,Caris LeVert,1610612751,Brooklyn Nets,2,6,42,Made Shot,Pullup Jump shot,3PT Field Goal,Above the Break 3,Right Side Center(RC),24+ ft.,26,99,243,1,1,20190401,BKN,MIL
Shot Chart Detail,0021801154,287,1627747,Caris LeVert,1610612751,Brooklyn Nets,2,5,22,Missed Shot,Driving Floating Jump Shot,2PT Field Goal,In The Paint (Non-RA),Center(C),8-16 ft.,11,47,104,1,0,20190401,BKN,MIL
Shot Chart Detail,0021801154,622,1627747,Caris LeVert,1610612751,Brooklyn Nets,4,11,38,Missed Shot,Driving Floating Jump Shot,2PT Field Goal,In The Paint (Non-RA),Center(C),Less Than 8 ft.,7,20,76,1,0,20190401,BKN,MIL
Shot Chart Detail,0021801154,629,1627747,Caris LeVert,1610612751,Brooklyn Nets,4,11,11,Made Shot,Driving Layup Shot,2PT Field Goal,Restricted Area,Center(C),Less Than 8 ft.,2,20,20,1,1,20190401,BKN,MIL
Shot Chart Detail,0021801154,658,1627747,Caris LeVert,1610612751,Brooklyn Nets,4,9,49,Made Shot,Jump Shot,3PT Field Goal,Left Corner 3,Left Side(L),24+ ft.,24,-244,33,1,1,20190401,BKN,MIL
Shot Chart Detail,0021801154,707,1627747,Caris LeVert,1610612751,Brooklyn Nets,4,5,42,Made Shot,Putback Layup Shot,2PT Field Goal,Restricted Area,Center(C),Less Than 8 ft.,0,5,8,1,1,20190401,BKN,MIL
Shot Chart Detail,0021801154,722,1627747,Caris LeVert,1610612751,Brooklyn Nets,4,4,34,Missed Shot,Jump Shot,3PT Field Goal,Right Corner 3,Right Side(R),24+ ft.,23,238,11,1,0,20190401,BKN,MIL
Shot Chart Detail,0021801154,741,1627747,Caris LeVert,1610612751,Brooklyn Nets,4,2,26,Made Shot,Fadeaway Jump Shot,2PT Field Goal,In The Paint (Non-RA),Center(C),8-16 ft.,10,18,106,1,1,20190401,BKN,MIL
Shot Chart Detail,0021801154,752,1627747,Caris LeVert,1610612751,Brooklyn Nets,4,1,24,Missed Shot,Pullup Jump shot,3PT Field Goal,Above the Break 3,Center(C),24+ ft.,26,19,260,1,0,20190401,BKN,MIL
Shot Chart Detail,0021801169,137,1627747,Caris LeVert,1610612751,Brooklyn Nets,1,1,18,Missed Shot,Driving Floating Jump Shot,2PT Field Goal,In The Paint (Non-RA),Center(C),Less Than 8 ft.,7,2,76,1,0,20190403,BKN,TOR
Shot Chart Detail,0021801169,161,1627747,Caris LeVert,1610612751,Brooklyn Nets,1,0,19,Missed Shot,Turnaround Jump Shot,2PT Field Goal,In The Paint (Non-RA),Center(C),Less Than 8 ft.,7,62,44,1,0,20190403,BKN,TOR
Shot Chart Detail,0021801169,217,1627747,Caris LeVert,1610612751,Brooklyn Nets,2,8,19,Missed Shot,Pullup Jump shot,2PT Field Goal,Mid-Range,Center(C),8-16 ft.,14,-18,147,1,0,20190403,BKN,TOR
Shot Chart Detail,0021801169,255,1627747,Caris LeVert,1610612751,Brooklyn Nets,2,6,3,Missed Shot,Driving Layup Shot,2PT Field Goal,Restricted Area,Center(C),Less Than 8 ft.,2,-9,18,1,0,20190403,BKN,TOR
Shot Chart Detail,0021801169,433,1627747,Caris LeVert,1610612751,Brooklyn Nets,3,3,14,Missed Shot,Jump Shot,3PT Field Goal,Above the Break 3,Left Side Center(LC),24+ ft.,24,-138,208,1,0,20190403,BKN,TOR
Shot Chart Detail,0021801169,510,1627747,Caris LeVert,1610612751,Brooklyn Nets,4,9,34,Missed Shot,Jump Shot,3PT Field Goal,Above the Break 3,Center(C),24+ ft.,25,39,250,1,0,20190403,BKN,TOR
Shot Chart Detail,0021801169,548,1627747,Caris LeVert,1610612751,Brooklyn Nets,4,6,45,Missed Shot,Pullup Jump shot,2PT Field Goal,In The Paint (Non-RA),Center(C),8-16 ft.,14,63,130,1,0,20190403,BKN,TOR
Shot Chart Detail,0021801169,560,1627747,Caris LeVert,1610612751,Brooklyn Nets,4,4,52,Made Shot,Jump Shot,3PT Field Goal,Above the Break 3,Right Side Center(RC),24+ ft.,24,213,125,1,1,20190403,BKN,TOR
Shot Chart Detail,0021801169,566,1627747,Caris LeVert,1610612751,Brooklyn Nets,4,3,59,Missed Shot,Pullup Jump shot,3PT Field Goal,Right Corner 3,Right Side(R),24+ ft.,24,226,84,1,0,20190403,BKN,TOR
Shot Chart Detail,0021801193,131,1627747,Caris LeVert,1610612751,Brooklyn Nets,1,2,6,Made Shot,Floating Jump shot,2PT Field Goal,In The Paint (Non-RA),Center(C),8-16 ft.,9,18,94,1,1,20190406,MIL,BKN
Shot Chart Detail,0021801193,133,1627747,Caris LeVert,1610612751,Brooklyn Nets,1,1,36,Made Shot,Jump Shot,3PT Field Goal,Above the Break 3,Right Side Center(RC),24+ ft.,27,128,247,1,1,20190406,MIL,BKN
Shot Chart Detail,0021801193,175,1627747,Caris LeVert,1610612751,Brooklyn Nets,2,11,37,Made Shot,Pullup Jump shot,2PT Field Goal,In The Paint (Non-RA),Center(C),8-16 ft.,11,52,105,1,1,20190406,MIL,BKN
Shot Chart Detail,0021801193,183,1627747,Caris LeVert,1610612751,Brooklyn Nets,2,10,40,Made Shot,Driving Layup Shot,2PT Field Goal,Restricted Area,Center(C),Less Than 8 ft.,2,5,27,1,1,20190406,MIL,BKN
Shot Chart Detail,0021801193,194,1627747,Caris LeVert,1610612751,Brooklyn Nets,2,9,46,Made Shot,Driving Floating Jump Shot,2PT Field Goal,Restricted Area,Center(C),Less Than 8 ft.,2,-4,23,1,1,20190406,MIL,BKN
Shot Chart Detail,0021801193,295,1627747,Caris LeVert,1610612751,Brooklyn Nets,2,2,32,Missed Shot,Jump Shot,2PT Field Goal,In The Paint (Non-RA),Center(C),8-16 ft.,13,34,126,1,0,20190406,MIL,BKN
Shot Chart Detail,0021801193,318,1627747,Caris LeVert,1610612751,Brooklyn Nets,2,0,36,Made Shot,Driving Layup Shot,2PT Field Goal,Restricted Area,Center(C),Less Than 8 ft.,2,8,22,1,1,20190406,MIL,BKN
Shot Chart Detail,0021801193,506,1627747,Caris LeVert,1610612751,Brooklyn Nets,3,0,59,Made Shot,Step Back Jump shot,3PT Field Goal,Above the Break 3,Left Side Center(LC),24+ ft.,28,-149,242,1,1,20190406,MIL,BKN
Shot Chart Detail,0021801193,510,1627747,Caris LeVert,1610612751,Brooklyn Nets,3,0,37,Made Shot,Jump Shot,3PT Field Goal,Above the Break 3,Left Side Center(LC),24+ ft.,27,-150,228,1,1,20190406,MIL,BKN
Shot Chart Detail,0021801193,521,1627747,Caris LeVert,1610612751,Brooklyn Nets,3,0,0,Missed Shot,Jump Shot,3PT Field Goal,Above the Break 3,Left Side Center(LC),24+ ft.,25,-229,118,1,0,20190406,MIL,BKN
Shot Chart Detail,0021801193,536,1627747,Caris LeVert,1610612751,Brooklyn Nets,4,10,42,Missed Shot,Driving Floating Bank Jump Shot,2PT Field Goal,In The Paint (Non-RA),Center(C),Less Than 8 ft.,7,67,25,1,0,20190406,MIL,BKN
Shot Chart Detail,0021801193,626,1627747,Caris LeVert,1610612751,Brooklyn Nets,4,4,7,Made Shot,Step Back Jump shot,3PT Field Goal,Above the Break 3,Left Side Center(LC),24+ ft.,26,-117,243,1,1,20190406,MIL,BKN
Shot Chart Detail,0021801199,111,1627747,Caris LeVert,1610612751,Brooklyn Nets,1,3,7,Made Shot,Putback Layup Shot,2PT Field Goal,Restricted Area,Center(C),Less Than 8 ft.,0,0,-6,1,1,20190407,IND,BKN
Shot Chart Detail,0021801199,114,1627747,Caris LeVert,1610612751,Brooklyn Nets,1,2,48,Missed Shot,Pullup Jump shot,3PT Field Goal,Above the Break 3,Left Side Center(LC),24+ ft.,27,-192,193,1,0,20190407,IND,BKN
Shot Chart Detail,0021801199,140,1627747,Caris LeVert,1610612751,Brooklyn Nets,1,1,8,Made Shot,Pullup Jump shot,2PT Field Goal,In The Paint (Non-RA),Center(C),8-16 ft.,11,-56,99,1,1,20190407,IND,BKN
Shot Chart Detail,0021801199,169,1627747,Caris LeVert,1610612751,Brooklyn Nets,2,10,35,Missed Shot,Pullup Jump shot,2PT Field Goal,Mid-Range,Right Side(R),8-16 ft.,9,85,47,1,0,20190407,IND,BKN
Shot Chart Detail,0021801199,195,1627747,Caris LeVert,1610612751,Brooklyn Nets,2,8,31,Made Shot,Driving Layup Shot,2PT Field Goal,Restricted Area,Center(C),Less Than 8 ft.,1,-8,8,1,1,20190407,IND,BKN
Shot Chart Detail,0021801199,291,1627747,Caris LeVert,1610612751,Brooklyn Nets,2,1,20,Missed Shot,Step Back Jump shot,3PT Field Goal,Above the Break 3,Left Side Center(LC),24+ ft.,29,-106,280,1,0,20190407,IND,BKN
Shot Chart Detail,0021801199,302,1627747,Caris LeVert,1610612751,Brooklyn Nets,2,0,44,Missed Shot,Driving Layup Shot,2PT Field Goal,Restricted Area,Center(C),Less Than 8 ft.,1,15,-4,1,0,20190407,IND,BKN
Shot Chart Detail,0021801199,433,1627747,Caris LeVert,1610612751,Brooklyn Nets,3,2,46,Missed Shot,Jump Shot,2PT Field Goal,Restricted Area,Center(C),Less Than 8 ft.,0,1,-4,1,0,20190407,IND,BKN
Shot Chart Detail,0021801199,452,1627747,Caris LeVert,1610612751,Brooklyn Nets,3,1,0,Made Shot,Dunk Shot,2PT Field Goal,Restricted Area,Center(C),Less Than 8 ft.,1,-8,10,1,1,20190407,IND,BKN
Shot Chart Detail,0021801199,464,1627747,Caris LeVert,1610612751,Brooklyn Nets,3,0,0,Missed Shot,Driving Finger Roll Layup Shot,2PT Field Goal,Restricted Area,Center(C),Less Than 8 ft.,2,5,27,1,0,20190407,IND,BKN
Shot Chart Detail,0021801199,468,1627747,Caris LeVert,1610612751,Brooklyn Nets,4,11,44,Made Shot,Pullup Jump shot,2PT Field Goal,Restricted Area,Center(C),Less Than 8 ft.,3,-30,16,1,1,20190407,IND,BKN
Shot Chart Detail,0021801199,475,1627747,Caris LeVert,1610612751,Brooklyn Nets,4,11,4,Missed Shot,Pullup Jump shot,2PT Field Goal,In The Paint (Non-RA),Center(C),Less Than 8 ft.,7,17,68,1,0,20190407,IND,BKN
Shot Chart Detail,0021801199,490,1627747,Caris LeVert,1610612751,Brooklyn Nets,4,10,0,Missed Shot,Layup Shot,2PT Field Goal,Restricted Area,Center(C),Less Than 8 ft.,2,-3,22,1,0,20190407,IND,BKN
Shot Chart Detail,0021801199,551,1627747,Caris LeVert,1610612751,Brooklyn Nets,4,4,40,Made Shot,Jump Shot,2PT Field Goal,Restricted Area,Center(C),Less Than 8 ft.,3,17,31,1,1,20190407,IND,BKN
Shot Chart Detail,0021801199,569,1627747,Caris LeVert,1610612751,Brooklyn Nets,4,3,10,Made Shot,Driving Finger Roll Layup Shot,2PT Field Goal,Restricted Area,Center(C),Less Than 8 ft.,1,3,16,1,1,20190407,IND,BKN
Shot Chart Detail,0021801199,588,1627747,Caris LeVert,1610612751,Brooklyn Nets,4,1,40,Missed Shot,Pullup Jump shot,3PT Field Goal,Above the Break 3,Left Side Center(LC),24+ ft.,27,-118,245,1,0,20190407,IND,BKN
Shot Chart Detail,0021801221,42,1627747,Caris LeVert,1610612751,Brooklyn Nets,1,8,56,Made Shot,Jump Shot,3PT Field Goal,Above the Break 3,Left Side Center(LC),24+ ft.,25,-225,112,1,1,20190410,BKN,MIA
Shot Chart Detail,0021801221,45,1627747,Caris LeVert,1610612751,Brooklyn Nets,1,8,30,Made Shot,Driving Layup Shot,2PT Field Goal,Restricted Area,Center(C),Less Than 8 ft.,1,-14,7,1,1,20190410,BKN,MIA
Shot Chart Detail,0021801221,236,1627747,Caris LeVert,1610612751,Brooklyn Nets,2,6,42,Made Shot,Driving Layup Shot,2PT Field Goal,Restricted Area,Center(C),Less Than 8 ft.,1,15,2,1,1,20190410,BKN,MIA
Shot Chart Detail,0021801221,264,1627747,Caris LeVert,1610612751,Brooklyn Nets,2,4,51,Made Shot,Driving Dunk Shot,2PT Field Goal,Restricted Area,Center(C),Less Than 8 ft.,0,-2,8,1,1,20190410,BKN,MIA
Shot Chart Detail,0021801221,396,1627747,Caris LeVert,1610612751,Brooklyn Nets,3,7,9,Missed Shot,Driving Layup Shot,2PT Field Goal,Restricted Area,Center(C),Less Than 8 ft.,1,12,14,1,0,20190410,BKN,MIA
