GRID_TYPE,GAME_ID,GAME_EVENT_ID,PLAYER_ID,PLAYER_NAME,TEAM_ID,TEAM_NAME,PERIOD,MINUTES_REMAINING,SECONDS_REMAINING,EVENT_TYPE,ACTION_TYPE,SHOT_TYPE,SHOT_ZONE_BASIC,SHOT_ZONE_AREA,SHOT_ZONE_RANGE,SHOT_DISTANCE,LOC_X,LOC_Y,SHOT_ATTEMPTED_FLAG,SHOT_MADE_FLAG,GAME_DATE,HTM,VTM
Shot Chart Detail,0021800005,135,1628415,Dillon Brooks,1610612763,Memphis Grizzlies,1,2,24,Missed Shot,Driving Floating Jump Shot,2PT Field Goal,In The Paint (Non-RA),Center(C),8-16 ft.,9,7,99,1,0,20181017,IND,MEM
Shot Chart Detail,0021800020,609,1628415,Dillon Brooks,1610612763,Memphis Grizzlies,3,0,19,Missed Shot,Driving Floating Bank Jump Shot,2PT Field Goal,In The Paint (Non-RA),Right Side(R),8-16 ft.,9,73,53,1,0,20181019,MEM,ATL
Shot Chart Detail,0021800020,629,1628415,Dillon Brooks,1610612763,Memphis Grizzlies,4,11,24,Missed Shot,Cutting Layup Shot,2PT Field Goal,Restricted Area,Center(C),Less Than 8 ft.,1,-9,7,1,0,20181019,MEM,ATL
Shot Chart Detail,0021800020,638,1628415,Dillon Brooks,1610612763,Memphis Grizzlies,4,10,36,Missed Shot,Pullup Jump shot,2PT Field Goal,Mid-Range,Center(C),8-16 ft.,15,-5,159,1,0,20181019,MEM,ATL
Shot Chart Detail,0021800020,693,1628415,Dillon Brooks,1610612763,Memphis Grizzlies,4,6,52,Made Shot,Driving Floating Bank Jump Shot,2PT Field Goal,Restricted Area,Center(C),Less Than 8 ft.,1,-12,15,1,1,20181019,MEM,ATL
Shot Chart Detail,0021800020,736,1628415,Dillon Brooks,1610612763,Memphis Grizzlies,4,3,53,Missed Shot,Pullup Jump shot,2PT Field Goal,Mid-Range,Left Side(L),8-16 ft.,11,-98,54,1,0,20181019,MEM,ATL
Shot Chart Detail,0021800020,777,1628415,Dillon Brooks,1610612763,Memphis Grizzlies,4,0,53,Missed Shot,Driving Floating Jump Shot,2PT Field Goal,In The Paint (Non-RA),Center(C),8-16 ft.,8,-28,83,1,0,20181019,MEM,ATL
Shot Chart Detail,0021800020,785,1628415,Dillon Brooks,1610612763,Memphis Grizzlies,4,0,24,Missed Shot,Pullup Jump shot,3PT Field Goal,Above the Break 3,Left Side Center(LC),24+ ft.,26,-125,236,1,0,20181019,MEM,ATL
Shot Chart Detail,0021800045,107,1628415,Dillon Brooks,1610612763,Memphis Grizzlies,1,2,55,Made Shot,Jump Shot,3PT Field Goal,Above the Break 3,Left Side Center(LC),24+ ft.,24,-176,176,1,1,20181022,UTA,MEM
Shot Chart Detail,0021800045,123,1628415,Dillon Brooks,1610612763,Memphis Grizzlies,1,2,20,Missed Shot,Pullup Jump shot,2PT Field Goal,Mid-Range,Center(C),8-16 ft.,14,-31,140,1,0,20181022,UTA,MEM
Shot Chart Detail,0021800045,183,1628415,Dillon Brooks,1610612763,Memphis Grizzlies,2,9,50,Made Shot,Driving Layup Shot,2PT Field Goal,Restricted Area,Center(C),Less Than 8 ft.,3,27,21,1,1,20181022,UTA,MEM
Shot Chart Detail,0021800045,214,1628415,Dillon Brooks,1610612763,Memphis Grizzlies,2,7,55,Made Shot,Pullup Jump shot,2PT Field Goal,Mid-Range,Left Side(L),8-16 ft.,11,-89,74,1,1,20181022,UTA,MEM
Shot Chart Detail,0021800045,321,1628415,Dillon Brooks,1610612763,Memphis Grizzlies,2,0,44,Missed Shot,Floating Jump shot,2PT Field Goal,Mid-Range,Left Side(L),8-16 ft.,9,-84,50,1,0,20181022,UTA,MEM
Shot Chart Detail,0021800045,352,1628415,Dillon Brooks,1610612763,Memphis Grizzlies,3,10,6,Missed Shot,Driving Layup Shot,2PT Field Goal,Restricted Area,Center(C),Less Than 8 ft.,2,-6,20,1,0,20181022,UTA,MEM
Shot Chart Detail,0021800061,525,1628415,Dillon Brooks,1610612763,Memphis Grizzlies,4,9,56,Missed Shot,Driving Layup Shot,2PT Field Goal,Restricted Area,Center(C),Less Than 8 ft.,3,-38,10,1,0,20181024,SAC,MEM
Shot Chart Detail,0021800080,98,1628415,Dillon Brooks,1610612763,Memphis Grizzlies,1,4,4,Made Shot,Jump Shot,3PT Field Goal,Above the Break 3,Right Side Center(RC),24+ ft.,25,164,193,1,1,20181027,MEM,PHX
Shot Chart Detail,0021800080,115,1628415,Dillon Brooks,1610612763,Memphis Grizzlies,1,2,27,Made Shot,Driving Layup Shot,2PT Field Goal,Restricted Area,Center(C),Less Than 8 ft.,2,16,19,1,1,20181027,MEM,PHX
Shot Chart Detail,0021800080,134,1628415,Dillon Brooks,1610612763,Memphis Grizzlies,1,0,0,Missed Shot,Running Jump Shot,3PT Field Goal,Backcourt,Back Court(BC),Back Court Shot,48,-73,482,1,0,20181027,MEM,PHX
Shot Chart Detail,0021800080,360,1628415,Dillon Brooks,1610612763,Memphis Grizzlies,3,6,51,Made Shot,Jump Shot,2PT Field Goal,Mid-Range,Right Side(R),8-16 ft.,15,150,32,1,1,20181027,MEM,PHX
Shot Chart Detail,0021800080,403,1628415,Dillon Brooks,1610612763,Memphis Grizzlies,3,4,4,Missed Shot,Jump Shot,3PT Field Goal,Above the Break 3,Left Side Center(LC),24+ ft.,26,-161,210,1,0,20181027,MEM,PHX
Shot Chart Detail,0021800080,426,1628415,Dillon Brooks,1610612763,Memphis Grizzlies,3,1,50,Missed Shot,Jump Shot,3PT Field Goal,Above the Break 3,Right Side Center(RC),24+ ft.,24,154,194,1,0,20181027,MEM,PHX
Shot Chart Detail,0021800080,587,1628415,Dillon Brooks,1610612763,Memphis Grizzlies,4,3,28,Missed Shot,Jump Shot,2PT Field Goal,Mid-Range,Left Side Center(LC),16-24 ft.,19,-139,132,1,0,20181027,MEM,PHX
Shot Chart Detail,0021800080,601,1628415,Dillon Brooks,1610612763,Memphis Grizzlies,4,1,50,Missed Shot,Jump Shot,3PT Field Goal,Left Corner 3,Left Side(L),24+ ft.,22,-221,8,1,0,20181027,MEM,PHX
Shot Chart Detail,0021800102,64,1628415,Dillon Brooks,1610612763,Memphis Grizzlies,1,7,22,Made Shot,Cutting Layup Shot,2PT Field Goal,Restricted Area,Center(C),Less Than 8 ft.,1,-10,0,1,1,20181030,MEM,WAS
Shot Chart Detail,0021800102,72,1628415,Dillon Brooks,1610612763,Memphis Grizzlies,1,6,18,Missed Shot,Driving Layup Shot,2PT Field Goal,Restricted Area,Center(C),Less Than 8 ft.,1,-15,8,1,0,20181030,MEM,WAS
Shot Chart Detail,0021800102,303,1628415,Dillon Brooks,1610612763,Memphis Grizzlies,2,2,24,Missed Shot,Jump Shot,3PT Field Goal,Above the Break 3,Right Side Center(RC),24+ ft.,28,105,266,1,0,20181030,MEM,WAS
Shot Chart Detail,0021800102,337,1628415,Dillon Brooks,1610612763,Memphis Grizzlies,2,0,27,Missed Shot,Running Layup Shot,2PT Field Goal,Restricted Area,Center(C),Less Than 8 ft.,2,-16,20,1,0,20181030,MEM,WAS
Shot Chart Detail,0021800102,554,1628415,Dillon Brooks,1610612763,Memphis Grizzlies,4,8,20,Made Shot,Jump Shot,3PT Field Goal,Above the Break 3,Right Side Center(RC),24+ ft.,25,217,134,1,1,20181030,MEM,WAS
Shot Chart Detail,0021800122,55,1628415,Dillon Brooks,1610612763,Memphis Grizzlies,1,6,31,Made Shot,Alley Oop Layup shot,2PT Field Goal,Restricted Area,Center(C),Less Than 8 ft.,2,28,8,1,1,20181102,UTA,MEM
Shot Chart Detail,0021800122,65,1628415,Dillon Brooks,1610612763,Memphis Grizzlies,1,5,49,Missed Shot,Driving Floating Jump Shot,2PT Field Goal,In The Paint (Non-RA),Center(C),8-16 ft.,12,51,115,1,0,20181102,UTA,MEM
Shot Chart Detail,0021800122,80,1628415,Dillon Brooks,1610612763,Memphis Grizzlies,1,4,49,Missed Shot,Jump Shot,3PT Field Goal,Above the Break 3,Left Side Center(LC),24+ ft.,24,-163,189,1,0,20181102,UTA,MEM
Shot Chart Detail,0021800122,89,1628415,Dillon Brooks,1610612763,Memphis Grizzlies,1,4,10,Made Shot,Cutting Layup Shot,2PT Field Goal,Restricted Area,Center(C),Less Than 8 ft.,1,17,-10,1,1,20181102,UTA,MEM
Shot Chart Detail,0021800122,259,1628415,Dillon Brooks,1610612763,Memphis Grizzlies,2,6,33,Missed Shot,Jump Shot,3PT Field Goal,Right Corner 3,Right Side(R),24+ ft.,22,229,17,1,0,20181102,UTA,MEM
Shot Chart Detail,0021800122,498,1628415,Dillon Brooks,1610612763,Memphis Grizzlies,3,2,2,Made Shot,Turnaround Hook Shot,2PT Field Goal,In The Paint (Non-RA),Center(C),Less Than 8 ft.,6,-32,52,1,1,20181102,UTA,MEM
Shot Chart Detail,0021800136,117,1628415,Dillon Brooks,1610612763,Memphis Grizzlies,1,2,39,Made Shot,Jump Shot,3PT Field Goal,Above the Break 3,Right Side Center(RC),24+ ft.,28,188,213,1,1,20181104,PHX,MEM
Shot Chart Detail,0021800136,189,1628415,Dillon Brooks,1610612763,Memphis Grizzlies,2,10,29,Made Shot,Driving Floating Bank Jump Shot,2PT Field Goal,Restricted Area,Center(C),Less Than 8 ft.,1,5,16,1,1,20181104,PHX,MEM
Shot Chart Detail,0021800136,301,1628415,Dillon Brooks,1610612763,Memphis Grizzlies,2,1,42,Missed Shot,Jump Shot,3PT Field Goal,Above the Break 3,Center(C),24+ ft.,26,-47,264,1,0,20181104,PHX,MEM
Shot Chart Detail,0021800136,496,1628415,Dillon Brooks,1610612763,Memphis Grizzlies,3,1,7,Made Shot,Jump Shot,3PT Field Goal,Above the Break 3,Center(C),24+ ft.,27,-57,267,1,1,20181104,PHX,MEM
Shot Chart Detail,0021800136,531,1628415,Dillon Brooks,1610612763,Memphis Grizzlies,4,9,47,Made Shot,Running Dunk Shot,2PT Field Goal,Restricted Area,Center(C),Less Than 8 ft.,1,5,17,1,1,20181104,PHX,MEM
Shot Chart Detail,0021800136,550,1628415,Dillon Brooks,1610612763,Memphis Grizzlies,4,8,50,Made Shot,Driving Dunk Shot,2PT Field Goal,Restricted Area,Center(C),Less Than 8 ft.,1,-7,11,1,1,20181104,PHX,MEM
Shot Chart Detail,0021800136,556,1628415,Dillon Brooks,1610612763,Memphis Grizzlies,4,8,22,Made Shot,Driving Layup Shot,2PT Field Goal,Restricted Area,Center(C),Less Than 8 ft.,1,-14,7,1,1,20181104,PHX,MEM
Shot Chart Detail,0021800136,561,1628415,Dillon Brooks,1610612763,Memphis Grizzlies,4,7,44,Made Shot,Step Back Jump shot,2PT Field Goal,Mid-Range,Left Side(L),16-24 ft.,20,-196,55,1,1,20181104,PHX,MEM
Shot Chart Detail,0021800136,567,1628415,Dillon Brooks,1610612763,Memphis Grizzlies,4,7,23,Missed Shot,Driving Layup Shot,2PT Field Goal,Restricted Area,Center(C),Less Than 8 ft.,2,15,17,1,0,20181104,PHX,MEM
Shot Chart Detail,0021800136,577,1628415,Dillon Brooks,1610612763,Memphis Grizzlies,4,6,47,Missed Shot,Jump Shot,2PT Field Goal,Mid-Range,Left Side Center(LC),16-24 ft.,18,-110,146,1,0,20181104,PHX,MEM
Shot Chart Detail,0021800147,67,1628415,Dillon Brooks,1610612763,Memphis Grizzlies,1,5,23,Made Shot,Jump Shot,3PT Field Goal,Left Corner 3,Left Side(L),24+ ft.,23,-227,41,1,1,20181105,GSW,MEM
Shot Chart Detail,0021800147,71,1628415,Dillon Brooks,1610612763,Memphis Grizzlies,1,4,41,Made Shot,Driving Layup Shot,2PT Field Goal,Restricted Area,Center(C),Less Than 8 ft.,2,17,14,1,1,20181105,GSW,MEM
Shot Chart Detail,0021800147,85,1628415,Dillon Brooks,1610612763,Memphis Grizzlies,1,4,11,Missed Shot,Pullup Jump shot,3PT Field Goal,Above the Break 3,Left Side Center(LC),24+ ft.,25,-86,235,1,0,20181105,GSW,MEM
Shot Chart Detail,0021800147,97,1628415,Dillon Brooks,1610612763,Memphis Grizzlies,1,3,44,Made Shot,Driving Reverse Layup Shot,2PT Field Goal,Restricted Area,Center(C),Less Than 8 ft.,2,-21,14,1,1,20181105,GSW,MEM
Shot Chart Detail,0021800147,106,1628415,Dillon Brooks,1610612763,Memphis Grizzlies,1,3,15,Missed Shot,Pullup Jump shot,3PT Field Goal,Above the Break 3,Center(C),24+ ft.,27,32,272,1,0,20181105,GSW,MEM
Shot Chart Detail,0021800147,123,1628415,Dillon Brooks,1610612763,Memphis Grizzlies,1,2,10,Made Shot,Jump Shot,3PT Field Goal,Above the Break 3,Left Side Center(LC),24+ ft.,25,-119,230,1,1,20181105,GSW,MEM
Shot Chart Detail,0021800147,177,1628415,Dillon Brooks,1610612763,Memphis Grizzlies,2,10,44,Missed Shot,Jump Shot,2PT Field Goal,In The Paint (Non-RA),Center(C),Less Than 8 ft.,6,12,66,1,0,20181105,GSW,MEM
Shot Chart Detail,0021800147,473,1628415,Dillon Brooks,1610612763,Memphis Grizzlies,3,2,29,Missed Shot,Reverse Layup Shot,2PT Field Goal,Restricted Area,Center(C),Less Than 8 ft.,2,-17,13,1,0,20181105,GSW,MEM
Shot Chart Detail,0021800147,476,1628415,Dillon Brooks,1610612763,Memphis Grizzlies,3,2,2,Missed Shot,Pullup Jump shot,2PT Field Goal,In The Paint (Non-RA),Center(C),8-16 ft.,13,32,128,1,0,20181105,GSW,MEM
Shot Chart Detail,0021800147,622,1628415,Dillon Brooks,1610612763,Memphis Grizzlies,4,3,22,Missed Shot,Pullup Jump shot,2PT Field Goal,Mid-Range,Center(C),16-24 ft.,20,32,205,1,0,20181105,GSW,MEM
Shot Chart Detail,0021800147,646,1628415,Dillon Brooks,1610612763,Memphis Grizzlies,4,2,8,Made Shot,Driving Floating Jump Shot,2PT Field Goal,In The Paint (Non-RA),Center(C),Less Than 8 ft.,6,42,46,1,1,20181105,GSW,MEM
Shot Chart Detail,0021800147,661,1628415,Dillon Brooks,1610612763,Memphis Grizzlies,4,1,2,Made Shot,Floating Jump shot,2PT Field Goal,In The Paint (Non-RA),Center(C),Less Than 8 ft.,6,-5,62,1,1,20181105,GSW,MEM
Shot Chart Detail,0021800147,668,1628415,Dillon Brooks,1610612763,Memphis Grizzlies,4,0,28,Missed Shot,Turnaround Jump Shot,2PT Field Goal,In The Paint (Non-RA),Left Side(L),8-16 ft.,10,-73,73,1,0,20181105,GSW,MEM
Shot Chart Detail,0021800158,114,1628415,Dillon Brooks,1610612763,Memphis Grizzlies,1,3,19,Made Shot,Cutting Layup Shot,2PT Field Goal,Restricted Area,Center(C),Less Than 8 ft.,1,11,16,1,1,20181107,MEM,DEN
Shot Chart Detail,0021800158,130,1628415,Dillon Brooks,1610612763,Memphis Grizzlies,1,2,16,Missed Shot,Driving Layup Shot,2PT Field Goal,Restricted Area,Center(C),Less Than 8 ft.,0,0,0,1,0,20181107,MEM,DEN
Shot Chart Detail,0021800158,226,1628415,Dillon Brooks,1610612763,Memphis Grizzlies,2,6,27,Missed Shot,Tip Layup Shot,2PT Field Goal,Restricted Area,Center(C),Less Than 8 ft.,0,0,-6,1,0,20181107,MEM,DEN
Shot Chart Detail,0021800158,438,1628415,Dillon Brooks,1610612763,Memphis Grizzlies,3,3,27,Missed Shot,Jump Shot,3PT Field Goal,Above the Break 3,Right Side Center(RC),24+ ft.,25,187,167,1,0,20181107,MEM,DEN
Shot Chart Detail,0021800158,448,1628415,Dillon Brooks,1610612763,Memphis Grizzlies,3,1,56,Missed Shot,Driving Finger Roll Layup Shot,2PT Field Goal,Restricted Area,Center(C),Less Than 8 ft.,1,-18,4,1,0,20181107,MEM,DEN
Shot Chart Detail,0021800179,81,1628415,Dillon Brooks,1610612763,Memphis Grizzlies,1,6,3,Missed Shot,Layup Shot,2PT Field Goal,Restricted Area,Center(C),Less Than 8 ft.,1,6,17,1,0,20181110,MEM,PHI
Shot Chart Detail,0021800179,90,1628415,Dillon Brooks,1610612763,Memphis Grizzlies,1,5,21,Missed Shot,Driving Reverse Layup Shot,2PT Field Goal,Restricted Area,Center(C),Less Than 8 ft.,0,-4,1,1,0,20181110,MEM,PHI
Shot Chart Detail,0021800179,94,1628415,Dillon Brooks,1610612763,Memphis Grizzlies,1,5,17,Missed Shot,Tip Layup Shot,2PT Field Goal,Restricted Area,Center(C),Less Than 8 ft.,0,0,-6,1,0,20181110,MEM,PHI
Shot Chart Detail,0021800179,160,1628415,Dillon Brooks,1610612763,Memphis Grizzlies,1,0,52,Made Shot,Driving Floating Bank Jump Shot,2PT Field Goal,In The Paint (Non-RA),Center(C),Less Than 8 ft.,5,30,42,1,1,20181110,MEM,PHI
Shot Chart Detail,0021800496,90,1628415,Dillon Brooks,1610612763,Memphis Grizzlies,1,5,16,Missed Shot,Jump Shot,3PT Field Goal,Above the Break 3,Right Side Center(RC),24+ ft.,25,174,189,1,0,20181223,LAL,MEM
Shot Chart Detail,0021800496,112,1628415,Dillon Brooks,1610612763,Memphis Grizzlies,1,4,1,Missed Shot,Driving Layup Shot,2PT Field Goal,Restricted Area,Center(C),Less Than 8 ft.,3,2,37,1,0,20181223,LAL,MEM
Shot Chart Detail,0021800496,124,1628415,Dillon Brooks,1610612763,Memphis Grizzlies,1,3,6,Missed Shot,Jump Shot,3PT Field Goal,Right Corner 3,Right Side(R),24+ ft.,23,230,12,1,0,20181223,LAL,MEM
Shot Chart Detail,0021800496,438,1628415,Dillon Brooks,1610612763,Memphis Grizzlies,3,3,51,Missed Shot,Layup Shot,2PT Field Goal,Restricted Area,Center(C),Less Than 8 ft.,1,6,13,1,0,20181223,LAL,MEM
Shot Chart Detail,0021800496,468,1628415,Dillon Brooks,1610612763,Memphis Grizzlies,3,1,56,Made Shot,Driving Layup Shot,2PT Field Goal,Restricted Area,Center(C),Less Than 8 ft.,3,2,30,1,1,20181223,LAL,MEM
Shot Chart Detail,0021800508,82,1628415,Dillon Brooks,1610612763,Memphis Grizzlies,1,5,19,Made Shot,Turnaround Fadeaway shot,2PT Field Goal,In The Paint (Non-RA),Center(C),8-16 ft.,12,51,110,1,1,20181226,MEM,CLE
Shot Chart Detail,0021800508,91,1628415,Dillon Brooks,1610612763,Memphis Grizzlies,1,4,7,Missed Shot,Jump Shot,3PT Field Goal,Above the Break 3,Right Side Center(RC),24+ ft.,25,109,236,1,0,20181226,MEM,CLE
Shot Chart Detail,0021800508,156,1628415,Dillon Brooks,1610612763,Memphis Grizzlies,2,10,32,Missed Shot,Driving Layup Shot,2PT Field Goal,In The Paint (Non-RA),Left Side(L),8-16 ft.,9,-74,52,1,0,20181226,MEM,CLE
Shot Chart Detail,0021800531,131,1628415,Dillon Brooks,1610612763,Memphis Grizzlies,1,1,6,Made Shot,Driving Floating Jump Shot,2PT Field Goal,In The Paint (Non-RA),Center(C),8-16 ft.,8,-38,76,1,1,20181229,MEM,BOS
Shot Chart Detail,0021800531,144,1628415,Dillon Brooks,1610612763,Memphis Grizzlies,2,11,33,Made Shot,Jump Shot,3PT Field Goal,Above the Break 3,Right Side Center(RC),24+ ft.,25,167,189,1,1,20181229,MEM,BOS
Shot Chart Detail,0021800531,204,1628415,Dillon Brooks,1610612763,Memphis Grizzlies,2,7,45,Missed Shot,Fadeaway Jump Shot,2PT Field Goal,Restricted Area,Center(C),Less Than 8 ft.,1,16,0,1,0,20181229,MEM,BOS
Shot Chart Detail,0021800531,215,1628415,Dillon Brooks,1610612763,Memphis Grizzlies,2,6,52,Made Shot,Jump Shot,3PT Field Goal,Above the Break 3,Left Side Center(LC),24+ ft.,25,-134,217,1,1,20181229,MEM,BOS
Shot Chart Detail,0021800531,405,1628415,Dillon Brooks,1610612763,Memphis Grizzlies,3,5,7,Made Shot,Jump Shot,3PT Field Goal,Above the Break 3,Center(C),24+ ft.,25,19,250,1,1,20181229,MEM,BOS
Shot Chart Detail,0021800531,414,1628415,Dillon Brooks,1610612763,Memphis Grizzlies,3,4,17,Made Shot,Jump Shot,3PT Field Goal,Above the Break 3,Left Side Center(LC),24+ ft.,25,-113,225,1,1,20181229,MEM,BOS
Shot Chart Detail,0021800531,418,1628415,Dillon Brooks,1610612763,Memphis Grizzlies,3,3,55,Missed Shot,Running Jump Shot,3PT Field Goal,Above the Break 3,Right Side Center(RC),24+ ft.,24,163,189,1,0,20181229,MEM,BOS
Shot Chart Detail,0021800531,481,1628415,Dillon Brooks,1610612763,Memphis Grizzlies,4,11,25,Missed Shot,Pullup Jump shot,2PT Field Goal,Mid-Range,Left Side Center(LC),16-24 ft.,20,-116,163,1,0,20181229,MEM,BOS
Shot Chart Detail,0021800531,507,1628415,Dillon Brooks,1610612763,Memphis Grizzlies,4,8,57,Missed Shot,Driving Reverse Layup Shot,2PT Field Goal,Restricted Area,Center(C),Less Than 8 ft.,0,3,0,1,0,20181229,MEM,BOS
Shot Chart Detail,0021800531,523,1628415,Dillon Brooks,1610612763,Memphis Grizzlies,4,8,30,Missed Shot,Driving Layup Shot,2PT Field Goal,Restricted Area,Center(C),Less Than 8 ft.,2,3,24,1,0,20181229,MEM,BOS
Shot Chart Detail,0021800531,533,1628415,Dillon Brooks,1610612763,Memphis Grizzlies,4,7,40,Missed Shot,Pullup Jump shot,2PT Field Goal,Mid-Range,Right Side Center(RC),16-24 ft.,21,122,179,1,0,20181229,MEM,BOS
Shot Chart Detail,0021800544,153,1628415,Dillon Brooks,1610612763,Memphis Grizzlies,2,11,43,Missed Shot,Jump Shot,3PT Field Goal,Above the Break 3,Right Side Center(RC),24+ ft.,24,161,189,1,0,20181231,HOU,MEM
Shot Chart Detail,0021800544,487,1628415,Dillon Brooks,1610612763,Memphis Grizzlies,3,1,28,Made Shot,Pullup Jump shot,2PT Field Goal,Mid-Range,Right Side Center(RC),16-24 ft.,19,138,132,1,1,20181231,HOU,MEM
Shot Chart Detail,0021800544,538,1628415,Dillon Brooks,1610612763,Memphis Grizzlies,4,11,11,Missed Shot,Putback Layup Shot,2PT Field Goal,Restricted Area,Center(C),Less Than 8 ft.,2,22,16,1,0,20181231,HOU,MEM
Shot Chart Detail,0021800544,553,1628415,Dillon Brooks,1610612763,Memphis Grizzlies,4,10,12,Missed Shot,Layup Shot,2PT Field Goal,Restricted Area,Center(C),Less Than 8 ft.,1,-9,16,1,0,20181231,HOU,MEM
Shot Chart Detail,0021800544,569,1628415,Dillon Brooks,1610612763,Memphis Grizzlies,4,8,53,Missed Shot,Jump Shot,3PT Field Goal,Above the Break 3,Left Side Center(LC),24+ ft.,26,-126,236,1,0,20181231,HOU,MEM
Shot Chart Detail,0021800544,662,1628415,Dillon Brooks,1610612763,Memphis Grizzlies,4,2,41,Missed Shot,Running Layup Shot,2PT Field Goal,Restricted Area,Center(C),Less Than 8 ft.,1,16,8,1,0,20181231,HOU,MEM
Shot Chart Detail,0021800544,687,1628415,Dillon Brooks,1610612763,Memphis Grizzlies,4,1,0,Missed Shot,Jump Shot,3PT Field Goal,Above the Break 3,Left Side Center(LC),24+ ft.,27,-155,232,1,0,20181231,HOU,MEM
Shot Chart Detail,0021800560,104,1628415,Dillon Brooks,1610612763,Memphis Grizzlies,1,2,28,Missed Shot,Jump Shot,3PT Field Goal,Right Corner 3,Right Side(R),24+ ft.,22,228,-6,1,0,20190102,MEM,DET
Shot Chart Detail,0021800560,155,1628415,Dillon Brooks,1610612763,Memphis Grizzlies,2,11,22,Made Shot,Driving Layup Shot,2PT Field Goal,Restricted Area,Center(C),Less Than 8 ft.,3,35,16,1,1,20190102,MEM,DET
Shot Chart Detail,0021800560,159,1628415,Dillon Brooks,1610612763,Memphis Grizzlies,2,10,48,Made Shot,Pullup Jump shot,2PT Field Goal,Mid-Range,Center(C),8-16 ft.,15,-26,152,1,1,20190102,MEM,DET
Shot Chart Detail,0021800560,414,1628415,Dillon Brooks,1610612763,Memphis Grizzlies,3,3,2,Missed Shot,Step Back Jump shot,2PT Field Goal,Mid-Range,Left Side Center(LC),16-24 ft.,17,-92,151,1,0,20190102,MEM,DET
Shot Chart Detail,0021800560,442,1628415,Dillon Brooks,1610612763,Memphis Grizzlies,3,1,7,Made Shot,Driving Layup Shot,2PT Field Goal,Restricted Area,Center(C),Less Than 8 ft.,0,6,-1,1,1,20190102,MEM,DET
Shot Chart Detail,0021800560,475,1628415,Dillon Brooks,1610612763,Memphis Grizzlies,4,9,23,Made Shot,Cutting Layup Shot,2PT Field Goal,Restricted Area,Center(C),Less Than 8 ft.,0,-6,5,1,1,20190102,MEM,DET
Shot Chart Detail,0021800560,482,1628415,Dillon Brooks,1610612763,Memphis Grizzlies,4,8,45,Missed Shot,Jump Shot,3PT Field Goal,Above the Break 3,Right Side Center(RC),24+ ft.,25,147,209,1,0,20190102,MEM,DET
Shot Chart Detail,0021800560,499,1628415,Dillon Brooks,1610612763,Memphis Grizzlies,4,7,43,Made Shot,Driving Layup Shot,2PT Field Goal,Restricted Area,Center(C),Less Than 8 ft.,1,-16,4,1,1,20190102,MEM,DET
Shot Chart Detail,0021800560,522,1628415,Dillon Brooks,1610612763,Memphis Grizzlies,4,6,1,Missed Shot,Driving Layup Shot,2PT Field Goal,In The Paint (Non-RA),Center(C),Less Than 8 ft.,7,60,44,1,0,20190102,MEM,DET
Shot Chart Detail,0021800560,524,1628415,Dillon Brooks,1610612763,Memphis Grizzlies,4,5,58,Made Shot,Tip Layup Shot,2PT Field Goal,Restricted Area,Center(C),Less Than 8 ft.,0,0,-6,1,1,20190102,MEM,DET
Shot Chart Detail,0021800570,82,1628415,Dillon Brooks,1610612763,Memphis Grizzlies,1,5,22,Missed Shot,Driving Floating Bank Jump Shot,2PT Field Goal,In The Paint (Non-RA),Center(C),Less Than 8 ft.,7,-46,60,1,0,20190104,MEM,BKN
Shot Chart Detail,0021800570,127,1628415,Dillon Brooks,1610612763,Memphis Grizzlies,1,2,27,Made Shot,Pullup Jump shot,2PT Field Goal,Mid-Range,Left Side Center(LC),16-24 ft.,21,-115,181,1,1,20190104,MEM,BKN
Shot Chart Detail,0021800570,139,1628415,Dillon Brooks,1610612763,Memphis Grizzlies,1,1,9,Missed Shot,Driving Layup Shot,2PT Field Goal,Restricted Area,Center(C),Less Than 8 ft.,1,-13,10,1,0,20190104,MEM,BKN
Shot Chart Detail,0021800570,163,1628415,Dillon Brooks,1610612763,Memphis Grizzlies,2,11,10,Made Shot,Running Jump Shot,3PT Field Goal,Above the Break 3,Left Side Center(LC),24+ ft.,26,-203,165,1,1,20190104,MEM,BKN
Shot Chart Detail,0021800570,190,1628415,Dillon Brooks,1610612763,Memphis Grizzlies,2,8,52,Missed Shot,Jump Shot,3PT Field Goal,Above the Break 3,Left Side Center(LC),24+ ft.,25,-157,206,1,0,20190104,MEM,BKN
Shot Chart Detail,0021800570,392,1628415,Dillon Brooks,1610612763,Memphis Grizzlies,3,6,20,Missed Shot,Pullup Jump shot,2PT Field Goal,Mid-Range,Left Side(L),8-16 ft.,12,-100,78,1,0,20190104,MEM,BKN
Shot Chart Detail,0021800570,396,1628415,Dillon Brooks,1610612763,Memphis Grizzlies,3,5,57,Missed Shot,Running Layup Shot,2PT Field Goal,Restricted Area,Center(C),Less Than 8 ft.,3,17,25,1,0,20190104,MEM,BKN
Shot Chart Detail,0021800570,461,1628415,Dillon Brooks,1610612763,Memphis Grizzlies,3,2,15,Missed Shot,Step Back Jump shot,3PT Field Goal,Above the Break 3,Center(C),24+ ft.,26,-31,260,1,0,20190104,MEM,BKN
Shot Chart Detail,0021800570,484,1628415,Dillon Brooks,1610612763,Memphis Grizzlies,3,0,2,Missed Shot,Pullup Jump shot,2PT Field Goal,Mid-Range,Right Side(R),8-16 ft.,15,122,99,1,0,20190104,MEM,BKN
Shot Chart Detail,0021800581,101,1628415,Dillon Brooks,1610612763,Memphis Grizzlies,1,4,9,Made Shot,Driving Finger Roll Layup Shot,2PT Field Goal,Restricted Area,Center(C),Less Than 8 ft.,3,36,10,1,1,20190105,SAS,MEM
Shot Chart Detail,0021800581,133,1628415,Dillon Brooks,1610612763,Memphis Grizzlies,1,2,2,Missed Shot,Jump Shot,3PT Field Goal,Above the Break 3,Right Side Center(RC),24+ ft.,26,179,193,1,0,20190105,SAS,MEM
Shot Chart Detail,0021800581,186,1628415,Dillon Brooks,1610612763,Memphis Grizzlies,2,11,30,Missed Shot,Jump Shot,2PT Field Goal,Mid-Range,Left Side(L),8-16 ft.,15,-106,108,1,0,20190105,SAS,MEM
Shot Chart Detail,0021800581,510,1628415,Dillon Brooks,1610612763,Memphis Grizzlies,3,0,2,Missed Shot,Driving Layup Shot,2PT Field Goal,Restricted Area,Center(C),Less Than 8 ft.,2,-18,21,1,0,20190105,SAS,MEM
Shot Chart Detail,0021800581,522,1628415,Dillon Brooks,1610612763,Memphis Grizzlies,4,11,2,Made Shot,Driving Layup Shot,2PT Field Goal,Restricted Area,Center(C),Less Than 8 ft.,1,16,6,1,1,20190105,SAS,MEM
Shot Chart Detail,0021800581,526,1628415,Dillon Brooks,1610612763,Memphis Grizzlies,4,10,24,Made Shot,Pullup Jump shot,3PT Field Goal,Above the Break 3,Center(C),24+ ft.,26,-19,260,1,1,20190105,SAS,MEM
Shot Chart Detail,0021800581,541,1628415,Dillon Brooks,1610612763,Memphis Grizzlies,4,9,27,Missed Shot,Driving Floating Bank Jump Shot,2PT Field Goal,In The Paint (Non-RA),Center(C),Less Than 8 ft.,7,53,47,1,0,20190105,SAS,MEM
Shot Chart Detail,0021800581,558,1628415,Dillon Brooks,1610612763,Memphis Grizzlies,4,8,28,Made Shot,Pullup Jump shot,2PT Field Goal,Mid-Range,Right Side(R),8-16 ft.,10,97,46,1,1,20190105,SAS,MEM
Shot Chart Detail,0021800581,568,1628415,Dillon Brooks,1610612763,Memphis Grizzlies,4,7,38,Made Shot,Jump Shot,3PT Field Goal,Above the Break 3,Left Side Center(LC),24+ ft.,26,-142,220,1,1,20190105,SAS,MEM
Shot Chart Detail,0021800581,578,1628415,Dillon Brooks,1610612763,Memphis Grizzlies,4,7,3,Missed Shot,Jump Shot,3PT Field Goal,Above the Break 3,Center(C),24+ ft.,26,20,265,1,0,20190105,SAS,MEM
Shot Chart Detail,0021800581,592,1628415,Dillon Brooks,1610612763,Memphis Grizzlies,4,5,41,Made Shot,Jump Shot,3PT Field Goal,Right Corner 3,Right Side(R),24+ ft.,23,228,50,1,1,20190105,SAS,MEM
