GRID_TYPE,GAME_ID,GAME_EVENT_ID,PLAYER_ID,PLAYER_NAME,TEAM_ID,TEAM_NAME,PERIOD,MINUTES_REMAINING,SECONDS_REMAINING,EVENT_TYPE,ACTION_TYPE,SHOT_TYPE,SHOT_ZONE_BASIC,SHOT_ZONE_AREA,SHOT_ZONE_RANGE,SHOT_DISTANCE,LOC_X,LOC_Y,SHOT_ATTEMPTED_FLAG,SHOT_MADE_FLAG,GAME_DATE,HTM,VTM
Shot Chart Detail,0021800014,29,1628976,Wendell Carter Jr.,1610612741,Chicago Bulls,1,9,48,Missed Shot,Turnaround Hook Shot,2PT Field Goal,Mid-Range,Left Side(L),8-16 ft.,9,-88,22,1,0,20181018,PHI,CHI
Shot Chart Detail,0021800014,43,1628976,Wendell Carter Jr.,1610612741,Chicago Bulls,1,8,49,Missed Shot,Layup Shot,2PT Field Goal,Restricted Area,Center(C),Less Than 8 ft.,2,-24,5,1,0,20181018,PHI,CHI
Shot Chart Detail,0021800014,46,1628976,Wendell Carter Jr.,1610612741,Chicago Bulls,1,8,42,Made Shot,Jump Shot,2PT Field Goal,Mid-Range,Center(C),16-24 ft.,16,25,159,1,1,20181018,PHI,CHI
Shot Chart Detail,0021800014,75,1628976,Wendell Carter Jr.,1610612741,Chicago Bulls,1,6,35,Made Shot,Floating Jump shot,2PT Field Goal,Mid-Range,Left Side(L),8-16 ft.,9,-89,-15,1,1,20181018,PHI,CHI
Shot Chart Detail,0021800014,220,1628976,Wendell Carter Jr.,1610612741,Chicago Bulls,2,8,10,Missed Shot,Jump Shot,2PT Field Goal,Mid-Range,Left Side(L),8-16 ft.,13,-139,-13,1,0,20181018,PHI,CHI
Shot Chart Detail,0021800014,414,1628976,Wendell Carter Jr.,1610612741,Chicago Bulls,3,8,31,Missed Shot,Hook Shot,2PT Field Goal,In The Paint (Non-RA),Center(C),8-16 ft.,9,12,95,1,0,20181018,PHI,CHI
Shot Chart Detail,0021800014,449,1628976,Wendell Carter Jr.,1610612741,Chicago Bulls,3,6,55,Missed Shot,Turnaround Hook Shot,2PT Field Goal,Restricted Area,Center(C),Less Than 8 ft.,2,-9,24,1,0,20181018,PHI,CHI
Shot Chart Detail,0021800014,656,1628976,Wendell Carter Jr.,1610612741,Chicago Bulls,4,4,19,Missed Shot,Cutting Layup Shot,2PT Field Goal,Restricted Area,Center(C),Less Than 8 ft.,3,6,35,1,0,20181018,PHI,CHI
Shot Chart Detail,0021800014,681,1628976,Wendell Carter Jr.,1610612741,Chicago Bulls,4,2,47,Made Shot,Cutting Dunk Shot,2PT Field Goal,Restricted Area,Center(C),Less Than 8 ft.,0,0,0,1,1,20181018,PHI,CHI
Shot Chart Detail,0021800014,698,1628976,Wendell Carter Jr.,1610612741,Chicago Bulls,4,1,21,Made Shot,Tip Layup Shot,2PT Field Goal,Restricted Area,Center(C),Less Than 8 ft.,0,0,-6,1,1,20181018,PHI,CHI
Shot Chart Detail,0021800031,9,1628976,Wendell Carter Jr.,1610612741,Chicago Bulls,1,11,30,Made Shot,Driving Dunk Shot,2PT Field Goal,Restricted Area,Center(C),Less Than 8 ft.,0,1,4,1,1,20181020,CHI,DET
Shot Chart Detail,0021800031,28,1628976,Wendell Carter Jr.,1610612741,Chicago Bulls,1,9,57,Made Shot,Jump Shot,2PT Field Goal,Restricted Area,Center(C),Less Than 8 ft.,3,30,20,1,1,20181020,CHI,DET
Shot Chart Detail,0021800031,235,1628976,Wendell Carter Jr.,1610612741,Chicago Bulls,2,8,7,Missed Shot,Driving Hook Shot,2PT Field Goal,In The Paint (Non-RA),Center(C),Less Than 8 ft.,6,11,59,1,0,20181020,CHI,DET
Shot Chart Detail,0021800031,396,1628976,Wendell Carter Jr.,1610612741,Chicago Bulls,3,10,27,Made Shot,Turnaround Fadeaway shot,2PT Field Goal,Mid-Range,Left Side(L),8-16 ft.,11,-100,55,1,1,20181020,CHI,DET
Shot Chart Detail,0021800031,401,1628976,Wendell Carter Jr.,1610612741,Chicago Bulls,3,10,1,Made Shot,Jump Shot,2PT Field Goal,Mid-Range,Center(C),8-16 ft.,15,35,154,1,1,20181020,CHI,DET
Shot Chart Detail,0021800031,447,1628976,Wendell Carter Jr.,1610612741,Chicago Bulls,3,6,0,Missed Shot,Jump Shot,2PT Field Goal,Mid-Range,Left Side Center(LC),16-24 ft.,22,-133,184,1,0,20181020,CHI,DET
Shot Chart Detail,0021800044,7,1628976,Wendell Carter Jr.,1610612741,Chicago Bulls,1,11,47,Made Shot,Driving Floating Jump Shot,2PT Field Goal,In The Paint (Non-RA),Center(C),8-16 ft.,10,-2,108,1,1,20181022,DAL,CHI
Shot Chart Detail,0021800044,52,1628976,Wendell Carter Jr.,1610612741,Chicago Bulls,1,7,33,Missed Shot,Reverse Layup Shot,2PT Field Goal,Restricted Area,Center(C),Less Than 8 ft.,2,22,9,1,0,20181022,DAL,CHI
Shot Chart Detail,0021800044,160,1628976,Wendell Carter Jr.,1610612741,Chicago Bulls,2,10,57,Missed Shot,Pullup Jump shot,2PT Field Goal,Mid-Range,Center(C),16-24 ft.,19,-40,190,1,0,20181022,DAL,CHI
Shot Chart Detail,0021800044,210,1628976,Wendell Carter Jr.,1610612741,Chicago Bulls,2,7,43,Missed Shot,Turnaround Hook Shot,2PT Field Goal,In The Paint (Non-RA),Center(C),Less Than 8 ft.,7,-69,13,1,0,20181022,DAL,CHI
Shot Chart Detail,0021800044,311,1628976,Wendell Carter Jr.,1610612741,Chicago Bulls,3,11,19,Missed Shot,Jump Shot,2PT Field Goal,Mid-Range,Left Side(L),16-24 ft.,17,-158,78,1,0,20181022,DAL,CHI
Shot Chart Detail,0021800044,361,1628976,Wendell Carter Jr.,1610612741,Chicago Bulls,3,5,59,Made Shot,Cutting Dunk Shot,2PT Field Goal,Restricted Area,Center(C),Less Than 8 ft.,0,-3,8,1,1,20181022,DAL,CHI
Shot Chart Detail,0021800044,374,1628976,Wendell Carter Jr.,1610612741,Chicago Bulls,3,4,57,Missed Shot,Jump Shot,3PT Field Goal,Right Corner 3,Right Side(R),24+ ft.,22,226,-3,1,0,20181022,DAL,CHI
Shot Chart Detail,0021800056,26,1628976,Wendell Carter Jr.,1610612741,Chicago Bulls,1,8,42,Missed Shot,Jump Shot,2PT Field Goal,Mid-Range,Left Side(L),8-16 ft.,12,-114,46,1,0,20181024,CHI,CHA
Shot Chart Detail,0021800056,257,1628976,Wendell Carter Jr.,1610612741,Chicago Bulls,2,3,37,Missed Shot,Turnaround Jump Shot,2PT Field Goal,In The Paint (Non-RA),Center(C),Less Than 8 ft.,5,-52,12,1,0,20181024,CHI,CHA
Shot Chart Detail,0021800056,275,1628976,Wendell Carter Jr.,1610612741,Chicago Bulls,2,3,15,Missed Shot,Putback Layup Shot,2PT Field Goal,Restricted Area,Center(C),Less Than 8 ft.,1,-6,18,1,0,20181024,CHI,CHA
Shot Chart Detail,0021800056,282,1628976,Wendell Carter Jr.,1610612741,Chicago Bulls,2,3,13,Missed Shot,Putback Layup Shot,2PT Field Goal,Restricted Area,Center(C),Less Than 8 ft.,1,0,15,1,0,20181024,CHI,CHA
Shot Chart Detail,0021800056,324,1628976,Wendell Carter Jr.,1610612741,Chicago Bulls,3,11,5,Missed Shot,Jump Shot,2PT Field Goal,Mid-Range,Center(C),16-24 ft.,16,9,164,1,0,20181024,CHI,CHA
Shot Chart Detail,0021800056,338,1628976,Wendell Carter Jr.,1610612741,Chicago Bulls,3,9,41,Made Shot,Jump Shot,2PT Field Goal,In The Paint (Non-RA),Center(C),8-16 ft.,9,12,95,1,1,20181024,CHI,CHA
Shot Chart Detail,0021800056,351,1628976,Wendell Carter Jr.,1610612741,Chicago Bulls,3,8,43,Made Shot,Turnaround Hook Shot,2PT Field Goal,Restricted Area,Center(C),Less Than 8 ft.,3,20,30,1,1,20181024,CHI,CHA
Shot Chart Detail,0021800067,13,1628976,Wendell Carter Jr.,1610612741,Chicago Bulls,1,11,2,Missed Shot,Layup Shot,2PT Field Goal,Restricted Area,Center(C),Less Than 8 ft.,2,-2,21,1,0,20181026,CHA,CHI
Shot Chart Detail,0021800067,28,1628976,Wendell Carter Jr.,1610612741,Chicago Bulls,1,9,24,Made Shot,Jump Shot,3PT Field Goal,Above the Break 3,Center(C),24+ ft.,24,-27,246,1,1,20181026,CHA,CHI
Shot Chart Detail,0021800067,255,1628976,Wendell Carter Jr.,1610612741,Chicago Bulls,2,4,34,Missed Shot,Jump Shot,2PT Field Goal,Mid-Range,Left Side(L),8-16 ft.,15,-150,0,1,0,20181026,CHA,CHI
Shot Chart Detail,0021800067,342,1628976,Wendell Carter Jr.,1610612741,Chicago Bulls,3,11,10,Made Shot,Hook Shot,2PT Field Goal,In The Paint (Non-RA),Left Side(L),8-16 ft.,9,-54,74,1,1,20181026,CHA,CHI
Shot Chart Detail,0021800067,586,1628976,Wendell Carter Jr.,1610612741,Chicago Bulls,4,3,22,Missed Shot,Jump Shot,2PT Field Goal,Mid-Range,Center(C),16-24 ft.,17,10,172,1,0,20181026,CHA,CHI
Shot Chart Detail,0021800076,22,1628976,Wendell Carter Jr.,1610612741,Chicago Bulls,1,10,30,Missed Shot,Jump Shot,3PT Field Goal,Above the Break 3,Center(C),24+ ft.,26,-3,260,1,0,20181027,ATL,CHI
Shot Chart Detail,0021800076,51,1628976,Wendell Carter Jr.,1610612741,Chicago Bulls,1,8,33,Made Shot,Turnaround Jump Shot,2PT Field Goal,Mid-Range,Left Side(L),16-24 ft.,16,-155,57,1,1,20181027,ATL,CHI
Shot Chart Detail,0021800076,74,1628976,Wendell Carter Jr.,1610612741,Chicago Bulls,1,6,59,Made Shot,Alley Oop Dunk Shot,2PT Field Goal,Restricted Area,Center(C),Less Than 8 ft.,1,-6,15,1,1,20181027,ATL,CHI
Shot Chart Detail,0021800076,116,1628976,Wendell Carter Jr.,1610612741,Chicago Bulls,1,4,20,Made Shot,Alley Oop Layup shot,2PT Field Goal,Restricted Area,Center(C),Less Than 8 ft.,1,-8,12,1,1,20181027,ATL,CHI
Shot Chart Detail,0021800076,245,1628976,Wendell Carter Jr.,1610612741,Chicago Bulls,2,6,28,Missed Shot,Jump Shot,3PT Field Goal,Left Corner 3,Left Side(L),24+ ft.,24,-241,26,1,0,20181027,ATL,CHI
Shot Chart Detail,0021800076,308,1628976,Wendell Carter Jr.,1610612741,Chicago Bulls,2,2,55,Missed Shot,Turnaround Jump Shot,2PT Field Goal,In The Paint (Non-RA),Left Side(L),8-16 ft.,8,-46,69,1,0,20181027,ATL,CHI
Shot Chart Detail,0021800076,313,1628976,Wendell Carter Jr.,1610612741,Chicago Bulls,2,2,21,Missed Shot,Layup Shot,2PT Field Goal,Restricted Area,Center(C),Less Than 8 ft.,1,0,12,1,0,20181027,ATL,CHI
Shot Chart Detail,0021800076,401,1628976,Wendell Carter Jr.,1610612741,Chicago Bulls,3,9,14,Made Shot,Turnaround Jump Shot,2PT Field Goal,Mid-Range,Right Side(R),8-16 ft.,11,81,77,1,1,20181027,ATL,CHI
Shot Chart Detail,0021800076,467,1628976,Wendell Carter Jr.,1610612741,Chicago Bulls,3,4,6,Missed Shot,Layup Shot,2PT Field Goal,Restricted Area,Center(C),Less Than 8 ft.,0,-5,6,1,0,20181027,ATL,CHI
Shot Chart Detail,0021800091,9,1628976,Wendell Carter Jr.,1610612741,Chicago Bulls,1,11,23,Missed Shot,Pullup Jump shot,2PT Field Goal,Mid-Range,Center(C),16-24 ft.,16,13,162,1,0,20181029,CHI,GSW
Shot Chart Detail,0021800091,26,1628976,Wendell Carter Jr.,1610612741,Chicago Bulls,1,9,37,Missed Shot,Driving Layup Shot,2PT Field Goal,Restricted Area,Center(C),Less Than 8 ft.,3,23,20,1,0,20181029,CHI,GSW
Shot Chart Detail,0021800091,51,1628976,Wendell Carter Jr.,1610612741,Chicago Bulls,1,7,49,Missed Shot,Jump Shot,3PT Field Goal,Above the Break 3,Center(C),24+ ft.,25,33,252,1,0,20181029,CHI,GSW
Shot Chart Detail,0021800091,66,1628976,Wendell Carter Jr.,1610612741,Chicago Bulls,1,6,46,Missed Shot,Jump Shot,3PT Field Goal,Left Corner 3,Left Side(L),24+ ft.,23,-233,-18,1,0,20181029,CHI,GSW
Shot Chart Detail,0021800091,103,1628976,Wendell Carter Jr.,1610612741,Chicago Bulls,1,4,20,Made Shot,Layup Shot,2PT Field Goal,Restricted Area,Center(C),Less Than 8 ft.,1,-6,10,1,1,20181029,CHI,GSW
Shot Chart Detail,0021800091,260,1628976,Wendell Carter Jr.,1610612741,Chicago Bulls,2,6,18,Made Shot,Layup Shot,2PT Field Goal,Restricted Area,Center(C),Less Than 8 ft.,1,5,9,1,1,20181029,CHI,GSW
Shot Chart Detail,0021800091,270,1628976,Wendell Carter Jr.,1610612741,Chicago Bulls,2,5,23,Made Shot,Jump Shot,2PT Field Goal,Mid-Range,Right Side(R),8-16 ft.,14,143,-6,1,1,20181029,CHI,GSW
Shot Chart Detail,0021800091,286,1628976,Wendell Carter Jr.,1610612741,Chicago Bulls,2,4,1,Missed Shot,Hook Shot,2PT Field Goal,In The Paint (Non-RA),Center(C),8-16 ft.,12,43,121,1,0,20181029,CHI,GSW
Shot Chart Detail,0021800091,327,1628976,Wendell Carter Jr.,1610612741,Chicago Bulls,2,2,15,Missed Shot,Alley Oop Layup shot,2PT Field Goal,Restricted Area,Center(C),Less Than 8 ft.,1,-18,3,1,0,20181029,CHI,GSW
Shot Chart Detail,0021800091,385,1628976,Wendell Carter Jr.,1610612741,Chicago Bulls,3,10,34,Made Shot,Jump Shot,2PT Field Goal,Mid-Range,Right Side(R),8-16 ft.,11,119,-6,1,1,20181029,CHI,GSW
Shot Chart Detail,0021800091,434,1628976,Wendell Carter Jr.,1610612741,Chicago Bulls,3,6,6,Made Shot,Jump Shot,2PT Field Goal,Mid-Range,Center(C),16-24 ft.,16,-6,160,1,1,20181029,CHI,GSW
Shot Chart Detail,0021800091,461,1628976,Wendell Carter Jr.,1610612741,Chicago Bulls,3,4,36,Made Shot,Dunk Shot,2PT Field Goal,Restricted Area,Center(C),Less Than 8 ft.,1,-8,11,1,1,20181029,CHI,GSW
Shot Chart Detail,0021800091,507,1628976,Wendell Carter Jr.,1610612741,Chicago Bulls,3,0,43,Made Shot,Cutting Layup Shot,2PT Field Goal,Restricted Area,Center(C),Less Than 8 ft.,0,-2,2,1,1,20181029,CHI,GSW
Shot Chart Detail,0021800106,8,1628976,Wendell Carter Jr.,1610612741,Chicago Bulls,1,11,24,Made Shot,Jump Shot,2PT Field Goal,Mid-Range,Center(C),8-16 ft.,15,13,153,1,1,20181031,CHI,DEN
Shot Chart Detail,0021800106,12,1628976,Wendell Carter Jr.,1610612741,Chicago Bulls,1,10,57,Missed Shot,Turnaround Fadeaway shot,2PT Field Goal,Mid-Range,Left Side(L),8-16 ft.,10,-109,14,1,0,20181031,CHI,DEN
Shot Chart Detail,0021800106,16,1628976,Wendell Carter Jr.,1610612741,Chicago Bulls,1,10,32,Missed Shot,Jump Shot,2PT Field Goal,In The Paint (Non-RA),Center(C),Less Than 8 ft.,6,19,67,1,0,20181031,CHI,DEN
Shot Chart Detail,0021800106,18,1628976,Wendell Carter Jr.,1610612741,Chicago Bulls,1,10,26,Missed Shot,Tip Layup Shot,2PT Field Goal,Restricted Area,Center(C),Less Than 8 ft.,0,0,-6,1,0,20181031,CHI,DEN
Shot Chart Detail,0021800106,62,1628976,Wendell Carter Jr.,1610612741,Chicago Bulls,1,7,2,Made Shot,Driving Layup Shot,2PT Field Goal,Restricted Area,Center(C),Less Than 8 ft.,1,5,16,1,1,20181031,CHI,DEN
Shot Chart Detail,0021800106,66,1628976,Wendell Carter Jr.,1610612741,Chicago Bulls,1,6,36,Missed Shot,Turnaround Jump Shot,2PT Field Goal,Mid-Range,Left Side(L),8-16 ft.,14,-138,26,1,0,20181031,CHI,DEN
Shot Chart Detail,0021800106,74,1628976,Wendell Carter Jr.,1610612741,Chicago Bulls,1,5,57,Missed Shot,Layup Shot,2PT Field Goal,Restricted Area,Center(C),Less Than 8 ft.,1,-8,10,1,0,20181031,CHI,DEN
Shot Chart Detail,0021800106,91,1628976,Wendell Carter Jr.,1610612741,Chicago Bulls,1,5,0,Made Shot,Layup Shot,2PT Field Goal,Restricted Area,Center(C),Less Than 8 ft.,1,17,10,1,1,20181031,CHI,DEN
Shot Chart Detail,0021800106,99,1628976,Wendell Carter Jr.,1610612741,Chicago Bulls,1,3,50,Missed Shot,Layup Shot,2PT Field Goal,Restricted Area,Center(C),Less Than 8 ft.,1,-16,4,1,0,20181031,CHI,DEN
Shot Chart Detail,0021800106,103,1628976,Wendell Carter Jr.,1610612741,Chicago Bulls,1,3,31,Made Shot,Turnaround Hook Shot,2PT Field Goal,Restricted Area,Center(C),Less Than 8 ft.,1,3,14,1,1,20181031,CHI,DEN
Shot Chart Detail,0021800106,320,1628976,Wendell Carter Jr.,1610612741,Chicago Bulls,3,11,38,Missed Shot,Driving Floating Jump Shot,2PT Field Goal,In The Paint (Non-RA),Center(C),Less Than 8 ft.,6,-7,65,1,0,20181031,CHI,DEN
Shot Chart Detail,0021800106,343,1628976,Wendell Carter Jr.,1610612741,Chicago Bulls,3,8,25,Made Shot,Jump Shot,3PT Field Goal,Left Corner 3,Left Side(L),24+ ft.,23,-234,-4,1,1,20181031,CHI,DEN
Shot Chart Detail,0021800106,347,1628976,Wendell Carter Jr.,1610612741,Chicago Bulls,3,7,44,Made Shot,Alley Oop Dunk Shot,2PT Field Goal,Restricted Area,Center(C),Less Than 8 ft.,1,-8,7,1,1,20181031,CHI,DEN
Shot Chart Detail,0021800106,364,1628976,Wendell Carter Jr.,1610612741,Chicago Bulls,3,6,40,Missed Shot,Layup Shot,2PT Field Goal,Restricted Area,Center(C),Less Than 8 ft.,1,16,1,1,0,20181031,CHI,DEN
Shot Chart Detail,0021800106,533,1628976,Wendell Carter Jr.,1610612741,Chicago Bulls,4,8,31,Missed Shot,Jump Shot,3PT Field Goal,Right Corner 3,Right Side(R),24+ ft.,23,233,-11,1,0,20181031,CHI,DEN
Shot Chart Detail,0021800106,535,1628976,Wendell Carter Jr.,1610612741,Chicago Bulls,4,8,18,Made Shot,Driving Reverse Layup Shot,2PT Field Goal,Restricted Area,Center(C),Less Than 8 ft.,1,11,1,1,1,20181031,CHI,DEN
Shot Chart Detail,0021800106,553,1628976,Wendell Carter Jr.,1610612741,Chicago Bulls,4,6,56,Made Shot,Layup Shot,2PT Field Goal,In The Paint (Non-RA),Center(C),Less Than 8 ft.,4,0,46,1,1,20181031,CHI,DEN
Shot Chart Detail,0021800106,560,1628976,Wendell Carter Jr.,1610612741,Chicago Bulls,4,6,1,Made Shot,Jump Shot,3PT Field Goal,Above the Break 3,Center(C),24+ ft.,25,-52,252,1,1,20181031,CHI,DEN
Shot Chart Detail,0021800106,610,1628976,Wendell Carter Jr.,1610612741,Chicago Bulls,4,0,44,Missed Shot,Driving Layup Shot,2PT Field Goal,Restricted Area,Center(C),Less Than 8 ft.,1,-16,8,1,0,20181031,CHI,DEN
Shot Chart Detail,0021800106,686,1628976,Wendell Carter Jr.,1610612741,Chicago Bulls,5,1,1,Missed Shot,Layup Shot,2PT Field Goal,Restricted Area,Center(C),Less Than 8 ft.,1,-19,6,1,0,20181031,CHI,DEN
Shot Chart Detail,0021800106,689,1628976,Wendell Carter Jr.,1610612741,Chicago Bulls,5,0,57,Missed Shot,Putback Layup Shot,2PT Field Goal,Restricted Area,Center(C),Less Than 8 ft.,2,6,22,1,0,20181031,CHI,DEN
Shot Chart Detail,0021800120,7,1628976,Wendell Carter Jr.,1610612741,Chicago Bulls,1,11,38,Made Shot,Jump Shot,2PT Field Goal,Mid-Range,Right Side Center(RC),16-24 ft.,16,76,141,1,1,20181102,CHI,IND
Shot Chart Detail,0021800120,10,1628976,Wendell Carter Jr.,1610612741,Chicago Bulls,1,11,7,Made Shot,Cutting Layup Shot,2PT Field Goal,Restricted Area,Center(C),Less Than 8 ft.,0,-4,-4,1,1,20181102,CHI,IND
Shot Chart Detail,0021800120,22,1628976,Wendell Carter Jr.,1610612741,Chicago Bulls,1,9,56,Made Shot,Layup Shot,2PT Field Goal,Restricted Area,Center(C),Less Than 8 ft.,1,-16,1,1,1,20181102,CHI,IND
Shot Chart Detail,0021800120,37,1628976,Wendell Carter Jr.,1610612741,Chicago Bulls,1,8,49,Missed Shot,Turnaround Jump Shot,2PT Field Goal,Mid-Range,Left Side(L),8-16 ft.,11,-114,-17,1,0,20181102,CHI,IND
Shot Chart Detail,0021800120,56,1628976,Wendell Carter Jr.,1610612741,Chicago Bulls,1,6,50,Made Shot,Putback Dunk Shot,2PT Field Goal,Restricted Area,Center(C),Less Than 8 ft.,0,0,-6,1,1,20181102,CHI,IND
Shot Chart Detail,0021800120,130,1628976,Wendell Carter Jr.,1610612741,Chicago Bulls,1,1,29,Missed Shot,Jump Shot,2PT Field Goal,In The Paint (Non-RA),Center(C),Less Than 8 ft.,7,-78,16,1,0,20181102,CHI,IND
Shot Chart Detail,0021800120,380,1628976,Wendell Carter Jr.,1610612741,Chicago Bulls,3,6,42,Missed Shot,Jump Shot,2PT Field Goal,Mid-Range,Right Side(R),8-16 ft.,13,129,41,1,0,20181102,CHI,IND
Shot Chart Detail,0021800120,412,1628976,Wendell Carter Jr.,1610612741,Chicago Bulls,3,4,4,Made Shot,Cutting Layup Shot,2PT Field Goal,Restricted Area,Center(C),Less Than 8 ft.,1,-19,0,1,1,20181102,CHI,IND
Shot Chart Detail,0021800120,563,1628976,Wendell Carter Jr.,1610612741,Chicago Bulls,4,3,36,Missed Shot,Cutting Layup Shot,2PT Field Goal,Restricted Area,Center(C),Less Than 8 ft.,1,19,-3,1,0,20181102,CHI,IND
Shot Chart Detail,0021800120,588,1628976,Wendell Carter Jr.,1610612741,Chicago Bulls,4,1,2,Missed Shot,Putback Layup Shot,2PT Field Goal,Restricted Area,Center(C),Less Than 8 ft.,0,0,-6,1,0,20181102,CHI,IND
Shot Chart Detail,0021800129,19,1628976,Wendell Carter Jr.,1610612741,Chicago Bulls,1,10,33,Made Shot,Turnaround Hook Shot,2PT Field Goal,In The Paint (Non-RA),Center(C),8-16 ft.,8,-18,78,1,1,20181103,CHI,HOU
Shot Chart Detail,0021800129,33,1628976,Wendell Carter Jr.,1610612741,Chicago Bulls,1,9,28,Missed Shot,Turnaround Hook Shot,2PT Field Goal,In The Paint (Non-RA),Right Side(R),8-16 ft.,8,62,52,1,0,20181103,CHI,HOU
Shot Chart Detail,0021800129,64,1628976,Wendell Carter Jr.,1610612741,Chicago Bulls,1,6,23,Made Shot,Jump Shot,2PT Field Goal,Mid-Range,Center(C),8-16 ft.,15,1,153,1,1,20181103,CHI,HOU
Shot Chart Detail,0021800129,217,1628976,Wendell Carter Jr.,1610612741,Chicago Bulls,2,6,43,Made Shot,Step Back Jump shot,2PT Field Goal,In The Paint (Non-RA),Right Side(R),8-16 ft.,10,65,88,1,1,20181103,CHI,HOU
Shot Chart Detail,0021800129,285,1628976,Wendell Carter Jr.,1610612741,Chicago Bulls,2,0,58,Made Shot,Step Back Jump shot,2PT Field Goal,In The Paint (Non-RA),Center(C),8-16 ft.,8,-2,83,1,1,20181103,CHI,HOU
Shot Chart Detail,0021800129,330,1628976,Wendell Carter Jr.,1610612741,Chicago Bulls,3,9,50,Missed Shot,Jump Shot,3PT Field Goal,Above the Break 3,Left Side Center(LC),24+ ft.,27,-114,246,1,0,20181103,CHI,HOU
Shot Chart Detail,0021800129,612,1628976,Wendell Carter Jr.,1610612741,Chicago Bulls,4,1,13,Missed Shot,Jump Shot,2PT Field Goal,In The Paint (Non-RA),Center(C),8-16 ft.,11,-32,106,1,0,20181103,CHI,HOU
Shot Chart Detail,0021800143,9,1628976,Wendell Carter Jr.,1610612741,Chicago Bulls,1,11,18,Missed Shot,Jump Shot,2PT Field Goal,Mid-Range,Left Side(L),8-16 ft.,14,-143,17,1,0,20181105,NYK,CHI
Shot Chart Detail,0021800143,21,1628976,Wendell Carter Jr.,1610612741,Chicago Bulls,1,9,59,Missed Shot,Jump Shot,2PT Field Goal,Mid-Range,Left Side(L),8-16 ft.,11,-111,21,1,0,20181105,NYK,CHI
Shot Chart Detail,0021800143,29,1628976,Wendell Carter Jr.,1610612741,Chicago Bulls,1,8,47,Missed Shot,Jump Shot,2PT Field Goal,Mid-Range,Left Side Center(LC),16-24 ft.,17,-84,148,1,0,20181105,NYK,CHI
Shot Chart Detail,0021800143,31,1628976,Wendell Carter Jr.,1610612741,Chicago Bulls,1,8,45,Missed Shot,Tip Dunk Shot,2PT Field Goal,Restricted Area,Center(C),Less Than 8 ft.,0,0,-6,1,0,20181105,NYK,CHI
Shot Chart Detail,0021800143,60,1628976,Wendell Carter Jr.,1610612741,Chicago Bulls,1,6,28,Missed Shot,Jump Shot,2PT Field Goal,Mid-Range,Right Side Center(RC),16-24 ft.,18,60,173,1,0,20181105,NYK,CHI
Shot Chart Detail,0021800143,236,1628976,Wendell Carter Jr.,1610612741,Chicago Bulls,2,6,12,Made Shot,Turnaround Hook Shot,2PT Field Goal,In The Paint (Non-RA),Center(C),Less Than 8 ft.,5,-52,21,1,1,20181105,NYK,CHI
Shot Chart Detail,0021800143,337,1628976,Wendell Carter Jr.,1610612741,Chicago Bulls,3,11,42,Made Shot,Jump Shot,3PT Field Goal,Above the Break 3,Right Side Center(RC),24+ ft.,26,110,236,1,1,20181105,NYK,CHI
Shot Chart Detail,0021800143,359,1628976,Wendell Carter Jr.,1610612741,Chicago Bulls,3,9,45,Made Shot,Cutting Dunk Shot,2PT Field Goal,Restricted Area,Center(C),Less Than 8 ft.,0,5,8,1,1,20181105,NYK,CHI
Shot Chart Detail,0021800143,366,1628976,Wendell Carter Jr.,1610612741,Chicago Bulls,3,9,13,Missed Shot,Layup Shot,2PT Field Goal,Restricted Area,Center(C),Less Than 8 ft.,1,7,16,1,0,20181105,NYK,CHI
Shot Chart Detail,0021800159,7,1628976,Wendell Carter Jr.,1610612741,Chicago Bulls,1,11,39,Missed Shot,Turnaround Jump Shot,2PT Field Goal,Mid-Range,Left Side(L),8-16 ft.,11,-110,10,1,0,20181107,NOP,CHI
Shot Chart Detail,0021800159,21,1628976,Wendell Carter Jr.,1610612741,Chicago Bulls,1,10,54,Made Shot,Layup Shot,2PT Field Goal,Restricted Area,Center(C),Less Than 8 ft.,2,-14,16,1,1,20181107,NOP,CHI
Shot Chart Detail,0021800159,70,1628976,Wendell Carter Jr.,1610612741,Chicago Bulls,1,6,47,Made Shot,Cutting Dunk Shot,2PT Field Goal,Restricted Area,Center(C),Less Than 8 ft.,1,-1,16,1,1,20181107,NOP,CHI
Shot Chart Detail,0021800159,94,1628976,Wendell Carter Jr.,1610612741,Chicago Bulls,1,4,56,Missed Shot,Jump Shot,3PT Field Goal,Left Corner 3,Left Side(L),24+ ft.,23,-232,10,1,0,20181107,NOP,CHI
Shot Chart Detail,0021800159,258,1628976,Wendell Carter Jr.,1610612741,Chicago Bulls,2,4,19,Made Shot,Alley Oop Dunk Shot,2PT Field Goal,Restricted Area,Center(C),Less Than 8 ft.,0,0,8,1,1,20181107,NOP,CHI
Shot Chart Detail,0021800159,280,1628976,Wendell Carter Jr.,1610612741,Chicago Bulls,2,2,31,Missed Shot,Jump Shot,2PT Field Goal,Mid-Range,Center(C),16-24 ft.,19,58,189,1,0,20181107,NOP,CHI
Shot Chart Detail,0021800159,289,1628976,Wendell Carter Jr.,1610612741,Chicago Bulls,2,1,27,Made Shot,Jump Shot,3PT Field Goal,Above the Break 3,Right Side Center(RC),24+ ft.,25,106,230,1,1,20181107,NOP,CHI
Shot Chart Detail,0021800159,338,1628976,Wendell Carter Jr.,1610612741,Chicago Bulls,3,9,28,Made Shot,Jump Shot,2PT Field Goal,Mid-Range,Center(C),16-24 ft.,16,-37,161,1,1,20181107,NOP,CHI
Shot Chart Detail,0021800159,349,1628976,Wendell Carter Jr.,1610612741,Chicago Bulls,3,8,31,Made Shot,Driving Reverse Layup Shot,2PT Field Goal,Restricted Area,Center(C),Less Than 8 ft.,2,-20,6,1,1,20181107,NOP,CHI
Shot Chart Detail,0021800159,372,1628976,Wendell Carter Jr.,1610612741,Chicago Bulls,3,6,41,Missed Shot,Layup Shot,2PT Field Goal,Restricted Area,Center(C),Less Than 8 ft.,2,-24,0,1,0,20181107,NOP,CHI
Shot Chart Detail,0021800159,604,1628976,Wendell Carter Jr.,1610612741,Chicago Bulls,4,4,2,Made Shot,Driving Dunk Shot,2PT Field Goal,Restricted Area,Center(C),Less Than 8 ft.,0,3,9,1,1,20181107,NOP,CHI
Shot Chart Detail,0021800178,32,1628976,Wendell Carter Jr.,1610612741,Chicago Bulls,1,9,34,Made Shot,Dunk Shot,2PT Field Goal,Restricted Area,Center(C),Less Than 8 ft.,0,-2,8,1,1,20181110,CHI,CLE
Shot Chart Detail,0021800178,65,1628976,Wendell Carter Jr.,1610612741,Chicago Bulls,1,6,42,Made Shot,Driving Floating Jump Shot,2PT Field Goal,Restricted Area,Center(C),Less Than 8 ft.,3,-3,30,1,1,20181110,CHI,CLE
Shot Chart Detail,0021800178,85,1628976,Wendell Carter Jr.,1610612741,Chicago Bulls,1,4,57,Missed Shot,Turnaround Jump Shot,2PT Field Goal,In The Paint (Non-RA),Center(C),Less Than 8 ft.,7,70,17,1,0,20181110,CHI,CLE
Shot Chart Detail,0021800178,103,1628976,Wendell Carter Jr.,1610612741,Chicago Bulls,1,3,51,Made Shot,Alley Oop Dunk Shot,2PT Field Goal,Restricted Area,Center(C),Less Than 8 ft.,0,1,1,1,1,20181110,CHI,CLE
Shot Chart Detail,0021800178,327,1628976,Wendell Carter Jr.,1610612741,Chicago Bulls,3,11,47,Made Shot,Jump Shot,2PT Field Goal,Mid-Range,Left Side(L),8-16 ft.,15,-157,12,1,1,20181110,CHI,CLE
Shot Chart Detail,0021800178,375,1628976,Wendell Carter Jr.,1610612741,Chicago Bulls,3,7,3,Made Shot,Dunk Shot,2PT Field Goal,Restricted Area,Center(C),Less Than 8 ft.,0,2,5,1,1,20181110,CHI,CLE
Shot Chart Detail,0021800193,9,1628976,Wendell Carter Jr.,1610612741,Chicago Bulls,1,11,26,Made Shot,Cutting Dunk Shot,2PT Field Goal,Restricted Area,Center(C),Less Than 8 ft.,0,3,1,1,1,20181112,CHI,DAL
Shot Chart Detail,0021800193,24,1628976,Wendell Carter Jr.,1610612741,Chicago Bulls,1,9,59,Missed Shot,Jump Shot,2PT Field Goal,Mid-Range,Left Side(L),8-16 ft.,11,-93,64,1,0,20181112,CHI,DAL
Shot Chart Detail,0021800193,53,1628976,Wendell Carter Jr.,1610612741,Chicago Bulls,1,7,24,Missed Shot,Jump Shot,3PT Field Goal,Above the Break 3,Center(C),24+ ft.,24,-51,242,1,0,20181112,CHI,DAL
Shot Chart Detail,0021800193,66,1628976,Wendell Carter Jr.,1610612741,Chicago Bulls,1,6,17,Missed Shot,Hook Shot,2PT Field Goal,In The Paint (Non-RA),Center(C),Less Than 8 ft.,5,6,51,1,0,20181112,CHI,DAL
Shot Chart Detail,0021800193,354,1628976,Wendell Carter Jr.,1610612741,Chicago Bulls,3,11,50,Missed Shot,Jump Shot,2PT Field Goal,In The Paint (Non-RA),Center(C),Less Than 8 ft.,6,-55,27,1,0,20181112,CHI,DAL
Shot Chart Detail,0021800193,358,1628976,Wendell Carter Jr.,1610612741,Chicago Bulls,3,11,31,Made Shot,Jump Shot,2PT Field Goal,Mid-Range,Center(C),16-24 ft.,21,65,206,1,1,20181112,CHI,DAL
Shot Chart Detail,0021800193,361,1628976,Wendell Carter Jr.,1610612741,Chicago Bulls,3,10,54,Missed Shot,Jump Shot,3PT Field Goal,Above the Break 3,Center(C),24+ ft.,24,-18,249,1,0,20181112,CHI,DAL
Shot Chart Detail,0021800193,455,1628976,Wendell Carter Jr.,1610612741,Chicago Bulls,3,3,19,Missed Shot,Jump Shot,3PT Field Goal,Left Corner 3,Left Side(L),24+ ft.,23,-230,54,1,0,20181112,CHI,DAL
Shot Chart Detail,0021800193,606,1628976,Wendell Carter Jr.,1610612741,Chicago Bulls,4,4,10,Made Shot,Putback Layup Shot,2PT Field Goal,Restricted Area,Center(C),Less Than 8 ft.,1,6,15,1,1,20181112,CHI,DAL
Shot Chart Detail,0021800204,19,1628976,Wendell Carter Jr.,1610612741,Chicago Bulls,1,10,22,Missed Shot,Step Back Jump shot,2PT Field Goal,Mid-Range,Left Side Center(LC),16-24 ft.,17,-122,123,1,0,20181114,BOS,CHI
Shot Chart Detail,0021800204,22,1628976,Wendell Carter Jr.,1610612741,Chicago Bulls,1,9,53,Made Shot,Cutting Dunk Shot,2PT Field Goal,Restricted Area,Center(C),Less Than 8 ft.,1,-14,4,1,1,20181114,BOS,CHI
Shot Chart Detail,0021800204,41,1628976,Wendell Carter Jr.,1610612741,Chicago Bulls,1,7,34,Missed Shot,Jump Shot,2PT Field Goal,In The Paint (Non-RA),Center(C),8-16 ft.,12,-23,122,1,0,20181114,BOS,CHI
Shot Chart Detail,0021800204,79,1628976,Wendell Carter Jr.,1610612741,Chicago Bulls,1,3,52,Missed Shot,Driving Layup Shot,2PT Field Goal,Restricted Area,Center(C),Less Than 8 ft.,3,-27,16,1,0,20181114,BOS,CHI
Shot Chart Detail,0021800204,200,1628976,Wendell Carter Jr.,1610612741,Chicago Bulls,2,6,53,Missed Shot,Jump Shot,2PT Field Goal,Mid-Range,Center(C),16-24 ft.,18,-28,179,1,0,20181114,BOS,CHI
Shot Chart Detail,0021800204,228,1628976,Wendell Carter Jr.,1610612741,Chicago Bulls,2,4,36,Missed Shot,Jump Shot,2PT Field Goal,Mid-Range,Center(C),16-24 ft.,19,-13,199,1,0,20181114,BOS,CHI
Shot Chart Detail,0021800204,240,1628976,Wendell Carter Jr.,1610612741,Chicago Bulls,2,3,22,Made Shot,Floating Jump shot,2PT Field Goal,In The Paint (Non-RA),Center(C),Less Than 8 ft.,7,19,74,1,1,20181114,BOS,CHI
Shot Chart Detail,0021800204,268,1628976,Wendell Carter Jr.,1610612741,Chicago Bulls,2,0,52,Missed Shot,Driving Floating Jump Shot,2PT Field Goal,In The Paint (Non-RA),Center(C),Less Than 8 ft.,6,6,62,1,0,20181114,BOS,CHI
Shot Chart Detail,0021800204,270,1628976,Wendell Carter Jr.,1610612741,Chicago Bulls,2,0,50,Missed Shot,Tip Layup Shot,2PT Field Goal,Restricted Area,Center(C),Less Than 8 ft.,0,0,-6,1,0,20181114,BOS,CHI
Shot Chart Detail,0021800204,319,1628976,Wendell Carter Jr.,1610612741,Chicago Bulls,3,8,40,Made Shot,Cutting Layup Shot,2PT Field Goal,Restricted Area,Center(C),Less Than 8 ft.,3,-19,27,1,1,20181114,BOS,CHI
Shot Chart Detail,0021800204,330,1628976,Wendell Carter Jr.,1610612741,Chicago Bulls,3,7,52,Made Shot,Running Layup Shot,2PT Field Goal,Restricted Area,Center(C),Less Than 8 ft.,0,2,9,1,1,20181114,BOS,CHI
Shot Chart Detail,0021800204,360,1628976,Wendell Carter Jr.,1610612741,Chicago Bulls,3,4,52,Missed Shot,Jump Shot,3PT Field Goal,Left Corner 3,Left Side(L),24+ ft.,22,-226,22,1,0,20181114,BOS,CHI
Shot Chart Detail,0021800204,382,1628976,Wendell Carter Jr.,1610612741,Chicago Bulls,3,3,25,Made Shot,Cutting Dunk Shot,2PT Field Goal,Restricted Area,Center(C),Less Than 8 ft.,1,2,11,1,1,20181114,BOS,CHI
Shot Chart Detail,0021800223,17,1628976,Wendell Carter Jr.,1610612741,Chicago Bulls,1,11,4,Missed Shot,Floating Jump shot,2PT Field Goal,In The Paint (Non-RA),Center(C),8-16 ft.,13,3,134,1,0,20181116,MIL,CHI
Shot Chart Detail,0021800223,27,1628976,Wendell Carter Jr.,1610612741,Chicago Bulls,1,10,41,Made Shot,Cutting Layup Shot,2PT Field Goal,Restricted Area,Center(C),Less Than 8 ft.,1,5,11,1,1,20181116,MIL,CHI
Shot Chart Detail,0021800223,47,1628976,Wendell Carter Jr.,1610612741,Chicago Bulls,1,9,3,Made Shot,Jump Shot,2PT Field Goal,Mid-Range,Center(C),8-16 ft.,15,3,157,1,1,20181116,MIL,CHI
Shot Chart Detail,0021800223,244,1628976,Wendell Carter Jr.,1610612741,Chicago Bulls,2,5,31,Made Shot,Jump Shot,2PT Field Goal,Mid-Range,Center(C),16-24 ft.,16,30,166,1,1,20181116,MIL,CHI
Shot Chart Detail,0021800223,247,1628976,Wendell Carter Jr.,1610612741,Chicago Bulls,2,4,53,Made Shot,Floating Jump shot,2PT Field Goal,In The Paint (Non-RA),Center(C),8-16 ft.,9,36,92,1,1,20181116,MIL,CHI
Shot Chart Detail,0021800223,364,1628976,Wendell Carter Jr.,1610612741,Chicago Bulls,3,9,37,Made Shot,Layup Shot,2PT Field Goal,Restricted Area,Center(C),Less Than 8 ft.,1,-14,0,1,1,20181116,MIL,CHI
Shot Chart Detail,0021800223,354,1628976,Wendell Carter Jr.,1610612741,Chicago Bulls,3,8,30,Made Shot,Turnaround Hook Shot,2PT Field Goal,Restricted Area,Center(C),Less Than 8 ft.,3,-33,7,1,1,20181116,MIL,CHI
Shot Chart Detail,0021800223,403,1628976,Wendell Carter Jr.,1610612741,Chicago Bulls,3,4,33,Missed Shot,Floating Jump shot,2PT Field Goal,In The Paint (Non-RA),Center(C),8-16 ft.,11,-30,109,1,0,20181116,MIL,CHI
Shot Chart Detail,0021800230,66,1628976,Wendell Carter Jr.,1610612741,Chicago Bulls,1,6,14,Missed Shot,Jump Shot,2PT Field Goal,Mid-Range,Right Side Center(RC),16-24 ft.,21,114,179,1,0,20181117,CHI,TOR
Shot Chart Detail,0021800230,77,1628976,Wendell Carter Jr.,1610612741,Chicago Bulls,1,4,55,Missed Shot,Turnaround Jump Shot,2PT Field Goal,Mid-Range,Left Side(L),8-16 ft.,10,-105,6,1,0,20181117,CHI,TOR
Shot Chart Detail,0021800230,299,1628976,Wendell Carter Jr.,1610612741,Chicago Bulls,2,1,14,Made Shot,Alley Oop Layup shot,2PT Field Goal,Restricted Area,Center(C),Less Than 8 ft.,1,7,13,1,1,20181117,CHI,TOR
Shot Chart Detail,0021800230,327,1628976,Wendell Carter Jr.,1610612741,Chicago Bulls,2,0,2,Missed Shot,Tip Layup Shot,2PT Field Goal,Restricted Area,Center(C),Less Than 8 ft.,0,0,-6,1,0,20181117,CHI,TOR
Shot Chart Detail,0021800230,331,1628976,Wendell Carter Jr.,1610612741,Chicago Bulls,2,0,2,Made Shot,Tip Layup Shot,2PT Field Goal,Restricted Area,Center(C),Less Than 8 ft.,0,0,-6,1,1,20181117,CHI,TOR
Shot Chart Detail,0021800230,347,1628976,Wendell Carter Jr.,1610612741,Chicago Bulls,3,11,6,Missed Shot,Turnaround Jump Shot,2PT Field Goal,Mid-Range,Left Side(L),8-16 ft.,12,-125,-13,1,0,20181117,CHI,TOR
Shot Chart Detail,0021800230,392,1628976,Wendell Carter Jr.,1610612741,Chicago Bulls,3,6,48,Missed Shot,Jump Shot,3PT Field Goal,Above the Break 3,Left Side Center(LC),24+ ft.,28,-103,264,1,0,20181117,CHI,TOR
Shot Chart Detail,0021800230,404,1628976,Wendell Carter Jr.,1610612741,Chicago Bulls,3,5,36,Missed Shot,Jump Shot,2PT Field Goal,Mid-Range,Right Side Center(RC),16-24 ft.,17,91,151,1,0,20181117,CHI,TOR
Shot Chart Detail,0021800257,12,1628976,Wendell Carter Jr.,1610612741,Chicago Bulls,1,11,29,Made Shot,Cutting Layup Shot,2PT Field Goal,Restricted Area,Center(C),Less Than 8 ft.,1,19,3,1,1,20181121,CHI,PHX
Shot Chart Detail,0021800257,21,1628976,Wendell Carter Jr.,1610612741,Chicago Bulls,1,10,26,Made Shot,Cutting Layup Shot,2PT Field Goal,Restricted Area,Center(C),Less Than 8 ft.,0,-6,4,1,1,20181121,CHI,PHX
Shot Chart Detail,0021800257,39,1628976,Wendell Carter Jr.,1610612741,Chicago Bulls,1,9,10,Made Shot,Jump Shot,2PT Field Goal,Mid-Range,Left Side(L),8-16 ft.,14,-123,69,1,1,20181121,CHI,PHX
Shot Chart Detail,0021800257,74,1628976,Wendell Carter Jr.,1610612741,Chicago Bulls,1,5,39,Missed Shot,Jump Shot,3PT Field Goal,Above the Break 3,Center(C),24+ ft.,25,58,245,1,0,20181121,CHI,PHX
Shot Chart Detail,0021800257,212,1628976,Wendell Carter Jr.,1610612741,Chicago Bulls,2,7,10,Missed Shot,Turnaround Fadeaway shot,2PT Field Goal,Mid-Range,Right Side(R),8-16 ft.,13,133,38,1,0,20181121,CHI,PHX
Shot Chart Detail,0021800257,335,1628976,Wendell Carter Jr.,1610612741,Chicago Bulls,3,11,17,Made Shot,Layup Shot,2PT Field Goal,Restricted Area,Center(C),Less Than 8 ft.,1,-5,13,1,1,20181121,CHI,PHX
Shot Chart Detail,0021800257,339,1628976,Wendell Carter Jr.,1610612741,Chicago Bulls,3,10,48,Missed Shot,Layup Shot,2PT Field Goal,Restricted Area,Center(C),Less Than 8 ft.,0,2,-1,1,0,20181121,CHI,PHX
Shot Chart Detail,0021800257,363,1628976,Wendell Carter Jr.,1610612741,Chicago Bulls,3,8,3,Made Shot,Driving Dunk Shot,2PT Field Goal,Restricted Area,Center(C),Less Than 8 ft.,0,-5,-1,1,1,20181121,CHI,PHX
Shot Chart Detail,0021800257,627,1628976,Wendell Carter Jr.,1610612741,Chicago Bulls,4,0,37,Made Shot,Layup Shot,2PT Field Goal,Restricted Area,Center(C),Less Than 8 ft.,1,3,16,1,1,20181121,CHI,PHX
Shot Chart Detail,0021800273,48,1628976,Wendell Carter Jr.,1610612741,Chicago Bulls,1,8,42,Missed Shot,Jump Shot,3PT Field Goal,Right Corner 3,Right Side(R),24+ ft.,23,237,4,1,0,20181123,CHI,MIA
Shot Chart Detail,0021800273,379,1628976,Wendell Carter Jr.,1610612741,Chicago Bulls,3,11,46,Made Shot,Layup Shot,2PT Field Goal,Restricted Area,Center(C),Less Than 8 ft.,0,3,0,1,1,20181123,CHI,MIA
Shot Chart Detail,0021800281,18,1628976,Wendell Carter Jr.,1610612741,Chicago Bulls,1,10,46,Made Shot,Alley Oop Dunk Shot,2PT Field Goal,Restricted Area,Center(C),Less Than 8 ft.,0,3,1,1,1,20181124,MIN,CHI
Shot Chart Detail,0021800281,84,1628976,Wendell Carter Jr.,1610612741,Chicago Bulls,1,4,45,Missed Shot,Jump Shot,2PT Field Goal,Mid-Range,Center(C),16-24 ft.,20,3,200,1,0,20181124,MIN,CHI
Shot Chart Detail,0021800281,672,1628976,Wendell Carter Jr.,1610612741,Chicago Bulls,1,3,5,Missed Shot,Dunk Shot,2PT Field Goal,In The Paint (Non-RA),Center(C),Less Than 8 ft.,4,-30,37,1,0,20181124,MIN,CHI
Shot Chart Detail,0021800281,238,1628976,Wendell Carter Jr.,1610612741,Chicago Bulls,2,6,26,Missed Shot,Jump Shot,3PT Field Goal,Above the Break 3,Center(C),24+ ft.,24,13,247,1,0,20181124,MIN,CHI
Shot Chart Detail,0021800281,249,1628976,Wendell Carter Jr.,1610612741,Chicago Bulls,2,6,4,Made Shot,Putback Layup Shot,2PT Field Goal,Restricted Area,Center(C),Less Than 8 ft.,2,6,25,1,1,20181124,MIN,CHI
Shot Chart Detail,0021800281,304,1628976,Wendell Carter Jr.,1610612741,Chicago Bulls,2,1,24,Missed Shot,Driving Reverse Layup Shot,2PT Field Goal,Restricted Area,Center(C),Less Than 8 ft.,1,13,10,1,0,20181124,MIN,CHI
Shot Chart Detail,0021800281,308,1628976,Wendell Carter Jr.,1610612741,Chicago Bulls,2,1,0,Made Shot,Layup Shot,2PT Field Goal,Restricted Area,Center(C),Less Than 8 ft.,2,7,19,1,1,20181124,MIN,CHI
Shot Chart Detail,0021800281,522,1628976,Wendell Carter Jr.,1610612741,Chicago Bulls,4,9,21,Missed Shot,Floating Jump shot,2PT Field Goal,In The Paint (Non-RA),Center(C),8-16 ft.,13,41,131,1,0,20181124,MIN,CHI
Shot Chart Detail,0021800281,545,1628976,Wendell Carter Jr.,1610612741,Chicago Bulls,4,7,27,Missed Shot,Jump Shot,3PT Field Goal,Above the Break 3,Right Side Center(RC),24+ ft.,24,143,205,1,0,20181124,MIN,CHI
Shot Chart Detail,0021800297,7,1628976,Wendell Carter Jr.,1610612741,Chicago Bulls,1,11,44,Missed Shot,Turnaround Jump Shot,2PT Field Goal,In The Paint (Non-RA),Center(C),Less Than 8 ft.,5,0,52,1,0,20181126,CHI,SAS
Shot Chart Detail,0021800297,12,1628976,Wendell Carter Jr.,1610612741,Chicago Bulls,1,11,22,Made Shot,Jump Shot,2PT Field Goal,Mid-Range,Center(C),8-16 ft.,13,-7,139,1,1,20181126,CHI,SAS
Shot Chart Detail,0021800297,27,1628976,Wendell Carter Jr.,1610612741,Chicago Bulls,1,9,20,Missed Shot,Jump Shot,2PT Field Goal,Mid-Range,Center(C),16-24 ft.,18,-12,184,1,0,20181126,CHI,SAS
Shot Chart Detail,0021800297,40,1628976,Wendell Carter Jr.,1610612741,Chicago Bulls,1,7,45,Missed Shot,Jump Shot,2PT Field Goal,In The Paint (Non-RA),Center(C),Less Than 8 ft.,7,74,27,1,0,20181126,CHI,SAS
Shot Chart Detail,0021800297,200,1628976,Wendell Carter Jr.,1610612741,Chicago Bulls,2,7,54,Missed Shot,Jump Shot,2PT Field Goal,Mid-Range,Center(C),8-16 ft.,15,38,152,1,0,20181126,CHI,SAS
Shot Chart Detail,0021800297,246,1628976,Wendell Carter Jr.,1610612741,Chicago Bulls,2,4,15,Made Shot,Floating Jump shot,2PT Field Goal,In The Paint (Non-RA),Center(C),Less Than 8 ft.,6,0,60,1,1,20181126,CHI,SAS
Shot Chart Detail,0021800297,250,1628976,Wendell Carter Jr.,1610612741,Chicago Bulls,2,3,40,Missed Shot,Jump Shot,2PT Field Goal,Mid-Range,Left Side(L),8-16 ft.,12,-117,38,1,0,20181126,CHI,SAS
Shot Chart Detail,0021800297,340,1628976,Wendell Carter Jr.,1610612741,Chicago Bulls,3,9,40,Made Shot,Floating Jump shot,2PT Field Goal,In The Paint (Non-RA),Center(C),8-16 ft.,12,47,119,1,1,20181126,CHI,SAS
Shot Chart Detail,0021800297,504,1628976,Wendell Carter Jr.,1610612741,Chicago Bulls,4,8,39,Made Shot,Turnaround Jump Shot,2PT Field Goal,In The Paint (Non-RA),Center(C),8-16 ft.,9,-26,94,1,1,20181126,CHI,SAS
Shot Chart Detail,0021800297,547,1628976,Wendell Carter Jr.,1610612741,Chicago Bulls,4,4,18,Missed Shot,Layup Shot,2PT Field Goal,Restricted Area,Center(C),Less Than 8 ft.,2,-25,15,1,0,20181126,CHI,SAS
Shot Chart Detail,0021800297,555,1628976,Wendell Carter Jr.,1610612741,Chicago Bulls,4,3,19,Missed Shot,Driving Hook Shot,2PT Field Goal,Restricted Area,Center(C),Less Than 8 ft.,1,0,19,1,0,20181126,CHI,SAS
Shot Chart Detail,0021800310,26,1628976,Wendell Carter Jr.,1610612741,Chicago Bulls,1,9,28,Made Shot,Jump Shot,2PT Field Goal,Mid-Range,Center(C),16-24 ft.,18,43,185,1,1,20181128,MIL,CHI
Shot Chart Detail,0021800310,280,1628976,Wendell Carter Jr.,1610612741,Chicago Bulls,2,4,39,Missed Shot,Putback Layup Shot,2PT Field Goal,Restricted Area,Center(C),Less Than 8 ft.,1,2,10,1,0,20181128,MIL,CHI
Shot Chart Detail,0021800310,289,1628976,Wendell Carter Jr.,1610612741,Chicago Bulls,2,4,6,Missed Shot,Fadeaway Jump Shot,2PT Field Goal,In The Paint (Non-RA),Center(C),8-16 ft.,10,35,95,1,0,20181128,MIL,CHI
Shot Chart Detail,0021800310,309,1628976,Wendell Carter Jr.,1610612741,Chicago Bulls,2,1,55,Missed Shot,Jump Shot,3PT Field Goal,Above the Break 3,Center(C),24+ ft.,27,5,278,1,0,20181128,MIL,CHI
Shot Chart Detail,0021800310,316,1628976,Wendell Carter Jr.,1610612741,Chicago Bulls,2,1,0,Made Shot,Turnaround Hook Shot,2PT Field Goal,Restricted Area,Center(C),Less Than 8 ft.,3,8,35,1,1,20181128,MIL,CHI
Shot Chart Detail,0021800310,357,1628976,Wendell Carter Jr.,1610612741,Chicago Bulls,3,10,25,Missed Shot,Driving Floating Jump Shot,2PT Field Goal,In The Paint (Non-RA),Center(C),Less Than 8 ft.,6,36,48,1,0,20181128,MIL,CHI
Shot Chart Detail,0021800310,383,1628976,Wendell Carter Jr.,1610612741,Chicago Bulls,3,8,10,Missed Shot,Jump Shot,2PT Field Goal,Mid-Range,Center(C),8-16 ft.,15,-9,152,1,0,20181128,MIL,CHI
Shot Chart Detail,0021800310,522,1628976,Wendell Carter Jr.,1610612741,Chicago Bulls,4,11,24,Missed Shot,Turnaround Bank Hook Shot,2PT Field Goal,In The Paint (Non-RA),Center(C),Less Than 8 ft.,7,-67,23,1,0,20181128,MIL,CHI
Shot Chart Detail,0021800310,532,1628976,Wendell Carter Jr.,1610612741,Chicago Bulls,4,10,40,Made Shot,Jump Shot,2PT Field Goal,Mid-Range,Left Side Center(LC),16-24 ft.,17,-74,162,1,1,20181128,MIL,CHI
Shot Chart Detail,0021800321,30,1628976,Wendell Carter Jr.,1610612741,Chicago Bulls,1,9,17,Made Shot,Driving Reverse Layup Shot,2PT Field Goal,Restricted Area,Center(C),Less Than 8 ft.,2,-14,22,1,1,20181130,DET,CHI
Shot Chart Detail,0021800321,92,1628976,Wendell Carter Jr.,1610612741,Chicago Bulls,1,3,23,Missed Shot,Turnaround Jump Shot,2PT Field Goal,Mid-Range,Left Side(L),8-16 ft.,11,-105,50,1,0,20181130,DET,CHI
Shot Chart Detail,0021800321,96,1628976,Wendell Carter Jr.,1610612741,Chicago Bulls,1,3,4,Made Shot,Pullup Jump shot,2PT Field Goal,In The Paint (Non-RA),Center(C),8-16 ft.,9,-5,95,1,1,20181130,DET,CHI
Shot Chart Detail,0021800321,229,1628976,Wendell Carter Jr.,1610612741,Chicago Bulls,2,5,22,Made Shot,Hook Shot,2PT Field Goal,In The Paint (Non-RA),Center(C),Less Than 8 ft.,5,-18,50,1,1,20181130,DET,CHI
Shot Chart Detail,0021800321,233,1628976,Wendell Carter Jr.,1610612741,Chicago Bulls,2,4,53,Missed Shot,Jump Shot,3PT Field Goal,Above the Break 3,Right Side Center(RC),24+ ft.,27,97,254,1,0,20181130,DET,CHI
Shot Chart Detail,0021800321,255,1628976,Wendell Carter Jr.,1610612741,Chicago Bulls,2,3,20,Missed Shot,Pullup Jump shot,2PT Field Goal,Mid-Range,Right Side(R),8-16 ft.,10,100,-1,1,0,20181130,DET,CHI
Shot Chart Detail,0021800321,278,1628976,Wendell Carter Jr.,1610612741,Chicago Bulls,2,1,1,Made Shot,Pullup Jump shot,2PT Field Goal,In The Paint (Non-RA),Center(C),Less Than 8 ft.,4,14,47,1,1,20181130,DET,CHI
Shot Chart Detail,0021800321,302,1628976,Wendell Carter Jr.,1610612741,Chicago Bulls,3,11,41,Made Shot,Jump Shot,2PT Field Goal,In The Paint (Non-RA),Center(C),8-16 ft.,12,-40,121,1,1,20181130,DET,CHI
Shot Chart Detail,0021800321,319,1628976,Wendell Carter Jr.,1610612741,Chicago Bulls,3,9,53,Made Shot,Driving Layup Shot,2PT Field Goal,In The Paint (Non-RA),Center(C),Less Than 8 ft.,4,35,25,1,1,20181130,DET,CHI
Shot Chart Detail,0021800321,326,1628976,Wendell Carter Jr.,1610612741,Chicago Bulls,3,9,18,Made Shot,Reverse Layup Shot,2PT Field Goal,Restricted Area,Center(C),Less Than 8 ft.,1,1,17,1,1,20181130,DET,CHI
Shot Chart Detail,0021800321,337,1628976,Wendell Carter Jr.,1610612741,Chicago Bulls,3,8,13,Made Shot,Layup Shot,2PT Field Goal,Restricted Area,Center(C),Less Than 8 ft.,0,-5,8,1,1,20181130,DET,CHI
Shot Chart Detail,0021800321,345,1628976,Wendell Carter Jr.,1610612741,Chicago Bulls,3,7,51,Made Shot,Jump Shot,2PT Field Goal,Mid-Range,Center(C),8-16 ft.,15,-46,150,1,1,20181130,DET,CHI
Shot Chart Detail,0021800321,350,1628976,Wendell Carter Jr.,1610612741,Chicago Bulls,3,7,22,Made Shot,Floating Jump shot,2PT Field Goal,In The Paint (Non-RA),Center(C),Less Than 8 ft.,6,-19,66,1,1,20181130,DET,CHI
Shot Chart Detail,0021800321,356,1628976,Wendell Carter Jr.,1610612741,Chicago Bulls,3,6,45,Missed Shot,Layup Shot,2PT Field Goal,Restricted Area,Center(C),Less Than 8 ft.,0,0,9,1,0,20181130,DET,CHI
Shot Chart Detail,0021800321,404,1628976,Wendell Carter Jr.,1610612741,Chicago Bulls,3,3,57,Missed Shot,Turnaround Jump Shot,2PT Field Goal,In The Paint (Non-RA),Left Side(L),8-16 ft.,10,-70,72,1,0,20181130,DET,CHI
Shot Chart Detail,0021800321,426,1628976,Wendell Carter Jr.,1610612741,Chicago Bulls,3,1,49,Made Shot,Jump Shot,2PT Field Goal,Mid-Range,Center(C),8-16 ft.,15,22,155,1,1,20181130,DET,CHI
Shot Chart Detail,0021800321,536,1628976,Wendell Carter Jr.,1610612741,Chicago Bulls,4,6,6,Missed Shot,Jump Shot,2PT Field Goal,In The Paint (Non-RA),Center(C),8-16 ft.,13,16,138,1,0,20181130,DET,CHI
Shot Chart Detail,0021800321,542,1628976,Wendell Carter Jr.,1610612741,Chicago Bulls,4,5,39,Missed Shot,Turnaround Hook Shot,2PT Field Goal,In The Paint (Non-RA),Center(C),Less Than 8 ft.,7,8,77,1,0,20181130,DET,CHI
Shot Chart Detail,0021800334,9,1628976,Wendell Carter Jr.,1610612741,Chicago Bulls,1,11,23,Missed Shot,Reverse Layup Shot,2PT Field Goal,Restricted Area,Center(C),Less Than 8 ft.,0,9,4,1,0,20181201,HOU,CHI
Shot Chart Detail,0021800334,11,1628976,Wendell Carter Jr.,1610612741,Chicago Bulls,1,11,20,Made Shot,Tip Layup Shot,2PT Field Goal,Restricted Area,Center(C),Less Than 8 ft.,0,0,-6,1,1,20181201,HOU,CHI
Shot Chart Detail,0021800334,63,1628976,Wendell Carter Jr.,1610612741,Chicago Bulls,1,6,12,Missed Shot,Driving Layup Shot,2PT Field Goal,Restricted Area,Center(C),Less Than 8 ft.,3,-23,31,1,0,20181201,HOU,CHI
Shot Chart Detail,0021800334,75,1628976,Wendell Carter Jr.,1610612741,Chicago Bulls,1,4,50,Made Shot,Driving Reverse Layup Shot,2PT Field Goal,Restricted Area,Center(C),Less Than 8 ft.,1,14,-4,1,1,20181201,HOU,CHI
Shot Chart Detail,0021800334,306,1628976,Wendell Carter Jr.,1610612741,Chicago Bulls,2,3,47,Missed Shot,Driving Reverse Layup Shot,2PT Field Goal,Restricted Area,Center(C),Less Than 8 ft.,0,4,7,1,0,20181201,HOU,CHI
Shot Chart Detail,0021800334,281,1628976,Wendell Carter Jr.,1610612741,Chicago Bulls,2,2,17,Made Shot,Turnaround Fadeaway Bank Jump Shot,2PT Field Goal,Mid-Range,Left Side(L),8-16 ft.,15,-136,81,1,1,20181201,HOU,CHI
Shot Chart Detail,0021800350,16,1628976,Wendell Carter Jr.,1610612741,Chicago Bulls,1,10,27,Missed Shot,Jump Shot,2PT Field Goal,Mid-Range,Left Side(L),8-16 ft.,11,-112,28,1,0,20181204,IND,CHI
Shot Chart Detail,0021800350,64,1628976,Wendell Carter Jr.,1610612741,Chicago Bulls,1,6,10,Missed Shot,Layup Shot,2PT Field Goal,Restricted Area,Center(C),Less Than 8 ft.,2,10,26,1,0,20181204,IND,CHI
Shot Chart Detail,0021800350,121,1628976,Wendell Carter Jr.,1610612741,Chicago Bulls,1,1,33,Made Shot,Alley Oop Layup shot,2PT Field Goal,Restricted Area,Center(C),Less Than 8 ft.,1,-5,-14,1,1,20181204,IND,CHI
Shot Chart Detail,0021800350,162,1628976,Wendell Carter Jr.,1610612741,Chicago Bulls,2,10,59,Missed Shot,Turnaround Jump Shot,2PT Field Goal,In The Paint (Non-RA),Center(C),8-16 ft.,8,35,76,1,0,20181204,IND,CHI
Shot Chart Detail,0021800350,180,1628976,Wendell Carter Jr.,1610612741,Chicago Bulls,2,9,25,Made Shot,Jump Shot,2PT Field Goal,In The Paint (Non-RA),Center(C),Less Than 8 ft.,7,-27,73,1,1,20181204,IND,CHI
Shot Chart Detail,0021800350,188,1628976,Wendell Carter Jr.,1610612741,Chicago Bulls,2,8,19,Made Shot,Jump Shot,2PT Field Goal,Mid-Range,Center(C),8-16 ft.,14,15,148,1,1,20181204,IND,CHI
Shot Chart Detail,0021800350,242,1628976,Wendell Carter Jr.,1610612741,Chicago Bulls,2,4,46,Missed Shot,Putback Layup Shot,2PT Field Goal,Restricted Area,Center(C),Less Than 8 ft.,0,0,-6,1,0,20181204,IND,CHI
Shot Chart Detail,0021800350,350,1628976,Wendell Carter Jr.,1610612741,Chicago Bulls,3,8,12,Made Shot,Layup Shot,2PT Field Goal,Restricted Area,Center(C),Less Than 8 ft.,2,-4,29,1,1,20181204,IND,CHI
Shot Chart Detail,0021800350,376,1628976,Wendell Carter Jr.,1610612741,Chicago Bulls,3,5,56,Made Shot,Jump Shot,2PT Field Goal,In The Paint (Non-RA),Center(C),8-16 ft.,10,2,100,1,1,20181204,IND,CHI
Shot Chart Detail,0021800350,471,1628976,Wendell Carter Jr.,1610612741,Chicago Bulls,4,10,30,Missed Shot,Jump Shot,2PT Field Goal,In The Paint (Non-RA),Center(C),8-16 ft.,12,2,129,1,0,20181204,IND,CHI
Shot Chart Detail,0021800350,473,1628976,Wendell Carter Jr.,1610612741,Chicago Bulls,4,10,26,Missed Shot,Layup Shot,2PT Field Goal,Restricted Area,Center(C),Less Than 8 ft.,2,-3,29,1,0,20181204,IND,CHI
Shot Chart Detail,0021800373,42,1628976,Wendell Carter Jr.,1610612741,Chicago Bulls,1,9,13,Made Shot,Layup Shot,2PT Field Goal,Restricted Area,Center(C),Less Than 8 ft.,0,-2,5,1,1,20181207,CHI,OKC
Shot Chart Detail,0021800373,74,1628976,Wendell Carter Jr.,1610612741,Chicago Bulls,1,6,49,Made Shot,Floating Jump shot,2PT Field Goal,In The Paint (Non-RA),Center(C),8-16 ft.,9,1,98,1,1,20181207,CHI,OKC
Shot Chart Detail,0021800373,84,1628976,Wendell Carter Jr.,1610612741,Chicago Bulls,1,5,47,Missed Shot,Jump Shot,2PT Field Goal,Mid-Range,Left Side(L),8-16 ft.,15,-134,72,1,0,20181207,CHI,OKC
Shot Chart Detail,0021800373,362,1628976,Wendell Carter Jr.,1610612741,Chicago Bulls,3,11,20,Missed Shot,Turnaround Fadeaway shot,2PT Field Goal,Mid-Range,Left Side(L),8-16 ft.,9,-82,54,1,0,20181207,CHI,OKC
Shot Chart Detail,0021800373,659,1628976,Wendell Carter Jr.,1610612741,Chicago Bulls,4,2,4,Missed Shot,Jump Shot,2PT Field Goal,Mid-Range,Center(C),8-16 ft.,14,6,142,1,0,20181207,CHI,OKC
Shot Chart Detail,0021800383,23,1628976,Wendell Carter Jr.,1610612741,Chicago Bulls,1,9,39,Missed Shot,Jump Shot,2PT Field Goal,Mid-Range,Center(C),16-24 ft.,16,-2,169,1,0,20181208,CHI,BOS
Shot Chart Detail,0021800383,162,1628976,Wendell Carter Jr.,1610612741,Chicago Bulls,2,10,32,Made Shot,Putback Layup Shot,2PT Field Goal,Restricted Area,Center(C),Less Than 8 ft.,2,3,20,1,1,20181208,CHI,BOS
Shot Chart Detail,0021800394,61,1628976,Wendell Carter Jr.,1610612741,Chicago Bulls,1,7,10,Missed Shot,Fadeaway Jump Shot,2PT Field Goal,Mid-Range,Right Side(R),8-16 ft.,10,90,45,1,0,20181210,CHI,SAC
Shot Chart Detail,0021800394,156,1628976,Wendell Carter Jr.,1610612741,Chicago Bulls,1,1,2,Made Shot,Turnaround Fadeaway shot,2PT Field Goal,In The Paint (Non-RA),Center(C),Less Than 8 ft.,5,23,47,1,1,20181210,CHI,SAC
Shot Chart Detail,0021800394,285,1628976,Wendell Carter Jr.,1610612741,Chicago Bulls,2,2,30,Made Shot,Dunk Shot,2PT Field Goal,Restricted Area,Center(C),Less Than 8 ft.,0,5,8,1,1,20181210,CHI,SAC
Shot Chart Detail,0021800394,306,1628976,Wendell Carter Jr.,1610612741,Chicago Bulls,2,1,1,Missed Shot,Running Layup Shot,2PT Field Goal,Restricted Area,Center(C),Less Than 8 ft.,1,-15,-8,1,0,20181210,CHI,SAC
Shot Chart Detail,0021800394,311,1628976,Wendell Carter Jr.,1610612741,Chicago Bulls,2,0,21,Missed Shot,Layup Shot,2PT Field Goal,Restricted Area,Center(C),Less Than 8 ft.,1,-3,18,1,0,20181210,CHI,SAC
Shot Chart Detail,0021800394,423,1628976,Wendell Carter Jr.,1610612741,Chicago Bulls,3,3,28,Made Shot,Driving Layup Shot,2PT Field Goal,Restricted Area,Center(C),Less Than 8 ft.,3,31,6,1,1,20181210,CHI,SAC
Shot Chart Detail,0021800418,18,1628976,Wendell Carter Jr.,1610612741,Chicago Bulls,1,10,23,Made Shot,Fadeaway Jump Shot,2PT Field Goal,Mid-Range,Right Side(R),16-24 ft.,16,164,42,1,1,20181213,ORL,CHI
Shot Chart Detail,0021800418,24,1628976,Wendell Carter Jr.,1610612741,Chicago Bulls,1,9,57,Made Shot,Floating Jump shot,2PT Field Goal,Mid-Range,Center(C),8-16 ft.,14,-6,140,1,1,20181213,ORL,CHI
Shot Chart Detail,0021800418,220,1628976,Wendell Carter Jr.,1610612741,Chicago Bulls,2,8,17,Missed Shot,Jump Shot,2PT Field Goal,Mid-Range,Right Side Center(RC),16-24 ft.,17,67,161,1,0,20181213,ORL,CHI
Shot Chart Detail,0021800418,243,1628976,Wendell Carter Jr.,1610612741,Chicago Bulls,2,6,15,Made Shot,Turnaround Hook Shot,2PT Field Goal,In The Paint (Non-RA),Center(C),Less Than 8 ft.,7,-55,52,1,1,20181213,ORL,CHI
Shot Chart Detail,0021800433,21,1628976,Wendell Carter Jr.,1610612741,Chicago Bulls,1,10,3,Made Shot,Reverse Layup Shot,2PT Field Goal,Restricted Area,Center(C),Less Than 8 ft.,0,-6,-1,1,1,20181215,SAS,CHI
Shot Chart Detail,0021800433,51,1628976,Wendell Carter Jr.,1610612741,Chicago Bulls,1,5,52,Made Shot,Floating Jump shot,2PT Field Goal,In The Paint (Non-RA),Center(C),8-16 ft.,8,-9,83,1,1,20181215,SAS,CHI
Shot Chart Detail,0021800433,59,1628976,Wendell Carter Jr.,1610612741,Chicago Bulls,1,5,19,Missed Shot,Jump Shot,2PT Field Goal,Mid-Range,Left Side(L),16-24 ft.,17,-145,105,1,0,20181215,SAS,CHI
Shot Chart Detail,0021800433,358,1628976,Wendell Carter Jr.,1610612741,Chicago Bulls,3,7,54,Missed Shot,Putback Layup Shot,2PT Field Goal,Restricted Area,Center(C),Less Than 8 ft.,0,0,-6,1,0,20181215,SAS,CHI
Shot Chart Detail,0021800433,430,1628976,Wendell Carter Jr.,1610612741,Chicago Bulls,3,1,47,Made Shot,Cutting Dunk Shot,2PT Field Goal,Restricted Area,Center(C),Less Than 8 ft.,0,-4,9,1,1,20181215,SAS,CHI
Shot Chart Detail,0021800447,9,1628976,Wendell Carter Jr.,1610612741,Chicago Bulls,1,11,35,Made Shot,Alley Oop Dunk Shot,2PT Field Goal,Restricted Area,Center(C),Less Than 8 ft.,1,-11,-10,1,1,20181217,OKC,CHI
Shot Chart Detail,0021800447,57,1628976,Wendell Carter Jr.,1610612741,Chicago Bulls,1,7,57,Made Shot,Cutting Dunk Shot,2PT Field Goal,Restricted Area,Center(C),Less Than 8 ft.,0,-2,5,1,1,20181217,OKC,CHI
Shot Chart Detail,0021800447,303,1628976,Wendell Carter Jr.,1610612741,Chicago Bulls,2,2,20,Made Shot,Cutting Layup Shot,2PT Field Goal,Restricted Area,Center(C),Less Than 8 ft.,1,19,3,1,1,20181217,OKC,CHI
Shot Chart Detail,0021800447,356,1628976,Wendell Carter Jr.,1610612741,Chicago Bulls,3,10,51,Missed Shot,Floating Jump shot,2PT Field Goal,In The Paint (Non-RA),Right Side(R),8-16 ft.,9,46,78,1,0,20181217,OKC,CHI
Shot Chart Detail,0021800447,396,1628976,Wendell Carter Jr.,1610612741,Chicago Bulls,3,7,44,Missed Shot,Jump Shot,2PT Field Goal,Mid-Range,Right Side(R),8-16 ft.,14,145,38,1,0,20181217,OKC,CHI
Shot Chart Detail,0021800447,407,1628976,Wendell Carter Jr.,1610612741,Chicago Bulls,3,7,14,Made Shot,Cutting Dunk Shot,2PT Field Goal,Restricted Area,Center(C),Less Than 8 ft.,0,-5,1,1,1,20181217,OKC,CHI
Shot Chart Detail,0021800447,630,1628976,Wendell Carter Jr.,1610612741,Chicago Bulls,4,4,40,Missed Shot,Turnaround Hook Shot,2PT Field Goal,In The Paint (Non-RA),Center(C),Less Than 8 ft.,7,-47,59,1,0,20181217,OKC,CHI
Shot Chart Detail,0021800447,646,1628976,Wendell Carter Jr.,1610612741,Chicago Bulls,4,3,32,Missed Shot,Jump Shot,3PT Field Goal,Above the Break 3,Right Side Center(RC),24+ ft.,25,92,243,1,0,20181217,OKC,CHI
Shot Chart Detail,0021800460,10,1628976,Wendell Carter Jr.,1610612741,Chicago Bulls,1,11,10,Made Shot,Cutting Dunk Shot,2PT Field Goal,Restricted Area,Center(C),Less Than 8 ft.,1,-9,10,1,1,20181219,CHI,BKN
Shot Chart Detail,0021800460,41,1628976,Wendell Carter Jr.,1610612741,Chicago Bulls,1,8,26,Missed Shot,Jump Shot,3PT Field Goal,Above the Break 3,Left Side Center(LC),24+ ft.,25,-93,239,1,0,20181219,CHI,BKN
Shot Chart Detail,0021800460,45,1628976,Wendell Carter Jr.,1610612741,Chicago Bulls,1,7,55,Missed Shot,Hook Shot,2PT Field Goal,In The Paint (Non-RA),Center(C),Less Than 8 ft.,4,-1,42,1,0,20181219,CHI,BKN
Shot Chart Detail,0021800460,94,1628976,Wendell Carter Jr.,1610612741,Chicago Bulls,1,3,10,Made Shot,Layup Shot,2PT Field Goal,Restricted Area,Center(C),Less Than 8 ft.,0,8,-1,1,1,20181219,CHI,BKN
Shot Chart Detail,0021800460,268,1628976,Wendell Carter Jr.,1610612741,Chicago Bulls,2,0,45,Missed Shot,Jump Shot,2PT Field Goal,Mid-Range,Left Side Center(LC),16-24 ft.,21,-150,153,1,0,20181219,CHI,BKN
Shot Chart Detail,0021800460,290,1628976,Wendell Carter Jr.,1610612741,Chicago Bulls,3,9,59,Made Shot,Jump Shot,2PT Field Goal,In The Paint (Non-RA),Center(C),8-16 ft.,13,11,132,1,1,20181219,CHI,BKN
Shot Chart Detail,0021800460,299,1628976,Wendell Carter Jr.,1610612741,Chicago Bulls,3,8,44,Missed Shot,Turnaround Hook Shot,2PT Field Goal,In The Paint (Non-RA),Center(C),Less Than 8 ft.,6,28,59,1,0,20181219,CHI,BKN
Shot Chart Detail,0021800460,318,1628976,Wendell Carter Jr.,1610612741,Chicago Bulls,3,6,57,Missed Shot,Jump Shot,2PT Field Goal,Mid-Range,Right Side(R),8-16 ft.,14,147,-12,1,0,20181219,CHI,BKN
Shot Chart Detail,0021800460,324,1628976,Wendell Carter Jr.,1610612741,Chicago Bulls,3,6,22,Made Shot,Cutting Dunk Shot,2PT Field Goal,Restricted Area,Center(C),Less Than 8 ft.,0,-5,-1,1,1,20181219,CHI,BKN
Shot Chart Detail,0021800460,573,1628976,Wendell Carter Jr.,1610612741,Chicago Bulls,4,1,10,Missed Shot,Tip Layup Shot,2PT Field Goal,Restricted Area,Center(C),Less Than 8 ft.,0,0,-6,1,0,20181219,CHI,BKN
Shot Chart Detail,0021800474,46,1628976,Wendell Carter Jr.,1610612741,Chicago Bulls,1,7,57,Made Shot,Putback Layup Shot,2PT Field Goal,Restricted Area,Center(C),Less Than 8 ft.,1,5,10,1,1,20181221,CHI,ORL
Shot Chart Detail,0021800474,57,1628976,Wendell Carter Jr.,1610612741,Chicago Bulls,1,6,27,Missed Shot,Floating Jump shot,2PT Field Goal,In The Paint (Non-RA),Center(C),Less Than 8 ft.,6,8,62,1,0,20181221,CHI,ORL
Shot Chart Detail,0021800474,276,1628976,Wendell Carter Jr.,1610612741,Chicago Bulls,2,2,24,Made Shot,Jump Shot,2PT Field Goal,Mid-Range,Right Side Center(RC),16-24 ft.,19,98,171,1,1,20181221,CHI,ORL
Shot Chart Detail,0021800474,280,1628976,Wendell Carter Jr.,1610612741,Chicago Bulls,2,1,50,Made Shot,Jump Shot,2PT Field Goal,Restricted Area,Center(C),Less Than 8 ft.,3,7,38,1,1,20181221,CHI,ORL
Shot Chart Detail,0021800474,287,1628976,Wendell Carter Jr.,1610612741,Chicago Bulls,2,1,11,Made Shot,Fadeaway Jump Shot,2PT Field Goal,Mid-Range,Right Side Center(RC),16-24 ft.,18,149,116,1,1,20181221,CHI,ORL
Shot Chart Detail,0021800474,360,1628976,Wendell Carter Jr.,1610612741,Chicago Bulls,3,8,13,Missed Shot,Floating Jump shot,2PT Field Goal,In The Paint (Non-RA),Center(C),Less Than 8 ft.,7,-6,74,1,0,20181221,CHI,ORL
Shot Chart Detail,0021800474,583,1628976,Wendell Carter Jr.,1610612741,Chicago Bulls,4,3,32,Made Shot,Layup Shot,2PT Field Goal,Restricted Area,Center(C),Less Than 8 ft.,2,-20,4,1,1,20181221,CHI,ORL
Shot Chart Detail,0021800474,603,1628976,Wendell Carter Jr.,1610612741,Chicago Bulls,4,1,50,Missed Shot,Putback Layup Shot,2PT Field Goal,Restricted Area,Center(C),Less Than 8 ft.,3,20,27,1,0,20181221,CHI,ORL
Shot Chart Detail,0021800490,97,1628976,Wendell Carter Jr.,1610612741,Chicago Bulls,1,9,41,Missed Shot,Tip Layup Shot,2PT Field Goal,Restricted Area,Center(C),Less Than 8 ft.,1,-7,-8,1,0,20181223,CLE,CHI
Shot Chart Detail,0021800490,40,1628976,Wendell Carter Jr.,1610612741,Chicago Bulls,1,8,32,Missed Shot,Floating Jump shot,2PT Field Goal,In The Paint (Non-RA),Center(C),Less Than 8 ft.,7,11,78,1,0,20181223,CLE,CHI
Shot Chart Detail,0021800490,77,1628976,Wendell Carter Jr.,1610612741,Chicago Bulls,1,5,4,Missed Shot,Tip Layup Shot,2PT Field Goal,Restricted Area,Center(C),Less Than 8 ft.,0,0,-6,1,0,20181223,CLE,CHI
Shot Chart Detail,0021800490,91,1628976,Wendell Carter Jr.,1610612741,Chicago Bulls,1,4,20,Missed Shot,Layup Shot,2PT Field Goal,Restricted Area,Center(C),Less Than 8 ft.,2,-6,27,1,0,20181223,CLE,CHI
Shot Chart Detail,0021800490,101,1628976,Wendell Carter Jr.,1610612741,Chicago Bulls,1,3,12,Missed Shot,Jump Shot,2PT Field Goal,Mid-Range,Right Side(R),8-16 ft.,14,130,62,1,0,20181223,CLE,CHI
Shot Chart Detail,0021800490,358,1628976,Wendell Carter Jr.,1610612741,Chicago Bulls,3,5,48,Made Shot,Alley Oop Dunk Shot,2PT Field Goal,Restricted Area,Center(C),Less Than 8 ft.,1,13,15,1,1,20181223,CLE,CHI
Shot Chart Detail,0021800490,362,1628976,Wendell Carter Jr.,1610612741,Chicago Bulls,3,5,20,Made Shot,Layup Shot,2PT Field Goal,Restricted Area,Center(C),Less Than 8 ft.,0,5,-1,1,1,20181223,CLE,CHI
Shot Chart Detail,0021800507,55,1628976,Wendell Carter Jr.,1610612741,Chicago Bulls,1,7,0,Missed Shot,Putback Layup Shot,2PT Field Goal,Restricted Area,Center(C),Less Than 8 ft.,1,-15,4,1,0,20181226,CHI,MIN
Shot Chart Detail,0021800507,82,1628976,Wendell Carter Jr.,1610612741,Chicago Bulls,1,5,7,Made Shot,Cutting Dunk Shot,2PT Field Goal,Restricted Area,Center(C),Less Than 8 ft.,0,2,5,1,1,20181226,CHI,MIN
Shot Chart Detail,0021800507,93,1628976,Wendell Carter Jr.,1610612741,Chicago Bulls,1,4,19,Missed Shot,Pullup Jump shot,2PT Field Goal,Mid-Range,Center(C),16-24 ft.,16,3,166,1,0,20181226,CHI,MIN
Shot Chart Detail,0021800507,101,1628976,Wendell Carter Jr.,1610612741,Chicago Bulls,1,3,35,Missed Shot,Step Back Jump shot,2PT Field Goal,Mid-Range,Center(C),16-24 ft.,16,7,168,1,0,20181226,CHI,MIN
Shot Chart Detail,0021800507,342,1628976,Wendell Carter Jr.,1610612741,Chicago Bulls,3,11,40,Made Shot,Driving Hook Shot,2PT Field Goal,In The Paint (Non-RA),Center(C),Less Than 8 ft.,5,-7,58,1,1,20181226,CHI,MIN
Shot Chart Detail,0021800507,421,1628976,Wendell Carter Jr.,1610612741,Chicago Bulls,3,10,27,Missed Shot,Layup Shot,2PT Field Goal,Restricted Area,Center(C),Less Than 8 ft.,1,-4,13,1,0,20181226,CHI,MIN
Shot Chart Detail,0021800507,365,1628976,Wendell Carter Jr.,1610612741,Chicago Bulls,3,9,54,Made Shot,Putback Dunk Shot,2PT Field Goal,Restricted Area,Center(C),Less Than 8 ft.,0,0,-6,1,1,20181226,CHI,MIN
Shot Chart Detail,0021800507,368,1628976,Wendell Carter Jr.,1610612741,Chicago Bulls,3,9,25,Made Shot,Alley Oop Dunk Shot,2PT Field Goal,Restricted Area,Center(C),Less Than 8 ft.,1,-9,7,1,1,20181226,CHI,MIN
Shot Chart Detail,0021800507,398,1628976,Wendell Carter Jr.,1610612741,Chicago Bulls,3,6,7,Made Shot,Alley Oop Dunk Shot,2PT Field Goal,Restricted Area,Center(C),Less Than 8 ft.,0,-2,5,1,1,20181226,CHI,MIN
Shot Chart Detail,0021800507,425,1628976,Wendell Carter Jr.,1610612741,Chicago Bulls,3,4,34,Made Shot,Driving Floating Jump Shot,2PT Field Goal,In The Paint (Non-RA),Center(C),8-16 ft.,11,-5,112,1,1,20181226,CHI,MIN
Shot Chart Detail,0021800507,434,1628976,Wendell Carter Jr.,1610612741,Chicago Bulls,3,3,21,Missed Shot,Cutting Layup Shot,2PT Field Goal,Restricted Area,Center(C),Less Than 8 ft.,3,-30,7,1,0,20181226,CHI,MIN
Shot Chart Detail,0021800520,32,1628976,Wendell Carter Jr.,1610612741,Chicago Bulls,1,8,46,Missed Shot,Turnaround Hook Shot,2PT Field Goal,In The Paint (Non-RA),Center(C),8-16 ft.,11,-17,111,1,0,20181228,WAS,CHI
Shot Chart Detail,0021800520,36,1628976,Wendell Carter Jr.,1610612741,Chicago Bulls,1,8,13,Made Shot,Alley Oop Layup shot,2PT Field Goal,Restricted Area,Center(C),Less Than 8 ft.,1,14,6,1,1,20181228,WAS,CHI
Shot Chart Detail,0021800520,57,1628976,Wendell Carter Jr.,1610612741,Chicago Bulls,1,5,48,Made Shot,Layup Shot,2PT Field Goal,Restricted Area,Center(C),Less Than 8 ft.,2,15,15,1,1,20181228,WAS,CHI
Shot Chart Detail,0021800520,85,1628976,Wendell Carter Jr.,1610612741,Chicago Bulls,1,4,13,Made Shot,Cutting Dunk Shot,2PT Field Goal,Restricted Area,Center(C),Less Than 8 ft.,1,4,10,1,1,20181228,WAS,CHI
Shot Chart Detail,0021800520,95,1628976,Wendell Carter Jr.,1610612741,Chicago Bulls,1,3,11,Made Shot,Reverse Layup Shot,2PT Field Goal,Restricted Area,Center(C),Less Than 8 ft.,1,6,10,1,1,20181228,WAS,CHI
Shot Chart Detail,0021800520,115,1628976,Wendell Carter Jr.,1610612741,Chicago Bulls,1,1,35,Made Shot,Driving Layup Shot,2PT Field Goal,Restricted Area,Center(C),Less Than 8 ft.,1,-12,15,1,1,20181228,WAS,CHI
Shot Chart Detail,0021800520,280,1628976,Wendell Carter Jr.,1610612741,Chicago Bulls,2,2,48,Missed Shot,Turnaround Jump Shot,2PT Field Goal,Mid-Range,Left Side(L),16-24 ft.,16,-154,54,1,0,20181228,WAS,CHI
Shot Chart Detail,0021800520,338,1628976,Wendell Carter Jr.,1610612741,Chicago Bulls,3,10,42,Made Shot,Dunk Shot,2PT Field Goal,Restricted Area,Center(C),Less Than 8 ft.,1,8,16,1,1,20181228,WAS,CHI
Shot Chart Detail,0021800520,346,1628976,Wendell Carter Jr.,1610612741,Chicago Bulls,3,9,38,Made Shot,Cutting Dunk Shot,2PT Field Goal,Restricted Area,Center(C),Less Than 8 ft.,1,-5,11,1,1,20181228,WAS,CHI
Shot Chart Detail,0021800520,353,1628976,Wendell Carter Jr.,1610612741,Chicago Bulls,3,8,29,Made Shot,Jump Shot,2PT Field Goal,Mid-Range,Center(C),16-24 ft.,20,-25,203,1,1,20181228,WAS,CHI
Shot Chart Detail,0021800538,9,1628976,Wendell Carter Jr.,1610612741,Chicago Bulls,1,11,25,Made Shot,Floating Jump shot,2PT Field Goal,In The Paint (Non-RA),Center(C),8-16 ft.,11,-18,109,1,1,20181230,TOR,CHI
Shot Chart Detail,0021800538,12,1628976,Wendell Carter Jr.,1610612741,Chicago Bulls,1,10,47,Missed Shot,Jump Shot,3PT Field Goal,Left Corner 3,Left Side(L),24+ ft.,23,-236,-1,1,0,20181230,TOR,CHI
Shot Chart Detail,0021800538,74,1628976,Wendell Carter Jr.,1610612741,Chicago Bulls,1,4,37,Missed Shot,Jump Shot,2PT Field Goal,Mid-Range,Center(C),16-24 ft.,17,-2,176,1,0,20181230,TOR,CHI
Shot Chart Detail,0021800538,221,1628976,Wendell Carter Jr.,1610612741,Chicago Bulls,2,4,43,Made Shot,Alley Oop Layup shot,2PT Field Goal,Restricted Area,Center(C),Less Than 8 ft.,2,13,21,1,1,20181230,TOR,CHI
Shot Chart Detail,0021800538,345,1628976,Wendell Carter Jr.,1610612741,Chicago Bulls,3,6,43,Missed Shot,Layup Shot,2PT Field Goal,Restricted Area,Center(C),Less Than 8 ft.,0,7,0,1,0,20181230,TOR,CHI
Shot Chart Detail,0021800538,473,1628976,Wendell Carter Jr.,1610612741,Chicago Bulls,4,8,41,Made Shot,Turnaround Hook Shot,2PT Field Goal,In The Paint (Non-RA),Center(C),Less Than 8 ft.,7,-37,61,1,1,20181230,TOR,CHI
Shot Chart Detail,0021800538,481,1628976,Wendell Carter Jr.,1610612741,Chicago Bulls,4,8,7,Made Shot,Tip Dunk Shot,2PT Field Goal,Restricted Area,Center(C),Less Than 8 ft.,0,0,-6,1,1,20181230,TOR,CHI
Shot Chart Detail,0021800538,488,1628976,Wendell Carter Jr.,1610612741,Chicago Bulls,4,7,2,Missed Shot,Hook Bank Shot,2PT Field Goal,Restricted Area,Center(C),Less Than 8 ft.,2,23,4,1,0,20181230,TOR,CHI
Shot Chart Detail,0021800538,577,1628976,Wendell Carter Jr.,1610612741,Chicago Bulls,4,0,21,Made Shot,Cutting Dunk Shot,2PT Field Goal,Restricted Area,Center(C),Less Than 8 ft.,0,3,-1,1,1,20181230,TOR,CHI
Shot Chart Detail,0021800538,585,1628976,Wendell Carter Jr.,1610612741,Chicago Bulls,4,0,13,Made Shot,Tip Layup Shot,2PT Field Goal,Restricted Area,Center(C),Less Than 8 ft.,0,0,-6,1,1,20181230,TOR,CHI
Shot Chart Detail,0021800559,22,1628976,Wendell Carter Jr.,1610612741,Chicago Bulls,1,9,59,Missed Shot,Floating Jump shot,2PT Field Goal,In The Paint (Non-RA),Center(C),8-16 ft.,9,-30,94,1,0,20190102,CHI,ORL
Shot Chart Detail,0021800559,66,1628976,Wendell Carter Jr.,1610612741,Chicago Bulls,1,5,40,Missed Shot,Turnaround Fadeaway shot,2PT Field Goal,Mid-Range,Left Side(L),8-16 ft.,9,-90,5,1,0,20190102,CHI,ORL
Shot Chart Detail,0021800559,73,1628976,Wendell Carter Jr.,1610612741,Chicago Bulls,1,4,36,Missed Shot,Jump Shot,2PT Field Goal,Mid-Range,Center(C),16-24 ft.,21,-35,209,1,0,20190102,CHI,ORL
Shot Chart Detail,0021800559,281,1628976,Wendell Carter Jr.,1610612741,Chicago Bulls,3,11,32,Missed Shot,Floating Jump shot,2PT Field Goal,In The Paint (Non-RA),Center(C),8-16 ft.,12,-18,122,1,0,20190102,CHI,ORL
Shot Chart Detail,0021800559,311,1628976,Wendell Carter Jr.,1610612741,Chicago Bulls,3,8,38,Missed Shot,Turnaround Jump Shot,2PT Field Goal,In The Paint (Non-RA),Center(C),Less Than 8 ft.,7,25,70,1,0,20190102,CHI,ORL
Shot Chart Detail,0021800569,26,1628976,Wendell Carter Jr.,1610612741,Chicago Bulls,1,9,6,Made Shot,Cutting Layup Shot,2PT Field Goal,Restricted Area,Center(C),Less Than 8 ft.,0,-5,8,1,1,20190104,CHI,IND
Shot Chart Detail,0021800569,44,1628976,Wendell Carter Jr.,1610612741,Chicago Bulls,1,7,33,Missed Shot,Turnaround Jump Shot,2PT Field Goal,Mid-Range,Left Side(L),8-16 ft.,11,-114,13,1,0,20190104,CHI,IND
Shot Chart Detail,0021800569,91,1628976,Wendell Carter Jr.,1610612741,Chicago Bulls,1,3,0,Made Shot,Turnaround Fadeaway shot,2PT Field Goal,In The Paint (Non-RA),Center(C),Less Than 8 ft.,4,-6,45,1,1,20190104,CHI,IND
Shot Chart Detail,0021800569,263,1628976,Wendell Carter Jr.,1610612741,Chicago Bulls,2,2,45,Made Shot,Layup Shot,2PT Field Goal,Restricted Area,Center(C),Less Than 8 ft.,0,0,-6,1,1,20190104,CHI,IND
Shot Chart Detail,0021800569,287,1628976,Wendell Carter Jr.,1610612741,Chicago Bulls,2,1,7,Made Shot,Finger Roll Layup Shot,2PT Field Goal,Restricted Area,Center(C),Less Than 8 ft.,1,1,16,1,1,20190104,CHI,IND
Shot Chart Detail,0021800569,338,1628976,Wendell Carter Jr.,1610612741,Chicago Bulls,3,8,59,Missed Shot,Jump Shot,3PT Field Goal,Left Corner 3,Left Side(L),24+ ft.,23,-232,-20,1,0,20190104,CHI,IND
Shot Chart Detail,0021800569,368,1628976,Wendell Carter Jr.,1610612741,Chicago Bulls,3,5,40,Made Shot,Putback Layup Shot,2PT Field Goal,Restricted Area,Center(C),Less Than 8 ft.,0,0,-6,1,1,20190104,CHI,IND
Shot Chart Detail,0021800569,372,1628976,Wendell Carter Jr.,1610612741,Chicago Bulls,3,5,3,Made Shot,Driving Dunk Shot,2PT Field Goal,Restricted Area,Center(C),Less Than 8 ft.,0,3,5,1,1,20190104,CHI,IND
Shot Chart Detail,0021800569,529,1628976,Wendell Carter Jr.,1610612741,Chicago Bulls,4,4,18,Missed Shot,Hook Shot,2PT Field Goal,In The Paint (Non-RA),Center(C),Less Than 8 ft.,6,21,62,1,0,20190104,CHI,IND
Shot Chart Detail,0021800584,23,1628976,Wendell Carter Jr.,1610612741,Chicago Bulls,1,10,12,Missed Shot,Driving Hook Shot,2PT Field Goal,In The Paint (Non-RA),Center(C),Less Than 8 ft.,4,-9,44,1,0,20190106,CHI,BKN
Shot Chart Detail,0021800584,34,1628976,Wendell Carter Jr.,1610612741,Chicago Bulls,1,9,8,Missed Shot,Jump Shot,3PT Field Goal,Above the Break 3,Center(C),24+ ft.,26,-18,268,1,0,20190106,CHI,BKN
Shot Chart Detail,0021800584,217,1628976,Wendell Carter Jr.,1610612741,Chicago Bulls,2,7,27,Made Shot,Putback Dunk Shot,2PT Field Goal,Restricted Area,Center(C),Less Than 8 ft.,0,0,-6,1,1,20190106,CHI,BKN
Shot Chart Detail,0021800584,220,1628976,Wendell Carter Jr.,1610612741,Chicago Bulls,2,7,2,Made Shot,Jump Shot,2PT Field Goal,Mid-Range,Center(C),16-24 ft.,16,-5,165,1,1,20190106,CHI,BKN
Shot Chart Detail,0021800584,548,1628976,Wendell Carter Jr.,1610612741,Chicago Bulls,4,4,15,Missed Shot,Dunk Shot,2PT Field Goal,Restricted Area,Center(C),Less Than 8 ft.,0,-4,6,1,0,20190106,CHI,BKN
Shot Chart Detail,0021800615,12,1628976,Wendell Carter Jr.,1610612741,Chicago Bulls,1,11,11,Made Shot,Tip Layup Shot,2PT Field Goal,Restricted Area,Center(C),Less Than 8 ft.,0,0,-6,1,1,20190109,POR,CHI
Shot Chart Detail,0021800615,41,1628976,Wendell Carter Jr.,1610612741,Chicago Bulls,1,7,51,Made Shot,Cutting Dunk Shot,2PT Field Goal,Restricted Area,Center(C),Less Than 8 ft.,0,-7,1,1,1,20190109,POR,CHI
Shot Chart Detail,0021800615,59,1628976,Wendell Carter Jr.,1610612741,Chicago Bulls,1,6,8,Made Shot,Alley Oop Dunk Shot,2PT Field Goal,Restricted Area,Center(C),Less Than 8 ft.,0,-9,-1,1,1,20190109,POR,CHI
Shot Chart Detail,0021800615,70,1628976,Wendell Carter Jr.,1610612741,Chicago Bulls,1,5,13,Made Shot,Cutting Layup Shot,2PT Field Goal,Restricted Area,Center(C),Less Than 8 ft.,2,-19,11,1,1,20190109,POR,CHI
Shot Chart Detail,0021800615,73,1628976,Wendell Carter Jr.,1610612741,Chicago Bulls,1,4,45,Missed Shot,Driving Floating Jump Shot,2PT Field Goal,In The Paint (Non-RA),Center(C),Less Than 8 ft.,7,73,25,1,0,20190109,POR,CHI
Shot Chart Detail,0021800615,225,1628976,Wendell Carter Jr.,1610612741,Chicago Bulls,2,3,56,Missed Shot,Pullup Jump shot,2PT Field Goal,In The Paint (Non-RA),Left Side(L),8-16 ft.,9,-74,55,1,0,20190109,POR,CHI
Shot Chart Detail,0021800615,301,1628976,Wendell Carter Jr.,1610612741,Chicago Bulls,3,11,3,Made Shot,Turnaround Jump Shot,2PT Field Goal,In The Paint (Non-RA),Center(C),Less Than 8 ft.,5,-49,17,1,1,20190109,POR,CHI
Shot Chart Detail,0021800615,323,1628976,Wendell Carter Jr.,1610612741,Chicago Bulls,3,8,27,Made Shot,Jump Shot,3PT Field Goal,Left Corner 3,Left Side(L),24+ ft.,22,-225,-2,1,1,20190109,POR,CHI
Shot Chart Detail,0021800615,475,1628976,Wendell Carter Jr.,1610612741,Chicago Bulls,4,10,17,Made Shot,Layup Shot,2PT Field Goal,Restricted Area,Center(C),Less Than 8 ft.,0,5,3,1,1,20190109,POR,CHI
Shot Chart Detail,0021800629,13,1628976,Wendell Carter Jr.,1610612741,Chicago Bulls,1,10,57,Made Shot,Floating Jump shot,2PT Field Goal,In The Paint (Non-RA),Center(C),8-16 ft.,12,-13,123,1,1,20190111,GSW,CHI
Shot Chart Detail,0021800629,33,1628976,Wendell Carter Jr.,1610612741,Chicago Bulls,1,9,26,Missed Shot,Turnaround Jump Shot,2PT Field Goal,In The Paint (Non-RA),Left Side(L),8-16 ft.,9,-66,63,1,0,20190111,GSW,CHI
Shot Chart Detail,0021800629,346,1628976,Wendell Carter Jr.,1610612741,Chicago Bulls,3,11,14,Made Shot,Putback Dunk Shot,2PT Field Goal,Restricted Area,Center(C),Less Than 8 ft.,0,0,-6,1,1,20190111,GSW,CHI
Shot Chart Detail,0021800629,353,1628976,Wendell Carter Jr.,1610612741,Chicago Bulls,3,10,7,Missed Shot,Layup Shot,2PT Field Goal,Restricted Area,Center(C),Less Than 8 ft.,2,-11,22,1,0,20190111,GSW,CHI
Shot Chart Detail,0021800629,458,1628976,Wendell Carter Jr.,1610612741,Chicago Bulls,3,3,56,Missed Shot,Hook Shot,2PT Field Goal,In The Paint (Non-RA),Center(C),Less Than 8 ft.,7,12,74,1,0,20190111,GSW,CHI
Shot Chart Detail,0021800637,86,1628976,Wendell Carter Jr.,1610612741,Chicago Bulls,1,5,19,Made Shot,Jump Shot,2PT Field Goal,Mid-Range,Right Side(R),8-16 ft.,15,135,67,1,1,20190112,UTA,CHI
Shot Chart Detail,0021800637,123,1628976,Wendell Carter Jr.,1610612741,Chicago Bulls,1,2,57,Missed Shot,Jump Shot,2PT Field Goal,In The Paint (Non-RA),Center(C),Less Than 8 ft.,6,-35,50,1,0,20190112,UTA,CHI
Shot Chart Detail,0021800637,260,1628976,Wendell Carter Jr.,1610612741,Chicago Bulls,2,5,56,Made Shot,Layup Shot,2PT Field Goal,In The Paint (Non-RA),Center(C),Less Than 8 ft.,5,-52,22,1,1,20190112,UTA,CHI
Shot Chart Detail,0021800637,378,1628976,Wendell Carter Jr.,1610612741,Chicago Bulls,3,9,41,Missed Shot,Jump Shot,3PT Field Goal,Right Corner 3,Right Side(R),24+ ft.,24,231,68,1,0,20190112,UTA,CHI
Shot Chart Detail,0021800637,402,1628976,Wendell Carter Jr.,1610612741,Chicago Bulls,3,7,12,Made Shot,Alley Oop Layup shot,2PT Field Goal,Restricted Area,Center(C),Less Than 8 ft.,1,-15,-1,1,1,20190112,UTA,CHI
Shot Chart Detail,0021800637,596,1628976,Wendell Carter Jr.,1610612741,Chicago Bulls,4,5,4,Missed Shot,Turnaround Jump Shot,2PT Field Goal,In The Paint (Non-RA),Left Side(L),8-16 ft.,9,-51,77,1,0,20190112,UTA,CHI
Shot Chart Detail,0021800637,618,1628976,Wendell Carter Jr.,1610612741,Chicago Bulls,4,3,32,Missed Shot,Layup Shot,2PT Field Goal,Restricted Area,Center(C),Less Than 8 ft.,2,17,16,1,0,20190112,UTA,CHI
Shot Chart Detail,0021800637,620,1628976,Wendell Carter Jr.,1610612741,Chicago Bulls,4,3,28,Missed Shot,Layup Shot,2PT Field Goal,Restricted Area,Center(C),Less Than 8 ft.,2,-20,3,1,0,20190112,UTA,CHI
Shot Chart Detail,0021800637,636,1628976,Wendell Carter Jr.,1610612741,Chicago Bulls,4,2,11,Missed Shot,Jump Shot,2PT Field Goal,Mid-Range,Left Side(L),8-16 ft.,13,-133,40,1,0,20190112,UTA,CHI
Shot Chart Detail,0021800656,7,1628976,Wendell Carter Jr.,1610612741,Chicago Bulls,1,11,39,Missed Shot,Jump Shot,3PT Field Goal,Left Corner 3,Left Side(L),24+ ft.,22,-220,4,1,0,20190115,LAL,CHI
Shot Chart Detail,0021800656,43,1628976,Wendell Carter Jr.,1610612741,Chicago Bulls,1,8,26,Made Shot,Cutting Dunk Shot,2PT Field Goal,Restricted Area,Center(C),Less Than 8 ft.,1,3,13,1,1,20190115,LAL,CHI
Shot Chart Detail,0021800656,46,1628976,Wendell Carter Jr.,1610612741,Chicago Bulls,1,8,2,Missed Shot,Floating Jump shot,2PT Field Goal,Mid-Range,Left Side(L),8-16 ft.,12,-124,34,1,0,20190115,LAL,CHI
Shot Chart Detail,0021800656,58,1628976,Wendell Carter Jr.,1610612741,Chicago Bulls,1,7,11,Made Shot,Putback Dunk Shot,2PT Field Goal,Restricted Area,Center(C),Less Than 8 ft.,0,0,-6,1,1,20190115,LAL,CHI
Shot Chart Detail,0021800656,254,1628976,Wendell Carter Jr.,1610612741,Chicago Bulls,2,5,48,Made Shot,Reverse Layup Shot,2PT Field Goal,Restricted Area,Center(C),Less Than 8 ft.,1,11,14,1,1,20190115,LAL,CHI
Shot Chart Detail,0021800656,290,1628976,Wendell Carter Jr.,1610612741,Chicago Bulls,2,1,51,Missed Shot,Turnaround Hook Shot,2PT Field Goal,In The Paint (Non-RA),Right Side(R),8-16 ft.,9,71,66,1,0,20190115,LAL,CHI
Shot Chart Detail,0021800656,362,1628976,Wendell Carter Jr.,1610612741,Chicago Bulls,3,7,58,Missed Shot,Jump Shot,2PT Field Goal,Mid-Range,Left Side(L),8-16 ft.,14,-96,110,1,0,20190115,LAL,CHI
Shot Chart Detail,0021800656,415,1628976,Wendell Carter Jr.,1610612741,Chicago Bulls,3,3,12,Missed Shot,Turnaround Hook Shot,2PT Field Goal,In The Paint (Non-RA),Center(C),Less Than 8 ft.,6,-45,49,1,0,20190115,LAL,CHI
Shot Chart Detail,0021800656,560,1628976,Wendell Carter Jr.,1610612741,Chicago Bulls,4,6,47,Missed Shot,Jump Shot,2PT Field Goal,Mid-Range,Center(C),8-16 ft.,14,-35,139,1,0,20190115,LAL,CHI
