GRID_TYPE,GAME_ID,GAME_EVENT_ID,PLAYER_ID,PLAYER_NAME,TEAM_ID,TEAM_NAME,PERIOD,MINUTES_REMAINING,SECONDS_REMAINING,EVENT_TYPE,ACTION_TYPE,SHOT_TYPE,SHOT_ZONE_BASIC,SHOT_ZONE_AREA,SHOT_ZONE_RANGE,SHOT_DISTANCE,LOC_X,LOC_Y,SHOT_ATTEMPTED_FLAG,SHOT_MADE_FLAG,GAME_DATE,HTM,VTM
Shot Chart Detail,0021800071,624,1628966,Keita Bates-Diop,1610612750,Minnesota Timberwolves,4,4,10,Missed Shot,Jump Shot,2PT Field Goal,Mid-Range,Right Side(R),8-16 ft.,12,110,57,1,0,20181026,MIN,MIL
Shot Chart Detail,0021800138,505,1628966,Keita Bates-Diop,1610612750,Minnesota Timberwolves,4,11,26,Missed Shot,Pullup Jump shot,2PT Field Goal,Mid-Range,Left Side Center(LC),16-24 ft.,20,-143,148,1,0,20181104,POR,MIN
Shot Chart Detail,0021800138,547,1628966,Keita Bates-Diop,1610612750,Minnesota Timberwolves,4,7,45,Missed Shot,Jump Shot,3PT Field Goal,Above the Break 3,Left Side Center(LC),24+ ft.,25,-116,228,1,0,20181104,POR,MIN
Shot Chart Detail,0021800138,549,1628966,Keita Bates-Diop,1610612750,Minnesota Timberwolves,4,7,40,Made Shot,Driving Floating Jump Shot,2PT Field Goal,In The Paint (Non-RA),Center(C),Less Than 8 ft.,5,2,58,1,1,20181104,POR,MIN
Shot Chart Detail,0021800138,589,1628966,Keita Bates-Diop,1610612750,Minnesota Timberwolves,4,4,47,Missed Shot,Jump Shot,3PT Field Goal,Above the Break 3,Left Side Center(LC),24+ ft.,26,-120,231,1,0,20181104,POR,MIN
Shot Chart Detail,0021800138,613,1628966,Keita Bates-Diop,1610612750,Minnesota Timberwolves,4,2,57,Missed Shot,Jump Shot,3PT Field Goal,Left Corner 3,Left Side(L),24+ ft.,24,-229,83,1,0,20181104,POR,MIN
Shot Chart Detail,0021800138,632,1628966,Keita Bates-Diop,1610612750,Minnesota Timberwolves,4,1,34,Made Shot,Running Layup Shot,2PT Field Goal,Restricted Area,Center(C),Less Than 8 ft.,1,-12,0,1,1,20181104,POR,MIN
Shot Chart Detail,0021800138,643,1628966,Keita Bates-Diop,1610612750,Minnesota Timberwolves,4,0,11,Missed Shot,Jump Shot,3PT Field Goal,Above the Break 3,Left Side Center(LC),24+ ft.,26,-88,252,1,0,20181104,POR,MIN
Shot Chart Detail,0021800652,652,1628966,Keita Bates-Diop,1610612750,Minnesota Timberwolves,4,4,37,Missed Shot,Pullup Jump shot,2PT Field Goal,Mid-Range,Left Side(L),8-16 ft.,13,-84,104,1,0,20190115,PHI,MIN
Shot Chart Detail,0021800705,634,1628966,Keita Bates-Diop,1610612750,Minnesota Timberwolves,4,4,7,Made Shot,Pullup Jump shot,2PT Field Goal,Mid-Range,Center(C),16-24 ft.,19,-6,193,1,1,20190122,PHX,MIN
Shot Chart Detail,0021800705,649,1628966,Keita Bates-Diop,1610612750,Minnesota Timberwolves,4,3,25,Missed Shot,Jump Shot,3PT Field Goal,Above the Break 3,Right Side Center(RC),24+ ft.,25,84,241,1,0,20190122,PHX,MIN
Shot Chart Detail,0021800878,534,1628966,Keita Bates-Diop,1610612750,Minnesota Timberwolves,4,11,35,Made Shot,Jump Shot,3PT Field Goal,Left Corner 3,Left Side(L),24+ ft.,23,-230,20,1,1,20190222,NYK,MIN
Shot Chart Detail,0021800878,601,1628966,Keita Bates-Diop,1610612750,Minnesota Timberwolves,4,6,53,Missed Shot,Jump Shot,3PT Field Goal,Left Corner 3,Left Side(L),24+ ft.,23,-235,-1,1,0,20190222,NYK,MIN
Shot Chart Detail,0021800878,686,1628966,Keita Bates-Diop,1610612750,Minnesota Timberwolves,4,0,28,Missed Shot,Jump Shot,3PT Field Goal,Above the Break 3,Left Side Center(LC),24+ ft.,25,-169,190,1,0,20190222,NYK,MIN
Shot Chart Detail,0021800891,198,1628966,Keita Bates-Diop,1610612750,Minnesota Timberwolves,2,9,25,Made Shot,Layup Shot,2PT Field Goal,In The Paint (Non-RA),Center(C),Less Than 8 ft.,4,24,34,1,1,20190223,MIL,MIN
Shot Chart Detail,0021800891,480,1628966,Keita Bates-Diop,1610612750,Minnesota Timberwolves,3,2,18,Made Shot,Dunk Shot,2PT Field Goal,Restricted Area,Center(C),Less Than 8 ft.,1,16,9,1,1,20190223,MIL,MIN
Shot Chart Detail,0021800891,520,1628966,Keita Bates-Diop,1610612750,Minnesota Timberwolves,4,11,11,Made Shot,Cutting Layup Shot,2PT Field Goal,Restricted Area,Center(C),Less Than 8 ft.,1,3,13,1,1,20190223,MIL,MIN
Shot Chart Detail,0021800922,163,1628966,Keita Bates-Diop,1610612750,Minnesota Timberwolves,1,0,32,Made Shot,Cutting Finger Roll Layup Shot,2PT Field Goal,In The Paint (Non-RA),Center(C),Less Than 8 ft.,6,40,55,1,1,20190228,IND,MIN
Shot Chart Detail,0021800922,470,1628966,Keita Bates-Diop,1610612750,Minnesota Timberwolves,3,3,4,Missed Shot,Jump Shot,3PT Field Goal,Above the Break 3,Right Side Center(RC),24+ ft.,27,177,204,1,0,20190228,IND,MIN
Shot Chart Detail,0021800950,177,1628966,Keita Bates-Diop,1610612750,Minnesota Timberwolves,2,11,41,Made Shot,Driving Reverse Layup Shot,2PT Field Goal,Restricted Area,Center(C),Less Than 8 ft.,1,9,13,1,1,20190303,WAS,MIN
Shot Chart Detail,0021800950,277,1628966,Keita Bates-Diop,1610612750,Minnesota Timberwolves,2,4,20,Made Shot,Cutting Layup Shot,2PT Field Goal,Restricted Area,Center(C),Less Than 8 ft.,1,-3,14,1,1,20190303,WAS,MIN
Shot Chart Detail,0021800950,291,1628966,Keita Bates-Diop,1610612750,Minnesota Timberwolves,2,3,0,Made Shot,Reverse Layup Shot,2PT Field Goal,Restricted Area,Center(C),Less Than 8 ft.,1,9,5,1,1,20190303,WAS,MIN
Shot Chart Detail,0021800950,373,1628966,Keita Bates-Diop,1610612750,Minnesota Timberwolves,3,9,53,Missed Shot,Jump Shot,3PT Field Goal,Left Corner 3,Left Side(L),24+ ft.,23,-232,32,1,0,20190303,WAS,MIN
Shot Chart Detail,0021800950,385,1628966,Keita Bates-Diop,1610612750,Minnesota Timberwolves,3,8,30,Missed Shot,Jump Shot,3PT Field Goal,Right Corner 3,Right Side(R),24+ ft.,23,230,26,1,0,20190303,WAS,MIN
Shot Chart Detail,0021800950,455,1628966,Keita Bates-Diop,1610612750,Minnesota Timberwolves,3,2,53,Made Shot,Driving Floating Bank Jump Shot,2PT Field Goal,In The Paint (Non-RA),Right Side(R),8-16 ft.,11,78,78,1,1,20190303,WAS,MIN
Shot Chart Detail,0021800950,687,1628966,Keita Bates-Diop,1610612750,Minnesota Timberwolves,4,0,28,Missed Shot,Driving Floating Jump Shot,2PT Field Goal,Mid-Range,Left Side(L),8-16 ft.,14,-134,58,1,0,20190303,WAS,MIN
Shot Chart Detail,0021800963,189,1628966,Keita Bates-Diop,1610612750,Minnesota Timberwolves,2,11,25,Made Shot,Cutting Layup Shot,2PT Field Goal,Restricted Area,Center(C),Less Than 8 ft.,2,2,21,1,1,20190305,MIN,OKC
Shot Chart Detail,0021800963,212,1628966,Keita Bates-Diop,1610612750,Minnesota Timberwolves,2,9,21,Missed Shot,Jump Shot,3PT Field Goal,Right Corner 3,Right Side(R),24+ ft.,24,237,56,1,0,20190305,MIN,OKC
Shot Chart Detail,0021800963,247,1628966,Keita Bates-Diop,1610612750,Minnesota Timberwolves,2,7,24,Made Shot,Running Layup Shot,2PT Field Goal,Restricted Area,Center(C),Less Than 8 ft.,1,8,13,1,1,20190305,MIN,OKC
Shot Chart Detail,0021800963,556,1628966,Keita Bates-Diop,1610612750,Minnesota Timberwolves,4,9,35,Missed Shot,Cutting Layup Shot,2PT Field Goal,Restricted Area,Center(C),Less Than 8 ft.,2,16,12,1,0,20190305,MIN,OKC
Shot Chart Detail,0021800966,460,1628966,Keita Bates-Diop,1610612750,Minnesota Timberwolves,4,10,50,Missed Shot,Jump Shot,3PT Field Goal,Left Corner 3,Left Side(L),24+ ft.,23,-239,21,1,0,20190306,DET,MIN
Shot Chart Detail,0021800988,21,1628966,Keita Bates-Diop,1610612750,Minnesota Timberwolves,1,10,34,Made Shot,Cutting Layup Shot,2PT Field Goal,Restricted Area,Center(C),Less Than 8 ft.,0,2,6,1,1,20190309,MIN,WAS
Shot Chart Detail,0021800988,50,1628966,Keita Bates-Diop,1610612750,Minnesota Timberwolves,1,8,13,Missed Shot,Jump Shot,3PT Field Goal,Above the Break 3,Right Side Center(RC),24+ ft.,26,154,213,1,0,20190309,MIN,WAS
Shot Chart Detail,0021800988,146,1628966,Keita Bates-Diop,1610612750,Minnesota Timberwolves,1,2,19,Made Shot,Driving Floating Bank Jump Shot,2PT Field Goal,In The Paint (Non-RA),Center(C),Less Than 8 ft.,6,52,41,1,1,20190309,MIN,WAS
Shot Chart Detail,0021800988,288,1628966,Keita Bates-Diop,1610612750,Minnesota Timberwolves,2,3,0,Missed Shot,Jump Shot,3PT Field Goal,Left Corner 3,Left Side(L),24+ ft.,22,-223,0,1,0,20190309,MIN,WAS
Shot Chart Detail,0021800988,347,1628966,Keita Bates-Diop,1610612750,Minnesota Timberwolves,3,11,27,Made Shot,Dunk Shot,2PT Field Goal,Restricted Area,Center(C),Less Than 8 ft.,1,3,11,1,1,20190309,MIN,WAS
Shot Chart Detail,0021800988,351,1628966,Keita Bates-Diop,1610612750,Minnesota Timberwolves,3,11,7,Made Shot,Jump Shot,3PT Field Goal,Above the Break 3,Left Side Center(LC),24+ ft.,25,-221,117,1,1,20190309,MIN,WAS
Shot Chart Detail,0021800988,364,1628966,Keita Bates-Diop,1610612750,Minnesota Timberwolves,3,9,58,Missed Shot,Jump Shot,3PT Field Goal,Above the Break 3,Left Side Center(LC),24+ ft.,25,-145,205,1,0,20190309,MIN,WAS
Shot Chart Detail,0021800988,394,1628966,Keita Bates-Diop,1610612750,Minnesota Timberwolves,3,8,7,Missed Shot,Layup Shot,2PT Field Goal,In The Paint (Non-RA),Center(C),Less Than 8 ft.,7,-32,64,1,0,20190309,MIN,WAS
Shot Chart Detail,0021800988,397,1628966,Keita Bates-Diop,1610612750,Minnesota Timberwolves,3,8,6,Made Shot,Tip Layup Shot,2PT Field Goal,Restricted Area,Center(C),Less Than 8 ft.,0,0,-6,1,1,20190309,MIN,WAS
Shot Chart Detail,0021800988,577,1628966,Keita Bates-Diop,1610612750,Minnesota Timberwolves,4,6,41,Missed Shot,Pullup Jump shot,2PT Field Goal,Mid-Range,Right Side Center(RC),16-24 ft.,18,97,153,1,0,20190309,MIN,WAS
Shot Chart Detail,0021800988,643,1628966,Keita Bates-Diop,1610612750,Minnesota Timberwolves,4,0,43,Missed Shot,Tip Layup Shot,2PT Field Goal,Restricted Area,Center(C),Less Than 8 ft.,0,0,-6,1,0,20190309,MIN,WAS
Shot Chart Detail,0021800988,751,1628966,Keita Bates-Diop,1610612750,Minnesota Timberwolves,5,0,37,Missed Shot,Jump Shot,2PT Field Goal,Mid-Range,Left Side(L),16-24 ft.,18,-187,-6,1,0,20190309,MIN,WAS
Shot Chart Detail,0021800998,15,1628966,Keita Bates-Diop,1610612750,Minnesota Timberwolves,1,10,15,Made Shot,Jump Shot,2PT Field Goal,Mid-Range,Left Side Center(LC),16-24 ft.,19,-75,184,1,1,20190310,MIN,NYK
Shot Chart Detail,0021800998,71,1628966,Keita Bates-Diop,1610612750,Minnesota Timberwolves,1,5,40,Made Shot,Jump Shot,3PT Field Goal,Right Corner 3,Right Side(R),24+ ft.,22,224,6,1,1,20190310,MIN,NYK
Shot Chart Detail,0021800998,97,1628966,Keita Bates-Diop,1610612750,Minnesota Timberwolves,1,4,2,Missed Shot,Cutting Layup Shot,2PT Field Goal,Restricted Area,Center(C),Less Than 8 ft.,0,-4,-1,1,0,20190310,MIN,NYK
Shot Chart Detail,0021800998,120,1628966,Keita Bates-Diop,1610612750,Minnesota Timberwolves,1,2,33,Made Shot,Putback Layup Shot,2PT Field Goal,Restricted Area,Center(C),Less Than 8 ft.,0,2,6,1,1,20190310,MIN,NYK
Shot Chart Detail,0021800998,359,1628966,Keita Bates-Diop,1610612750,Minnesota Timberwolves,3,8,21,Made Shot,Layup Shot,2PT Field Goal,Restricted Area,Center(C),Less Than 8 ft.,1,-11,6,1,1,20190310,MIN,NYK
Shot Chart Detail,0021800998,388,1628966,Keita Bates-Diop,1610612750,Minnesota Timberwolves,3,6,33,Made Shot,Cutting Layup Shot,2PT Field Goal,Restricted Area,Center(C),Less Than 8 ft.,2,-3,20,1,1,20190310,MIN,NYK
Shot Chart Detail,0021800998,407,1628966,Keita Bates-Diop,1610612750,Minnesota Timberwolves,3,4,53,Missed Shot,Floating Jump shot,2PT Field Goal,In The Paint (Non-RA),Center(C),Less Than 8 ft.,5,-2,50,1,0,20190310,MIN,NYK
Shot Chart Detail,0021800998,418,1628966,Keita Bates-Diop,1610612750,Minnesota Timberwolves,3,3,27,Made Shot,Jump Shot,3PT Field Goal,Above the Break 3,Left Side Center(LC),24+ ft.,25,-105,235,1,1,20190310,MIN,NYK
Shot Chart Detail,0021800998,440,1628966,Keita Bates-Diop,1610612750,Minnesota Timberwolves,3,2,3,Made Shot,Step Back Jump shot,2PT Field Goal,Mid-Range,Left Side(L),8-16 ft.,15,-109,106,1,1,20190310,MIN,NYK
Shot Chart Detail,0021800998,549,1628966,Keita Bates-Diop,1610612750,Minnesota Timberwolves,4,5,29,Missed Shot,Jump Shot,2PT Field Goal,In The Paint (Non-RA),Center(C),Less Than 8 ft.,5,-5,57,1,0,20190310,MIN,NYK
Shot Chart Detail,0021800998,612,1628966,Keita Bates-Diop,1610612750,Minnesota Timberwolves,4,1,19,Missed Shot,Jump Shot,3PT Field Goal,Above the Break 3,Left Side Center(LC),24+ ft.,25,-207,151,1,0,20190310,MIN,NYK
Shot Chart Detail,0021800998,624,1628966,Keita Bates-Diop,1610612750,Minnesota Timberwolves,4,0,35,Missed Shot,Step Back Jump shot,2PT Field Goal,Mid-Range,Right Side(R),8-16 ft.,14,140,21,1,0,20190310,MIN,NYK
Shot Chart Detail,0021801012,10,1628966,Keita Bates-Diop,1610612750,Minnesota Timberwolves,1,11,35,Made Shot,Layup Shot,2PT Field Goal,Restricted Area,Center(C),Less Than 8 ft.,1,-14,13,1,1,20190312,DEN,MIN
Shot Chart Detail,0021801012,66,1628966,Keita Bates-Diop,1610612750,Minnesota Timberwolves,1,6,55,Missed Shot,Floating Jump shot,2PT Field Goal,In The Paint (Non-RA),Center(C),8-16 ft.,8,0,87,1,0,20190312,DEN,MIN
Shot Chart Detail,0021801012,138,1628966,Keita Bates-Diop,1610612750,Minnesota Timberwolves,1,1,33,Missed Shot,Driving Floating Jump Shot,2PT Field Goal,In The Paint (Non-RA),Center(C),Less Than 8 ft.,5,-22,46,1,0,20190312,DEN,MIN
Shot Chart Detail,0021801012,258,1628966,Keita Bates-Diop,1610612750,Minnesota Timberwolves,2,5,12,Made Shot,Running Finger Roll Layup Shot,2PT Field Goal,Restricted Area,Center(C),Less Than 8 ft.,1,-13,4,1,1,20190312,DEN,MIN
Shot Chart Detail,0021801012,375,1628966,Keita Bates-Diop,1610612750,Minnesota Timberwolves,3,8,50,Missed Shot,Driving Floating Jump Shot,2PT Field Goal,Restricted Area,Center(C),Less Than 8 ft.,2,-24,17,1,0,20190312,DEN,MIN
Shot Chart Detail,0021801012,420,1628966,Keita Bates-Diop,1610612750,Minnesota Timberwolves,3,5,7,Missed Shot,Jump Shot,3PT Field Goal,Left Corner 3,Left Side(L),24+ ft.,22,-223,41,1,0,20190312,DEN,MIN
Shot Chart Detail,0021801012,442,1628966,Keita Bates-Diop,1610612750,Minnesota Timberwolves,3,3,27,Made Shot,Jump Shot,3PT Field Goal,Above the Break 3,Right Side Center(RC),24+ ft.,24,101,228,1,1,20190312,DEN,MIN
Shot Chart Detail,0021801012,449,1628966,Keita Bates-Diop,1610612750,Minnesota Timberwolves,3,2,39,Missed Shot,Pullup Jump shot,2PT Field Goal,Mid-Range,Right Side Center(RC),16-24 ft.,22,180,136,1,0,20190312,DEN,MIN
Shot Chart Detail,0021801012,602,1628966,Keita Bates-Diop,1610612750,Minnesota Timberwolves,4,3,39,Missed Shot,Jump Shot,3PT Field Goal,Above the Break 3,Left Side Center(LC),24+ ft.,26,-137,226,1,0,20190312,DEN,MIN
Shot Chart Detail,0021801012,647,1628966,Keita Bates-Diop,1610612750,Minnesota Timberwolves,4,0,54,Missed Shot,Tip Layup Shot,2PT Field Goal,Restricted Area,Center(C),Less Than 8 ft.,0,0,-6,1,0,20190312,DEN,MIN
Shot Chart Detail,0021801012,674,1628966,Keita Bates-Diop,1610612750,Minnesota Timberwolves,4,0,8,Missed Shot,Step Back Jump shot,2PT Field Goal,Mid-Range,Right Side(R),8-16 ft.,14,144,23,1,0,20190312,DEN,MIN
Shot Chart Detail,0021801024,128,1628966,Keita Bates-Diop,1610612750,Minnesota Timberwolves,1,1,42,Made Shot,Driving Floating Bank Jump Shot,2PT Field Goal,In The Paint (Non-RA),Center(C),Less Than 8 ft.,7,52,47,1,1,20190314,UTA,MIN
Shot Chart Detail,0021801024,191,1628966,Keita Bates-Diop,1610612750,Minnesota Timberwolves,2,8,28,Missed Shot,Jump Shot,2PT Field Goal,Mid-Range,Center(C),16-24 ft.,16,19,164,1,0,20190314,UTA,MIN
Shot Chart Detail,0021801024,494,1628966,Keita Bates-Diop,1610612750,Minnesota Timberwolves,3,1,43,Missed Shot,Jump Shot,3PT Field Goal,Above the Break 3,Left Side Center(LC),24+ ft.,25,-179,180,1,0,20190314,UTA,MIN
Shot Chart Detail,0021801024,498,1628966,Keita Bates-Diop,1610612750,Minnesota Timberwolves,3,1,12,Made Shot,Driving Layup Shot,2PT Field Goal,Restricted Area,Center(C),Less Than 8 ft.,1,-6,17,1,1,20190314,UTA,MIN
Shot Chart Detail,0021801024,545,1628966,Keita Bates-Diop,1610612750,Minnesota Timberwolves,4,10,8,Missed Shot,Jump Shot,3PT Field Goal,Right Corner 3,Right Side(R),24+ ft.,23,231,26,1,0,20190314,UTA,MIN
Shot Chart Detail,0021801024,609,1628966,Keita Bates-Diop,1610612750,Minnesota Timberwolves,4,5,48,Missed Shot,Jump Shot,3PT Field Goal,Above the Break 3,Left Side Center(LC),24+ ft.,24,-202,147,1,0,20190314,UTA,MIN
Shot Chart Detail,0021801024,673,1628966,Keita Bates-Diop,1610612750,Minnesota Timberwolves,4,2,23,Missed Shot,Floating Jump shot,2PT Field Goal,Mid-Range,Right Side(R),8-16 ft.,15,105,117,1,0,20190314,UTA,MIN
Shot Chart Detail,0021801048,126,1628966,Keita Bates-Diop,1610612750,Minnesota Timberwolves,1,2,26,Made Shot,Jump Shot,3PT Field Goal,Above the Break 3,Center(C),24+ ft.,29,7,298,1,1,20190317,HOU,MIN
Shot Chart Detail,0021801048,466,1628966,Keita Bates-Diop,1610612750,Minnesota Timberwolves,3,0,26,Missed Shot,Jump Shot,3PT Field Goal,Left Corner 3,Left Side(L),24+ ft.,22,-229,6,1,0,20190317,HOU,MIN
Shot Chart Detail,0021801048,479,1628966,Keita Bates-Diop,1610612750,Minnesota Timberwolves,4,11,40,Made Shot,Floating Jump shot,2PT Field Goal,In The Paint (Non-RA),Center(C),8-16 ft.,10,-23,101,1,1,20190317,HOU,MIN
Shot Chart Detail,0021801048,537,1628966,Keita Bates-Diop,1610612750,Minnesota Timberwolves,4,7,53,Made Shot,Cutting Layup Shot,2PT Field Goal,Restricted Area,Center(C),Less Than 8 ft.,1,18,-1,1,1,20190317,HOU,MIN
Shot Chart Detail,0021801048,623,1628966,Keita Bates-Diop,1610612750,Minnesota Timberwolves,4,2,49,Missed Shot,Jump Shot,3PT Field Goal,Above the Break 3,Right Side Center(RC),24+ ft.,26,135,223,1,0,20190317,HOU,MIN
Shot Chart Detail,0021801062,107,1628966,Keita Bates-Diop,1610612750,Minnesota Timberwolves,1,4,11,Missed Shot,Jump Shot,3PT Field Goal,Above the Break 3,Right Side Center(RC),24+ ft.,26,164,204,1,0,20190319,MIN,GSW
Shot Chart Detail,0021801062,154,1628966,Keita Bates-Diop,1610612750,Minnesota Timberwolves,1,0,30,Missed Shot,Jump Shot,3PT Field Goal,Left Corner 3,Left Side(L),24+ ft.,22,-226,32,1,0,20190319,MIN,GSW
Shot Chart Detail,0021801062,162,1628966,Keita Bates-Diop,1610612750,Minnesota Timberwolves,1,0,0,Missed Shot,Jump Shot,2PT Field Goal,Mid-Range,Right Side(R),16-24 ft.,19,195,16,1,0,20190319,MIN,GSW
Shot Chart Detail,0021801062,448,1628966,Keita Bates-Diop,1610612750,Minnesota Timberwolves,3,4,43,Missed Shot,Jump Shot,3PT Field Goal,Right Corner 3,Right Side(R),24+ ft.,22,227,-3,1,0,20190319,MIN,GSW
Shot Chart Detail,0021801062,493,1628966,Keita Bates-Diop,1610612750,Minnesota Timberwolves,3,1,14,Missed Shot,Jump Shot,3PT Field Goal,Above the Break 3,Center(C),24+ ft.,25,-27,256,1,0,20190319,MIN,GSW
Shot Chart Detail,0021801074,137,1628966,Keita Bates-Diop,1610612750,Minnesota Timberwolves,1,1,47,Made Shot,Running Layup Shot,2PT Field Goal,Restricted Area,Center(C),Less Than 8 ft.,1,1,14,1,1,20190321,CHA,MIN
Shot Chart Detail,0021801074,481,1628966,Keita Bates-Diop,1610612750,Minnesota Timberwolves,3,3,33,Missed Shot,Jump Shot,3PT Field Goal,Above the Break 3,Center(C),24+ ft.,26,38,259,1,0,20190321,CHA,MIN
Shot Chart Detail,0021801091,108,1628966,Keita Bates-Diop,1610612750,Minnesota Timberwolves,1,4,17,Missed Shot,Pullup Jump shot,2PT Field Goal,Mid-Range,Left Side Center(LC),16-24 ft.,17,-96,141,1,0,20190323,MEM,MIN
Shot Chart Detail,0021801091,135,1628966,Keita Bates-Diop,1610612750,Minnesota Timberwolves,1,2,48,Made Shot,Driving Layup Shot,2PT Field Goal,Restricted Area,Center(C),Less Than 8 ft.,1,-2,16,1,1,20190323,MEM,MIN
Shot Chart Detail,0021801091,191,1628966,Keita Bates-Diop,1610612750,Minnesota Timberwolves,2,10,36,Missed Shot,Pullup Jump shot,2PT Field Goal,Mid-Range,Center(C),16-24 ft.,22,-50,216,1,0,20190323,MEM,MIN
Shot Chart Detail,0021801091,491,1628966,Keita Bates-Diop,1610612750,Minnesota Timberwolves,3,3,7,Made Shot,Cutting Layup Shot,2PT Field Goal,Restricted Area,Center(C),Less Than 8 ft.,0,3,6,1,1,20190323,MEM,MIN
Shot Chart Detail,0021801091,564,1628966,Keita Bates-Diop,1610612750,Minnesota Timberwolves,4,9,28,Made Shot,Driving Layup Shot,2PT Field Goal,Restricted Area,Center(C),Less Than 8 ft.,1,-10,1,1,1,20190323,MEM,MIN
Shot Chart Detail,0021801091,576,1628966,Keita Bates-Diop,1610612750,Minnesota Timberwolves,4,8,45,Made Shot,Running Layup Shot,2PT Field Goal,Restricted Area,Center(C),Less Than 8 ft.,0,6,-7,1,1,20190323,MEM,MIN
Shot Chart Detail,0021801112,84,1628966,Keita Bates-Diop,1610612750,Minnesota Timberwolves,1,5,7,Missed Shot,Jump Shot,3PT Field Goal,Right Corner 3,Right Side(R),24+ ft.,23,234,20,1,0,20190326,MIN,LAC
Shot Chart Detail,0021801112,104,1628966,Keita Bates-Diop,1610612750,Minnesota Timberwolves,1,4,7,Missed Shot,Pullup Jump shot,2PT Field Goal,Mid-Range,Right Side Center(RC),16-24 ft.,20,123,163,1,0,20190326,MIN,LAC
Shot Chart Detail,0021801112,500,1628966,Keita Bates-Diop,1610612750,Minnesota Timberwolves,3,1,39,Made Shot,Putback Layup Shot,2PT Field Goal,Restricted Area,Center(C),Less Than 8 ft.,2,0,25,1,1,20190326,MIN,LAC
Shot Chart Detail,0021801112,503,1628966,Keita Bates-Diop,1610612750,Minnesota Timberwolves,3,1,19,Made Shot,Layup Shot,2PT Field Goal,Restricted Area,Center(C),Less Than 8 ft.,1,-17,4,1,1,20190326,MIN,LAC
Shot Chart Detail,0021801112,508,1628966,Keita Bates-Diop,1610612750,Minnesota Timberwolves,3,0,50,Made Shot,Driving Layup Shot,2PT Field Goal,Restricted Area,Center(C),Less Than 8 ft.,1,-5,10,1,1,20190326,MIN,LAC
Shot Chart Detail,0021801112,548,1628966,Keita Bates-Diop,1610612750,Minnesota Timberwolves,4,9,50,Missed Shot,Driving Floating Jump Shot,2PT Field Goal,Restricted Area,Center(C),Less Than 8 ft.,2,-3,26,1,0,20190326,MIN,LAC
Shot Chart Detail,0021801112,593,1628966,Keita Bates-Diop,1610612750,Minnesota Timberwolves,4,6,5,Missed Shot,Jump Shot,3PT Field Goal,Right Corner 3,Right Side(R),24+ ft.,22,221,21,1,0,20190326,MIN,LAC
Shot Chart Detail,0021801132,101,1628966,Keita Bates-Diop,1610612750,Minnesota Timberwolves,1,3,51,Missed Shot,Driving Floating Jump Shot,2PT Field Goal,In The Paint (Non-RA),Center(C),8-16 ft.,9,45,84,1,0,20190329,MIN,GSW
Shot Chart Detail,0021801132,209,1628966,Keita Bates-Diop,1610612750,Minnesota Timberwolves,2,9,9,Missed Shot,Cutting Layup Shot,2PT Field Goal,Restricted Area,Center(C),Less Than 8 ft.,1,6,13,1,0,20190329,MIN,GSW
Shot Chart Detail,0021801132,211,1628966,Keita Bates-Diop,1610612750,Minnesota Timberwolves,2,9,4,Missed Shot,Tip Layup Shot,2PT Field Goal,Restricted Area,Center(C),Less Than 8 ft.,0,0,-6,1,0,20190329,MIN,GSW
Shot Chart Detail,0021801132,531,1628966,Keita Bates-Diop,1610612750,Minnesota Timberwolves,4,10,35,Missed Shot,Running Jump Shot,2PT Field Goal,In The Paint (Non-RA),Center(C),8-16 ft.,12,3,126,1,0,20190329,MIN,GSW
Shot Chart Detail,0021801143,163,1628966,Keita Bates-Diop,1610612750,Minnesota Timberwolves,2,11,8,Made Shot,Driving Layup Shot,2PT Field Goal,Restricted Area,Center(C),Less Than 8 ft.,0,3,5,1,1,20190330,MIN,PHI
Shot Chart Detail,0021801143,178,1628966,Keita Bates-Diop,1610612750,Minnesota Timberwolves,2,9,49,Made Shot,Jump Shot,3PT Field Goal,Right Corner 3,Right Side(R),24+ ft.,23,239,6,1,1,20190330,MIN,PHI
Shot Chart Detail,0021801143,441,1628966,Keita Bates-Diop,1610612750,Minnesota Timberwolves,3,2,32,Made Shot,Jump Shot,3PT Field Goal,Above the Break 3,Right Side Center(RC),24+ ft.,25,171,189,1,1,20190330,MIN,PHI
Shot Chart Detail,0021801143,456,1628966,Keita Bates-Diop,1610612750,Minnesota Timberwolves,3,1,2,Missed Shot,Jump Shot,2PT Field Goal,Mid-Range,Left Side(L),8-16 ft.,13,-126,55,1,0,20190330,MIN,PHI
Shot Chart Detail,0021801157,154,1628966,Keita Bates-Diop,1610612750,Minnesota Timberwolves,1,0,0,Missed Shot,Jump Shot,3PT Field Goal,Backcourt,Back Court(BC),Back Court Shot,47,-203,433,1,0,20190401,MIN,POR
Shot Chart Detail,0021801157,179,1628966,Keita Bates-Diop,1610612750,Minnesota Timberwolves,2,10,1,Made Shot,Jump Shot,3PT Field Goal,Above the Break 3,Right Side Center(RC),24+ ft.,24,100,225,1,1,20190401,MIN,POR
Shot Chart Detail,0021801157,191,1628966,Keita Bates-Diop,1610612750,Minnesota Timberwolves,2,8,51,Made Shot,Jump Shot,3PT Field Goal,Above the Break 3,Left Side Center(LC),24+ ft.,25,-149,211,1,1,20190401,MIN,POR
Shot Chart Detail,0021801157,207,1628966,Keita Bates-Diop,1610612750,Minnesota Timberwolves,2,7,26,Missed Shot,Jump Shot,2PT Field Goal,Mid-Range,Right Side(R),8-16 ft.,8,81,28,1,0,20190401,MIN,POR
Shot Chart Detail,0021801172,105,1628966,Keita Bates-Diop,1610612750,Minnesota Timberwolves,1,2,57,Made Shot,Driving Layup Shot,2PT Field Goal,Restricted Area,Center(C),Less Than 8 ft.,1,15,7,1,1,20190403,DAL,MIN
Shot Chart Detail,0021801172,132,1628966,Keita Bates-Diop,1610612750,Minnesota Timberwolves,1,1,5,Missed Shot,Pullup Jump shot,2PT Field Goal,In The Paint (Non-RA),Right Side(R),8-16 ft.,9,66,66,1,0,20190403,DAL,MIN
Shot Chart Detail,0021801172,282,1628966,Keita Bates-Diop,1610612750,Minnesota Timberwolves,2,4,20,Missed Shot,Step Back Jump shot,3PT Field Goal,Above the Break 3,Right Side Center(RC),24+ ft.,27,153,230,1,0,20190403,DAL,MIN
Shot Chart Detail,0021801172,443,1628966,Keita Bates-Diop,1610612750,Minnesota Timberwolves,3,3,18,Made Shot,Jump Shot,3PT Field Goal,Right Corner 3,Right Side(R),24+ ft.,22,228,-8,1,1,20190403,DAL,MIN
Shot Chart Detail,0021801172,456,1628966,Keita Bates-Diop,1610612750,Minnesota Timberwolves,3,2,24,Missed Shot,Floating Jump shot,2PT Field Goal,In The Paint (Non-RA),Center(C),Less Than 8 ft.,7,-7,71,1,0,20190403,DAL,MIN
Shot Chart Detail,0021801172,515,1628966,Keita Bates-Diop,1610612750,Minnesota Timberwolves,4,9,43,Missed Shot,Driving Layup Shot,2PT Field Goal,Restricted Area,Center(C),Less Than 8 ft.,2,-25,10,1,0,20190403,DAL,MIN
Shot Chart Detail,0021801185,154,1628966,Keita Bates-Diop,1610612750,Minnesota Timberwolves,1,0,42,Missed Shot,Jump Shot,3PT Field Goal,Above the Break 3,Right Side Center(RC),24+ ft.,26,159,210,1,0,20190405,MIN,MIA
Shot Chart Detail,0021801185,158,1628966,Keita Bates-Diop,1610612750,Minnesota Timberwolves,1,0,24,Made Shot,Layup Shot,2PT Field Goal,Restricted Area,Center(C),Less Than 8 ft.,1,6,19,1,1,20190405,MIN,MIA
Shot Chart Detail,0021801185,196,1628966,Keita Bates-Diop,1610612750,Minnesota Timberwolves,2,9,54,Missed Shot,Driving Layup Shot,2PT Field Goal,In The Paint (Non-RA),Center(C),Less Than 8 ft.,4,38,17,1,0,20190405,MIN,MIA
Shot Chart Detail,0021801185,529,1628966,Keita Bates-Diop,1610612750,Minnesota Timberwolves,4,8,8,Missed Shot,Driving Layup Shot,2PT Field Goal,Restricted Area,Center(C),Less Than 8 ft.,2,-14,26,1,0,20190405,MIN,MIA
Shot Chart Detail,0021801185,539,1628966,Keita Bates-Diop,1610612750,Minnesota Timberwolves,4,7,14,Made Shot,Tip Layup Shot,2PT Field Goal,Restricted Area,Center(C),Less Than 8 ft.,0,0,-6,1,1,20190405,MIN,MIA
Shot Chart Detail,0021801185,551,1628966,Keita Bates-Diop,1610612750,Minnesota Timberwolves,4,6,48,Made Shot,Reverse Layup Shot,2PT Field Goal,Restricted Area,Center(C),Less Than 8 ft.,0,0,6,1,1,20190405,MIN,MIA
Shot Chart Detail,0021801185,588,1628966,Keita Bates-Diop,1610612750,Minnesota Timberwolves,4,3,44,Missed Shot,Jump Shot,3PT Field Goal,Right Corner 3,Right Side(R),24+ ft.,23,231,39,1,0,20190405,MIN,MIA
Shot Chart Detail,0021801185,606,1628966,Keita Bates-Diop,1610612750,Minnesota Timberwolves,4,2,23,Made Shot,Running Dunk Shot,2PT Field Goal,Restricted Area,Center(C),Less Than 8 ft.,0,-3,2,1,1,20190405,MIN,MIA
Shot Chart Detail,0021801185,621,1628966,Keita Bates-Diop,1610612750,Minnesota Timberwolves,4,0,43,Missed Shot,Layup Shot,2PT Field Goal,Restricted Area,Center(C),Less Than 8 ft.,1,8,12,1,0,20190405,MIN,MIA
Shot Chart Detail,0021801197,97,1628966,Keita Bates-Diop,1610612750,Minnesota Timberwolves,1,4,9,Made Shot,Cutting Layup Shot,2PT Field Goal,Restricted Area,Center(C),Less Than 8 ft.,1,1,17,1,1,20190407,MIN,OKC
Shot Chart Detail,0021801197,100,1628966,Keita Bates-Diop,1610612750,Minnesota Timberwolves,1,3,34,Made Shot,Jump Shot,3PT Field Goal,Above the Break 3,Center(C),24+ ft.,25,71,243,1,1,20190407,MIN,OKC
Shot Chart Detail,0021801197,181,1628966,Keita Bates-Diop,1610612750,Minnesota Timberwolves,2,10,59,Missed Shot,Jump Shot,3PT Field Goal,Right Corner 3,Right Side(R),24+ ft.,23,232,43,1,0,20190407,MIN,OKC
Shot Chart Detail,0021801197,488,1628966,Keita Bates-Diop,1610612750,Minnesota Timberwolves,3,1,31,Missed Shot,Driving Layup Shot,2PT Field Goal,Restricted Area,Center(C),Less Than 8 ft.,2,25,11,1,0,20190407,MIN,OKC
Shot Chart Detail,0021801197,545,1628966,Keita Bates-Diop,1610612750,Minnesota Timberwolves,4,11,11,Made Shot,Jump Shot,2PT Field Goal,Mid-Range,Left Side(L),16-24 ft.,19,-197,1,1,1,20190407,MIN,OKC
Shot Chart Detail,0021801197,555,1628966,Keita Bates-Diop,1610612750,Minnesota Timberwolves,4,10,28,Missed Shot,Driving Layup Shot,2PT Field Goal,In The Paint (Non-RA),Center(C),Less Than 8 ft.,5,2,50,1,0,20190407,MIN,OKC
Shot Chart Detail,0021801214,167,1628966,Keita Bates-Diop,1610612750,Minnesota Timberwolves,2,11,21,Missed Shot,Jump Shot,3PT Field Goal,Above the Break 3,Right Side Center(RC),24+ ft.,25,132,218,1,0,20190409,MIN,TOR
Shot Chart Detail,0021801214,286,1628966,Keita Bates-Diop,1610612750,Minnesota Timberwolves,2,2,44,Missed Shot,Jump Shot,3PT Field Goal,Above the Break 3,Right Side Center(RC),24+ ft.,25,171,189,1,0,20190409,MIN,TOR
Shot Chart Detail,0021801214,450,1628966,Keita Bates-Diop,1610612750,Minnesota Timberwolves,3,1,54,Missed Shot,Jump Shot,3PT Field Goal,Above the Break 3,Center(C),24+ ft.,25,13,253,1,0,20190409,MIN,TOR
Shot Chart Detail,0021801214,595,1628966,Keita Bates-Diop,1610612750,Minnesota Timberwolves,4,4,6,Missed Shot,Jump Shot,3PT Field Goal,Above the Break 3,Center(C),24+ ft.,25,-77,246,1,0,20190409,MIN,TOR
Shot Chart Detail,0021801214,606,1628966,Keita Bates-Diop,1610612750,Minnesota Timberwolves,4,3,7,Missed Shot,Driving Floating Jump Shot,2PT Field Goal,In The Paint (Non-RA),Center(C),Less Than 8 ft.,5,25,53,1,0,20190409,MIN,TOR
Shot Chart Detail,0021801214,610,1628966,Keita Bates-Diop,1610612750,Minnesota Timberwolves,4,2,47,Made Shot,Driving Layup Shot,2PT Field Goal,Restricted Area,Center(C),Less Than 8 ft.,0,-3,4,1,1,20190409,MIN,TOR
Shot Chart Detail,0021801214,631,1628966,Keita Bates-Diop,1610612750,Minnesota Timberwolves,4,0,58,Made Shot,Jump Shot,3PT Field Goal,Above the Break 3,Center(C),24+ ft.,24,55,238,1,1,20190409,MIN,TOR
Shot Chart Detail,0021801228,117,1628966,Keita Bates-Diop,1610612750,Minnesota Timberwolves,1,2,32,Made Shot,Running Dunk Shot,2PT Field Goal,Restricted Area,Center(C),Less Than 8 ft.,0,-2,5,1,1,20190410,DEN,MIN
Shot Chart Detail,0021801228,175,1628966,Keita Bates-Diop,1610612750,Minnesota Timberwolves,2,10,7,Missed Shot,Layup Shot,2PT Field Goal,Restricted Area,Center(C),Less Than 8 ft.,2,20,21,1,0,20190410,DEN,MIN
Shot Chart Detail,0021801228,178,1628966,Keita Bates-Diop,1610612750,Minnesota Timberwolves,2,10,2,Missed Shot,Layup Shot,2PT Field Goal,Restricted Area,Center(C),Less Than 8 ft.,2,20,22,1,0,20190410,DEN,MIN
Shot Chart Detail,0021801228,495,1628966,Keita Bates-Diop,1610612750,Minnesota Timberwolves,4,7,23,Made Shot,Dunk Shot,2PT Field Goal,Restricted Area,Center(C),Less Than 8 ft.,0,4,7,1,1,20190410,DEN,MIN
