GRID_TYPE,GAME_ID,GAME_EVENT_ID,PLAYER_ID,PLAYER_NAME,TEAM_ID,TEAM_NAME,PERIOD,MINUTES_REMAINING,SECONDS_REMAINING,EVENT_TYPE,ACTION_TYPE,SHOT_TYPE,SHOT_ZONE_BASIC,SHOT_ZONE_AREA,SHOT_ZONE_RANGE,SHOT_DISTANCE,LOC_X,LOC_Y,SHOT_ATTEMPTED_FLAG,SHOT_MADE_FLAG,GAME_DATE,HTM,VTM
Shot Chart Detail,0021800013,188,1628467,Maxi Kleber,1610612742,Dallas Mavericks,2,11,1,Made Shot,Jump Shot,3PT Field Goal,Left Corner 3,Left Side(L),24+ ft.,23,-228,62,1,1,20181017,PHX,DAL
Shot Chart Detail,0021800013,210,1628467,Maxi Kleber,1610612742,Dallas Mavericks,2,9,31,Made Shot,Jump Shot,3PT Field Goal,Above the Break 3,Left Side Center(LC),24+ ft.,24,-180,164,1,1,20181017,PHX,DAL
Shot Chart Detail,0021800013,502,1628467,Maxi Kleber,1610612742,Dallas Mavericks,4,11,49,Made Shot,Alley Oop Dunk Shot,2PT Field Goal,Restricted Area,Center(C),Less Than 8 ft.,0,-2,-3,1,1,20181017,PHX,DAL
Shot Chart Detail,0021800032,136,1628467,Maxi Kleber,1610612742,Dallas Mavericks,1,2,47,Made Shot,Jump Shot,3PT Field Goal,Above the Break 3,Center(C),24+ ft.,25,20,256,1,1,20181020,DAL,MIN
Shot Chart Detail,0021800032,163,1628467,Maxi Kleber,1610612742,Dallas Mavericks,1,1,2,Missed Shot,Jump Shot,3PT Field Goal,Above the Break 3,Center(C),24+ ft.,25,0,257,1,0,20181020,DAL,MIN
Shot Chart Detail,0021800032,556,1628467,Maxi Kleber,1610612742,Dallas Mavericks,3,0,49,Missed Shot,Jump Shot,3PT Field Goal,Left Corner 3,Left Side(L),24+ ft.,23,-231,21,1,0,20181020,DAL,MIN
Shot Chart Detail,0021800032,589,1628467,Maxi Kleber,1610612742,Dallas Mavericks,4,10,28,Missed Shot,Jump Shot,3PT Field Goal,Above the Break 3,Right Side Center(RC),24+ ft.,25,99,235,1,0,20181020,DAL,MIN
Shot Chart Detail,0021800032,596,1628467,Maxi Kleber,1610612742,Dallas Mavericks,4,9,57,Made Shot,Cutting Dunk Shot,2PT Field Goal,Restricted Area,Center(C),Less Than 8 ft.,0,-8,1,1,1,20181020,DAL,MIN
Shot Chart Detail,0021800044,109,1628467,Maxi Kleber,1610612742,Dallas Mavericks,1,2,37,Made Shot,Cutting Layup Shot,2PT Field Goal,Restricted Area,Center(C),Less Than 8 ft.,2,13,16,1,1,20181022,DAL,CHI
Shot Chart Detail,0021800044,490,1628467,Maxi Kleber,1610612742,Dallas Mavericks,3,0,58,Missed Shot,Layup Shot,2PT Field Goal,Restricted Area,Center(C),Less Than 8 ft.,2,20,21,1,0,20181022,DAL,CHI
Shot Chart Detail,0021800044,465,1628467,Maxi Kleber,1610612742,Dallas Mavericks,3,0,34,Missed Shot,Jump Shot,3PT Field Goal,Left Corner 3,Left Side(L),24+ ft.,22,-226,-2,1,0,20181022,DAL,CHI
Shot Chart Detail,0021800044,502,1628467,Maxi Kleber,1610612742,Dallas Mavericks,4,11,37,Missed Shot,Driving Floating Jump Shot,2PT Field Goal,In The Paint (Non-RA),Right Side(R),8-16 ft.,9,70,64,1,0,20181022,DAL,CHI
Shot Chart Detail,0021800044,506,1628467,Maxi Kleber,1610612742,Dallas Mavericks,4,11,4,Made Shot,Jump Shot,3PT Field Goal,Above the Break 3,Left Side Center(LC),24+ ft.,25,-154,198,1,1,20181022,DAL,CHI
Shot Chart Detail,0021800044,519,1628467,Maxi Kleber,1610612742,Dallas Mavericks,4,9,53,Made Shot,Driving Floating Jump Shot,2PT Field Goal,In The Paint (Non-RA),Left Side(L),8-16 ft.,9,-67,67,1,1,20181022,DAL,CHI
Shot Chart Detail,0021800044,537,1628467,Maxi Kleber,1610612742,Dallas Mavericks,4,8,53,Made Shot,Driving Reverse Dunk Shot,2PT Field Goal,Restricted Area,Center(C),Less Than 8 ft.,0,-4,0,1,1,20181022,DAL,CHI
Shot Chart Detail,0021800044,577,1628467,Maxi Kleber,1610612742,Dallas Mavericks,4,5,48,Made Shot,Jump Shot,3PT Field Goal,Above the Break 3,Left Side Center(LC),24+ ft.,24,-205,131,1,1,20181022,DAL,CHI
Shot Chart Detail,0021800044,600,1628467,Maxi Kleber,1610612742,Dallas Mavericks,4,3,24,Missed Shot,Pullup Jump shot,3PT Field Goal,Above the Break 3,Center(C),24+ ft.,24,33,243,1,0,20181022,DAL,CHI
Shot Chart Detail,0021800052,159,1628467,Maxi Kleber,1610612742,Dallas Mavericks,1,2,42,Made Shot,Jump Shot,3PT Field Goal,Above the Break 3,Right Side Center(RC),24+ ft.,25,94,236,1,1,20181024,ATL,DAL
Shot Chart Detail,0021800052,182,1628467,Maxi Kleber,1610612742,Dallas Mavericks,1,0,35,Made Shot,Jump Shot,3PT Field Goal,Above the Break 3,Center(C),24+ ft.,25,-58,246,1,1,20181024,ATL,DAL
Shot Chart Detail,0021800052,199,1628467,Maxi Kleber,1610612742,Dallas Mavericks,2,11,31,Missed Shot,Driving Floating Bank Jump Shot,2PT Field Goal,In The Paint (Non-RA),Left Side(L),8-16 ft.,9,-69,64,1,0,20181024,ATL,DAL
Shot Chart Detail,0021800052,550,1628467,Maxi Kleber,1610612742,Dallas Mavericks,3,2,37,Made Shot,Jump Shot,3PT Field Goal,Above the Break 3,Right Side Center(RC),24+ ft.,24,188,164,1,1,20181024,ATL,DAL
Shot Chart Detail,0021800069,251,1628467,Maxi Kleber,1610612742,Dallas Mavericks,2,6,45,Made Shot,Cutting Dunk Shot,2PT Field Goal,Restricted Area,Center(C),Less Than 8 ft.,0,0,-8,1,1,20181026,TOR,DAL
Shot Chart Detail,0021800069,284,1628467,Maxi Kleber,1610612742,Dallas Mavericks,2,3,54,Missed Shot,Jump Shot,3PT Field Goal,Above the Break 3,Right Side Center(RC),24+ ft.,29,199,222,1,0,20181026,TOR,DAL
Shot Chart Detail,0021800069,288,1628467,Maxi Kleber,1610612742,Dallas Mavericks,2,3,33,Made Shot,Running Jump Shot,3PT Field Goal,Above the Break 3,Right Side Center(RC),24+ ft.,25,199,164,1,1,20181026,TOR,DAL
Shot Chart Detail,0021800069,506,1628467,Maxi Kleber,1610612742,Dallas Mavericks,4,11,0,Missed Shot,Running Pull-Up Jump Shot,3PT Field Goal,Above the Break 3,Right Side Center(RC),24+ ft.,25,180,175,1,0,20181026,TOR,DAL
Shot Chart Detail,0021800069,568,1628467,Maxi Kleber,1610612742,Dallas Mavericks,4,6,44,Missed Shot,Turnaround Hook Shot,2PT Field Goal,Restricted Area,Center(C),Less Than 8 ft.,3,-12,33,1,0,20181026,TOR,DAL
Shot Chart Detail,0021800069,636,1628467,Maxi Kleber,1610612742,Dallas Mavericks,4,2,20,Missed Shot,Jump Shot,3PT Field Goal,Above the Break 3,Right Side Center(RC),24+ ft.,24,223,112,1,0,20181026,TOR,DAL
Shot Chart Detail,0021800084,152,1628467,Maxi Kleber,1610612742,Dallas Mavericks,1,1,21,Missed Shot,Jump Shot,3PT Field Goal,Above the Break 3,Left Side Center(LC),24+ ft.,24,-211,121,1,0,20181028,DAL,UTA
Shot Chart Detail,0021800084,163,1628467,Maxi Kleber,1610612742,Dallas Mavericks,1,0,1,Made Shot,Jump Shot,3PT Field Goal,Right Corner 3,Right Side(R),24+ ft.,23,232,4,1,1,20181028,DAL,UTA
Shot Chart Detail,0021800084,182,1628467,Maxi Kleber,1610612742,Dallas Mavericks,2,9,38,Made Shot,Driving Floating Jump Shot,2PT Field Goal,Mid-Range,Left Side(L),8-16 ft.,12,-87,85,1,1,20181028,DAL,UTA
Shot Chart Detail,0021800084,186,1628467,Maxi Kleber,1610612742,Dallas Mavericks,2,9,17,Made Shot,Cutting Layup Shot,2PT Field Goal,Restricted Area,Center(C),Less Than 8 ft.,3,-36,10,1,1,20181028,DAL,UTA
Shot Chart Detail,0021800084,447,1628467,Maxi Kleber,1610612742,Dallas Mavericks,3,1,15,Missed Shot,Jump Shot,3PT Field Goal,Above the Break 3,Right Side Center(RC),24+ ft.,25,190,165,1,0,20181028,DAL,UTA
Shot Chart Detail,0021800084,459,1628467,Maxi Kleber,1610612742,Dallas Mavericks,3,0,46,Missed Shot,Turnaround Fadeaway shot,2PT Field Goal,Mid-Range,Left Side(L),8-16 ft.,13,-127,32,1,0,20181028,DAL,UTA
Shot Chart Detail,0021800084,468,1628467,Maxi Kleber,1610612742,Dallas Mavericks,3,0,1,Missed Shot,Jump Shot,3PT Field Goal,Above the Break 3,Left Side Center(LC),24+ ft.,26,-105,242,1,0,20181028,DAL,UTA
Shot Chart Detail,0021800084,486,1628467,Maxi Kleber,1610612742,Dallas Mavericks,4,10,38,Made Shot,Tip Layup Shot,2PT Field Goal,Restricted Area,Center(C),Less Than 8 ft.,0,0,-6,1,1,20181028,DAL,UTA
Shot Chart Detail,0021800094,141,1628467,Maxi Kleber,1610612742,Dallas Mavericks,1,0,32,Missed Shot,Jump Shot,3PT Field Goal,Above the Break 3,Right Side Center(RC),24+ ft.,26,181,187,1,0,20181029,SAS,DAL
Shot Chart Detail,0021800094,188,1628467,Maxi Kleber,1610612742,Dallas Mavericks,2,9,52,Missed Shot,Jump Shot,3PT Field Goal,Above the Break 3,Center(C),24+ ft.,26,-9,263,1,0,20181029,SAS,DAL
Shot Chart Detail,0021800094,494,1628467,Maxi Kleber,1610612742,Dallas Mavericks,4,11,25,Missed Shot,Jump Shot,3PT Field Goal,Above the Break 3,Right Side Center(RC),24+ ft.,25,176,185,1,0,20181029,SAS,DAL
Shot Chart Detail,0021800094,528,1628467,Maxi Kleber,1610612742,Dallas Mavericks,4,9,18,Missed Shot,Jump Shot,3PT Field Goal,Above the Break 3,Right Side Center(RC),24+ ft.,25,172,183,1,0,20181029,SAS,DAL
Shot Chart Detail,0021800109,137,1628467,Maxi Kleber,1610612742,Dallas Mavericks,1,2,59,Missed Shot,Jump Shot,3PT Field Goal,Left Corner 3,Left Side(L),24+ ft.,24,-231,69,1,0,20181031,LAL,DAL
Shot Chart Detail,0021800109,165,1628467,Maxi Kleber,1610612742,Dallas Mavericks,1,0,11,Made Shot,Alley Oop Layup shot,2PT Field Goal,Restricted Area,Center(C),Less Than 8 ft.,1,-14,7,1,1,20181031,LAL,DAL
Shot Chart Detail,0021800109,178,1628467,Maxi Kleber,1610612742,Dallas Mavericks,2,11,50,Made Shot,Alley Oop Dunk Shot,2PT Field Goal,Restricted Area,Center(C),Less Than 8 ft.,1,-9,5,1,1,20181031,LAL,DAL
Shot Chart Detail,0021800121,163,1628467,Maxi Kleber,1610612742,Dallas Mavericks,1,0,32,Missed Shot,Jump Shot,3PT Field Goal,Left Corner 3,Left Side(L),24+ ft.,23,-231,43,1,0,20181102,DAL,NYK
Shot Chart Detail,0021800121,200,1628467,Maxi Kleber,1610612742,Dallas Mavericks,2,10,15,Missed Shot,Jump Shot,3PT Field Goal,Above the Break 3,Right Side Center(RC),24+ ft.,24,221,99,1,0,20181102,DAL,NYK
Shot Chart Detail,0021800121,202,1628467,Maxi Kleber,1610612742,Dallas Mavericks,2,10,11,Made Shot,Pullup Jump shot,2PT Field Goal,In The Paint (Non-RA),Right Side(R),8-16 ft.,9,70,65,1,1,20181102,DAL,NYK
Shot Chart Detail,0021800121,205,1628467,Maxi Kleber,1610612742,Dallas Mavericks,2,9,31,Made Shot,Turnaround Jump Shot,2PT Field Goal,In The Paint (Non-RA),Left Side(L),8-16 ft.,8,-50,67,1,1,20181102,DAL,NYK
Shot Chart Detail,0021800121,467,1628467,Maxi Kleber,1610612742,Dallas Mavericks,3,2,47,Missed Shot,Driving Layup Shot,2PT Field Goal,Restricted Area,Center(C),Less Than 8 ft.,3,-31,10,1,0,20181102,DAL,NYK
Shot Chart Detail,0021800121,487,1628467,Maxi Kleber,1610612742,Dallas Mavericks,3,2,15,Made Shot,Jump Shot,3PT Field Goal,Above the Break 3,Center(C),24+ ft.,25,77,243,1,1,20181102,DAL,NYK
Shot Chart Detail,0021800121,540,1628467,Maxi Kleber,1610612742,Dallas Mavericks,4,11,8,Made Shot,Cutting Dunk Shot,2PT Field Goal,Restricted Area,Center(C),Less Than 8 ft.,1,2,10,1,1,20181102,DAL,NYK
Shot Chart Detail,0021800150,174,1628467,Maxi Kleber,1610612742,Dallas Mavericks,2,10,45,Missed Shot,Jump Shot,3PT Field Goal,Above the Break 3,Left Side Center(LC),24+ ft.,26,-149,218,1,0,20181106,DAL,WAS
Shot Chart Detail,0021800150,274,1628467,Maxi Kleber,1610612742,Dallas Mavericks,2,3,5,Missed Shot,Jump Shot,3PT Field Goal,Left Corner 3,Left Side(L),24+ ft.,23,-224,58,1,0,20181106,DAL,WAS
Shot Chart Detail,0021800150,304,1628467,Maxi Kleber,1610612742,Dallas Mavericks,2,0,42,Missed Shot,Alley Oop Layup shot,2PT Field Goal,Restricted Area,Center(C),Less Than 8 ft.,1,-7,13,1,0,20181106,DAL,WAS
Shot Chart Detail,0021800150,650,1628467,Maxi Kleber,1610612742,Dallas Mavericks,4,0,29,Missed Shot,Jump Shot,3PT Field Goal,Above the Break 3,Center(C),24+ ft.,24,-42,243,1,0,20181106,DAL,WAS
Shot Chart Detail,0021800160,173,1628467,Maxi Kleber,1610612742,Dallas Mavericks,2,10,49,Missed Shot,Jump Shot,3PT Field Goal,Right Corner 3,Right Side(R),24+ ft.,23,234,-4,1,0,20181107,UTA,DAL
Shot Chart Detail,0021800160,207,1628467,Maxi Kleber,1610612742,Dallas Mavericks,2,9,9,Missed Shot,Jump Shot,3PT Field Goal,Above the Break 3,Left Side Center(LC),24+ ft.,24,-157,188,1,0,20181107,UTA,DAL
Shot Chart Detail,0021800160,343,1628467,Maxi Kleber,1610612742,Dallas Mavericks,2,1,1,Missed Shot,Tip Layup Shot,2PT Field Goal,Restricted Area,Center(C),Less Than 8 ft.,0,0,-6,1,0,20181107,UTA,DAL
Shot Chart Detail,0021800160,516,1628467,Maxi Kleber,1610612742,Dallas Mavericks,3,1,18,Made Shot,Turnaround Jump Shot,2PT Field Goal,In The Paint (Non-RA),Center(C),8-16 ft.,9,-32,88,1,1,20181107,UTA,DAL
Shot Chart Detail,0021800181,102,1628467,Maxi Kleber,1610612742,Dallas Mavericks,1,4,48,Missed Shot,Jump Shot,3PT Field Goal,Right Corner 3,Right Side(R),24+ ft.,23,234,4,1,0,20181110,DAL,OKC
Shot Chart Detail,0021800181,110,1628467,Maxi Kleber,1610612742,Dallas Mavericks,1,3,57,Missed Shot,Jump Shot,3PT Field Goal,Right Corner 3,Right Side(R),24+ ft.,23,230,-6,1,0,20181110,DAL,OKC
Shot Chart Detail,0021800181,152,1628467,Maxi Kleber,1610612742,Dallas Mavericks,1,1,26,Missed Shot,Jump Shot,3PT Field Goal,Above the Break 3,Left Side Center(LC),24+ ft.,25,-136,221,1,0,20181110,DAL,OKC
Shot Chart Detail,0021800181,251,1628467,Maxi Kleber,1610612742,Dallas Mavericks,2,6,49,Made Shot,Jump Shot,3PT Field Goal,Above the Break 3,Right Side Center(RC),24+ ft.,25,90,236,1,1,20181110,DAL,OKC
Shot Chart Detail,0021800181,505,1628467,Maxi Kleber,1610612742,Dallas Mavericks,4,10,26,Missed Shot,Jump Shot,3PT Field Goal,Above the Break 3,Left Side Center(LC),24+ ft.,24,-180,162,1,0,20181110,DAL,OKC
Shot Chart Detail,0021800181,533,1628467,Maxi Kleber,1610612742,Dallas Mavericks,4,7,30,Made Shot,Tip Dunk Shot,2PT Field Goal,Restricted Area,Center(C),Less Than 8 ft.,0,0,-6,1,1,20181110,DAL,OKC
Shot Chart Detail,0021800181,551,1628467,Maxi Kleber,1610612742,Dallas Mavericks,4,6,41,Made Shot,Jump Shot,3PT Field Goal,Above the Break 3,Center(C),24+ ft.,24,20,248,1,1,20181110,DAL,OKC
Shot Chart Detail,0021800193,173,1628467,Maxi Kleber,1610612742,Dallas Mavericks,2,11,33,Made Shot,Alley Oop Dunk Shot,2PT Field Goal,Restricted Area,Center(C),Less Than 8 ft.,0,-6,-1,1,1,20181112,CHI,DAL
Shot Chart Detail,0021800193,184,1628467,Maxi Kleber,1610612742,Dallas Mavericks,2,10,40,Made Shot,Jump Shot,2PT Field Goal,Mid-Range,Left Side(L),16-24 ft.,20,-198,36,1,1,20181112,CHI,DAL
Shot Chart Detail,0021800193,214,1628467,Maxi Kleber,1610612742,Dallas Mavericks,2,8,5,Made Shot,Jump Shot,3PT Field Goal,Above the Break 3,Left Side Center(LC),24+ ft.,25,-120,227,1,1,20181112,CHI,DAL
Shot Chart Detail,0021800193,519,1628467,Maxi Kleber,1610612742,Dallas Mavericks,4,10,47,Made Shot,Jump Shot,3PT Field Goal,Left Corner 3,Left Side(L),24+ ft.,23,-223,71,1,1,20181112,CHI,DAL
Shot Chart Detail,0021800210,214,1628467,Maxi Kleber,1610612742,Dallas Mavericks,2,7,37,Made Shot,Pullup Jump shot,2PT Field Goal,Mid-Range,Right Side(R),8-16 ft.,13,89,107,1,1,20181114,DAL,UTA
Shot Chart Detail,0021800210,511,1628467,Maxi Kleber,1610612742,Dallas Mavericks,4,11,4,Missed Shot,Jump Shot,3PT Field Goal,Above the Break 3,Left Side Center(LC),24+ ft.,25,-175,190,1,0,20181114,DAL,UTA
Shot Chart Detail,0021800210,513,1628467,Maxi Kleber,1610612742,Dallas Mavericks,4,10,59,Missed Shot,Pullup Jump shot,2PT Field Goal,Mid-Range,Left Side Center(LC),16-24 ft.,17,-54,163,1,0,20181114,DAL,UTA
Shot Chart Detail,0021800210,587,1628467,Maxi Kleber,1610612742,Dallas Mavericks,4,5,26,Made Shot,Turnaround Jump Shot,2PT Field Goal,Mid-Range,Right Side(R),8-16 ft.,12,128,-5,1,1,20181114,DAL,UTA
Shot Chart Detail,0021800232,179,1628467,Maxi Kleber,1610612742,Dallas Mavericks,2,11,38,Missed Shot,Jump Shot,3PT Field Goal,Above the Break 3,Left Side Center(LC),24+ ft.,27,-160,221,1,0,20181117,DAL,GSW
Shot Chart Detail,0021800232,198,1628467,Maxi Kleber,1610612742,Dallas Mavericks,2,9,35,Missed Shot,Jump Shot,3PT Field Goal,Above the Break 3,Left Side Center(LC),24+ ft.,27,-183,204,1,0,20181117,DAL,GSW
Shot Chart Detail,0021800244,521,1628467,Maxi Kleber,1610612742,Dallas Mavericks,4,9,52,Missed Shot,Jump Shot,3PT Field Goal,Above the Break 3,Right Side Center(RC),24+ ft.,26,84,253,1,0,20181119,MEM,DAL
Shot Chart Detail,0021800244,538,1628467,Maxi Kleber,1610612742,Dallas Mavericks,4,8,32,Missed Shot,Jump Shot,3PT Field Goal,Above the Break 3,Left Side Center(LC),24+ ft.,25,-101,234,1,0,20181119,MEM,DAL
Shot Chart Detail,0021800244,546,1628467,Maxi Kleber,1610612742,Dallas Mavericks,4,7,48,Missed Shot,Turnaround Fadeaway shot,2PT Field Goal,Mid-Range,Left Side(L),8-16 ft.,12,-127,14,1,0,20181119,MEM,DAL
Shot Chart Detail,0021800244,638,1628467,Maxi Kleber,1610612742,Dallas Mavericks,4,0,27,Missed Shot,Cutting Layup Shot,2PT Field Goal,Restricted Area,Center(C),Less Than 8 ft.,1,9,10,1,0,20181119,MEM,DAL
Shot Chart Detail,0021800261,199,1628467,Maxi Kleber,1610612742,Dallas Mavericks,2,8,31,Made Shot,Jump Shot,3PT Field Goal,Above the Break 3,Right Side Center(RC),24+ ft.,25,217,125,1,1,20181121,DAL,BKN
Shot Chart Detail,0021800261,235,1628467,Maxi Kleber,1610612742,Dallas Mavericks,2,5,47,Made Shot,Alley Oop Dunk Shot,2PT Field Goal,Restricted Area,Center(C),Less Than 8 ft.,1,-8,8,1,1,20181121,DAL,BKN
Shot Chart Detail,0021800261,512,1628467,Maxi Kleber,1610612742,Dallas Mavericks,4,9,53,Missed Shot,Turnaround Fadeaway shot,2PT Field Goal,Mid-Range,Left Side(L),8-16 ft.,10,-103,6,1,0,20181121,DAL,BKN
Shot Chart Detail,0021800261,552,1628467,Maxi Kleber,1610612742,Dallas Mavericks,4,7,29,Missed Shot,Jump Shot,3PT Field Goal,Above the Break 3,Right Side Center(RC),24+ ft.,26,212,163,1,0,20181121,DAL,BKN
Shot Chart Detail,0021800261,650,1628467,Maxi Kleber,1610612742,Dallas Mavericks,4,0,49,Made Shot,Putback Layup Shot,2PT Field Goal,Restricted Area,Center(C),Less Than 8 ft.,0,0,-6,1,1,20181121,DAL,BKN
Shot Chart Detail,0021800283,434,1628467,Maxi Kleber,1610612742,Dallas Mavericks,3,2,49,Missed Shot,Jump Shot,3PT Field Goal,Above the Break 3,Right Side Center(RC),24+ ft.,25,122,221,1,0,20181124,DAL,BOS
Shot Chart Detail,0021800283,442,1628467,Maxi Kleber,1610612742,Dallas Mavericks,3,2,22,Made Shot,Jump Shot,3PT Field Goal,Above the Break 3,Right Side Center(RC),24+ ft.,24,209,131,1,1,20181124,DAL,BOS
Shot Chart Detail,0021800283,519,1628467,Maxi Kleber,1610612742,Dallas Mavericks,4,9,36,Missed Shot,Jump Shot,3PT Field Goal,Right Corner 3,Right Side(R),24+ ft.,22,222,-5,1,0,20181124,DAL,BOS
Shot Chart Detail,0021800283,549,1628467,Maxi Kleber,1610612742,Dallas Mavericks,4,7,57,Made Shot,Running Layup Shot,2PT Field Goal,Restricted Area,Center(C),Less Than 8 ft.,0,2,-1,1,1,20181124,DAL,BOS
Shot Chart Detail,0021800283,600,1628467,Maxi Kleber,1610612742,Dallas Mavericks,4,3,48,Missed Shot,Jump Shot,3PT Field Goal,Right Corner 3,Right Side(R),24+ ft.,22,228,-14,1,0,20181124,DAL,BOS
Shot Chart Detail,0021800283,602,1628467,Maxi Kleber,1610612742,Dallas Mavericks,4,3,45,Missed Shot,Driving Layup Shot,2PT Field Goal,Restricted Area,Center(C),Less Than 8 ft.,1,-11,10,1,0,20181124,DAL,BOS
Shot Chart Detail,0021800283,620,1628467,Maxi Kleber,1610612742,Dallas Mavericks,4,2,7,Missed Shot,Driving Layup Shot,2PT Field Goal,Restricted Area,Center(C),Less Than 8 ft.,0,4,6,1,0,20181124,DAL,BOS
Shot Chart Detail,0021800283,622,1628467,Maxi Kleber,1610612742,Dallas Mavericks,4,2,5,Made Shot,Tip Layup Shot,2PT Field Goal,Restricted Area,Center(C),Less Than 8 ft.,0,0,-6,1,1,20181124,DAL,BOS
Shot Chart Detail,0021800309,143,1628467,Maxi Kleber,1610612742,Dallas Mavericks,1,1,16,Made Shot,Tip Dunk Shot,2PT Field Goal,Restricted Area,Center(C),Less Than 8 ft.,0,0,-6,1,1,20181128,HOU,DAL
Shot Chart Detail,0021800309,152,1628467,Maxi Kleber,1610612742,Dallas Mavericks,1,0,58,Missed Shot,Jump Shot,3PT Field Goal,Right Corner 3,Right Side(R),24+ ft.,23,231,22,1,0,20181128,HOU,DAL
Shot Chart Detail,0021800309,202,1628467,Maxi Kleber,1610612742,Dallas Mavericks,2,9,57,Made Shot,Jump Shot,3PT Field Goal,Above the Break 3,Left Side Center(LC),24+ ft.,26,-116,234,1,1,20181128,HOU,DAL
Shot Chart Detail,0021800309,239,1628467,Maxi Kleber,1610612742,Dallas Mavericks,2,7,27,Made Shot,Jump Shot,3PT Field Goal,Left Corner 3,Left Side(L),24+ ft.,23,-233,52,1,1,20181128,HOU,DAL
Shot Chart Detail,0021800352,144,1628467,Maxi Kleber,1610612742,Dallas Mavericks,1,0,24,Made Shot,Putback Layup Shot,2PT Field Goal,Restricted Area,Center(C),Less Than 8 ft.,1,11,3,1,1,20181204,DAL,POR
Shot Chart Detail,0021800352,167,1628467,Maxi Kleber,1610612742,Dallas Mavericks,2,11,13,Missed Shot,Jump Shot,3PT Field Goal,Above the Break 3,Right Side Center(RC),24+ ft.,25,148,210,1,0,20181204,DAL,POR
Shot Chart Detail,0021800352,193,1628467,Maxi Kleber,1610612742,Dallas Mavericks,2,9,10,Made Shot,Turnaround Jump Shot,2PT Field Goal,In The Paint (Non-RA),Center(C),Less Than 8 ft.,4,18,37,1,1,20181204,DAL,POR
Shot Chart Detail,0021800352,208,1628467,Maxi Kleber,1610612742,Dallas Mavericks,2,7,36,Missed Shot,Turnaround Jump Shot,2PT Field Goal,In The Paint (Non-RA),Center(C),Less Than 8 ft.,7,-68,29,1,0,20181204,DAL,POR
Shot Chart Detail,0021800352,507,1628467,Maxi Kleber,1610612742,Dallas Mavericks,3,0,25,Made Shot,Tip Dunk Shot,2PT Field Goal,Restricted Area,Center(C),Less Than 8 ft.,0,0,-6,1,1,20181204,DAL,POR
Shot Chart Detail,0021800352,539,1628467,Maxi Kleber,1610612742,Dallas Mavericks,4,9,48,Made Shot,Alley Oop Layup shot,2PT Field Goal,Restricted Area,Center(C),Less Than 8 ft.,1,9,10,1,1,20181204,DAL,POR
Shot Chart Detail,0021800352,564,1628467,Maxi Kleber,1610612742,Dallas Mavericks,4,8,19,Missed Shot,Jump Shot,3PT Field Goal,Above the Break 3,Center(C),24+ ft.,25,-12,250,1,0,20181204,DAL,POR
Shot Chart Detail,0021800363,94,1628467,Maxi Kleber,1610612742,Dallas Mavericks,1,3,53,Missed Shot,Floating Jump shot,2PT Field Goal,In The Paint (Non-RA),Center(C),8-16 ft.,11,-5,117,1,0,20181205,NOP,DAL
Shot Chart Detail,0021800363,96,1628467,Maxi Kleber,1610612742,Dallas Mavericks,1,3,49,Missed Shot,Layup Shot,2PT Field Goal,Restricted Area,Center(C),Less Than 8 ft.,3,-4,35,1,0,20181205,NOP,DAL
Shot Chart Detail,0021800363,114,1628467,Maxi Kleber,1610612742,Dallas Mavericks,1,3,18,Made Shot,Jump Shot,3PT Field Goal,Above the Break 3,Right Side Center(RC),24+ ft.,26,93,247,1,1,20181205,NOP,DAL
Shot Chart Detail,0021800363,117,1628467,Maxi Kleber,1610612742,Dallas Mavericks,1,2,48,Missed Shot,Jump Shot,3PT Field Goal,Above the Break 3,Right Side Center(RC),24+ ft.,26,228,138,1,0,20181205,NOP,DAL
Shot Chart Detail,0021800363,121,1628467,Maxi Kleber,1610612742,Dallas Mavericks,1,2,18,Made Shot,Hook Shot,2PT Field Goal,Restricted Area,Center(C),Less Than 8 ft.,3,-3,38,1,1,20181205,NOP,DAL
Shot Chart Detail,0021800363,174,1628467,Maxi Kleber,1610612742,Dallas Mavericks,2,10,10,Missed Shot,Jump Shot,2PT Field Goal,Mid-Range,Left Side(L),16-24 ft.,20,-204,-4,1,0,20181205,NOP,DAL
Shot Chart Detail,0021800363,195,1628467,Maxi Kleber,1610612742,Dallas Mavericks,2,8,36,Missed Shot,Jump Shot,3PT Field Goal,Above the Break 3,Right Side Center(RC),24+ ft.,25,144,216,1,0,20181205,NOP,DAL
Shot Chart Detail,0021800363,444,1628467,Maxi Kleber,1610612742,Dallas Mavericks,3,3,59,Missed Shot,Jump Shot,3PT Field Goal,Right Corner 3,Right Side(R),24+ ft.,23,230,1,1,0,20181205,NOP,DAL
Shot Chart Detail,0021800363,449,1628467,Maxi Kleber,1610612742,Dallas Mavericks,3,3,37,Missed Shot,Jump Shot,3PT Field Goal,Above the Break 3,Center(C),24+ ft.,25,-12,256,1,0,20181205,NOP,DAL
Shot Chart Detail,0021800363,564,1628467,Maxi Kleber,1610612742,Dallas Mavericks,4,6,57,Missed Shot,Jump Shot,3PT Field Goal,Above the Break 3,Left Side Center(LC),24+ ft.,26,-119,232,1,0,20181205,NOP,DAL
Shot Chart Detail,0021800363,588,1628467,Maxi Kleber,1610612742,Dallas Mavericks,4,4,46,Missed Shot,Jump Shot,3PT Field Goal,Above the Break 3,Left Side Center(LC),24+ ft.,26,-148,223,1,0,20181205,NOP,DAL
Shot Chart Detail,0021800363,619,1628467,Maxi Kleber,1610612742,Dallas Mavericks,4,1,59,Missed Shot,Jump Shot,3PT Field Goal,Right Corner 3,Right Side(R),24+ ft.,22,226,6,1,0,20181205,NOP,DAL
Shot Chart Detail,0021800397,112,1628467,Maxi Kleber,1610612742,Dallas Mavericks,1,2,43,Missed Shot,Jump Shot,3PT Field Goal,Right Corner 3,Right Side(R),24+ ft.,22,221,46,1,0,20181210,DAL,ORL
Shot Chart Detail,0021800397,192,1628467,Maxi Kleber,1610612742,Dallas Mavericks,2,9,39,Missed Shot,Turnaround Fadeaway shot,2PT Field Goal,Mid-Range,Right Side Center(RC),16-24 ft.,21,160,141,1,0,20181210,DAL,ORL
Shot Chart Detail,0021800412,143,1628467,Maxi Kleber,1610612742,Dallas Mavericks,1,1,22,Missed Shot,Jump Shot,3PT Field Goal,Above the Break 3,Center(C),24+ ft.,25,-24,253,1,0,20181212,DAL,ATL
Shot Chart Detail,0021800412,159,1628467,Maxi Kleber,1610612742,Dallas Mavericks,1,0,1,Missed Shot,Layup Shot,2PT Field Goal,In The Paint (Non-RA),Center(C),Less Than 8 ft.,4,19,39,1,0,20181212,DAL,ATL
Shot Chart Detail,0021800412,523,1628467,Maxi Kleber,1610612742,Dallas Mavericks,4,11,46,Made Shot,Cutting Dunk Shot,2PT Field Goal,Restricted Area,Center(C),Less Than 8 ft.,0,-3,-4,1,1,20181212,DAL,ATL
Shot Chart Detail,0021800412,574,1628467,Maxi Kleber,1610612742,Dallas Mavericks,4,8,39,Made Shot,Driving Layup Shot,2PT Field Goal,Restricted Area,Center(C),Less Than 8 ft.,0,1,-1,1,1,20181212,DAL,ATL
Shot Chart Detail,0021800412,600,1628467,Maxi Kleber,1610612742,Dallas Mavericks,4,6,39,Made Shot,Jump Shot,3PT Field Goal,Left Corner 3,Left Side(L),24+ ft.,22,-225,17,1,1,20181212,DAL,ATL
Shot Chart Detail,0021800412,608,1628467,Maxi Kleber,1610612742,Dallas Mavericks,4,6,6,Missed Shot,Jump Shot,3PT Field Goal,Above the Break 3,Right Side Center(RC),24+ ft.,25,134,222,1,0,20181212,DAL,ATL
Shot Chart Detail,0021800419,436,1628467,Maxi Kleber,1610612742,Dallas Mavericks,3,3,40,Missed Shot,Jump Shot,3PT Field Goal,Right Corner 3,Right Side(R),24+ ft.,23,230,22,1,0,20181213,PHX,DAL
Shot Chart Detail,0021800419,593,1628467,Maxi Kleber,1610612742,Dallas Mavericks,4,6,40,Missed Shot,Jump Shot,3PT Field Goal,Left Corner 3,Left Side(L),24+ ft.,23,-231,58,1,0,20181213,PHX,DAL
Shot Chart Detail,0021800440,377,1628467,Maxi Kleber,1610612742,Dallas Mavericks,3,8,45,Made Shot,Driving Floating Bank Jump Shot,2PT Field Goal,In The Paint (Non-RA),Center(C),Less Than 8 ft.,7,-73,8,1,1,20181216,DAL,SAC
Shot Chart Detail,0021800440,388,1628467,Maxi Kleber,1610612742,Dallas Mavericks,3,8,12,Missed Shot,Jump Shot,3PT Field Goal,Above the Break 3,Left Side Center(LC),24+ ft.,26,-92,248,1,0,20181216,DAL,SAC
Shot Chart Detail,0021800440,390,1628467,Maxi Kleber,1610612742,Dallas Mavericks,3,8,6,Made Shot,Driving Finger Roll Layup Shot,2PT Field Goal,In The Paint (Non-RA),Center(C),Less Than 8 ft.,4,-3,41,1,1,20181216,DAL,SAC
Shot Chart Detail,0021800440,392,1628467,Maxi Kleber,1610612742,Dallas Mavericks,3,7,44,Missed Shot,Jump Shot,3PT Field Goal,Right Corner 3,Right Side(R),24+ ft.,23,232,40,1,0,20181216,DAL,SAC
Shot Chart Detail,0021800440,399,1628467,Maxi Kleber,1610612742,Dallas Mavericks,3,6,54,Missed Shot,Jump Shot,3PT Field Goal,Above the Break 3,Left Side Center(LC),24+ ft.,24,-204,132,1,0,20181216,DAL,SAC
Shot Chart Detail,0021800440,403,1628467,Maxi Kleber,1610612742,Dallas Mavericks,3,6,24,Made Shot,Jump Shot,3PT Field Goal,Above the Break 3,Right Side Center(RC),24+ ft.,25,160,193,1,1,20181216,DAL,SAC
Shot Chart Detail,0021800440,507,1628467,Maxi Kleber,1610612742,Dallas Mavericks,4,11,47,Made Shot,Turnaround Fadeaway Bank Jump Shot,2PT Field Goal,In The Paint (Non-RA),Center(C),Less Than 8 ft.,4,-31,30,1,1,20181216,DAL,SAC
Shot Chart Detail,0021800440,515,1628467,Maxi Kleber,1610612742,Dallas Mavericks,4,11,6,Missed Shot,Turnaround Bank Hook Shot,2PT Field Goal,Mid-Range,Right Side(R),8-16 ft.,11,109,32,1,0,20181216,DAL,SAC
Shot Chart Detail,0021800468,552,1628467,Maxi Kleber,1610612742,Dallas Mavericks,4,7,55,Made Shot,Running Dunk Shot,2PT Field Goal,Restricted Area,Center(C),Less Than 8 ft.,0,-3,3,1,1,20181220,LAC,DAL
Shot Chart Detail,0021800468,590,1628467,Maxi Kleber,1610612742,Dallas Mavericks,4,5,14,Made Shot,Pullup Jump shot,2PT Field Goal,In The Paint (Non-RA),Center(C),Less Than 8 ft.,4,27,36,1,1,20181220,LAC,DAL
Shot Chart Detail,0021800468,597,1628467,Maxi Kleber,1610612742,Dallas Mavericks,4,4,27,Missed Shot,Jump Shot,3PT Field Goal,Above the Break 3,Left Side Center(LC),24+ ft.,24,-134,210,1,0,20181220,LAC,DAL
Shot Chart Detail,0021800484,173,1628467,Maxi Kleber,1610612742,Dallas Mavericks,2,10,32,Made Shot,Alley Oop Dunk Shot,2PT Field Goal,Restricted Area,Center(C),Less Than 8 ft.,1,0,15,1,1,20181222,GSW,DAL
Shot Chart Detail,0021800484,185,1628467,Maxi Kleber,1610612742,Dallas Mavericks,2,9,14,Missed Shot,Jump Shot,3PT Field Goal,Above the Break 3,Right Side Center(RC),24+ ft.,30,133,269,1,0,20181222,GSW,DAL
Shot Chart Detail,0021800484,213,1628467,Maxi Kleber,1610612742,Dallas Mavericks,2,7,24,Made Shot,Alley Oop Dunk Shot,2PT Field Goal,Restricted Area,Center(C),Less Than 8 ft.,0,0,4,1,1,20181222,GSW,DAL
Shot Chart Detail,0021800495,180,1628467,Maxi Kleber,1610612742,Dallas Mavericks,2,10,39,Made Shot,Jump Shot,3PT Field Goal,Above the Break 3,Right Side Center(RC),24+ ft.,25,82,245,1,1,20181223,POR,DAL
Shot Chart Detail,0021800495,184,1628467,Maxi Kleber,1610612742,Dallas Mavericks,2,9,56,Made Shot,Fadeaway Jump Shot,2PT Field Goal,In The Paint (Non-RA),Center(C),Less Than 8 ft.,7,-59,46,1,1,20181223,POR,DAL
Shot Chart Detail,0021800495,220,1628467,Maxi Kleber,1610612742,Dallas Mavericks,2,6,22,Missed Shot,Jump Shot,3PT Field Goal,Above the Break 3,Center(C),24+ ft.,24,-65,239,1,0,20181223,POR,DAL
Shot Chart Detail,0021800495,531,1628467,Maxi Kleber,1610612742,Dallas Mavericks,4,8,31,Missed Shot,Driving Layup Shot,2PT Field Goal,Restricted Area,Center(C),Less Than 8 ft.,1,2,13,1,0,20181223,POR,DAL
Shot Chart Detail,0021800495,550,1628467,Maxi Kleber,1610612742,Dallas Mavericks,4,6,52,Missed Shot,Jump Shot,3PT Field Goal,Above the Break 3,Left Side Center(LC),24+ ft.,27,-141,231,1,0,20181223,POR,DAL
Shot Chart Detail,0021800509,306,1628467,Maxi Kleber,1610612742,Dallas Mavericks,2,3,58,Made Shot,Jump Shot,3PT Field Goal,Above the Break 3,Right Side Center(RC),24+ ft.,24,210,134,1,1,20181226,DAL,NOP
Shot Chart Detail,0021800509,325,1628467,Maxi Kleber,1610612742,Dallas Mavericks,2,2,40,Made Shot,Jump Shot,3PT Field Goal,Above the Break 3,Center(C),24+ ft.,24,-65,241,1,1,20181226,DAL,NOP
Shot Chart Detail,0021800509,342,1628467,Maxi Kleber,1610612742,Dallas Mavericks,2,1,6,Missed Shot,Jump Shot,3PT Field Goal,Above the Break 3,Right Side Center(RC),24+ ft.,25,84,243,1,0,20181226,DAL,NOP
Shot Chart Detail,0021800509,346,1628467,Maxi Kleber,1610612742,Dallas Mavericks,2,0,34,Missed Shot,Jump Shot,3PT Field Goal,Left Corner 3,Left Side(L),24+ ft.,23,-234,47,1,0,20181226,DAL,NOP
Shot Chart Detail,0021800509,391,1628467,Maxi Kleber,1610612742,Dallas Mavericks,3,9,42,Missed Shot,Jump Shot,3PT Field Goal,Above the Break 3,Right Side Center(RC),24+ ft.,25,204,152,1,0,20181226,DAL,NOP
Shot Chart Detail,0021800509,404,1628467,Maxi Kleber,1610612742,Dallas Mavericks,3,8,57,Made Shot,Driving Layup Shot,2PT Field Goal,Restricted Area,Center(C),Less Than 8 ft.,1,-2,11,1,1,20181226,DAL,NOP
Shot Chart Detail,0021800509,423,1628467,Maxi Kleber,1610612742,Dallas Mavericks,3,7,29,Made Shot,Driving Dunk Shot,2PT Field Goal,Restricted Area,Center(C),Less Than 8 ft.,0,-2,4,1,1,20181226,DAL,NOP
Shot Chart Detail,0021800509,433,1628467,Maxi Kleber,1610612742,Dallas Mavericks,3,6,23,Missed Shot,Tip Layup Shot,2PT Field Goal,Restricted Area,Center(C),Less Than 8 ft.,0,0,-6,1,0,20181226,DAL,NOP
Shot Chart Detail,0021800509,444,1628467,Maxi Kleber,1610612742,Dallas Mavericks,3,6,4,Missed Shot,Tip Layup Shot,2PT Field Goal,Restricted Area,Center(C),Less Than 8 ft.,0,0,-6,1,0,20181226,DAL,NOP
Shot Chart Detail,0021800523,41,1628467,Maxi Kleber,1610612742,Dallas Mavericks,1,8,58,Missed Shot,Jump Shot,3PT Field Goal,Right Corner 3,Right Side(R),24+ ft.,23,229,30,1,0,20181228,NOP,DAL
Shot Chart Detail,0021800523,43,1628467,Maxi Kleber,1610612742,Dallas Mavericks,1,8,43,Missed Shot,Fadeaway Jump Shot,2PT Field Goal,In The Paint (Non-RA),Right Side(R),8-16 ft.,13,71,116,1,0,20181228,NOP,DAL
Shot Chart Detail,0021800523,53,1628467,Maxi Kleber,1610612742,Dallas Mavericks,1,7,58,Made Shot,Jump Shot,3PT Field Goal,Above the Break 3,Right Side Center(RC),24+ ft.,26,107,243,1,1,20181228,NOP,DAL
Shot Chart Detail,0021800523,99,1628467,Maxi Kleber,1610612742,Dallas Mavericks,1,4,16,Missed Shot,Jump Shot,3PT Field Goal,Above the Break 3,Left Side Center(LC),24+ ft.,25,-211,151,1,0,20181228,NOP,DAL
Shot Chart Detail,0021800523,305,1628467,Maxi Kleber,1610612742,Dallas Mavericks,2,4,7,Made Shot,Cutting Dunk Shot,2PT Field Goal,Restricted Area,Center(C),Less Than 8 ft.,0,3,-8,1,1,20181228,NOP,DAL
Shot Chart Detail,0021800523,316,1628467,Maxi Kleber,1610612742,Dallas Mavericks,2,3,16,Missed Shot,Jump Shot,3PT Field Goal,Left Corner 3,Left Side(L),24+ ft.,23,-233,27,1,0,20181228,NOP,DAL
Shot Chart Detail,0021800523,383,1628467,Maxi Kleber,1610612742,Dallas Mavericks,3,11,11,Made Shot,Layup Shot,2PT Field Goal,Restricted Area,Center(C),Less Than 8 ft.,0,0,4,1,1,20181228,NOP,DAL
Shot Chart Detail,0021800523,421,1628467,Maxi Kleber,1610612742,Dallas Mavericks,3,7,3,Missed Shot,Layup Shot,2PT Field Goal,Restricted Area,Center(C),Less Than 8 ft.,1,-13,11,1,0,20181228,NOP,DAL
Shot Chart Detail,0021800539,57,1628467,Maxi Kleber,1610612742,Dallas Mavericks,1,6,59,Missed Shot,Jump Shot,3PT Field Goal,Above the Break 3,Left Side Center(LC),24+ ft.,26,-131,226,1,0,20181230,DAL,OKC
Shot Chart Detail,0021800539,292,1628467,Maxi Kleber,1610612742,Dallas Mavericks,2,1,45,Missed Shot,Jump Shot,3PT Field Goal,Above the Break 3,Left Side Center(LC),24+ ft.,27,-92,254,1,0,20181230,DAL,OKC
Shot Chart Detail,0021800539,310,1628467,Maxi Kleber,1610612742,Dallas Mavericks,3,11,42,Missed Shot,Jump Shot,3PT Field Goal,Above the Break 3,Right Side Center(RC),24+ ft.,25,213,136,1,0,20181230,DAL,OKC
Shot Chart Detail,0021800539,348,1628467,Maxi Kleber,1610612742,Dallas Mavericks,3,8,9,Made Shot,Jump Shot,3PT Field Goal,Above the Break 3,Right Side Center(RC),24+ ft.,25,149,213,1,1,20181230,DAL,OKC
Shot Chart Detail,0021800539,360,1628467,Maxi Kleber,1610612742,Dallas Mavericks,3,7,2,Missed Shot,Jump Shot,3PT Field Goal,Left Corner 3,Left Side(L),24+ ft.,22,-226,4,1,0,20181230,DAL,OKC
Shot Chart Detail,0021800547,197,1628467,Maxi Kleber,1610612742,Dallas Mavericks,2,11,45,Missed Shot,Jump Shot,3PT Field Goal,Left Corner 3,Left Side(L),24+ ft.,23,-230,36,1,0,20181231,OKC,DAL
Shot Chart Detail,0021800554,506,1628467,Maxi Kleber,1610612742,Dallas Mavericks,4,9,57,Made Shot,Jump Shot,3PT Field Goal,Above the Break 3,Center(C),24+ ft.,25,54,253,1,1,20190102,CHA,DAL
Shot Chart Detail,0021800554,535,1628467,Maxi Kleber,1610612742,Dallas Mavericks,4,8,1,Made Shot,Jump Shot,3PT Field Goal,Above the Break 3,Right Side Center(RC),24+ ft.,26,116,233,1,1,20190102,CHA,DAL
Shot Chart Detail,0021800554,578,1628467,Maxi Kleber,1610612742,Dallas Mavericks,4,4,31,Made Shot,Dunk Shot,2PT Field Goal,Restricted Area,Center(C),Less Than 8 ft.,1,-5,16,1,1,20190102,CHA,DAL
Shot Chart Detail,0021800578,204,1628467,Maxi Kleber,1610612742,Dallas Mavericks,2,8,2,Made Shot,Dunk Shot,2PT Field Goal,Restricted Area,Center(C),Less Than 8 ft.,1,-12,8,1,1,20190105,PHI,DAL
Shot Chart Detail,0021800578,489,1628467,Maxi Kleber,1610612742,Dallas Mavericks,3,2,9,Missed Shot,Pullup Jump shot,2PT Field Goal,Mid-Range,Center(C),16-24 ft.,19,54,188,1,0,20190105,PHI,DAL
Shot Chart Detail,0021800578,501,1628467,Maxi Kleber,1610612742,Dallas Mavericks,3,1,11,Missed Shot,Jump Shot,3PT Field Goal,Above the Break 3,Center(C),24+ ft.,26,60,258,1,0,20190105,PHI,DAL
Shot Chart Detail,0021800578,540,1628467,Maxi Kleber,1610612742,Dallas Mavericks,4,10,26,Made Shot,Driving Dunk Shot,2PT Field Goal,Restricted Area,Center(C),Less Than 8 ft.,0,6,6,1,1,20190105,PHI,DAL
Shot Chart Detail,0021800578,555,1628467,Maxi Kleber,1610612742,Dallas Mavericks,4,9,14,Made Shot,Cutting Dunk Shot,2PT Field Goal,Restricted Area,Center(C),Less Than 8 ft.,0,0,0,1,1,20190105,PHI,DAL
Shot Chart Detail,0021800578,586,1628467,Maxi Kleber,1610612742,Dallas Mavericks,4,6,24,Missed Shot,Pullup Jump shot,2PT Field Goal,In The Paint (Non-RA),Center(C),8-16 ft.,11,13,110,1,0,20190105,PHI,DAL
Shot Chart Detail,0021800613,26,1628467,Maxi Kleber,1610612742,Dallas Mavericks,1,9,51,Made Shot,Jump Shot,3PT Field Goal,Left Corner 3,Left Side(L),24+ ft.,23,-232,17,1,1,20190109,DAL,PHX
Shot Chart Detail,0021800613,85,1628467,Maxi Kleber,1610612742,Dallas Mavericks,1,4,48,Made Shot,Driving Dunk Shot,2PT Field Goal,Restricted Area,Center(C),Less Than 8 ft.,1,-7,8,1,1,20190109,DAL,PHX
Shot Chart Detail,0021800613,260,1628467,Maxi Kleber,1610612742,Dallas Mavericks,2,6,0,Missed Shot,Jump Shot,3PT Field Goal,Right Corner 3,Right Side(R),24+ ft.,23,232,4,1,0,20190109,DAL,PHX
Shot Chart Detail,0021800613,302,1628467,Maxi Kleber,1610612742,Dallas Mavericks,2,2,43,Made Shot,Jump Shot,3PT Field Goal,Above the Break 3,Right Side Center(RC),24+ ft.,25,232,94,1,1,20190109,DAL,PHX
Shot Chart Detail,0021800613,318,1628467,Maxi Kleber,1610612742,Dallas Mavericks,2,0,54,Missed Shot,Reverse Dunk Shot,2PT Field Goal,Restricted Area,Center(C),Less Than 8 ft.,2,10,18,1,0,20190109,DAL,PHX
Shot Chart Detail,0021800613,393,1628467,Maxi Kleber,1610612742,Dallas Mavericks,3,7,43,Missed Shot,Jump Shot,3PT Field Goal,Above the Break 3,Right Side Center(RC),24+ ft.,26,179,194,1,0,20190109,DAL,PHX
Shot Chart Detail,0021800613,673,1628467,Maxi Kleber,1610612742,Dallas Mavericks,4,1,13,Made Shot,Driving Dunk Shot,2PT Field Goal,Restricted Area,Center(C),Less Than 8 ft.,1,12,14,1,1,20190109,DAL,PHX
Shot Chart Detail,0021800626,36,1628467,Maxi Kleber,1610612742,Dallas Mavericks,1,9,24,Made Shot,Jump Shot,3PT Field Goal,Left Corner 3,Left Side(L),24+ ft.,23,-230,39,1,1,20190111,MIN,DAL
Shot Chart Detail,0021800626,252,1628467,Maxi Kleber,1610612742,Dallas Mavericks,2,6,47,Made Shot,Jump Shot,3PT Field Goal,Left Corner 3,Left Side(L),24+ ft.,24,-232,64,1,1,20190111,MIN,DAL
Shot Chart Detail,0021800626,332,1628467,Maxi Kleber,1610612742,Dallas Mavericks,2,1,9,Made Shot,Jump Shot,3PT Field Goal,Right Corner 3,Right Side(R),24+ ft.,22,223,-10,1,1,20190111,MIN,DAL
Shot Chart Detail,0021800626,347,1628467,Maxi Kleber,1610612742,Dallas Mavericks,2,0,2,Missed Shot,Jump Shot,3PT Field Goal,Left Corner 3,Left Side(L),24+ ft.,23,-230,28,1,0,20190111,MIN,DAL
Shot Chart Detail,0021800642,12,1628467,Maxi Kleber,1610612742,Dallas Mavericks,1,11,6,Missed Shot,Driving Floating Jump Shot,2PT Field Goal,In The Paint (Non-RA),Center(C),Less Than 8 ft.,7,-58,47,1,0,20190113,DAL,GSW
Shot Chart Detail,0021800642,23,1628467,Maxi Kleber,1610612742,Dallas Mavericks,1,9,43,Missed Shot,Jump Shot,3PT Field Goal,Above the Break 3,Left Side Center(LC),24+ ft.,26,-128,227,1,0,20190113,DAL,GSW
Shot Chart Detail,0021800642,267,1628467,Maxi Kleber,1610612742,Dallas Mavericks,2,4,52,Made Shot,Jump Shot,2PT Field Goal,Mid-Range,Left Side(L),16-24 ft.,22,-193,125,1,1,20190113,DAL,GSW
Shot Chart Detail,0021800642,305,1628467,Maxi Kleber,1610612742,Dallas Mavericks,2,1,18,Missed Shot,Putback Layup Shot,2PT Field Goal,Restricted Area,Center(C),Less Than 8 ft.,0,0,7,1,0,20190113,DAL,GSW
Shot Chart Detail,0021800642,360,1628467,Maxi Kleber,1610612742,Dallas Mavericks,3,8,37,Made Shot,Driving Dunk Shot,2PT Field Goal,Restricted Area,Center(C),Less Than 8 ft.,0,7,6,1,1,20190113,DAL,GSW
Shot Chart Detail,0021800642,559,1628467,Maxi Kleber,1610612742,Dallas Mavericks,4,7,21,Missed Shot,Cutting Layup Shot,2PT Field Goal,Restricted Area,Center(C),Less Than 8 ft.,1,-10,8,1,0,20190113,DAL,GSW
Shot Chart Detail,0021800642,561,1628467,Maxi Kleber,1610612742,Dallas Mavericks,4,7,18,Missed Shot,Tip Layup Shot,2PT Field Goal,Restricted Area,Center(C),Less Than 8 ft.,0,0,-6,1,0,20190113,DAL,GSW
Shot Chart Detail,0021800661,36,1628467,Maxi Kleber,1610612742,Dallas Mavericks,1,8,26,Made Shot,Jump Shot,3PT Field Goal,Right Corner 3,Right Side(R),24+ ft.,22,226,-13,1,1,20190116,DAL,SAS
Shot Chart Detail,0021800661,46,1628467,Maxi Kleber,1610612742,Dallas Mavericks,1,7,45,Made Shot,Jump Shot,3PT Field Goal,Above the Break 3,Right Side Center(RC),24+ ft.,26,180,188,1,1,20190116,DAL,SAS
Shot Chart Detail,0021800661,284,1628467,Maxi Kleber,1610612742,Dallas Mavericks,2,1,45,Missed Shot,Jump Shot,3PT Field Goal,Above the Break 3,Right Side Center(RC),24+ ft.,27,195,194,1,0,20190116,DAL,SAS
Shot Chart Detail,0021800661,556,1628467,Maxi Kleber,1610612742,Dallas Mavericks,4,5,20,Missed Shot,Jump Shot,3PT Field Goal,Above the Break 3,Right Side Center(RC),24+ ft.,25,188,170,1,0,20190116,DAL,SAS
Shot Chart Detail,0021800681,70,1628467,Maxi Kleber,1610612742,Dallas Mavericks,1,5,5,Made Shot,Jump Shot,3PT Field Goal,Above the Break 3,Right Side Center(RC),24+ ft.,28,169,234,1,1,20190119,IND,DAL
Shot Chart Detail,0021800681,321,1628467,Maxi Kleber,1610612742,Dallas Mavericks,3,10,30,Missed Shot,Jump Shot,3PT Field Goal,Left Corner 3,Left Side(L),24+ ft.,23,-230,29,1,0,20190119,IND,DAL
Shot Chart Detail,0021800694,169,1628467,Maxi Kleber,1610612742,Dallas Mavericks,2,10,42,Made Shot,Jump Shot,3PT Field Goal,Above the Break 3,Left Side Center(LC),24+ ft.,28,-110,264,1,1,20190121,MIL,DAL
Shot Chart Detail,0021800694,250,1628467,Maxi Kleber,1610612742,Dallas Mavericks,2,5,13,Missed Shot,Jump Shot,3PT Field Goal,Above the Break 3,Left Side Center(LC),24+ ft.,29,-191,228,1,0,20190121,MIL,DAL
Shot Chart Detail,0021800694,465,1628467,Maxi Kleber,1610612742,Dallas Mavericks,3,2,41,Missed Shot,Jump Shot,3PT Field Goal,Right Corner 3,Right Side(R),24+ ft.,23,232,38,1,0,20190121,MIL,DAL
Shot Chart Detail,0021800694,470,1628467,Maxi Kleber,1610612742,Dallas Mavericks,3,2,8,Made Shot,Turnaround Fadeaway shot,2PT Field Goal,In The Paint (Non-RA),Center(C),Less Than 8 ft.,5,-44,35,1,1,20190121,MIL,DAL
Shot Chart Detail,0021800694,526,1628467,Maxi Kleber,1610612742,Dallas Mavericks,4,10,33,Missed Shot,Jump Shot,2PT Field Goal,Mid-Range,Center(C),16-24 ft.,17,-32,169,1,0,20190121,MIL,DAL
Shot Chart Detail,0021800694,533,1628467,Maxi Kleber,1610612742,Dallas Mavericks,4,10,10,Missed Shot,Jump Shot,3PT Field Goal,Left Corner 3,Left Side(L),24+ ft.,22,-223,50,1,0,20190121,MIL,DAL
Shot Chart Detail,0021800694,535,1628467,Maxi Kleber,1610612742,Dallas Mavericks,4,10,4,Made Shot,Jump Shot,3PT Field Goal,Left Corner 3,Left Side(L),24+ ft.,23,-222,83,1,1,20190121,MIL,DAL
Shot Chart Detail,0021800694,581,1628467,Maxi Kleber,1610612742,Dallas Mavericks,4,7,34,Missed Shot,Jump Shot,3PT Field Goal,Above the Break 3,Right Side Center(RC),24+ ft.,28,123,260,1,0,20190121,MIL,DAL
Shot Chart Detail,0021800704,165,1628467,Maxi Kleber,1610612742,Dallas Mavericks,1,0,10,Made Shot,Tip Layup Shot,2PT Field Goal,Restricted Area,Center(C),Less Than 8 ft.,0,0,-6,1,1,20190122,DAL,LAC
Shot Chart Detail,0021800704,267,1628467,Maxi Kleber,1610612742,Dallas Mavericks,2,6,31,Missed Shot,Jump Shot,3PT Field Goal,Right Corner 3,Right Side(R),24+ ft.,23,226,60,1,0,20190122,DAL,LAC
Shot Chart Detail,0021800726,105,1628467,Maxi Kleber,1610612742,Dallas Mavericks,1,1,59,Made Shot,Jump Shot,3PT Field Goal,Above the Break 3,Left Side Center(LC),24+ ft.,24,-212,128,1,1,20190125,DAL,DET
Shot Chart Detail,0021800726,242,1628467,Maxi Kleber,1610612742,Dallas Mavericks,2,6,7,Made Shot,Jump Shot,3PT Field Goal,Above the Break 3,Left Side Center(LC),24+ ft.,25,-183,184,1,1,20190125,DAL,DET
Shot Chart Detail,0021800726,254,1628467,Maxi Kleber,1610612742,Dallas Mavericks,2,5,4,Made Shot,Jump Shot,3PT Field Goal,Above the Break 3,Right Side Center(RC),24+ ft.,25,127,218,1,1,20190125,DAL,DET
Shot Chart Detail,0021800726,323,1628467,Maxi Kleber,1610612742,Dallas Mavericks,2,0,7,Missed Shot,Jump Shot,3PT Field Goal,Left Corner 3,Left Side(L),24+ ft.,23,-235,28,1,0,20190125,DAL,DET
Shot Chart Detail,0021800726,468,1628467,Maxi Kleber,1610612742,Dallas Mavericks,3,2,11,Missed Shot,Jump Shot,3PT Field Goal,Above the Break 3,Left Side Center(LC),24+ ft.,25,-152,200,1,0,20190125,DAL,DET
Shot Chart Detail,0021800726,600,1628467,Maxi Kleber,1610612742,Dallas Mavericks,4,5,14,Missed Shot,Jump Shot,3PT Field Goal,Right Corner 3,Right Side(R),24+ ft.,23,230,17,1,0,20190125,DAL,DET
Shot Chart Detail,0021800726,627,1628467,Maxi Kleber,1610612742,Dallas Mavericks,4,3,34,Made Shot,Jump Shot,3PT Field Goal,Above the Break 3,Left Side Center(LC),24+ ft.,25,-101,230,1,1,20190125,DAL,DET
Shot Chart Detail,0021800739,222,1628467,Maxi Kleber,1610612742,Dallas Mavericks,2,7,57,Missed Shot,Jump Shot,3PT Field Goal,Right Corner 3,Right Side(R),24+ ft.,22,226,6,1,0,20190127,DAL,TOR
Shot Chart Detail,0021800739,592,1628467,Maxi Kleber,1610612742,Dallas Mavericks,4,7,23,Missed Shot,Jump Shot,3PT Field Goal,Right Corner 3,Right Side(R),24+ ft.,23,230,20,1,0,20190127,DAL,TOR
Shot Chart Detail,0021800758,421,1628467,Maxi Kleber,1610612742,Dallas Mavericks,3,2,18,Missed Shot,Jump Shot,3PT Field Goal,Above the Break 3,Center(C),24+ ft.,26,-7,264,1,0,20190130,NYK,DAL
Shot Chart Detail,0021800758,487,1628467,Maxi Kleber,1610612742,Dallas Mavericks,4,8,55,Made Shot,Driving Reverse Dunk Shot,2PT Field Goal,Restricted Area,Center(C),Less Than 8 ft.,0,-2,2,1,1,20190130,NYK,DAL
Shot Chart Detail,0021800758,514,1628467,Maxi Kleber,1610612742,Dallas Mavericks,4,6,27,Made Shot,Cutting Dunk Shot,2PT Field Goal,Restricted Area,Center(C),Less Than 8 ft.,1,-11,0,1,1,20190130,NYK,DAL
Shot Chart Detail,0021800764,53,1628467,Maxi Kleber,1610612742,Dallas Mavericks,1,6,21,Missed Shot,Driving Hook Shot,2PT Field Goal,In The Paint (Non-RA),Center(C),Less Than 8 ft.,7,-68,31,1,0,20190131,DET,DAL
Shot Chart Detail,0021800764,65,1628467,Maxi Kleber,1610612742,Dallas Mavericks,1,5,32,Made Shot,Jump Shot,3PT Field Goal,Above the Break 3,Right Side Center(RC),24+ ft.,25,198,159,1,1,20190131,DET,DAL
Shot Chart Detail,0021800764,511,1628467,Maxi Kleber,1610612742,Dallas Mavericks,4,9,4,Missed Shot,Jump Shot,3PT Field Goal,Above the Break 3,Right Side Center(RC),24+ ft.,26,112,239,1,0,20190131,DET,DAL
Shot Chart Detail,0021800780,15,1628467,Maxi Kleber,1610612742,Dallas Mavericks,1,10,57,Missed Shot,Turnaround Fadeaway shot,2PT Field Goal,In The Paint (Non-RA),Center(C),Less Than 8 ft.,7,44,64,1,0,20190202,CLE,DAL
Shot Chart Detail,0021800780,49,1628467,Maxi Kleber,1610612742,Dallas Mavericks,1,7,47,Missed Shot,Driving Layup Shot,2PT Field Goal,Restricted Area,Center(C),Less Than 8 ft.,1,6,15,1,0,20190202,CLE,DAL
Shot Chart Detail,0021800780,74,1628467,Maxi Kleber,1610612742,Dallas Mavericks,1,6,2,Made Shot,Jump Shot,3PT Field Goal,Right Corner 3,Right Side(R),24+ ft.,22,226,16,1,1,20190202,CLE,DAL
Shot Chart Detail,0021800780,77,1628467,Maxi Kleber,1610612742,Dallas Mavericks,1,5,34,Made Shot,Jump Shot,3PT Field Goal,Above the Break 3,Center(C),24+ ft.,25,-75,246,1,1,20190202,CLE,DAL
Shot Chart Detail,0021800780,219,1628467,Maxi Kleber,1610612742,Dallas Mavericks,2,7,47,Missed Shot,Jump Shot,3PT Field Goal,Above the Break 3,Left Side Center(LC),24+ ft.,25,-135,219,1,0,20190202,CLE,DAL
Shot Chart Detail,0021800780,240,1628467,Maxi Kleber,1610612742,Dallas Mavericks,2,6,12,Missed Shot,Jump Shot,3PT Field Goal,Above the Break 3,Right Side Center(RC),24+ ft.,28,122,253,1,0,20190202,CLE,DAL
Shot Chart Detail,0021800780,344,1628467,Maxi Kleber,1610612742,Dallas Mavericks,3,9,33,Made Shot,Alley Oop Dunk Shot,2PT Field Goal,Restricted Area,Center(C),Less Than 8 ft.,0,-2,2,1,1,20190202,CLE,DAL
Shot Chart Detail,0021800780,361,1628467,Maxi Kleber,1610612742,Dallas Mavericks,3,8,34,Missed Shot,Alley Oop Layup shot,2PT Field Goal,Restricted Area,Center(C),Less Than 8 ft.,1,-13,7,1,0,20190202,CLE,DAL
Shot Chart Detail,0021800807,15,1628467,Maxi Kleber,1610612742,Dallas Mavericks,1,10,41,Made Shot,Cutting Dunk Shot,2PT Field Goal,Restricted Area,Center(C),Less Than 8 ft.,1,-6,12,1,1,20190206,DAL,CHA
Shot Chart Detail,0021800807,58,1628467,Maxi Kleber,1610612742,Dallas Mavericks,1,7,19,Made Shot,Cutting Dunk Shot,2PT Field Goal,Restricted Area,Center(C),Less Than 8 ft.,0,-1,4,1,1,20190206,DAL,CHA
Shot Chart Detail,0021800807,289,1628467,Maxi Kleber,1610612742,Dallas Mavericks,2,5,10,Missed Shot,Tip Layup Shot,2PT Field Goal,Restricted Area,Center(C),Less Than 8 ft.,1,-8,7,1,0,20190206,DAL,CHA
Shot Chart Detail,0021800807,357,1628467,Maxi Kleber,1610612742,Dallas Mavericks,3,8,21,Made Shot,Running Layup Shot,2PT Field Goal,Restricted Area,Center(C),Less Than 8 ft.,0,9,4,1,1,20190206,DAL,CHA
Shot Chart Detail,0021800807,362,1628467,Maxi Kleber,1610612742,Dallas Mavericks,3,7,37,Made Shot,Alley Oop Dunk Shot,2PT Field Goal,Restricted Area,Center(C),Less Than 8 ft.,0,-5,3,1,1,20190206,DAL,CHA
Shot Chart Detail,0021800807,533,1628467,Maxi Kleber,1610612742,Dallas Mavericks,4,7,16,Made Shot,Jump Shot,3PT Field Goal,Right Corner 3,Right Side(R),24+ ft.,22,226,9,1,1,20190206,DAL,CHA
Shot Chart Detail,0021800807,583,1628467,Maxi Kleber,1610612742,Dallas Mavericks,4,2,57,Missed Shot,Turnaround Jump Shot,2PT Field Goal,In The Paint (Non-RA),Center(C),8-16 ft.,11,47,105,1,0,20190206,DAL,CHA
Shot Chart Detail,0021800821,7,1628467,Maxi Kleber,1610612742,Dallas Mavericks,1,11,42,Missed Shot,Jump Shot,3PT Field Goal,Above the Break 3,Right Side Center(RC),24+ ft.,24,106,224,1,0,20190208,DAL,MIL
Shot Chart Detail,0021800821,23,1628467,Maxi Kleber,1610612742,Dallas Mavericks,1,10,7,Missed Shot,Jump Shot,3PT Field Goal,Above the Break 3,Center(C),24+ ft.,25,38,251,1,0,20190208,DAL,MIL
Shot Chart Detail,0021800821,34,1628467,Maxi Kleber,1610612742,Dallas Mavericks,1,8,26,Made Shot,Alley Oop Layup shot,2PT Field Goal,Restricted Area,Center(C),Less Than 8 ft.,2,25,4,1,1,20190208,DAL,MIL
Shot Chart Detail,0021800821,41,1628467,Maxi Kleber,1610612742,Dallas Mavericks,1,7,34,Made Shot,Jump Shot,3PT Field Goal,Left Corner 3,Left Side(L),24+ ft.,22,-227,15,1,1,20190208,DAL,MIL
Shot Chart Detail,0021800821,45,1628467,Maxi Kleber,1610612742,Dallas Mavericks,1,7,2,Missed Shot,Jump Shot,3PT Field Goal,Above the Break 3,Center(C),24+ ft.,25,22,252,1,0,20190208,DAL,MIL
Shot Chart Detail,0021800821,213,1628467,Maxi Kleber,1610612742,Dallas Mavericks,2,8,34,Made Shot,Tip Dunk Shot,2PT Field Goal,Restricted Area,Center(C),Less Than 8 ft.,0,0,-6,1,1,20190208,DAL,MIL
Shot Chart Detail,0021800821,347,1628467,Maxi Kleber,1610612742,Dallas Mavericks,3,11,19,Missed Shot,Jump Shot,3PT Field Goal,Above the Break 3,Left Side Center(LC),24+ ft.,26,-120,236,1,0,20190208,DAL,MIL
Shot Chart Detail,0021800821,563,1628467,Maxi Kleber,1610612742,Dallas Mavericks,4,8,35,Made Shot,Jump Shot,3PT Field Goal,Above the Break 3,Left Side Center(LC),24+ ft.,25,-107,236,1,1,20190208,DAL,MIL
Shot Chart Detail,0021800821,578,1628467,Maxi Kleber,1610612742,Dallas Mavericks,4,7,6,Missed Shot,Jump Shot,3PT Field Goal,Above the Break 3,Center(C),24+ ft.,25,6,254,1,0,20190208,DAL,MIL
Shot Chart Detail,0021800834,25,1628467,Maxi Kleber,1610612742,Dallas Mavericks,1,9,39,Missed Shot,Driving Floating Bank Jump Shot,2PT Field Goal,Restricted Area,Center(C),Less Than 8 ft.,2,-9,24,1,0,20190210,DAL,POR
Shot Chart Detail,0021800834,30,1628467,Maxi Kleber,1610612742,Dallas Mavericks,1,9,16,Missed Shot,Jump Shot,3PT Field Goal,Above the Break 3,Right Side Center(RC),24+ ft.,25,90,242,1,0,20190210,DAL,POR
Shot Chart Detail,0021800834,36,1628467,Maxi Kleber,1610612742,Dallas Mavericks,1,8,56,Missed Shot,Step Back Jump shot,2PT Field Goal,Mid-Range,Right Side(R),8-16 ft.,13,130,17,1,0,20190210,DAL,POR
Shot Chart Detail,0021800834,197,1628467,Maxi Kleber,1610612742,Dallas Mavericks,2,10,3,Missed Shot,Jump Shot,2PT Field Goal,In The Paint (Non-RA),Center(C),Less Than 8 ft.,4,15,38,1,0,20190210,DAL,POR
Shot Chart Detail,0021800834,281,1628467,Maxi Kleber,1610612742,Dallas Mavericks,2,5,16,Made Shot,Step Back Jump shot,3PT Field Goal,Above the Break 3,Right Side Center(RC),24+ ft.,25,128,221,1,1,20190210,DAL,POR
Shot Chart Detail,0021800834,286,1628467,Maxi Kleber,1610612742,Dallas Mavericks,2,4,55,Made Shot,Driving Dunk Shot,2PT Field Goal,Restricted Area,Center(C),Less Than 8 ft.,1,5,13,1,1,20190210,DAL,POR
Shot Chart Detail,0021800834,301,1628467,Maxi Kleber,1610612742,Dallas Mavericks,2,3,54,Missed Shot,Jump Shot,3PT Field Goal,Above the Break 3,Right Side Center(RC),24+ ft.,25,160,200,1,0,20190210,DAL,POR
Shot Chart Detail,0021800834,305,1628467,Maxi Kleber,1610612742,Dallas Mavericks,2,3,24,Missed Shot,Jump Shot,3PT Field Goal,Above the Break 3,Center(C),24+ ft.,25,28,250,1,0,20190210,DAL,POR
Shot Chart Detail,0021800834,315,1628467,Maxi Kleber,1610612742,Dallas Mavericks,2,2,39,Made Shot,Alley Oop Dunk Shot,2PT Field Goal,Restricted Area,Center(C),Less Than 8 ft.,1,-3,15,1,1,20190210,DAL,POR
Shot Chart Detail,0021800834,319,1628467,Maxi Kleber,1610612742,Dallas Mavericks,2,2,7,Missed Shot,Jump Shot,3PT Field Goal,Above the Break 3,Left Side Center(LC),24+ ft.,25,-205,147,1,0,20190210,DAL,POR
Shot Chart Detail,0021800834,371,1628467,Maxi Kleber,1610612742,Dallas Mavericks,3,11,30,Made Shot,Running Alley Oop Dunk Shot,2PT Field Goal,Restricted Area,Center(C),Less Than 8 ft.,0,-5,4,1,1,20190210,DAL,POR
Shot Chart Detail,0021800834,426,1628467,Maxi Kleber,1610612742,Dallas Mavericks,3,6,13,Missed Shot,Jump Shot,3PT Field Goal,Above the Break 3,Left Side Center(LC),24+ ft.,25,-181,184,1,0,20190210,DAL,POR
Shot Chart Detail,0021800844,10,1628467,Maxi Kleber,1610612742,Dallas Mavericks,1,11,10,Made Shot,Cutting Layup Shot,2PT Field Goal,Restricted Area,Center(C),Less Than 8 ft.,3,-6,37,1,1,20190211,HOU,DAL
Shot Chart Detail,0021800844,14,1628467,Maxi Kleber,1610612742,Dallas Mavericks,1,10,33,Made Shot,Turnaround Fadeaway shot,2PT Field Goal,Mid-Range,Right Side(R),8-16 ft.,9,92,36,1,1,20190211,HOU,DAL
Shot Chart Detail,0021800844,34,1628467,Maxi Kleber,1610612742,Dallas Mavericks,1,8,21,Missed Shot,Driving Layup Shot,2PT Field Goal,In The Paint (Non-RA),Center(C),Less Than 8 ft.,4,27,34,1,0,20190211,HOU,DAL
Shot Chart Detail,0021800844,361,1628467,Maxi Kleber,1610612742,Dallas Mavericks,3,9,45,Made Shot,Jump Shot,3PT Field Goal,Above the Break 3,Right Side Center(RC),24+ ft.,27,117,248,1,1,20190211,HOU,DAL
Shot Chart Detail,0021800844,387,1628467,Maxi Kleber,1610612742,Dallas Mavericks,3,6,59,Missed Shot,Jump Shot,3PT Field Goal,Above the Break 3,Center(C),24+ ft.,26,22,260,1,0,20190211,HOU,DAL
Shot Chart Detail,0021800844,620,1628467,Maxi Kleber,1610612742,Dallas Mavericks,4,5,19,Missed Shot,Layup Shot,2PT Field Goal,Restricted Area,Center(C),Less Than 8 ft.,1,-5,14,1,0,20190211,HOU,DAL
Shot Chart Detail,0021800844,603,1628467,Maxi Kleber,1610612742,Dallas Mavericks,4,3,34,Made Shot,Turnaround Fadeaway shot,2PT Field Goal,In The Paint (Non-RA),Center(C),8-16 ft.,12,4,125,1,1,20190211,HOU,DAL
Shot Chart Detail,0021800859,16,1628467,Maxi Kleber,1610612742,Dallas Mavericks,1,11,13,Made Shot,Jump Shot,3PT Field Goal,Above the Break 3,Right Side Center(RC),24+ ft.,25,169,191,1,1,20190213,DAL,MIA
Shot Chart Detail,0021800859,21,1628467,Maxi Kleber,1610612742,Dallas Mavericks,1,10,46,Missed Shot,Jump Shot,3PT Field Goal,Above the Break 3,Right Side Center(RC),24+ ft.,24,86,233,1,0,20190213,DAL,MIA
Shot Chart Detail,0021800859,58,1628467,Maxi Kleber,1610612742,Dallas Mavericks,1,7,29,Missed Shot,Jump Shot,3PT Field Goal,Above the Break 3,Right Side Center(RC),24+ ft.,25,105,233,1,0,20190213,DAL,MIA
Shot Chart Detail,0021800859,225,1628467,Maxi Kleber,1610612742,Dallas Mavericks,2,5,37,Made Shot,Running Dunk Shot,2PT Field Goal,Restricted Area,Center(C),Less Than 8 ft.,1,-5,11,1,1,20190213,DAL,MIA
Shot Chart Detail,0021800859,284,1628467,Maxi Kleber,1610612742,Dallas Mavericks,2,1,44,Made Shot,Jump Shot,3PT Field Goal,Above the Break 3,Center(C),24+ ft.,26,-45,265,1,1,20190213,DAL,MIA
Shot Chart Detail,0021800859,352,1628467,Maxi Kleber,1610612742,Dallas Mavericks,3,9,10,Made Shot,Driving Layup Shot,2PT Field Goal,Restricted Area,Center(C),Less Than 8 ft.,1,-6,9,1,1,20190213,DAL,MIA
Shot Chart Detail,0021800859,361,1628467,Maxi Kleber,1610612742,Dallas Mavericks,3,8,40,Missed Shot,Jump Shot,3PT Field Goal,Right Corner 3,Right Side(R),24+ ft.,22,225,26,1,0,20190213,DAL,MIA
Shot Chart Detail,0021800880,276,1628467,Maxi Kleber,1610612742,Dallas Mavericks,2,5,59,Missed Shot,Jump Shot,3PT Field Goal,Right Corner 3,Right Side(R),24+ ft.,23,231,18,1,0,20190222,DAL,DEN
Shot Chart Detail,0021800880,287,1628467,Maxi Kleber,1610612742,Dallas Mavericks,2,4,59,Missed Shot,Jump Shot,3PT Field Goal,Above the Break 3,Right Side Center(RC),24+ ft.,24,190,160,1,0,20190222,DAL,DEN
Shot Chart Detail,0021800880,392,1628467,Maxi Kleber,1610612742,Dallas Mavericks,3,10,56,Missed Shot,Jump Shot,2PT Field Goal,Mid-Range,Right Side(R),8-16 ft.,11,89,79,1,0,20190222,DAL,DEN
Shot Chart Detail,0021800880,412,1628467,Maxi Kleber,1610612742,Dallas Mavericks,3,9,9,Missed Shot,Jump Shot,3PT Field Goal,Above the Break 3,Center(C),24+ ft.,25,79,245,1,0,20190222,DAL,DEN
Shot Chart Detail,0021800880,572,1628467,Maxi Kleber,1610612742,Dallas Mavericks,4,11,33,Missed Shot,Jump Shot,3PT Field Goal,Right Corner 3,Right Side(R),24+ ft.,22,229,1,1,0,20190222,DAL,DEN
Shot Chart Detail,0021800907,101,1628467,Maxi Kleber,1610612742,Dallas Mavericks,1,3,28,Made Shot,Cutting Dunk Shot,2PT Field Goal,Restricted Area,Center(C),Less Than 8 ft.,0,-6,6,1,1,20190225,LAC,DAL
Shot Chart Detail,0021800907,256,1628467,Maxi Kleber,1610612742,Dallas Mavericks,2,7,5,Made Shot,Jump Shot,3PT Field Goal,Above the Break 3,Right Side Center(RC),24+ ft.,26,134,227,1,1,20190225,LAC,DAL
Shot Chart Detail,0021800907,266,1628467,Maxi Kleber,1610612742,Dallas Mavericks,2,6,3,Made Shot,Fadeaway Jump Shot,2PT Field Goal,In The Paint (Non-RA),Right Side(R),8-16 ft.,11,62,97,1,1,20190225,LAC,DAL
Shot Chart Detail,0021800907,278,1628467,Maxi Kleber,1610612742,Dallas Mavericks,2,4,49,Missed Shot,Jump Shot,3PT Field Goal,Right Corner 3,Right Side(R),24+ ft.,22,227,13,1,0,20190225,LAC,DAL
Shot Chart Detail,0021800907,446,1628467,Maxi Kleber,1610612742,Dallas Mavericks,3,3,3,Made Shot,Jump Shot,3PT Field Goal,Above the Break 3,Left Side Center(LC),24+ ft.,24,-190,158,1,1,20190225,LAC,DAL
Shot Chart Detail,0021800907,641,1628467,Maxi Kleber,1610612742,Dallas Mavericks,4,1,42,Missed Shot,Driving Layup Shot,2PT Field Goal,Restricted Area,Center(C),Less Than 8 ft.,2,1,22,1,0,20190225,LAC,DAL
Shot Chart Detail,0021800918,567,1628467,Maxi Kleber,1610612742,Dallas Mavericks,4,4,35,Made Shot,Jump Shot,3PT Field Goal,Above the Break 3,Right Side Center(RC),24+ ft.,26,133,234,1,1,20190227,DAL,IND
Shot Chart Detail,0021800918,590,1628467,Maxi Kleber,1610612742,Dallas Mavericks,4,3,15,Made Shot,Jump Shot,3PT Field Goal,Left Corner 3,Left Side(L),24+ ft.,23,-230,-21,1,1,20190227,DAL,IND
Shot Chart Detail,0021800939,126,1628467,Maxi Kleber,1610612742,Dallas Mavericks,1,2,30,Missed Shot,Cutting Layup Shot,2PT Field Goal,Restricted Area,Center(C),Less Than 8 ft.,3,-28,22,1,0,20190302,DAL,MEM
Shot Chart Detail,0021800939,129,1628467,Maxi Kleber,1610612742,Dallas Mavericks,1,2,26,Missed Shot,Putback Layup Shot,2PT Field Goal,Restricted Area,Center(C),Less Than 8 ft.,1,-12,14,1,0,20190302,DAL,MEM
Shot Chart Detail,0021800939,131,1628467,Maxi Kleber,1610612742,Dallas Mavericks,1,2,22,Missed Shot,Tip Layup Shot,2PT Field Goal,Restricted Area,Center(C),Less Than 8 ft.,2,-17,13,1,0,20190302,DAL,MEM
Shot Chart Detail,0021800939,491,1628467,Maxi Kleber,1610612742,Dallas Mavericks,3,2,57,Missed Shot,Jump Shot,3PT Field Goal,Right Corner 3,Right Side(R),24+ ft.,23,232,13,1,0,20190302,DAL,MEM
Shot Chart Detail,0021800952,101,1628467,Maxi Kleber,1610612742,Dallas Mavericks,1,5,23,Made Shot,Jump Shot,3PT Field Goal,Above the Break 3,Center(C),24+ ft.,25,29,258,1,1,20190304,BKN,DAL
Shot Chart Detail,0021800952,108,1628467,Maxi Kleber,1610612742,Dallas Mavericks,1,4,34,Missed Shot,Step Back Jump shot,3PT Field Goal,Right Corner 3,Right Side(R),24+ ft.,23,230,15,1,0,20190304,BKN,DAL
Shot Chart Detail,0021800952,266,1628467,Maxi Kleber,1610612742,Dallas Mavericks,2,5,33,Missed Shot,Jump Shot,3PT Field Goal,Above the Break 3,Center(C),24+ ft.,26,0,261,1,0,20190304,BKN,DAL
Shot Chart Detail,0021800952,269,1628467,Maxi Kleber,1610612742,Dallas Mavericks,2,4,56,Made Shot,Jump Shot,2PT Field Goal,Mid-Range,Center(C),16-24 ft.,22,6,227,1,1,20190304,BKN,DAL
Shot Chart Detail,0021800952,292,1628467,Maxi Kleber,1610612742,Dallas Mavericks,2,2,59,Missed Shot,Jump Shot,3PT Field Goal,Above the Break 3,Center(C),24+ ft.,25,-8,251,1,0,20190304,BKN,DAL
Shot Chart Detail,0021800952,493,1628467,Maxi Kleber,1610612742,Dallas Mavericks,3,0,27,Made Shot,Jump Shot,3PT Field Goal,Left Corner 3,Left Side(L),24+ ft.,23,-234,1,1,1,20190304,BKN,DAL
Shot Chart Detail,0021800997,104,1628467,Maxi Kleber,1610612742,Dallas Mavericks,1,3,22,Missed Shot,Jump Shot,3PT Field Goal,Left Corner 3,Left Side(L),24+ ft.,22,-228,-10,1,0,20190310,DAL,HOU
Shot Chart Detail,0021800997,195,1628467,Maxi Kleber,1610612742,Dallas Mavericks,2,9,41,Missed Shot,Driving Layup Shot,2PT Field Goal,In The Paint (Non-RA),Center(C),Less Than 8 ft.,4,44,6,1,0,20190310,DAL,HOU
Shot Chart Detail,0021800997,220,1628467,Maxi Kleber,1610612742,Dallas Mavericks,2,8,23,Made Shot,Layup Shot,2PT Field Goal,Restricted Area,Center(C),Less Than 8 ft.,1,-11,4,1,1,20190310,DAL,HOU
Shot Chart Detail,0021800997,235,1628467,Maxi Kleber,1610612742,Dallas Mavericks,2,7,35,Made Shot,Tip Layup Shot,2PT Field Goal,Restricted Area,Center(C),Less Than 8 ft.,0,0,-6,1,1,20190310,DAL,HOU
Shot Chart Detail,0021800997,310,1628467,Maxi Kleber,1610612742,Dallas Mavericks,2,2,36,Made Shot,Turnaround Fadeaway shot,2PT Field Goal,Mid-Range,Left Side(L),8-16 ft.,13,-119,62,1,1,20190310,DAL,HOU
Shot Chart Detail,0021800997,445,1628467,Maxi Kleber,1610612742,Dallas Mavericks,3,5,41,Made Shot,Fadeaway Jump Shot,2PT Field Goal,Mid-Range,Right Side(R),8-16 ft.,12,103,64,1,1,20190310,DAL,HOU
Shot Chart Detail,0021800997,508,1628467,Maxi Kleber,1610612742,Dallas Mavericks,3,0,40,Missed Shot,Jump Shot,3PT Field Goal,Above the Break 3,Left Side Center(LC),24+ ft.,24,-211,121,1,0,20190310,DAL,HOU
Shot Chart Detail,0021801011,249,1628467,Maxi Kleber,1610612742,Dallas Mavericks,2,3,35,Missed Shot,Jump Shot,3PT Field Goal,Above the Break 3,Center(C),24+ ft.,26,-76,251,1,0,20190312,DAL,SAS
Shot Chart Detail,0021801011,572,1628467,Maxi Kleber,1610612742,Dallas Mavericks,4,4,58,Made Shot,Jump Shot,2PT Field Goal,Mid-Range,Left Side(L),16-24 ft.,20,-201,59,1,1,20190312,DAL,SAS
Shot Chart Detail,0021801025,176,1628467,Maxi Kleber,1610612742,Dallas Mavericks,2,8,52,Made Shot,Finger Roll Layup Shot,2PT Field Goal,Restricted Area,Center(C),Less Than 8 ft.,2,13,24,1,1,20190314,DEN,DAL
Shot Chart Detail,0021801025,180,1628467,Maxi Kleber,1610612742,Dallas Mavericks,2,8,16,Missed Shot,Cutting Layup Shot,2PT Field Goal,Restricted Area,Center(C),Less Than 8 ft.,1,11,10,1,0,20190314,DEN,DAL
Shot Chart Detail,0021801025,194,1628467,Maxi Kleber,1610612742,Dallas Mavericks,2,7,8,Missed Shot,Jump Shot,3PT Field Goal,Left Corner 3,Left Side(L),24+ ft.,22,-220,0,1,0,20190314,DEN,DAL
Shot Chart Detail,0021801025,216,1628467,Maxi Kleber,1610612742,Dallas Mavericks,2,5,49,Made Shot,Alley Oop Dunk Shot,2PT Field Goal,Restricted Area,Center(C),Less Than 8 ft.,0,-4,1,1,1,20190314,DEN,DAL
Shot Chart Detail,0021801025,241,1628467,Maxi Kleber,1610612742,Dallas Mavericks,2,4,17,Made Shot,Jump Shot,3PT Field Goal,Left Corner 3,Left Side(L),24+ ft.,22,-221,29,1,1,20190314,DEN,DAL
Shot Chart Detail,0021801025,445,1628467,Maxi Kleber,1610612742,Dallas Mavericks,3,0,36,Missed Shot,Layup Shot,2PT Field Goal,Restricted Area,Center(C),Less Than 8 ft.,3,29,18,1,0,20190314,DEN,DAL
Shot Chart Detail,0021801025,448,1628467,Maxi Kleber,1610612742,Dallas Mavericks,3,0,32,Made Shot,Turnaround Fadeaway shot,2PT Field Goal,In The Paint (Non-RA),Center(C),Less Than 8 ft.,7,73,12,1,1,20190314,DEN,DAL
Shot Chart Detail,0021801025,538,1628467,Maxi Kleber,1610612742,Dallas Mavericks,4,5,22,Missed Shot,Driving Floating Jump Shot,2PT Field Goal,In The Paint (Non-RA),Center(C),Less Than 8 ft.,4,-38,26,1,0,20190314,DEN,DAL
Shot Chart Detail,0021801037,90,1628467,Maxi Kleber,1610612742,Dallas Mavericks,1,4,51,Missed Shot,Jump Shot,3PT Field Goal,Right Corner 3,Right Side(R),24+ ft.,22,228,10,1,0,20190316,DAL,CLE
Shot Chart Detail,0021801037,105,1628467,Maxi Kleber,1610612742,Dallas Mavericks,1,4,22,Made Shot,Jump Shot,3PT Field Goal,Above the Break 3,Left Side Center(LC),24+ ft.,24,-188,163,1,1,20190316,DAL,CLE
Shot Chart Detail,0021801037,146,1628467,Maxi Kleber,1610612742,Dallas Mavericks,1,1,38,Missed Shot,Tip Layup Shot,2PT Field Goal,Restricted Area,Center(C),Less Than 8 ft.,0,0,-6,1,0,20190316,DAL,CLE
Shot Chart Detail,0021801037,272,1628467,Maxi Kleber,1610612742,Dallas Mavericks,2,2,12,Missed Shot,Jump Shot,3PT Field Goal,Above the Break 3,Right Side Center(RC),24+ ft.,25,136,216,1,0,20190316,DAL,CLE
Shot Chart Detail,0021801037,399,1628467,Maxi Kleber,1610612742,Dallas Mavericks,3,3,53,Missed Shot,Turnaround Jump Shot,2PT Field Goal,Mid-Range,Right Side(R),8-16 ft.,11,108,29,1,0,20190316,DAL,CLE
Shot Chart Detail,0021801037,425,1628467,Maxi Kleber,1610612742,Dallas Mavericks,3,1,44,Made Shot,Jump Shot,3PT Field Goal,Above the Break 3,Left Side Center(LC),24+ ft.,26,-172,201,1,1,20190316,DAL,CLE
Shot Chart Detail,0021801037,441,1628467,Maxi Kleber,1610612742,Dallas Mavericks,3,0,29,Made Shot,Jump Shot,3PT Field Goal,Above the Break 3,Center(C),24+ ft.,25,69,242,1,1,20190316,DAL,CLE
Shot Chart Detail,0021801037,457,1628467,Maxi Kleber,1610612742,Dallas Mavericks,4,11,35,Missed Shot,Jump Shot,3PT Field Goal,Above the Break 3,Left Side Center(LC),24+ ft.,26,-137,230,1,0,20190316,DAL,CLE
Shot Chart Detail,0021801037,480,1628467,Maxi Kleber,1610612742,Dallas Mavericks,4,10,18,Made Shot,Reverse Layup Shot,2PT Field Goal,Restricted Area,Center(C),Less Than 8 ft.,1,0,16,1,1,20190316,DAL,CLE
Shot Chart Detail,0021801037,572,1628467,Maxi Kleber,1610612742,Dallas Mavericks,4,3,14,Made Shot,Floating Jump shot,2PT Field Goal,Restricted Area,Center(C),Less Than 8 ft.,3,18,34,1,1,20190316,DAL,CLE
Shot Chart Detail,0021801037,591,1628467,Maxi Kleber,1610612742,Dallas Mavericks,4,2,22,Missed Shot,Tip Dunk Shot,2PT Field Goal,Restricted Area,Center(C),Less Than 8 ft.,0,0,-6,1,0,20190316,DAL,CLE
Shot Chart Detail,0021801056,55,1628467,Maxi Kleber,1610612742,Dallas Mavericks,1,7,40,Missed Shot,Driving Layup Shot,2PT Field Goal,Restricted Area,Center(C),Less Than 8 ft.,3,26,21,1,0,20190318,DAL,NOP
Shot Chart Detail,0021801056,66,1628467,Maxi Kleber,1610612742,Dallas Mavericks,1,7,19,Missed Shot,Driving Floating Jump Shot,2PT Field Goal,Restricted Area,Center(C),Less Than 8 ft.,3,33,18,1,0,20190318,DAL,NOP
Shot Chart Detail,0021801056,107,1628467,Maxi Kleber,1610612742,Dallas Mavericks,1,3,54,Made Shot,Running Dunk Shot,2PT Field Goal,Restricted Area,Center(C),Less Than 8 ft.,1,-3,10,1,1,20190318,DAL,NOP
Shot Chart Detail,0021801056,128,1628467,Maxi Kleber,1610612742,Dallas Mavericks,1,2,45,Made Shot,Running Dunk Shot,2PT Field Goal,Restricted Area,Center(C),Less Than 8 ft.,1,-12,2,1,1,20190318,DAL,NOP
Shot Chart Detail,0021801056,234,1628467,Maxi Kleber,1610612742,Dallas Mavericks,2,7,55,Missed Shot,Jump Shot,3PT Field Goal,Above the Break 3,Left Side Center(LC),24+ ft.,25,-153,199,1,0,20190318,DAL,NOP
Shot Chart Detail,0021801056,387,1628467,Maxi Kleber,1610612742,Dallas Mavericks,3,7,41,Missed Shot,Jump Shot,3PT Field Goal,Above the Break 3,Right Side Center(RC),24+ ft.,24,131,209,1,0,20190318,DAL,NOP
Shot Chart Detail,0021801056,461,1628467,Maxi Kleber,1610612742,Dallas Mavericks,3,1,43,Missed Shot,Jump Shot,3PT Field Goal,Left Corner 3,Left Side(L),24+ ft.,22,-226,29,1,0,20190318,DAL,NOP
Shot Chart Detail,0021801056,585,1628467,Maxi Kleber,1610612742,Dallas Mavericks,4,6,22,Made Shot,Jump Shot,2PT Field Goal,Mid-Range,Left Side(L),8-16 ft.,13,-133,13,1,1,20190318,DAL,NOP
Shot Chart Detail,0021801056,595,1628467,Maxi Kleber,1610612742,Dallas Mavericks,4,5,25,Missed Shot,Jump Shot,2PT Field Goal,Mid-Range,Right Side(R),8-16 ft.,13,136,24,1,0,20190318,DAL,NOP
Shot Chart Detail,0021801056,598,1628467,Maxi Kleber,1610612742,Dallas Mavericks,4,5,3,Made Shot,Running Dunk Shot,2PT Field Goal,Restricted Area,Center(C),Less Than 8 ft.,0,3,6,1,1,20190318,DAL,NOP
Shot Chart Detail,0021801078,142,1628467,Maxi Kleber,1610612742,Dallas Mavericks,1,1,3,Missed Shot,Layup Shot,2PT Field Goal,In The Paint (Non-RA),Center(C),Less Than 8 ft.,4,-9,48,1,0,20190321,SAC,DAL
Shot Chart Detail,0021801078,290,1628467,Maxi Kleber,1610612742,Dallas Mavericks,2,3,2,Missed Shot,Jump Shot,3PT Field Goal,Left Corner 3,Left Side(L),24+ ft.,22,-229,13,1,0,20190321,SAC,DAL
Shot Chart Detail,0021801078,364,1628467,Maxi Kleber,1610612742,Dallas Mavericks,3,9,44,Made Shot,Jump Shot,3PT Field Goal,Left Corner 3,Left Side(L),24+ ft.,22,-223,11,1,1,20190321,SAC,DAL
Shot Chart Detail,0021801078,373,1628467,Maxi Kleber,1610612742,Dallas Mavericks,3,8,55,Missed Shot,Jump Shot,3PT Field Goal,Right Corner 3,Right Side(R),24+ ft.,22,225,15,1,0,20190321,SAC,DAL
Shot Chart Detail,0021801078,553,1628467,Maxi Kleber,1610612742,Dallas Mavericks,4,7,45,Made Shot,Tip Layup Shot,2PT Field Goal,Restricted Area,Center(C),Less Than 8 ft.,0,0,-6,1,1,20190321,SAC,DAL
Shot Chart Detail,0021801092,80,1628467,Maxi Kleber,1610612742,Dallas Mavericks,1,5,20,Made Shot,Jump Shot,3PT Field Goal,Above the Break 3,Right Side Center(RC),24+ ft.,28,143,243,1,1,20190323,GSW,DAL
Shot Chart Detail,0021801092,93,1628467,Maxi Kleber,1610612742,Dallas Mavericks,1,4,13,Made Shot,Turnaround Fadeaway shot,2PT Field Goal,In The Paint (Non-RA),Right Side(R),8-16 ft.,11,76,89,1,1,20190323,GSW,DAL
Shot Chart Detail,0021801092,104,1628467,Maxi Kleber,1610612742,Dallas Mavericks,1,2,39,Made Shot,Jump Shot,3PT Field Goal,Left Corner 3,Left Side(L),24+ ft.,22,-227,17,1,1,20190323,GSW,DAL
Shot Chart Detail,0021801092,132,1628467,Maxi Kleber,1610612742,Dallas Mavericks,1,0,42,Made Shot,Jump Shot,2PT Field Goal,Mid-Range,Right Side Center(RC),16-24 ft.,18,120,145,1,1,20190323,GSW,DAL
Shot Chart Detail,0021801092,254,1628467,Maxi Kleber,1610612742,Dallas Mavericks,2,4,31,Missed Shot,Jump Shot,3PT Field Goal,Above the Break 3,Right Side Center(RC),24+ ft.,27,186,198,1,0,20190323,GSW,DAL
Shot Chart Detail,0021801092,274,1628467,Maxi Kleber,1610612742,Dallas Mavericks,2,3,20,Missed Shot,Jump Shot,3PT Field Goal,Above the Break 3,Right Side Center(RC),24+ ft.,28,95,271,1,0,20190323,GSW,DAL
Shot Chart Detail,0021801092,290,1628467,Maxi Kleber,1610612742,Dallas Mavericks,2,2,43,Made Shot,Jump Shot,3PT Field Goal,Right Corner 3,Right Side(R),24+ ft.,23,231,40,1,1,20190323,GSW,DAL
Shot Chart Detail,0021801092,310,1628467,Maxi Kleber,1610612742,Dallas Mavericks,2,1,48,Made Shot,Jump Shot,3PT Field Goal,Left Corner 3,Left Side(L),24+ ft.,22,-223,5,1,1,20190323,GSW,DAL
Shot Chart Detail,0021801092,403,1628467,Maxi Kleber,1610612742,Dallas Mavericks,3,7,5,Missed Shot,Jump Shot,2PT Field Goal,In The Paint (Non-RA),Center(C),8-16 ft.,11,-41,106,1,0,20190323,GSW,DAL
Shot Chart Detail,0021801114,92,1628467,Maxi Kleber,1610612742,Dallas Mavericks,1,4,44,Made Shot,Jump Shot,3PT Field Goal,Above the Break 3,Right Side Center(RC),24+ ft.,25,144,205,1,1,20190326,DAL,SAC
Shot Chart Detail,0021801114,107,1628467,Maxi Kleber,1610612742,Dallas Mavericks,1,3,29,Made Shot,Finger Roll Layup Shot,2PT Field Goal,Restricted Area,Center(C),Less Than 8 ft.,1,3,10,1,1,20190326,DAL,SAC
Shot Chart Detail,0021801114,118,1628467,Maxi Kleber,1610612742,Dallas Mavericks,1,1,18,Missed Shot,Jump Shot,3PT Field Goal,Left Corner 3,Left Side(L),24+ ft.,23,-229,58,1,0,20190326,DAL,SAC
Shot Chart Detail,0021801114,295,1628467,Maxi Kleber,1610612742,Dallas Mavericks,2,1,25,Made Shot,Driving Finger Roll Layup Shot,2PT Field Goal,In The Paint (Non-RA),Center(C),Less Than 8 ft.,4,0,46,1,1,20190326,DAL,SAC
Shot Chart Detail,0021801114,373,1628467,Maxi Kleber,1610612742,Dallas Mavericks,3,7,13,Made Shot,Jump Shot,3PT Field Goal,Above the Break 3,Right Side Center(RC),24+ ft.,25,158,200,1,1,20190326,DAL,SAC
Shot Chart Detail,0021801114,379,1628467,Maxi Kleber,1610612742,Dallas Mavericks,3,6,33,Missed Shot,Jump Shot,3PT Field Goal,Above the Break 3,Right Side Center(RC),24+ ft.,25,165,193,1,0,20190326,DAL,SAC
Shot Chart Detail,0021801114,410,1628467,Maxi Kleber,1610612742,Dallas Mavericks,3,4,24,Made Shot,Jump Shot,3PT Field Goal,Above the Break 3,Center(C),24+ ft.,25,14,253,1,1,20190326,DAL,SAC
Shot Chart Detail,0021801114,514,1628467,Maxi Kleber,1610612742,Dallas Mavericks,4,8,43,Missed Shot,Jump Shot,3PT Field Goal,Left Corner 3,Left Side(L),24+ ft.,22,-226,16,1,0,20190326,DAL,SAC
Shot Chart Detail,0021801114,556,1628467,Maxi Kleber,1610612742,Dallas Mavericks,4,4,48,Made Shot,Jump Shot,3PT Field Goal,Left Corner 3,Left Side(L),24+ ft.,23,-231,24,1,1,20190326,DAL,SAC
Shot Chart Detail,0021801114,624,1628467,Maxi Kleber,1610612742,Dallas Mavericks,4,0,10,Missed Shot,Jump Shot,3PT Field Goal,Left Corner 3,Left Side(L),24+ ft.,22,-225,3,1,0,20190326,DAL,SAC
Shot Chart Detail,0021801124,133,1628467,Maxi Kleber,1610612742,Dallas Mavericks,1,0,21,Missed Shot,Jump Shot,3PT Field Goal,Left Corner 3,Left Side(L),24+ ft.,23,-228,68,1,0,20190328,MIA,DAL
Shot Chart Detail,0021801124,484,1628467,Maxi Kleber,1610612742,Dallas Mavericks,3,0,39,Made Shot,Jump Shot,3PT Field Goal,Above the Break 3,Right Side Center(RC),24+ ft.,27,138,241,1,1,20190328,MIA,DAL
Shot Chart Detail,0021801146,288,1628467,Maxi Kleber,1610612742,Dallas Mavericks,2,1,43,Missed Shot,Jump Shot,3PT Field Goal,Above the Break 3,Left Side Center(LC),24+ ft.,25,-95,237,1,0,20190331,OKC,DAL
Shot Chart Detail,0021801146,317,1628467,Maxi Kleber,1610612742,Dallas Mavericks,2,0,8,Missed Shot,Pullup Jump shot,2PT Field Goal,Mid-Range,Right Side(R),16-24 ft.,18,177,33,1,0,20190331,OKC,DAL
Shot Chart Detail,0021801146,521,1628467,Maxi Kleber,1610612742,Dallas Mavericks,4,9,0,Missed Shot,Jump Shot,3PT Field Goal,Above the Break 3,Left Side Center(LC),24+ ft.,25,-119,222,1,0,20190331,OKC,DAL
Shot Chart Detail,0021801158,306,1628467,Maxi Kleber,1610612742,Dallas Mavericks,2,3,10,Made Shot,Alley Oop Layup shot,2PT Field Goal,Restricted Area,Center(C),Less Than 8 ft.,1,-8,15,1,1,20190401,DAL,PHI
Shot Chart Detail,0021801158,343,1628467,Maxi Kleber,1610612742,Dallas Mavericks,2,1,5,Made Shot,Hook Shot,2PT Field Goal,In The Paint (Non-RA),Center(C),8-16 ft.,9,4,96,1,1,20190401,DAL,PHI
Shot Chart Detail,0021801158,497,1628467,Maxi Kleber,1610612742,Dallas Mavericks,3,2,38,Missed Shot,Layup Shot,2PT Field Goal,Restricted Area,Center(C),Less Than 8 ft.,1,-8,9,1,0,20190401,DAL,PHI
Shot Chart Detail,0021801158,499,1628467,Maxi Kleber,1610612742,Dallas Mavericks,3,2,35,Made Shot,Putback Layup Shot,2PT Field Goal,Restricted Area,Center(C),Less Than 8 ft.,0,-2,-1,1,1,20190401,DAL,PHI
Shot Chart Detail,0021801158,551,1628467,Maxi Kleber,1610612742,Dallas Mavericks,4,11,12,Made Shot,Jump Shot,3PT Field Goal,Above the Break 3,Center(C),24+ ft.,25,70,246,1,1,20190401,DAL,PHI
Shot Chart Detail,0021801158,572,1628467,Maxi Kleber,1610612742,Dallas Mavericks,4,9,3,Missed Shot,Step Back Jump shot,3PT Field Goal,Right Corner 3,Right Side(R),24+ ft.,23,234,45,1,0,20190401,DAL,PHI
Shot Chart Detail,0021801158,591,1628467,Maxi Kleber,1610612742,Dallas Mavericks,4,8,13,Made Shot,Jump Shot,3PT Field Goal,Above the Break 3,Right Side Center(RC),24+ ft.,26,136,222,1,1,20190401,DAL,PHI
Shot Chart Detail,0021801158,616,1628467,Maxi Kleber,1610612742,Dallas Mavericks,4,6,29,Missed Shot,Jump Shot,3PT Field Goal,Above the Break 3,Right Side Center(RC),24+ ft.,24,83,234,1,0,20190401,DAL,PHI
Shot Chart Detail,0021801172,103,1628467,Maxi Kleber,1610612742,Dallas Mavericks,1,3,10,Missed Shot,Turnaround Jump Shot,2PT Field Goal,Mid-Range,Right Side(R),8-16 ft.,8,87,5,1,0,20190403,DAL,MIN
Shot Chart Detail,0021801172,300,1628467,Maxi Kleber,1610612742,Dallas Mavericks,2,2,37,Missed Shot,Jump Shot,3PT Field Goal,Above the Break 3,Left Side Center(LC),24+ ft.,24,-170,179,1,0,20190403,DAL,MIN
Shot Chart Detail,0021801172,501,1628467,Maxi Kleber,1610612742,Dallas Mavericks,4,11,8,Missed Shot,Pullup Jump shot,2PT Field Goal,Mid-Range,Left Side Center(LC),16-24 ft.,20,-79,190,1,0,20190403,DAL,MIN
Shot Chart Detail,0021801172,527,1628467,Maxi Kleber,1610612742,Dallas Mavericks,4,8,56,Made Shot,Tip Dunk Shot,2PT Field Goal,Restricted Area,Center(C),Less Than 8 ft.,0,0,-6,1,1,20190403,DAL,MIN
Shot Chart Detail,0021801187,14,1628467,Maxi Kleber,1610612742,Dallas Mavericks,1,11,2,Missed Shot,Turnaround Fadeaway shot,2PT Field Goal,Mid-Range,Right Side(R),8-16 ft.,10,107,1,1,0,20190405,DAL,MEM
Shot Chart Detail,0021801187,29,1628467,Maxi Kleber,1610612742,Dallas Mavericks,1,9,26,Missed Shot,Jump Shot,2PT Field Goal,Mid-Range,Right Side(R),8-16 ft.,8,82,7,1,0,20190405,DAL,MEM
Shot Chart Detail,0021801187,31,1628467,Maxi Kleber,1610612742,Dallas Mavericks,1,9,24,Missed Shot,Putback Layup Shot,2PT Field Goal,Restricted Area,Center(C),Less Than 8 ft.,0,4,7,1,0,20190405,DAL,MEM
Shot Chart Detail,0021801187,213,1628467,Maxi Kleber,1610612742,Dallas Mavericks,2,8,40,Missed Shot,Jump Shot,3PT Field Goal,Above the Break 3,Left Side Center(LC),24+ ft.,25,-81,244,1,0,20190405,DAL,MEM
Shot Chart Detail,0021801187,220,1628467,Maxi Kleber,1610612742,Dallas Mavericks,2,8,2,Missed Shot,Driving Finger Roll Layup Shot,2PT Field Goal,Restricted Area,Center(C),Less Than 8 ft.,1,-8,16,1,0,20190405,DAL,MEM
Shot Chart Detail,0021801187,244,1628467,Maxi Kleber,1610612742,Dallas Mavericks,2,6,22,Made Shot,Jump Shot,3PT Field Goal,Above the Break 3,Left Side Center(LC),24+ ft.,25,-145,206,1,1,20190405,DAL,MEM
Shot Chart Detail,0021801187,350,1628467,Maxi Kleber,1610612742,Dallas Mavericks,3,11,29,Made Shot,Cutting Dunk Shot,2PT Field Goal,Restricted Area,Center(C),Less Than 8 ft.,0,3,3,1,1,20190405,DAL,MEM
Shot Chart Detail,0021801187,363,1628467,Maxi Kleber,1610612742,Dallas Mavericks,3,9,39,Missed Shot,Jump Shot,3PT Field Goal,Above the Break 3,Left Side Center(LC),24+ ft.,24,-162,189,1,0,20190405,DAL,MEM
Shot Chart Detail,0021801187,649,1628467,Maxi Kleber,1610612742,Dallas Mavericks,4,0,41,Missed Shot,Jump Shot,3PT Field Goal,Above the Break 3,Center(C),24+ ft.,25,3,252,1,0,20190405,DAL,MEM
Shot Chart Detail,0021801216,314,1628467,Maxi Kleber,1610612742,Dallas Mavericks,2,2,32,Made Shot,Jump Shot,3PT Field Goal,Above the Break 3,Center(C),24+ ft.,25,53,247,1,1,20190409,DAL,PHX
