GRID_TYPE,GAME_ID,GAME_EVENT_ID,PLAYER_ID,PLAYER_NAME,TEAM_ID,TEAM_NAME,PERIOD,MINUTES_REMAINING,SECONDS_REMAINING,EVENT_TYPE,ACTION_TYPE,SHOT_TYPE,SHOT_ZONE_BASIC,SHOT_ZONE_AREA,SHOT_ZONE_RANGE,SHOT_DISTANCE,LOC_X,LOC_Y,SHOT_ATTEMPTED_FLAG,SHOT_MADE_FLAG,GAME_DATE,HTM,VTM
Shot Chart Detail,0021800077,65,1628021,David Nwaba,1610612739,Cleveland Cavaliers,1,5,48,Made Shot,Jump Shot,3PT Field Goal,Right Corner 3,Right Side(R),24+ ft.,22,227,-3,1,1,20181027,CLE,IND
Shot Chart Detail,0021800077,76,1628021,David Nwaba,1610612739,Cleveland Cavaliers,1,4,8,Missed Shot,Floating Jump shot,2PT Field Goal,In The Paint (Non-RA),Center(C),8-16 ft.,9,-35,85,1,0,20181027,CLE,IND
Shot Chart Detail,0021800077,106,1628021,David Nwaba,1610612739,Cleveland Cavaliers,1,2,42,Missed Shot,Driving Layup Shot,2PT Field Goal,Restricted Area,Center(C),Less Than 8 ft.,0,-6,6,1,0,20181027,CLE,IND
Shot Chart Detail,0021800077,422,1628021,David Nwaba,1610612739,Cleveland Cavaliers,3,2,37,Made Shot,Layup Shot,2PT Field Goal,Restricted Area,Center(C),Less Than 8 ft.,1,12,0,1,1,20181027,CLE,IND
Shot Chart Detail,0021800077,477,1628021,David Nwaba,1610612739,Cleveland Cavaliers,4,10,31,Missed Shot,Layup Shot,2PT Field Goal,Restricted Area,Center(C),Less Than 8 ft.,2,13,16,1,0,20181027,CLE,IND
Shot Chart Detail,0021800097,148,1628021,David Nwaba,1610612739,Cleveland Cavaliers,1,0,35,Missed Shot,Jump Shot,3PT Field Goal,Above the Break 3,Right Side Center(RC),24+ ft.,25,98,230,1,0,20181030,CLE,ATL
Shot Chart Detail,0021800097,182,1628021,David Nwaba,1610612739,Cleveland Cavaliers,2,9,57,Made Shot,Running Layup Shot,2PT Field Goal,Restricted Area,Center(C),Less Than 8 ft.,0,2,7,1,1,20181030,CLE,ATL
Shot Chart Detail,0021800097,679,1628021,David Nwaba,1610612739,Cleveland Cavaliers,4,2,14,Missed Shot,Layup Shot,2PT Field Goal,Restricted Area,Center(C),Less Than 8 ft.,1,2,16,1,0,20181030,CLE,ATL
Shot Chart Detail,0021800112,578,1628021,David Nwaba,1610612739,Cleveland Cavaliers,4,3,23,Made Shot,Driving Floating Jump Shot,2PT Field Goal,In The Paint (Non-RA),Right Side(R),8-16 ft.,11,78,85,1,1,20181101,CLE,DEN
Shot Chart Detail,0021800126,598,1628021,David Nwaba,1610612739,Cleveland Cavaliers,4,1,8,Missed Shot,Driving Layup Shot,2PT Field Goal,In The Paint (Non-RA),Center(C),Less Than 8 ft.,5,16,49,1,0,20181103,CHA,CLE
Shot Chart Detail,0021800153,497,1628021,David Nwaba,1610612739,Cleveland Cavaliers,3,1,38,Missed Shot,Driving Layup Shot,2PT Field Goal,Restricted Area,Center(C),Less Than 8 ft.,3,19,24,1,0,20181107,CLE,OKC
Shot Chart Detail,0021800178,133,1628021,David Nwaba,1610612739,Cleveland Cavaliers,1,0,28,Missed Shot,Jump Shot,3PT Field Goal,Left Corner 3,Left Side(L),24+ ft.,24,-241,1,1,0,20181110,CHI,CLE
Shot Chart Detail,0021800178,155,1628021,David Nwaba,1610612739,Cleveland Cavaliers,2,10,59,Missed Shot,Jump Shot,3PT Field Goal,Above the Break 3,Left Side Center(LC),24+ ft.,25,-120,225,1,0,20181110,CHI,CLE
Shot Chart Detail,0021800178,159,1628021,David Nwaba,1610612739,Cleveland Cavaliers,2,10,42,Missed Shot,Driving Layup Shot,2PT Field Goal,Restricted Area,Center(C),Less Than 8 ft.,1,8,13,1,0,20181110,CHI,CLE
Shot Chart Detail,0021800178,195,1628021,David Nwaba,1610612739,Cleveland Cavaliers,2,7,30,Missed Shot,Jump Shot,3PT Field Goal,Above the Break 3,Left Side Center(LC),24+ ft.,26,-84,249,1,0,20181110,CHI,CLE
Shot Chart Detail,0021800178,513,1628021,David Nwaba,1610612739,Cleveland Cavaliers,4,9,1,Made Shot,Layup Shot,2PT Field Goal,Restricted Area,Center(C),Less Than 8 ft.,1,8,6,1,1,20181110,CHI,CLE
Shot Chart Detail,0021800199,111,1628021,David Nwaba,1610612739,Cleveland Cavaliers,1,3,24,Made Shot,Running Dunk Shot,2PT Field Goal,Restricted Area,Center(C),Less Than 8 ft.,0,-2,-6,1,1,20181113,CLE,CHA
Shot Chart Detail,0021800199,127,1628021,David Nwaba,1610612739,Cleveland Cavaliers,1,2,3,Made Shot,Jump Shot,3PT Field Goal,Right Corner 3,Right Side(R),24+ ft.,24,231,83,1,1,20181113,CLE,CHA
Shot Chart Detail,0021800199,148,1628021,David Nwaba,1610612739,Cleveland Cavaliers,1,0,2,Made Shot,Driving Layup Shot,2PT Field Goal,Restricted Area,Center(C),Less Than 8 ft.,0,3,-1,1,1,20181113,CLE,CHA
Shot Chart Detail,0021800199,202,1628021,David Nwaba,1610612739,Cleveland Cavaliers,2,8,46,Made Shot,Cutting Dunk Shot,2PT Field Goal,Restricted Area,Center(C),Less Than 8 ft.,0,-9,-3,1,1,20181113,CLE,CHA
Shot Chart Detail,0021800199,461,1628021,David Nwaba,1610612739,Cleveland Cavaliers,3,2,12,Missed Shot,Driving Layup Shot,2PT Field Goal,Restricted Area,Center(C),Less Than 8 ft.,2,-2,20,1,0,20181113,CLE,CHA
Shot Chart Detail,0021800199,468,1628021,David Nwaba,1610612739,Cleveland Cavaliers,3,1,21,Made Shot,Jump Shot,3PT Field Goal,Above the Break 3,Right Side Center(RC),24+ ft.,25,225,113,1,1,20181113,CLE,CHA
Shot Chart Detail,0021800199,544,1628021,David Nwaba,1610612739,Cleveland Cavaliers,4,7,31,Missed Shot,Reverse Layup Shot,2PT Field Goal,Restricted Area,Center(C),Less Than 8 ft.,2,25,10,1,0,20181113,CLE,CHA
Shot Chart Detail,0021800199,569,1628021,David Nwaba,1610612739,Cleveland Cavaliers,4,5,15,Made Shot,Running Layup Shot,2PT Field Goal,Restricted Area,Center(C),Less Than 8 ft.,0,-2,6,1,1,20181113,CLE,CHA
Shot Chart Detail,0021800199,601,1628021,David Nwaba,1610612739,Cleveland Cavaliers,4,3,11,Made Shot,Driving Floating Jump Shot,2PT Field Goal,In The Paint (Non-RA),Center(C),Less Than 8 ft.,5,-13,55,1,1,20181113,CLE,CHA
Shot Chart Detail,0021800203,84,1628021,David Nwaba,1610612739,Cleveland Cavaliers,1,5,1,Made Shot,Driving Layup Shot,2PT Field Goal,Restricted Area,Center(C),Less Than 8 ft.,2,-16,14,1,1,20181114,WAS,CLE
Shot Chart Detail,0021800203,176,1628021,David Nwaba,1610612739,Cleveland Cavaliers,2,10,19,Missed Shot,Driving Layup Shot,2PT Field Goal,Restricted Area,Center(C),Less Than 8 ft.,2,14,24,1,0,20181114,WAS,CLE
Shot Chart Detail,0021800203,348,1628021,David Nwaba,1610612739,Cleveland Cavaliers,2,0,0,Missed Shot,Running Jump Shot,3PT Field Goal,Backcourt,Back Court(BC),Back Court Shot,49,11,491,1,0,20181114,WAS,CLE
Shot Chart Detail,0021800203,500,1628021,David Nwaba,1610612739,Cleveland Cavaliers,3,2,5,Missed Shot,Jump Shot,3PT Field Goal,Above the Break 3,Center(C),24+ ft.,28,5,281,1,0,20181114,WAS,CLE
Shot Chart Detail,0021800203,541,1628021,David Nwaba,1610612739,Cleveland Cavaliers,4,11,40,Made Shot,Running Layup Shot,2PT Field Goal,Restricted Area,Center(C),Less Than 8 ft.,0,-3,7,1,1,20181114,WAS,CLE
Shot Chart Detail,0021800203,597,1628021,David Nwaba,1610612739,Cleveland Cavaliers,4,6,50,Made Shot,Running Layup Shot,2PT Field Goal,Restricted Area,Center(C),Less Than 8 ft.,0,6,-1,1,1,20181114,WAS,CLE
Shot Chart Detail,0021800203,630,1628021,David Nwaba,1610612739,Cleveland Cavaliers,4,4,22,Made Shot,Tip Dunk Shot,2PT Field Goal,Restricted Area,Center(C),Less Than 8 ft.,1,10,16,1,1,20181114,WAS,CLE
Shot Chart Detail,0021800203,646,1628021,David Nwaba,1610612739,Cleveland Cavaliers,4,3,25,Made Shot,Driving Layup Shot,2PT Field Goal,Restricted Area,Center(C),Less Than 8 ft.,2,13,22,1,1,20181114,WAS,CLE
Shot Chart Detail,0021800240,132,1628021,David Nwaba,1610612739,Cleveland Cavaliers,1,0,30,Made Shot,Driving Layup Shot,2PT Field Goal,Restricted Area,Center(C),Less Than 8 ft.,2,20,11,1,1,20181119,DET,CLE
Shot Chart Detail,0021800240,136,1628021,David Nwaba,1610612739,Cleveland Cavaliers,1,0,0,Missed Shot,Layup Shot,2PT Field Goal,In The Paint (Non-RA),Center(C),Less Than 8 ft.,4,8,41,1,0,20181119,DET,CLE
Shot Chart Detail,0021800240,457,1628021,David Nwaba,1610612739,Cleveland Cavaliers,3,0,40,Made Shot,Driving Layup Shot,2PT Field Goal,Restricted Area,Center(C),Less Than 8 ft.,1,-7,11,1,1,20181119,DET,CLE
Shot Chart Detail,0021800240,502,1628021,David Nwaba,1610612739,Cleveland Cavaliers,4,10,23,Missed Shot,Jump Shot,3PT Field Goal,Above the Break 3,Right Side Center(RC),24+ ft.,25,188,172,1,0,20181119,DET,CLE
Shot Chart Detail,0021800240,573,1628021,David Nwaba,1610612739,Cleveland Cavaliers,4,6,26,Missed Shot,Layup Shot,2PT Field Goal,Restricted Area,Center(C),Less Than 8 ft.,1,13,6,1,0,20181119,DET,CLE
Shot Chart Detail,0021800240,610,1628021,David Nwaba,1610612739,Cleveland Cavaliers,4,3,12,Missed Shot,Layup Shot,2PT Field Goal,Restricted Area,Center(C),Less Than 8 ft.,3,20,27,1,0,20181119,DET,CLE
Shot Chart Detail,0021800256,19,1628021,David Nwaba,1610612739,Cleveland Cavaliers,1,10,51,Missed Shot,Jump Shot,3PT Field Goal,Above the Break 3,Left Side Center(LC),24+ ft.,26,-143,226,1,0,20181121,CLE,LAL
Shot Chart Detail,0021800256,82,1628021,David Nwaba,1610612739,Cleveland Cavaliers,1,4,51,Missed Shot,Jump Shot,3PT Field Goal,Right Corner 3,Right Side(R),24+ ft.,23,230,49,1,0,20181121,CLE,LAL
Shot Chart Detail,0021800256,97,1628021,David Nwaba,1610612739,Cleveland Cavaliers,1,4,2,Missed Shot,Jump Shot,3PT Field Goal,Above the Break 3,Right Side Center(RC),24+ ft.,24,215,118,1,0,20181121,CLE,LAL
Shot Chart Detail,0021800256,305,1628021,David Nwaba,1610612739,Cleveland Cavaliers,3,11,40,Missed Shot,Jump Shot,3PT Field Goal,Right Corner 3,Right Side(R),24+ ft.,24,242,26,1,0,20181121,CLE,LAL
Shot Chart Detail,0021800256,310,1628021,David Nwaba,1610612739,Cleveland Cavaliers,3,10,50,Made Shot,Turnaround Jump Shot,2PT Field Goal,In The Paint (Non-RA),Center(C),8-16 ft.,9,3,96,1,1,20181121,CLE,LAL
Shot Chart Detail,0021800256,390,1628021,David Nwaba,1610612739,Cleveland Cavaliers,3,5,28,Made Shot,Jump Shot,3PT Field Goal,Right Corner 3,Right Side(R),24+ ft.,23,239,13,1,1,20181121,CLE,LAL
Shot Chart Detail,0021800256,402,1628021,David Nwaba,1610612739,Cleveland Cavaliers,3,4,58,Missed Shot,Jump Shot,3PT Field Goal,Above the Break 3,Right Side Center(RC),24+ ft.,25,237,105,1,0,20181121,CLE,LAL
Shot Chart Detail,0021800270,60,1628021,David Nwaba,1610612739,Cleveland Cavaliers,1,6,13,Missed Shot,Running Jump Shot,2PT Field Goal,In The Paint (Non-RA),Center(C),Less Than 8 ft.,7,9,70,1,0,20181123,PHI,CLE
Shot Chart Detail,0021800270,217,1628021,David Nwaba,1610612739,Cleveland Cavaliers,2,6,49,Made Shot,Driving Layup Shot,2PT Field Goal,Restricted Area,Center(C),Less Than 8 ft.,2,-28,2,1,1,20181123,PHI,CLE
Shot Chart Detail,0021800270,249,1628021,David Nwaba,1610612739,Cleveland Cavaliers,2,2,50,Missed Shot,Driving Layup Shot,2PT Field Goal,Restricted Area,Center(C),Less Than 8 ft.,0,-9,-3,1,0,20181123,PHI,CLE
Shot Chart Detail,0021800270,322,1628021,David Nwaba,1610612739,Cleveland Cavaliers,3,8,18,Made Shot,Jump Shot,3PT Field Goal,Above the Break 3,Right Side Center(RC),24+ ft.,26,206,172,1,1,20181123,PHI,CLE
Shot Chart Detail,0021800279,15,1628021,David Nwaba,1610612739,Cleveland Cavaliers,1,11,7,Made Shot,Running Dunk Shot,2PT Field Goal,Restricted Area,Center(C),Less Than 8 ft.,0,-6,-1,1,1,20181124,CLE,HOU
Shot Chart Detail,0021800279,48,1628021,David Nwaba,1610612739,Cleveland Cavaliers,1,8,10,Missed Shot,Driving Floating Bank Jump Shot,2PT Field Goal,In The Paint (Non-RA),Left Side(L),8-16 ft.,8,-66,52,1,0,20181124,CLE,HOU
Shot Chart Detail,0021800279,58,1628021,David Nwaba,1610612739,Cleveland Cavaliers,1,7,34,Missed Shot,Jump Shot,3PT Field Goal,Above the Break 3,Right Side Center(RC),24+ ft.,25,147,205,1,0,20181124,CLE,HOU
Shot Chart Detail,0021800279,192,1628021,David Nwaba,1610612739,Cleveland Cavaliers,2,10,9,Missed Shot,Cutting Layup Shot,2PT Field Goal,Restricted Area,Center(C),Less Than 8 ft.,1,3,15,1,0,20181124,CLE,HOU
Shot Chart Detail,0021800279,203,1628021,David Nwaba,1610612739,Cleveland Cavaliers,2,9,20,Made Shot,Dunk Shot,2PT Field Goal,Restricted Area,Center(C),Less Than 8 ft.,0,-2,0,1,1,20181124,CLE,HOU
Shot Chart Detail,0021800279,240,1628021,David Nwaba,1610612739,Cleveland Cavaliers,2,7,9,Missed Shot,Driving Layup Shot,2PT Field Goal,Restricted Area,Center(C),Less Than 8 ft.,3,30,5,1,0,20181124,CLE,HOU
Shot Chart Detail,0021800279,288,1628021,David Nwaba,1610612739,Cleveland Cavaliers,2,3,44,Missed Shot,Tip Layup Shot,2PT Field Goal,Restricted Area,Center(C),Less Than 8 ft.,0,0,-6,1,0,20181124,CLE,HOU
Shot Chart Detail,0021800279,343,1628021,David Nwaba,1610612739,Cleveland Cavaliers,3,10,58,Made Shot,Turnaround Fadeaway shot,2PT Field Goal,In The Paint (Non-RA),Center(C),Less Than 8 ft.,7,-4,71,1,1,20181124,CLE,HOU
Shot Chart Detail,0021800279,360,1628021,David Nwaba,1610612739,Cleveland Cavaliers,3,8,31,Missed Shot,Jump Shot,3PT Field Goal,Above the Break 3,Right Side Center(RC),24+ ft.,25,237,90,1,0,20181124,CLE,HOU
Shot Chart Detail,0021800279,362,1628021,David Nwaba,1610612739,Cleveland Cavaliers,3,8,24,Made Shot,Dunk Shot,2PT Field Goal,Restricted Area,Center(C),Less Than 8 ft.,1,5,10,1,1,20181124,CLE,HOU
Shot Chart Detail,0021800279,505,1628021,David Nwaba,1610612739,Cleveland Cavaliers,4,10,52,Missed Shot,Jump Shot,3PT Field Goal,Right Corner 3,Right Side(R),24+ ft.,24,235,51,1,0,20181124,CLE,HOU
Shot Chart Detail,0021800279,538,1628021,David Nwaba,1610612739,Cleveland Cavaliers,4,8,12,Missed Shot,Jump Shot,3PT Field Goal,Left Corner 3,Left Side(L),24+ ft.,24,-228,83,1,0,20181124,CLE,HOU
Shot Chart Detail,0021800279,552,1628021,David Nwaba,1610612739,Cleveland Cavaliers,4,7,6,Missed Shot,Driving Layup Shot,2PT Field Goal,In The Paint (Non-RA),Center(C),Less Than 8 ft.,6,-8,64,1,0,20181124,CLE,HOU
Shot Chart Detail,0021800279,558,1628021,David Nwaba,1610612739,Cleveland Cavaliers,4,6,58,Made Shot,Tip Dunk Shot,2PT Field Goal,Restricted Area,Center(C),Less Than 8 ft.,0,0,-6,1,1,20181124,CLE,HOU
Shot Chart Detail,0021800279,580,1628021,David Nwaba,1610612739,Cleveland Cavaliers,4,5,16,Missed Shot,Driving Layup Shot,2PT Field Goal,Restricted Area,Center(C),Less Than 8 ft.,2,14,20,1,0,20181124,CLE,HOU
Shot Chart Detail,0021800279,608,1628021,David Nwaba,1610612739,Cleveland Cavaliers,4,2,0,Missed Shot,Jump Shot,3PT Field Goal,Above the Break 3,Right Side Center(RC),24+ ft.,25,235,95,1,0,20181124,CLE,HOU
Shot Chart Detail,0021800406,104,1628021,David Nwaba,1610612739,Cleveland Cavaliers,1,3,41,Missed Shot,Running Layup Shot,2PT Field Goal,Restricted Area,Center(C),Less Than 8 ft.,0,-8,0,1,0,20181212,CLE,NYK
Shot Chart Detail,0021800406,137,1628021,David Nwaba,1610612739,Cleveland Cavaliers,1,1,23,Missed Shot,Driving Layup Shot,2PT Field Goal,Restricted Area,Center(C),Less Than 8 ft.,1,-9,-6,1,0,20181212,CLE,NYK
Shot Chart Detail,0021800406,144,1628021,David Nwaba,1610612739,Cleveland Cavaliers,1,0,59,Made Shot,Jump Shot,3PT Field Goal,Right Corner 3,Right Side(R),24+ ft.,24,232,65,1,1,20181212,CLE,NYK
Shot Chart Detail,0021800406,418,1628021,David Nwaba,1610612739,Cleveland Cavaliers,3,3,5,Made Shot,Driving Layup Shot,2PT Field Goal,Restricted Area,Center(C),Less Than 8 ft.,2,19,17,1,1,20181212,CLE,NYK
Shot Chart Detail,0021800406,421,1628021,David Nwaba,1610612739,Cleveland Cavaliers,3,2,37,Missed Shot,Jump Shot,3PT Field Goal,Above the Break 3,Right Side Center(RC),24+ ft.,27,229,155,1,0,20181212,CLE,NYK
Shot Chart Detail,0021800406,425,1628021,David Nwaba,1610612739,Cleveland Cavaliers,3,2,12,Made Shot,Turnaround Fadeaway shot,2PT Field Goal,In The Paint (Non-RA),Center(C),8-16 ft.,10,52,96,1,1,20181212,CLE,NYK
Shot Chart Detail,0021800406,643,1628021,David Nwaba,1610612739,Cleveland Cavaliers,4,0,1,Made Shot,Running Dunk Shot,2PT Field Goal,Restricted Area,Center(C),Less Than 8 ft.,1,9,9,1,1,20181212,CLE,NYK
Shot Chart Detail,0021800423,175,1628021,David Nwaba,1610612739,Cleveland Cavaliers,2,10,48,Missed Shot,Jump Shot,3PT Field Goal,Left Corner 3,Left Side(L),24+ ft.,23,-231,-12,1,0,20181214,CLE,MIL
Shot Chart Detail,0021800423,518,1628021,David Nwaba,1610612739,Cleveland Cavaliers,3,0,17,Missed Shot,Jump Shot,3PT Field Goal,Left Corner 3,Left Side(L),24+ ft.,23,-235,10,1,0,20181214,CLE,MIL
Shot Chart Detail,0021800423,542,1628021,David Nwaba,1610612739,Cleveland Cavaliers,4,10,44,Made Shot,Pullup Jump shot,2PT Field Goal,In The Paint (Non-RA),Left Side(L),8-16 ft.,10,-68,86,1,1,20181214,CLE,MIL
Shot Chart Detail,0021800423,567,1628021,David Nwaba,1610612739,Cleveland Cavaliers,4,9,8,Missed Shot,Driving Layup Shot,2PT Field Goal,Restricted Area,Center(C),Less Than 8 ft.,3,19,25,1,0,20181214,CLE,MIL
Shot Chart Detail,0021800437,95,1628021,David Nwaba,1610612739,Cleveland Cavaliers,1,4,54,Made Shot,Driving Floating Jump Shot,2PT Field Goal,In The Paint (Non-RA),Center(C),Less Than 8 ft.,7,37,69,1,1,20181216,CLE,PHI
Shot Chart Detail,0021800437,111,1628021,David Nwaba,1610612739,Cleveland Cavaliers,1,3,38,Made Shot,Layup Shot,2PT Field Goal,Restricted Area,Center(C),Less Than 8 ft.,0,-9,-3,1,1,20181216,CLE,PHI
Shot Chart Detail,0021800437,121,1628021,David Nwaba,1610612739,Cleveland Cavaliers,1,2,12,Missed Shot,Jump Shot,3PT Field Goal,Left Corner 3,Left Side(L),24+ ft.,24,-236,50,1,0,20181216,CLE,PHI
Shot Chart Detail,0021800437,474,1628021,David Nwaba,1610612739,Cleveland Cavaliers,3,3,46,Made Shot,Turnaround Fadeaway Bank Jump Shot,2PT Field Goal,In The Paint (Non-RA),Center(C),Less Than 8 ft.,5,-52,16,1,1,20181216,CLE,PHI
Shot Chart Detail,0021800437,498,1628021,David Nwaba,1610612739,Cleveland Cavaliers,3,2,1,Made Shot,Jump Shot,3PT Field Goal,Above the Break 3,Right Side Center(RC),24+ ft.,26,213,163,1,1,20181216,CLE,PHI
Shot Chart Detail,0021800437,534,1628021,David Nwaba,1610612739,Cleveland Cavaliers,4,10,50,Missed Shot,Driving Layup Shot,2PT Field Goal,Restricted Area,Center(C),Less Than 8 ft.,1,-11,13,1,0,20181216,CLE,PHI
Shot Chart Detail,0021800451,12,1628021,David Nwaba,1610612739,Cleveland Cavaliers,1,10,46,Missed Shot,Jump Shot,3PT Field Goal,Right Corner 3,Right Side(R),24+ ft.,23,228,39,1,0,20181218,IND,CLE
Shot Chart Detail,0021800451,49,1628021,David Nwaba,1610612739,Cleveland Cavaliers,1,7,13,Missed Shot,Jump Shot,3PT Field Goal,Left Corner 3,Left Side(L),24+ ft.,23,-235,42,1,0,20181218,IND,CLE
Shot Chart Detail,0021800451,320,1628021,David Nwaba,1610612739,Cleveland Cavaliers,3,9,58,Missed Shot,Jump Shot,3PT Field Goal,Right Corner 3,Right Side(R),24+ ft.,23,237,27,1,0,20181218,IND,CLE
Shot Chart Detail,0021800451,326,1628021,David Nwaba,1610612739,Cleveland Cavaliers,3,9,10,Missed Shot,Jump Shot,3PT Field Goal,Right Corner 3,Right Side(R),24+ ft.,23,239,20,1,0,20181218,IND,CLE
Shot Chart Detail,0021800455,263,1628021,David Nwaba,1610612739,Cleveland Cavaliers,2,2,27,Missed Shot,Layup Shot,2PT Field Goal,In The Paint (Non-RA),Center(C),Less Than 8 ft.,7,-62,41,1,0,20181219,CHA,CLE
Shot Chart Detail,0021800455,294,1628021,David Nwaba,1610612739,Cleveland Cavaliers,2,0,1,Missed Shot,Layup Shot,2PT Field Goal,Restricted Area,Center(C),Less Than 8 ft.,1,9,15,1,0,20181219,CHA,CLE
Shot Chart Detail,0021800455,327,1628021,David Nwaba,1610612739,Cleveland Cavaliers,3,8,36,Made Shot,Dunk Shot,2PT Field Goal,Restricted Area,Center(C),Less Than 8 ft.,0,5,8,1,1,20181219,CHA,CLE
Shot Chart Detail,0021800470,286,1628021,David Nwaba,1610612739,Cleveland Cavaliers,2,1,11,Missed Shot,Layup Shot,2PT Field Goal,Restricted Area,Center(C),Less Than 8 ft.,2,-12,18,1,0,20181221,TOR,CLE
Shot Chart Detail,0021800470,317,1628021,David Nwaba,1610612739,Cleveland Cavaliers,3,11,20,Made Shot,Jump Shot,3PT Field Goal,Above the Break 3,Right Side Center(RC),24+ ft.,25,215,132,1,1,20181221,TOR,CLE
Shot Chart Detail,0021800470,327,1628021,David Nwaba,1610612739,Cleveland Cavaliers,3,10,43,Missed Shot,Hook Shot,2PT Field Goal,In The Paint (Non-RA),Center(C),Less Than 8 ft.,4,-6,47,1,0,20181221,TOR,CLE
Shot Chart Detail,0021800470,342,1628021,David Nwaba,1610612739,Cleveland Cavaliers,3,9,49,Made Shot,Jump Shot,3PT Field Goal,Above the Break 3,Right Side Center(RC),24+ ft.,26,94,253,1,1,20181221,TOR,CLE
Shot Chart Detail,0021800470,359,1628021,David Nwaba,1610612739,Cleveland Cavaliers,3,8,16,Missed Shot,Jump Shot,3PT Field Goal,Right Corner 3,Right Side(R),24+ ft.,22,228,8,1,0,20181221,TOR,CLE
Shot Chart Detail,0021800490,126,1628021,David Nwaba,1610612739,Cleveland Cavaliers,1,0,54,Made Shot,Running Finger Roll Layup Shot,2PT Field Goal,Restricted Area,Center(C),Less Than 8 ft.,2,14,22,1,1,20181223,CLE,CHI
Shot Chart Detail,0021800490,152,1628021,David Nwaba,1610612739,Cleveland Cavaliers,2,10,30,Missed Shot,Driving Layup Shot,2PT Field Goal,Restricted Area,Center(C),Less Than 8 ft.,2,-8,22,1,0,20181223,CLE,CHI
Shot Chart Detail,0021800490,285,1628021,David Nwaba,1610612739,Cleveland Cavaliers,2,0,28,Made Shot,Layup Shot,2PT Field Goal,Restricted Area,Center(C),Less Than 8 ft.,1,-6,17,1,1,20181223,CLE,CHI
Shot Chart Detail,0021800490,465,1628021,David Nwaba,1610612739,Cleveland Cavaliers,4,10,0,Missed Shot,Cutting Layup Shot,2PT Field Goal,Restricted Area,Center(C),Less Than 8 ft.,2,-11,25,1,0,20181223,CLE,CHI
Shot Chart Detail,0021800780,251,1628021,David Nwaba,1610612739,Cleveland Cavaliers,2,5,35,Missed Shot,Cutting Layup Shot,2PT Field Goal,Restricted Area,Center(C),Less Than 8 ft.,1,-12,7,1,0,20190202,CLE,DAL
Shot Chart Detail,0021800780,253,1628021,David Nwaba,1610612739,Cleveland Cavaliers,2,5,30,Made Shot,Putback Layup Shot,2PT Field Goal,Restricted Area,Center(C),Less Than 8 ft.,0,-2,2,1,1,20190202,CLE,DAL
Shot Chart Detail,0021800780,258,1628021,David Nwaba,1610612739,Cleveland Cavaliers,2,4,50,Made Shot,Putback Layup Shot,2PT Field Goal,Restricted Area,Center(C),Less Than 8 ft.,2,-20,-5,1,1,20190202,CLE,DAL
Shot Chart Detail,0021800780,279,1628021,David Nwaba,1610612739,Cleveland Cavaliers,2,3,34,Made Shot,Layup Shot,2PT Field Goal,Restricted Area,Center(C),Less Than 8 ft.,0,-3,2,1,1,20190202,CLE,DAL
Shot Chart Detail,0021800780,317,1628021,David Nwaba,1610612739,Cleveland Cavaliers,3,11,26,Made Shot,Driving Floating Jump Shot,2PT Field Goal,In The Paint (Non-RA),Right Side(R),8-16 ft.,10,55,94,1,1,20190202,CLE,DAL
Shot Chart Detail,0021800780,332,1628021,David Nwaba,1610612739,Cleveland Cavaliers,3,10,22,Made Shot,Driving Reverse Layup Shot,2PT Field Goal,Restricted Area,Center(C),Less Than 8 ft.,2,20,10,1,1,20190202,CLE,DAL
Shot Chart Detail,0021800797,7,1628021,David Nwaba,1610612739,Cleveland Cavaliers,1,11,34,Missed Shot,Jump Shot,3PT Field Goal,Above the Break 3,Center(C),24+ ft.,26,70,253,1,0,20190205,CLE,BOS
Shot Chart Detail,0021800797,11,1628021,David Nwaba,1610612739,Cleveland Cavaliers,1,11,2,Made Shot,Driving Layup Shot,2PT Field Goal,Restricted Area,Center(C),Less Than 8 ft.,1,7,14,1,1,20190205,CLE,BOS
Shot Chart Detail,0021800797,32,1628021,David Nwaba,1610612739,Cleveland Cavaliers,1,8,41,Made Shot,Driving Floating Jump Shot,2PT Field Goal,In The Paint (Non-RA),Center(C),8-16 ft.,9,40,87,1,1,20190205,CLE,BOS
Shot Chart Detail,0021800797,63,1628021,David Nwaba,1610612739,Cleveland Cavaliers,1,6,26,Missed Shot,Driving Layup Shot,2PT Field Goal,In The Paint (Non-RA),Center(C),Less Than 8 ft.,6,30,56,1,0,20190205,CLE,BOS
Shot Chart Detail,0021800797,292,1628021,David Nwaba,1610612739,Cleveland Cavaliers,3,10,52,Made Shot,Cutting Layup Shot,2PT Field Goal,Restricted Area,Center(C),Less Than 8 ft.,0,-7,1,1,1,20190205,CLE,BOS
Shot Chart Detail,0021800797,314,1628021,David Nwaba,1610612739,Cleveland Cavaliers,3,9,5,Made Shot,Driving Floating Jump Shot,2PT Field Goal,In The Paint (Non-RA),Center(C),8-16 ft.,9,0,96,1,1,20190205,CLE,BOS
Shot Chart Detail,0021800797,327,1628021,David Nwaba,1610612739,Cleveland Cavaliers,3,7,53,Missed Shot,Running Layup Shot,2PT Field Goal,Restricted Area,Center(C),Less Than 8 ft.,0,-5,7,1,0,20190205,CLE,BOS
Shot Chart Detail,0021800797,542,1628021,David Nwaba,1610612739,Cleveland Cavaliers,4,3,1,Missed Shot,Jump Shot,2PT Field Goal,In The Paint (Non-RA),Center(C),8-16 ft.,11,-14,112,1,0,20190205,CLE,BOS
Shot Chart Detail,0021800819,22,1628021,David Nwaba,1610612739,Cleveland Cavaliers,1,10,26,Made Shot,Tip Layup Shot,2PT Field Goal,Restricted Area,Center(C),Less Than 8 ft.,0,0,-6,1,1,20190208,WAS,CLE
Shot Chart Detail,0021800819,54,1628021,David Nwaba,1610612739,Cleveland Cavaliers,1,7,56,Made Shot,Jump Shot,3PT Field Goal,Above the Break 3,Center(C),24+ ft.,26,-55,256,1,1,20190208,WAS,CLE
Shot Chart Detail,0021800819,58,1628021,David Nwaba,1610612739,Cleveland Cavaliers,1,7,28,Missed Shot,Jump Shot,3PT Field Goal,Left Corner 3,Left Side(L),24+ ft.,23,-232,4,1,0,20190208,WAS,CLE
Shot Chart Detail,0021800819,72,1628021,David Nwaba,1610612739,Cleveland Cavaliers,1,6,32,Made Shot,Driving Floating Jump Shot,2PT Field Goal,In The Paint (Non-RA),Center(C),Less Than 8 ft.,7,-22,76,1,1,20190208,WAS,CLE
Shot Chart Detail,0021800819,103,1628021,David Nwaba,1610612739,Cleveland Cavaliers,1,4,46,Missed Shot,Jump Shot,2PT Field Goal,In The Paint (Non-RA),Center(C),Less Than 8 ft.,6,30,55,1,0,20190208,WAS,CLE
Shot Chart Detail,0021800819,232,1628021,David Nwaba,1610612739,Cleveland Cavaliers,2,7,37,Made Shot,Cutting Dunk Shot,2PT Field Goal,Restricted Area,Center(C),Less Than 8 ft.,1,-6,10,1,1,20190208,WAS,CLE
Shot Chart Detail,0021800819,270,1628021,David Nwaba,1610612739,Cleveland Cavaliers,2,5,3,Made Shot,Driving Layup Shot,2PT Field Goal,Restricted Area,Center(C),Less Than 8 ft.,1,-3,18,1,1,20190208,WAS,CLE
Shot Chart Detail,0021800819,273,1628021,David Nwaba,1610612739,Cleveland Cavaliers,2,4,28,Missed Shot,Layup Shot,2PT Field Goal,Restricted Area,Center(C),Less Than 8 ft.,0,-8,4,1,0,20190208,WAS,CLE
Shot Chart Detail,0021800819,291,1628021,David Nwaba,1610612739,Cleveland Cavaliers,2,3,14,Missed Shot,Jump Shot,2PT Field Goal,In The Paint (Non-RA),Center(C),Less Than 8 ft.,4,15,46,1,0,20190208,WAS,CLE
Shot Chart Detail,0021800819,382,1628021,David Nwaba,1610612739,Cleveland Cavaliers,3,8,11,Missed Shot,Turnaround Jump Shot,2PT Field Goal,Mid-Range,Right Side Center(RC),16-24 ft.,16,121,119,1,0,20190208,WAS,CLE
Shot Chart Detail,0021800819,563,1628021,David Nwaba,1610612739,Cleveland Cavaliers,4,7,40,Made Shot,Jump Shot,3PT Field Goal,Left Corner 3,Left Side(L),24+ ft.,24,-241,43,1,1,20190208,WAS,CLE
Shot Chart Detail,0021800826,27,1628021,David Nwaba,1610612739,Cleveland Cavaliers,1,9,47,Missed Shot,Floating Jump shot,2PT Field Goal,In The Paint (Non-RA),Center(C),8-16 ft.,8,-9,83,1,0,20190209,IND,CLE
Shot Chart Detail,0021800826,39,1628021,David Nwaba,1610612739,Cleveland Cavaliers,1,8,36,Made Shot,Pullup Jump shot,2PT Field Goal,In The Paint (Non-RA),Center(C),Less Than 8 ft.,6,-51,38,1,1,20190209,IND,CLE
Shot Chart Detail,0021800826,45,1628021,David Nwaba,1610612739,Cleveland Cavaliers,1,7,36,Missed Shot,Layup Shot,2PT Field Goal,In The Paint (Non-RA),Center(C),Less Than 8 ft.,7,-76,6,1,0,20190209,IND,CLE
Shot Chart Detail,0021800826,65,1628021,David Nwaba,1610612739,Cleveland Cavaliers,1,6,16,Missed Shot,Jump Shot,3PT Field Goal,Above the Break 3,Right Side Center(RC),24+ ft.,27,174,215,1,0,20190209,IND,CLE
Shot Chart Detail,0021800826,304,1628021,David Nwaba,1610612739,Cleveland Cavaliers,3,10,19,Made Shot,Driving Layup Shot,2PT Field Goal,Restricted Area,Center(C),Less Than 8 ft.,3,8,38,1,1,20190209,IND,CLE
Shot Chart Detail,0021800839,56,1628021,David Nwaba,1610612739,Cleveland Cavaliers,1,7,20,Missed Shot,Tip Layup Shot,2PT Field Goal,Restricted Area,Center(C),Less Than 8 ft.,0,0,-6,1,0,20190211,CLE,NYK
Shot Chart Detail,0021800839,58,1628021,David Nwaba,1610612739,Cleveland Cavaliers,1,7,20,Missed Shot,Putback Layup Shot,2PT Field Goal,Restricted Area,Center(C),Less Than 8 ft.,0,0,-6,1,0,20190211,CLE,NYK
Shot Chart Detail,0021800839,203,1628021,David Nwaba,1610612739,Cleveland Cavaliers,2,7,28,Made Shot,Jump Shot,3PT Field Goal,Left Corner 3,Left Side(L),24+ ft.,23,-237,8,1,1,20190211,CLE,NYK
Shot Chart Detail,0021800839,337,1628021,David Nwaba,1610612739,Cleveland Cavaliers,3,10,31,Missed Shot,Driving Layup Shot,2PT Field Goal,Restricted Area,Center(C),Less Than 8 ft.,0,1,9,1,0,20190211,CLE,NYK
Shot Chart Detail,0021800839,386,1628021,David Nwaba,1610612739,Cleveland Cavaliers,3,6,9,Missed Shot,Jump Shot,3PT Field Goal,Above the Break 3,Left Side Center(LC),24+ ft.,24,-217,124,1,0,20190211,CLE,NYK
Shot Chart Detail,0021800839,396,1628021,David Nwaba,1610612739,Cleveland Cavaliers,3,5,9,Missed Shot,Jump Shot,3PT Field Goal,Right Corner 3,Right Side(R),24+ ft.,24,236,52,1,0,20190211,CLE,NYK
Shot Chart Detail,0021800839,518,1628021,David Nwaba,1610612739,Cleveland Cavaliers,4,9,19,Made Shot,Floating Jump shot,2PT Field Goal,In The Paint (Non-RA),Center(C),8-16 ft.,8,3,82,1,1,20190211,CLE,NYK
Shot Chart Detail,0021800839,522,1628021,David Nwaba,1610612739,Cleveland Cavaliers,4,8,49,Missed Shot,Floating Jump shot,2PT Field Goal,In The Paint (Non-RA),Center(C),8-16 ft.,8,12,85,1,0,20190211,CLE,NYK
Shot Chart Detail,0021800839,592,1628021,David Nwaba,1610612739,Cleveland Cavaliers,4,3,47,Missed Shot,Reverse Layup Shot,2PT Field Goal,Restricted Area,Center(C),Less Than 8 ft.,2,12,24,1,0,20190211,CLE,NYK
Shot Chart Detail,0021800853,12,1628021,David Nwaba,1610612739,Cleveland Cavaliers,1,10,55,Made Shot,Jump Shot,3PT Field Goal,Above the Break 3,Right Side Center(RC),24+ ft.,28,174,224,1,1,20190213,CLE,BKN
Shot Chart Detail,0021800853,96,1628021,David Nwaba,1610612739,Cleveland Cavaliers,1,4,23,Made Shot,Cutting Layup Shot,2PT Field Goal,Restricted Area,Center(C),Less Than 8 ft.,1,8,16,1,1,20190213,CLE,BKN
Shot Chart Detail,0021800853,328,1628021,David Nwaba,1610612739,Cleveland Cavaliers,3,9,47,Made Shot,Floating Jump shot,2PT Field Goal,In The Paint (Non-RA),Left Side(L),8-16 ft.,10,-68,76,1,1,20190213,CLE,BKN
Shot Chart Detail,0021800867,488,1628021,David Nwaba,1610612739,Cleveland Cavaliers,3,2,25,Missed Shot,Driving Floating Jump Shot,2PT Field Goal,Restricted Area,Center(C),Less Than 8 ft.,2,9,22,1,0,20190221,CLE,PHX
Shot Chart Detail,0021800867,536,1628021,David Nwaba,1610612739,Cleveland Cavaliers,4,10,48,Made Shot,Driving Reverse Layup Shot,2PT Field Goal,Restricted Area,Center(C),Less Than 8 ft.,2,18,16,1,1,20190221,CLE,PHX
Shot Chart Detail,0021800867,586,1628021,David Nwaba,1610612739,Cleveland Cavaliers,4,6,6,Made Shot,Jump Shot,3PT Field Goal,Right Corner 3,Right Side(R),24+ ft.,23,232,22,1,1,20190221,CLE,PHX
Shot Chart Detail,0021800885,151,1628021,David Nwaba,1610612739,Cleveland Cavaliers,1,2,14,Missed Shot,Running Layup Shot,2PT Field Goal,Restricted Area,Center(C),Less Than 8 ft.,0,-2,1,1,0,20190223,CLE,MEM
Shot Chart Detail,0021800885,175,1628021,David Nwaba,1610612739,Cleveland Cavaliers,2,11,36,Missed Shot,Jump Shot,3PT Field Goal,Left Corner 3,Left Side(L),24+ ft.,23,-235,-21,1,0,20190223,CLE,MEM
Shot Chart Detail,0021800885,493,1628021,David Nwaba,1610612739,Cleveland Cavaliers,3,0,29,Made Shot,Running Layup Shot,2PT Field Goal,Restricted Area,Center(C),Less Than 8 ft.,1,19,5,1,1,20190223,CLE,MEM
Shot Chart Detail,0021800898,466,1628021,David Nwaba,1610612739,Cleveland Cavaliers,4,10,54,Made Shot,Driving Layup Shot,2PT Field Goal,Restricted Area,Center(C),Less Than 8 ft.,0,-1,-1,1,1,20190225,CLE,POR
Shot Chart Detail,0021800924,132,1628021,David Nwaba,1610612739,Cleveland Cavaliers,1,2,5,Missed Shot,Jump Shot,2PT Field Goal,In The Paint (Non-RA),Center(C),8-16 ft.,8,-3,83,1,0,20190228,NYK,CLE
Shot Chart Detail,0021800924,173,1628021,David Nwaba,1610612739,Cleveland Cavaliers,2,10,50,Made Shot,Layup Shot,2PT Field Goal,Restricted Area,Center(C),Less Than 8 ft.,1,-8,6,1,1,20190228,NYK,CLE
Shot Chart Detail,0021800924,483,1628021,David Nwaba,1610612739,Cleveland Cavaliers,4,11,13,Made Shot,Jump Shot,3PT Field Goal,Right Corner 3,Right Side(R),24+ ft.,22,229,19,1,1,20190228,NYK,CLE
Shot Chart Detail,0021800924,487,1628021,David Nwaba,1610612739,Cleveland Cavaliers,4,10,44,Made Shot,Driving Layup Shot,2PT Field Goal,Restricted Area,Center(C),Less Than 8 ft.,1,-11,3,1,1,20190228,NYK,CLE
Shot Chart Detail,0021800935,78,1628021,David Nwaba,1610612739,Cleveland Cavaliers,1,4,59,Made Shot,Jump Shot,3PT Field Goal,Left Corner 3,Left Side(L),24+ ft.,23,-234,41,1,1,20190302,CLE,DET
Shot Chart Detail,0021800935,121,1628021,David Nwaba,1610612739,Cleveland Cavaliers,1,0,54,Made Shot,Jump Shot,3PT Field Goal,Right Corner 3,Right Side(R),24+ ft.,23,228,34,1,1,20190302,CLE,DET
Shot Chart Detail,0021800935,160,1628021,David Nwaba,1610612739,Cleveland Cavaliers,2,9,49,Missed Shot,Driving Floating Jump Shot,2PT Field Goal,In The Paint (Non-RA),Center(C),Less Than 8 ft.,5,-12,50,1,0,20190302,CLE,DET
Shot Chart Detail,0021800935,484,1628021,David Nwaba,1610612739,Cleveland Cavaliers,4,10,50,Missed Shot,Jump Shot,3PT Field Goal,Above the Break 3,Left Side Center(LC),24+ ft.,25,-102,237,1,0,20190302,CLE,DET
Shot Chart Detail,0021800935,531,1628021,David Nwaba,1610612739,Cleveland Cavaliers,4,6,18,Made Shot,Driving Floating Jump Shot,2PT Field Goal,Restricted Area,Center(C),Less Than 8 ft.,1,5,14,1,1,20190302,CLE,DET
Shot Chart Detail,0021800935,541,1628021,David Nwaba,1610612739,Cleveland Cavaliers,4,5,22,Missed Shot,Jump Shot,2PT Field Goal,In The Paint (Non-RA),Right Side(R),8-16 ft.,8,56,62,1,0,20190302,CLE,DET
Shot Chart Detail,0021800935,612,1628021,David Nwaba,1610612739,Cleveland Cavaliers,4,0,50,Missed Shot,Driving Layup Shot,2PT Field Goal,Restricted Area,Center(C),Less Than 8 ft.,0,3,4,1,0,20190302,CLE,DET
Shot Chart Detail,0021800948,174,1628021,David Nwaba,1610612739,Cleveland Cavaliers,2,9,46,Missed Shot,Jump Shot,3PT Field Goal,Right Corner 3,Right Side(R),24+ ft.,23,231,63,1,0,20190303,CLE,ORL
Shot Chart Detail,0021800948,188,1628021,David Nwaba,1610612739,Cleveland Cavaliers,2,8,18,Made Shot,Running Layup Shot,2PT Field Goal,Restricted Area,Center(C),Less Than 8 ft.,0,-3,4,1,1,20190303,CLE,ORL
Shot Chart Detail,0021800948,216,1628021,David Nwaba,1610612739,Cleveland Cavaliers,2,5,35,Missed Shot,Driving Floating Bank Jump Shot,2PT Field Goal,In The Paint (Non-RA),Center(C),Less Than 8 ft.,5,52,21,1,0,20190303,CLE,ORL
Shot Chart Detail,0021800948,355,1628021,David Nwaba,1610612739,Cleveland Cavaliers,3,5,8,Missed Shot,Layup Shot,2PT Field Goal,Restricted Area,Center(C),Less Than 8 ft.,1,14,14,1,0,20190303,CLE,ORL
Shot Chart Detail,0021800948,398,1628021,David Nwaba,1610612739,Cleveland Cavaliers,3,1,51,Missed Shot,Jump Shot,3PT Field Goal,Above the Break 3,Right Side Center(RC),24+ ft.,25,220,130,1,0,20190303,CLE,ORL
Shot Chart Detail,0021800948,422,1628021,David Nwaba,1610612739,Cleveland Cavaliers,3,0,26,Made Shot,Driving Layup Shot,2PT Field Goal,Restricted Area,Center(C),Less Than 8 ft.,1,-8,8,1,1,20190303,CLE,ORL
Shot Chart Detail,0021800948,427,1628021,David Nwaba,1610612739,Cleveland Cavaliers,3,0,2,Made Shot,Running Layup Shot,2PT Field Goal,Restricted Area,Center(C),Less Than 8 ft.,0,7,5,1,1,20190303,CLE,ORL
Shot Chart Detail,0021800969,104,1628021,David Nwaba,1610612739,Cleveland Cavaliers,1,3,58,Missed Shot,Jump Shot,3PT Field Goal,Left Corner 3,Left Side(L),24+ ft.,23,-232,-5,1,0,20190306,BKN,CLE
Shot Chart Detail,0021800969,136,1628021,David Nwaba,1610612739,Cleveland Cavaliers,1,1,50,Made Shot,Jump Shot,3PT Field Goal,Left Corner 3,Left Side(L),24+ ft.,23,-231,7,1,1,20190306,BKN,CLE
Shot Chart Detail,0021800969,140,1628021,David Nwaba,1610612739,Cleveland Cavaliers,1,1,11,Missed Shot,Turnaround Jump Shot,2PT Field Goal,In The Paint (Non-RA),Center(C),Less Than 8 ft.,7,-16,70,1,0,20190306,BKN,CLE
Shot Chart Detail,0021800969,169,1628021,David Nwaba,1610612739,Cleveland Cavaliers,2,11,8,Made Shot,Running Layup Shot,2PT Field Goal,Restricted Area,Center(C),Less Than 8 ft.,1,-7,16,1,1,20190306,BKN,CLE
Shot Chart Detail,0021800969,178,1628021,David Nwaba,1610612739,Cleveland Cavaliers,2,10,5,Missed Shot,Driving Layup Shot,2PT Field Goal,Restricted Area,Center(C),Less Than 8 ft.,2,15,16,1,0,20190306,BKN,CLE
Shot Chart Detail,0021800969,194,1628021,David Nwaba,1610612739,Cleveland Cavaliers,2,8,56,Made Shot,Layup Shot,2PT Field Goal,Restricted Area,Center(C),Less Than 8 ft.,1,-3,16,1,1,20190306,BKN,CLE
Shot Chart Detail,0021800969,205,1628021,David Nwaba,1610612739,Cleveland Cavaliers,2,7,53,Made Shot,Jump Shot,3PT Field Goal,Left Corner 3,Left Side(L),24+ ft.,23,-229,39,1,1,20190306,BKN,CLE
Shot Chart Detail,0021800969,214,1628021,David Nwaba,1610612739,Cleveland Cavaliers,2,7,26,Made Shot,Tip Layup Shot,2PT Field Goal,Restricted Area,Center(C),Less Than 8 ft.,0,0,-6,1,1,20190306,BKN,CLE
Shot Chart Detail,0021800969,219,1628021,David Nwaba,1610612739,Cleveland Cavaliers,2,6,23,Missed Shot,Jump Shot,3PT Field Goal,Right Corner 3,Right Side(R),24+ ft.,22,228,7,1,0,20190306,BKN,CLE
Shot Chart Detail,0021800969,232,1628021,David Nwaba,1610612739,Cleveland Cavaliers,2,5,47,Made Shot,Driving Floating Jump Shot,2PT Field Goal,Restricted Area,Center(C),Less Than 8 ft.,3,11,36,1,1,20190306,BKN,CLE
Shot Chart Detail,0021800969,436,1628021,David Nwaba,1610612739,Cleveland Cavaliers,3,3,35,Made Shot,Cutting Layup Shot,2PT Field Goal,Restricted Area,Center(C),Less Than 8 ft.,1,13,14,1,1,20190306,BKN,CLE
Shot Chart Detail,0021800969,457,1628021,David Nwaba,1610612739,Cleveland Cavaliers,3,2,39,Made Shot,Driving Floating Bank Jump Shot,2PT Field Goal,In The Paint (Non-RA),Center(C),Less Than 8 ft.,7,70,38,1,1,20190306,BKN,CLE
Shot Chart Detail,0021800969,462,1628021,David Nwaba,1610612739,Cleveland Cavaliers,3,2,11,Made Shot,Jump Shot,3PT Field Goal,Right Corner 3,Right Side(R),24+ ft.,23,231,55,1,1,20190306,BKN,CLE
Shot Chart Detail,0021800979,382,1628021,David Nwaba,1610612739,Cleveland Cavaliers,3,5,54,Missed Shot,Cutting Dunk Shot,2PT Field Goal,In The Paint (Non-RA),Center(C),Less Than 8 ft.,4,18,44,1,0,20190308,MIA,CLE
Shot Chart Detail,0021801001,137,1628021,David Nwaba,1610612739,Cleveland Cavaliers,1,1,28,Missed Shot,Driving Layup Shot,2PT Field Goal,Restricted Area,Center(C),Less Than 8 ft.,0,-1,-1,1,0,20190311,CLE,TOR
Shot Chart Detail,0021801001,153,1628021,David Nwaba,1610612739,Cleveland Cavaliers,1,0,39,Made Shot,Running Layup Shot,2PT Field Goal,Restricted Area,Center(C),Less Than 8 ft.,0,-1,4,1,1,20190311,CLE,TOR
Shot Chart Detail,0021801001,193,1628021,David Nwaba,1610612739,Cleveland Cavaliers,2,9,59,Made Shot,Jump Shot,3PT Field Goal,Left Corner 3,Left Side(L),24+ ft.,24,-241,-6,1,1,20190311,CLE,TOR
Shot Chart Detail,0021801001,451,1628021,David Nwaba,1610612739,Cleveland Cavaliers,3,3,18,Missed Shot,Jump Shot,3PT Field Goal,Right Corner 3,Right Side(R),24+ ft.,22,225,8,1,0,20190311,CLE,TOR
Shot Chart Detail,0021801001,459,1628021,David Nwaba,1610612739,Cleveland Cavaliers,3,2,30,Made Shot,Driving Layup Shot,2PT Field Goal,Restricted Area,Center(C),Less Than 8 ft.,0,5,8,1,1,20190311,CLE,TOR
Shot Chart Detail,0021801001,661,1628021,David Nwaba,1610612739,Cleveland Cavaliers,4,0,18,Made Shot,Tip Dunk Shot,2PT Field Goal,Restricted Area,Center(C),Less Than 8 ft.,0,0,-6,1,1,20190311,CLE,TOR
Shot Chart Detail,0021801008,40,1628021,David Nwaba,1610612739,Cleveland Cavaliers,1,8,26,Missed Shot,Driving Bank Hook Shot,2PT Field Goal,In The Paint (Non-RA),Center(C),Less Than 8 ft.,4,38,25,1,0,20190312,PHI,CLE
Shot Chart Detail,0021801008,219,1628021,David Nwaba,1610612739,Cleveland Cavaliers,2,7,39,Made Shot,Driving Floating Jump Shot,2PT Field Goal,In The Paint (Non-RA),Center(C),Less Than 8 ft.,4,11,45,1,1,20190312,PHI,CLE
Shot Chart Detail,0021801008,222,1628021,David Nwaba,1610612739,Cleveland Cavaliers,2,7,7,Missed Shot,Jump Shot,3PT Field Goal,Above the Break 3,Right Side Center(RC),24+ ft.,25,187,168,1,0,20190312,PHI,CLE
Shot Chart Detail,0021801008,310,1628021,David Nwaba,1610612739,Cleveland Cavaliers,2,0,0,Missed Shot,Running Pull-Up Jump Shot,3PT Field Goal,Above the Break 3,Left Side Center(LC),24+ ft.,25,-84,245,1,0,20190312,PHI,CLE
Shot Chart Detail,0021801008,336,1628021,David Nwaba,1610612739,Cleveland Cavaliers,3,10,10,Made Shot,Jump Shot,3PT Field Goal,Above the Break 3,Right Side Center(RC),24+ ft.,24,154,195,1,1,20190312,PHI,CLE
Shot Chart Detail,0021801008,345,1628021,David Nwaba,1610612739,Cleveland Cavaliers,3,9,7,Missed Shot,Jump Shot,3PT Field Goal,Right Corner 3,Right Side(R),24+ ft.,22,228,12,1,0,20190312,PHI,CLE
Shot Chart Detail,0021801008,582,1628021,David Nwaba,1610612739,Cleveland Cavaliers,4,4,18,Made Shot,Running Dunk Shot,2PT Field Goal,Restricted Area,Center(C),Less Than 8 ft.,0,-3,4,1,1,20190312,PHI,CLE
Shot Chart Detail,0021801021,116,1628021,David Nwaba,1610612739,Cleveland Cavaliers,1,1,38,Missed Shot,Jump Shot,3PT Field Goal,Right Corner 3,Right Side(R),24+ ft.,23,231,45,1,0,20190314,ORL,CLE
Shot Chart Detail,0021801021,145,1628021,David Nwaba,1610612739,Cleveland Cavaliers,2,11,7,Missed Shot,Jump Shot,3PT Field Goal,Above the Break 3,Left Side Center(LC),24+ ft.,27,-118,246,1,0,20190314,ORL,CLE
Shot Chart Detail,0021801037,115,1628021,David Nwaba,1610612739,Cleveland Cavaliers,1,3,21,Missed Shot,Step Back Jump shot,2PT Field Goal,In The Paint (Non-RA),Center(C),8-16 ft.,11,-36,107,1,0,20190316,DAL,CLE
Shot Chart Detail,0021801037,175,1628021,David Nwaba,1610612739,Cleveland Cavaliers,2,10,53,Made Shot,Driving Floating Bank Jump Shot,2PT Field Goal,Restricted Area,Center(C),Less Than 8 ft.,2,9,18,1,1,20190316,DAL,CLE
Shot Chart Detail,0021801037,460,1628021,David Nwaba,1610612739,Cleveland Cavaliers,4,11,16,Missed Shot,Floating Jump shot,2PT Field Goal,In The Paint (Non-RA),Center(C),Less Than 8 ft.,7,1,75,1,0,20190316,DAL,CLE
Shot Chart Detail,0021801037,494,1628021,David Nwaba,1610612739,Cleveland Cavaliers,4,9,32,Made Shot,Layup Shot,2PT Field Goal,Restricted Area,Center(C),Less Than 8 ft.,1,-6,11,1,1,20190316,DAL,CLE
Shot Chart Detail,0021801050,16,1628021,David Nwaba,1610612739,Cleveland Cavaliers,1,11,3,Made Shot,Driving Floating Jump Shot,2PT Field Goal,In The Paint (Non-RA),Left Side(L),8-16 ft.,9,-58,80,1,1,20190318,CLE,DET
Shot Chart Detail,0021801050,69,1628021,David Nwaba,1610612739,Cleveland Cavaliers,1,5,55,Missed Shot,Driving Floating Jump Shot,2PT Field Goal,In The Paint (Non-RA),Left Side(L),8-16 ft.,9,-56,76,1,0,20190318,CLE,DET
Shot Chart Detail,0021801050,214,1628021,David Nwaba,1610612739,Cleveland Cavaliers,2,6,53,Made Shot,Driving Floating Jump Shot,2PT Field Goal,In The Paint (Non-RA),Center(C),Less Than 8 ft.,6,36,52,1,1,20190318,CLE,DET
Shot Chart Detail,0021801050,237,1628021,David Nwaba,1610612739,Cleveland Cavaliers,2,5,33,Made Shot,Running Dunk Shot,2PT Field Goal,Restricted Area,Center(C),Less Than 8 ft.,0,-1,-5,1,1,20190318,CLE,DET
Shot Chart Detail,0021801050,342,1628021,David Nwaba,1610612739,Cleveland Cavaliers,3,10,22,Made Shot,Turnaround Hook Shot,2PT Field Goal,In The Paint (Non-RA),Center(C),Less Than 8 ft.,4,-40,26,1,1,20190318,CLE,DET
Shot Chart Detail,0021801050,531,1628021,David Nwaba,1610612739,Cleveland Cavaliers,4,6,8,Made Shot,Driving Floating Jump Shot,2PT Field Goal,Mid-Range,Right Side(R),8-16 ft.,10,101,38,1,1,20190318,CLE,DET
Shot Chart Detail,0021801065,232,1628021,David Nwaba,1610612739,Cleveland Cavaliers,2,6,47,Missed Shot,Driving Layup Shot,2PT Field Goal,Mid-Range,Right Side(R),8-16 ft.,9,87,32,1,0,20190320,CLE,MIL
Shot Chart Detail,0021801065,258,1628021,David Nwaba,1610612739,Cleveland Cavaliers,2,5,12,Made Shot,Putback Layup Shot,2PT Field Goal,Restricted Area,Center(C),Less Than 8 ft.,0,8,1,1,1,20190320,CLE,MIL
Shot Chart Detail,0021801065,282,1628021,David Nwaba,1610612739,Cleveland Cavaliers,2,3,18,Missed Shot,Jump Shot,3PT Field Goal,Right Corner 3,Right Side(R),24+ ft.,23,232,11,1,0,20190320,CLE,MIL
Shot Chart Detail,0021801065,522,1628021,David Nwaba,1610612739,Cleveland Cavaliers,4,11,2,Missed Shot,Turnaround Jump Shot,2PT Field Goal,In The Paint (Non-RA),Left Side(L),8-16 ft.,8,-74,50,1,0,20190320,CLE,MIL
Shot Chart Detail,0021801065,529,1628021,David Nwaba,1610612739,Cleveland Cavaliers,4,10,20,Missed Shot,Cutting Layup Shot,2PT Field Goal,Restricted Area,Center(C),Less Than 8 ft.,1,-11,2,1,0,20190320,CLE,MIL
Shot Chart Detail,0021801065,589,1628021,David Nwaba,1610612739,Cleveland Cavaliers,4,6,57,Missed Shot,Driving Floating Jump Shot,2PT Field Goal,In The Paint (Non-RA),Center(C),8-16 ft.,9,-46,86,1,0,20190320,CLE,MIL
Shot Chart Detail,0021801065,599,1628021,David Nwaba,1610612739,Cleveland Cavaliers,4,6,1,Missed Shot,Driving Floating Jump Shot,2PT Field Goal,In The Paint (Non-RA),Center(C),Less Than 8 ft.,6,-16,62,1,0,20190320,CLE,MIL
Shot Chart Detail,0021801081,160,1628021,David Nwaba,1610612739,Cleveland Cavaliers,2,10,20,Made Shot,Turnaround Jump Shot,2PT Field Goal,In The Paint (Non-RA),Left Side(L),8-16 ft.,8,-66,53,1,1,20190322,CLE,LAC
Shot Chart Detail,0021801081,457,1628021,David Nwaba,1610612739,Cleveland Cavaliers,4,11,2,Made Shot,Running Layup Shot,2PT Field Goal,Restricted Area,Center(C),Less Than 8 ft.,0,-2,5,1,1,20190322,CLE,LAC
Shot Chart Detail,0021801081,502,1628021,David Nwaba,1610612739,Cleveland Cavaliers,4,7,32,Made Shot,Driving Layup Shot,2PT Field Goal,Restricted Area,Center(C),Less Than 8 ft.,1,18,8,1,1,20190322,CLE,LAC
Shot Chart Detail,0021801081,545,1628021,David Nwaba,1610612739,Cleveland Cavaliers,4,3,54,Missed Shot,Driving Floating Jump Shot,2PT Field Goal,Restricted Area,Center(C),Less Than 8 ft.,3,-2,34,1,0,20190322,CLE,LAC
Shot Chart Detail,0021801096,123,1628021,David Nwaba,1610612739,Cleveland Cavaliers,1,1,58,Missed Shot,Driving Floating Jump Shot,2PT Field Goal,Mid-Range,Center(C),8-16 ft.,15,14,156,1,0,20190324,MIL,CLE
Shot Chart Detail,0021801096,198,1628021,David Nwaba,1610612739,Cleveland Cavaliers,2,8,20,Missed Shot,Jump Shot,3PT Field Goal,Above the Break 3,Right Side Center(RC),24+ ft.,28,180,221,1,0,20190324,MIL,CLE
Shot Chart Detail,0021801096,200,1628021,David Nwaba,1610612739,Cleveland Cavaliers,2,8,10,Made Shot,Jump Shot,2PT Field Goal,In The Paint (Non-RA),Center(C),8-16 ft.,12,25,122,1,1,20190324,MIL,CLE
Shot Chart Detail,0021801096,447,1628021,David Nwaba,1610612739,Cleveland Cavaliers,3,2,35,Made Shot,Driving Hook Shot,2PT Field Goal,In The Paint (Non-RA),Center(C),Less Than 8 ft.,6,-32,54,1,1,20190324,MIL,CLE
Shot Chart Detail,0021801096,528,1628021,David Nwaba,1610612739,Cleveland Cavaliers,4,7,45,Made Shot,Jump Shot,3PT Field Goal,Above the Break 3,Right Side Center(RC),24+ ft.,26,172,200,1,1,20190324,MIL,CLE
Shot Chart Detail,0021801108,108,1628021,David Nwaba,1610612739,Cleveland Cavaliers,1,2,51,Missed Shot,Jump Shot,3PT Field Goal,Right Corner 3,Right Side(R),24+ ft.,24,235,83,1,0,20190326,CLE,BOS
Shot Chart Detail,0021801108,497,1628021,David Nwaba,1610612739,Cleveland Cavaliers,4,10,7,Made Shot,Driving Layup Shot,2PT Field Goal,Restricted Area,Center(C),Less Than 8 ft.,1,2,10,1,1,20190326,CLE,BOS
Shot Chart Detail,0021801129,102,1628021,David Nwaba,1610612739,Cleveland Cavaliers,1,3,4,Missed Shot,Layup Shot,2PT Field Goal,In The Paint (Non-RA),Center(C),Less Than 8 ft.,4,-7,43,1,0,20190328,SAS,CLE
Shot Chart Detail,0021801129,119,1628021,David Nwaba,1610612739,Cleveland Cavaliers,1,1,52,Made Shot,Jump Shot,3PT Field Goal,Above the Break 3,Right Side Center(RC),24+ ft.,24,169,183,1,1,20190328,SAS,CLE
Shot Chart Detail,0021801129,131,1628021,David Nwaba,1610612739,Cleveland Cavaliers,1,1,32,Made Shot,Putback Dunk Shot,2PT Field Goal,Restricted Area,Center(C),Less Than 8 ft.,0,0,-6,1,1,20190328,SAS,CLE
Shot Chart Detail,0021801129,134,1628021,David Nwaba,1610612739,Cleveland Cavaliers,1,1,10,Made Shot,Driving Floating Jump Shot,2PT Field Goal,In The Paint (Non-RA),Center(C),Less Than 8 ft.,5,-18,50,1,1,20190328,SAS,CLE
Shot Chart Detail,0021801129,418,1628021,David Nwaba,1610612739,Cleveland Cavaliers,3,0,41,Made Shot,Layup Shot,2PT Field Goal,In The Paint (Non-RA),Center(C),Less Than 8 ft.,4,-38,29,1,1,20190328,SAS,CLE
Shot Chart Detail,0021801129,480,1628021,David Nwaba,1610612739,Cleveland Cavaliers,4,8,28,Made Shot,Floating Jump shot,2PT Field Goal,In The Paint (Non-RA),Center(C),8-16 ft.,10,-3,101,1,1,20190328,SAS,CLE
Shot Chart Detail,0021801136,46,1628021,David Nwaba,1610612739,Cleveland Cavaliers,1,7,59,Missed Shot,Driving Hook Shot,2PT Field Goal,Restricted Area,Center(C),Less Than 8 ft.,3,27,29,1,0,20190330,LAC,CLE
Shot Chart Detail,0021801136,278,1628021,David Nwaba,1610612739,Cleveland Cavaliers,2,4,42,Missed Shot,Fadeaway Jump Shot,2PT Field Goal,In The Paint (Non-RA),Center(C),8-16 ft.,8,-3,82,1,0,20190330,LAC,CLE
Shot Chart Detail,0021801136,285,1628021,David Nwaba,1610612739,Cleveland Cavaliers,2,4,6,Missed Shot,Jump Shot,3PT Field Goal,Above the Break 3,Center(C),24+ ft.,25,46,250,1,0,20190330,LAC,CLE
Shot Chart Detail,0021801136,289,1628021,David Nwaba,1610612739,Cleveland Cavaliers,2,3,54,Made Shot,Driving Floating Jump Shot,2PT Field Goal,Restricted Area,Center(C),Less Than 8 ft.,1,14,8,1,1,20190330,LAC,CLE
Shot Chart Detail,0021801136,312,1628021,David Nwaba,1610612739,Cleveland Cavaliers,2,1,23,Missed Shot,Jump Shot,3PT Field Goal,Left Corner 3,Left Side(L),24+ ft.,22,-221,6,1,0,20190330,LAC,CLE
Shot Chart Detail,0021801136,324,1628021,David Nwaba,1610612739,Cleveland Cavaliers,2,0,42,Made Shot,Running Alley Oop Layup Shot,2PT Field Goal,Restricted Area,Center(C),Less Than 8 ft.,1,7,13,1,1,20190330,LAC,CLE
Shot Chart Detail,0021801136,522,1628021,David Nwaba,1610612739,Cleveland Cavaliers,4,8,32,Missed Shot,Driving Floating Jump Shot,2PT Field Goal,In The Paint (Non-RA),Center(C),8-16 ft.,13,-67,118,1,0,20190330,LAC,CLE
Shot Chart Detail,0021801136,575,1628021,David Nwaba,1610612739,Cleveland Cavaliers,4,4,26,Missed Shot,Driving Layup Shot,2PT Field Goal,Restricted Area,Center(C),Less Than 8 ft.,2,-8,23,1,0,20190330,LAC,CLE
Shot Chart Detail,0021801136,584,1628021,David Nwaba,1610612739,Cleveland Cavaliers,4,3,52,Made Shot,Running Dunk Shot,2PT Field Goal,Restricted Area,Center(C),Less Than 8 ft.,2,-9,20,1,1,20190330,LAC,CLE
Shot Chart Detail,0021801160,185,1628021,David Nwaba,1610612739,Cleveland Cavaliers,2,11,33,Missed Shot,Driving Layup Shot,2PT Field Goal,Restricted Area,Center(C),Less Than 8 ft.,1,-11,-3,1,0,20190401,PHX,CLE
Shot Chart Detail,0021801160,188,1628021,David Nwaba,1610612739,Cleveland Cavaliers,2,11,3,Made Shot,Layup Shot,2PT Field Goal,Restricted Area,Center(C),Less Than 8 ft.,0,-5,2,1,1,20190401,PHX,CLE
Shot Chart Detail,0021801160,209,1628021,David Nwaba,1610612739,Cleveland Cavaliers,2,9,24,Missed Shot,Cutting Layup Shot,2PT Field Goal,Restricted Area,Center(C),Less Than 8 ft.,0,3,7,1,0,20190401,PHX,CLE
Shot Chart Detail,0021801160,502,1628021,David Nwaba,1610612739,Cleveland Cavaliers,3,0,46,Missed Shot,Driving Layup Shot,2PT Field Goal,Restricted Area,Center(C),Less Than 8 ft.,1,7,8,1,0,20190401,PHX,CLE
Shot Chart Detail,0021801178,164,1628021,David Nwaba,1610612739,Cleveland Cavaliers,2,10,47,Made Shot,Floating Jump shot,2PT Field Goal,In The Paint (Non-RA),Center(C),8-16 ft.,11,7,113,1,1,20190404,SAC,CLE
Shot Chart Detail,0021801178,177,1628021,David Nwaba,1610612739,Cleveland Cavaliers,2,9,23,Made Shot,Layup Shot,2PT Field Goal,Restricted Area,Center(C),Less Than 8 ft.,2,24,3,1,1,20190404,SAC,CLE
Shot Chart Detail,0021801178,181,1628021,David Nwaba,1610612739,Cleveland Cavaliers,2,9,3,Missed Shot,Jump Shot,2PT Field Goal,In The Paint (Non-RA),Center(C),8-16 ft.,9,3,98,1,0,20190404,SAC,CLE
Shot Chart Detail,0021801178,183,1628021,David Nwaba,1610612739,Cleveland Cavaliers,2,8,59,Made Shot,Layup Shot,2PT Field Goal,Restricted Area,Center(C),Less Than 8 ft.,1,-8,11,1,1,20190404,SAC,CLE
Shot Chart Detail,0021801178,438,1628021,David Nwaba,1610612739,Cleveland Cavaliers,3,0,35,Missed Shot,Floating Jump shot,2PT Field Goal,In The Paint (Non-RA),Center(C),Less Than 8 ft.,6,-2,62,1,0,20190404,SAC,CLE
Shot Chart Detail,0021801178,516,1628021,David Nwaba,1610612739,Cleveland Cavaliers,4,5,55,Missed Shot,Jump Shot,3PT Field Goal,Above the Break 3,Right Side Center(RC),24+ ft.,25,194,169,1,0,20190404,SAC,CLE
Shot Chart Detail,0021801191,105,1628021,David Nwaba,1610612739,Cleveland Cavaliers,1,2,51,Missed Shot,Jump Shot,3PT Field Goal,Right Corner 3,Right Side(R),24+ ft.,24,227,81,1,0,20190405,GSW,CLE
Shot Chart Detail,0021801191,141,1628021,David Nwaba,1610612739,Cleveland Cavaliers,1,0,23,Made Shot,Driving Finger Roll Layup Shot,2PT Field Goal,Restricted Area,Center(C),Less Than 8 ft.,3,14,34,1,1,20190405,GSW,CLE
Shot Chart Detail,0021801191,217,1628021,David Nwaba,1610612739,Cleveland Cavaliers,2,7,6,Made Shot,Running Layup Shot,2PT Field Goal,Restricted Area,Center(C),Less Than 8 ft.,2,-13,16,1,1,20190405,GSW,CLE
Shot Chart Detail,0021801191,436,1628021,David Nwaba,1610612739,Cleveland Cavaliers,3,2,24,Missed Shot,Fadeaway Jump Shot,2PT Field Goal,In The Paint (Non-RA),Center(C),8-16 ft.,10,5,109,1,0,20190405,GSW,CLE
Shot Chart Detail,0021801191,502,1628021,David Nwaba,1610612739,Cleveland Cavaliers,4,8,44,Made Shot,Driving Layup Shot,2PT Field Goal,Restricted Area,Center(C),Less Than 8 ft.,3,23,21,1,1,20190405,GSW,CLE
Shot Chart Detail,0021801191,554,1628021,David Nwaba,1610612739,Cleveland Cavaliers,4,4,36,Made Shot,Jump Shot,2PT Field Goal,In The Paint (Non-RA),Center(C),Less Than 8 ft.,7,5,71,1,1,20190405,GSW,CLE
Shot Chart Detail,0021801191,565,1628021,David Nwaba,1610612739,Cleveland Cavaliers,4,4,21,Made Shot,Driving Layup Shot,2PT Field Goal,In The Paint (Non-RA),Center(C),Less Than 8 ft.,6,-52,35,1,1,20190405,GSW,CLE
Shot Chart Detail,0021801196,158,1628021,David Nwaba,1610612739,Cleveland Cavaliers,2,11,39,Missed Shot,Running Layup Shot,2PT Field Goal,Restricted Area,Center(C),Less Than 8 ft.,2,15,15,1,0,20190407,CLE,SAS
Shot Chart Detail,0021801196,182,1628021,David Nwaba,1610612739,Cleveland Cavaliers,2,9,35,Missed Shot,Driving Floating Jump Shot,2PT Field Goal,Restricted Area,Center(C),Less Than 8 ft.,1,-7,8,1,0,20190407,CLE,SAS
Shot Chart Detail,0021801196,185,1628021,David Nwaba,1610612739,Cleveland Cavaliers,2,9,29,Missed Shot,Turnaround Jump Shot,2PT Field Goal,Mid-Range,Left Side(L),8-16 ft.,9,-83,38,1,0,20190407,CLE,SAS
Shot Chart Detail,0021801196,442,1628021,David Nwaba,1610612739,Cleveland Cavaliers,3,1,4,Missed Shot,Jump Shot,3PT Field Goal,Above the Break 3,Left Side Center(LC),24+ ft.,25,-143,209,1,0,20190407,CLE,SAS
Shot Chart Detail,0021801196,450,1628021,David Nwaba,1610612739,Cleveland Cavaliers,3,0,32,Missed Shot,Jump Shot,2PT Field Goal,Mid-Range,Right Side(R),8-16 ft.,14,110,100,1,0,20190407,CLE,SAS
Shot Chart Detail,0021801196,489,1628021,David Nwaba,1610612739,Cleveland Cavaliers,4,9,48,Made Shot,Cutting Layup Shot,2PT Field Goal,Restricted Area,Center(C),Less Than 8 ft.,1,18,-1,1,1,20190407,CLE,SAS
Shot Chart Detail,0021801209,261,1628021,David Nwaba,1610612739,Cleveland Cavaliers,2,3,2,Missed Shot,Turnaround Jump Shot,2PT Field Goal,In The Paint (Non-RA),Right Side(R),8-16 ft.,10,63,78,1,0,20190409,CLE,CHA
