GRID_TYPE,GAME_ID,GAME_EVENT_ID,PLAYER_ID,PLAYER_NAME,TEAM_ID,TEAM_NAME,PERIOD,MINUTES_REMAINING,SECONDS_REMAINING,EVENT_TYPE,ACTION_TYPE,SHOT_TYPE,SHOT_ZONE_BASIC,SHOT_ZONE_AREA,SHOT_ZONE_RANGE,SHOT_DISTANCE,LOC_X,LOC_Y,SHOT_ATTEMPTED_FLAG,SHOT_MADE_FLAG,GAME_DATE,HTM,VTM
Shot Chart Detail,0021800017,440,1628411,Wes Iwundu,1610612753,Orlando Magic,3,2,36,Missed Shot,Pullup Jump shot,2PT Field Goal,Mid-Range,Left Side(L),8-16 ft.,13,-105,92,1,0,20181019,ORL,CHA
Shot Chart Detail,0021800017,465,1628411,Wes Iwundu,1610612753,Orlando Magic,3,1,14,Made Shot,Pullup Jump shot,2PT Field Goal,In The Paint (Non-RA),Left Side(L),8-16 ft.,10,-64,88,1,1,20181019,ORL,CHA
Shot Chart Detail,0021800017,518,1628411,Wes Iwundu,1610612753,Orlando Magic,4,9,48,Missed Shot,Driving Layup Shot,2PT Field Goal,Restricted Area,Center(C),Less Than 8 ft.,2,-25,4,1,0,20181019,ORL,CHA
Shot Chart Detail,0021800017,525,1628411,Wes Iwundu,1610612753,Orlando Magic,4,8,41,Missed Shot,Pullup Jump shot,2PT Field Goal,Mid-Range,Center(C),16-24 ft.,18,7,180,1,0,20181019,ORL,CHA
Shot Chart Detail,0021800017,552,1628411,Wes Iwundu,1610612753,Orlando Magic,4,6,46,Missed Shot,Pullup Jump shot,2PT Field Goal,Mid-Range,Center(C),16-24 ft.,19,-11,192,1,0,20181019,ORL,CHA
Shot Chart Detail,0021800017,560,1628411,Wes Iwundu,1610612753,Orlando Magic,4,5,47,Made Shot,Running Layup Shot,2PT Field Goal,Restricted Area,Center(C),Less Than 8 ft.,1,5,13,1,1,20181019,ORL,CHA
Shot Chart Detail,0021800017,563,1628411,Wes Iwundu,1610612753,Orlando Magic,4,5,25,Missed Shot,Jump Shot,3PT Field Goal,Right Corner 3,Right Side(R),24+ ft.,23,230,-22,1,0,20181019,ORL,CHA
Shot Chart Detail,0021800017,574,1628411,Wes Iwundu,1610612753,Orlando Magic,4,4,50,Missed Shot,Jump Shot,3PT Field Goal,Above the Break 3,Left Side Center(LC),24+ ft.,26,-177,197,1,0,20181019,ORL,CHA
Shot Chart Detail,0021800017,580,1628411,Wes Iwundu,1610612753,Orlando Magic,4,4,20,Missed Shot,Tip Layup Shot,2PT Field Goal,Restricted Area,Center(C),Less Than 8 ft.,0,0,-6,1,0,20181019,ORL,CHA
Shot Chart Detail,0021800017,582,1628411,Wes Iwundu,1610612753,Orlando Magic,4,4,15,Made Shot,Tip Layup Shot,2PT Field Goal,Restricted Area,Center(C),Less Than 8 ft.,0,0,-6,1,1,20181019,ORL,CHA
Shot Chart Detail,0021800017,597,1628411,Wes Iwundu,1610612753,Orlando Magic,4,3,5,Made Shot,Running Layup Shot,2PT Field Goal,Restricted Area,Center(C),Less Than 8 ft.,0,8,4,1,1,20181019,ORL,CHA
Shot Chart Detail,0021800029,145,1628411,Wes Iwundu,1610612753,Orlando Magic,1,0,0,Missed Shot,Jump Shot,3PT Field Goal,Backcourt,Back Court(BC),Back Court Shot,52,-169,499,1,0,20181020,PHI,ORL
Shot Chart Detail,0021800029,169,1628411,Wes Iwundu,1610612753,Orlando Magic,2,9,48,Missed Shot,Jump Shot,2PT Field Goal,In The Paint (Non-RA),Center(C),Less Than 8 ft.,6,68,16,1,0,20181020,PHI,ORL
Shot Chart Detail,0021800029,310,1628411,Wes Iwundu,1610612753,Orlando Magic,2,0,1,Missed Shot,Jump Shot,3PT Field Goal,Right Corner 3,Right Side(R),24+ ft.,24,242,49,1,0,20181020,PHI,ORL
Shot Chart Detail,0021800029,510,1628411,Wes Iwundu,1610612753,Orlando Magic,4,10,22,Missed Shot,Pullup Jump shot,2PT Field Goal,Mid-Range,Right Side(R),16-24 ft.,18,168,75,1,0,20181020,PHI,ORL
Shot Chart Detail,0021800081,268,1628411,Wes Iwundu,1610612753,Orlando Magic,2,4,34,Missed Shot,Jump Shot,2PT Field Goal,Mid-Range,Right Side Center(RC),16-24 ft.,17,54,165,1,0,20181027,MIL,ORL
Shot Chart Detail,0021800081,608,1628411,Wes Iwundu,1610612753,Orlando Magic,4,5,4,Missed Shot,Dunk Shot,2PT Field Goal,Restricted Area,Center(C),Less Than 8 ft.,1,0,19,1,0,20181027,MIL,ORL
Shot Chart Detail,0021800081,628,1628411,Wes Iwundu,1610612753,Orlando Magic,4,3,25,Made Shot,Jump Shot,2PT Field Goal,Mid-Range,Right Side Center(RC),16-24 ft.,17,62,162,1,1,20181027,MIL,ORL
Shot Chart Detail,0021800081,632,1628411,Wes Iwundu,1610612753,Orlando Magic,4,3,2,Made Shot,Floating Jump shot,2PT Field Goal,In The Paint (Non-RA),Center(C),8-16 ft.,9,33,85,1,1,20181027,MIL,ORL
Shot Chart Detail,0021800081,670,1628411,Wes Iwundu,1610612753,Orlando Magic,4,0,2,Missed Shot,Floating Jump shot,2PT Field Goal,In The Paint (Non-RA),Center(C),8-16 ft.,9,32,90,1,0,20181027,MIL,ORL
Shot Chart Detail,0021800117,125,1628411,Wes Iwundu,1610612753,Orlando Magic,1,0,39,Missed Shot,Pullup Jump shot,2PT Field Goal,In The Paint (Non-RA),Center(C),8-16 ft.,10,-5,108,1,0,20181102,ORL,LAC
Shot Chart Detail,0021800117,180,1628411,Wes Iwundu,1610612753,Orlando Magic,2,8,48,Made Shot,Reverse Layup Shot,2PT Field Goal,Restricted Area,Center(C),Less Than 8 ft.,1,-2,14,1,1,20181102,ORL,LAC
Shot Chart Detail,0021800117,405,1628411,Wes Iwundu,1610612753,Orlando Magic,3,5,53,Missed Shot,Jump Shot,2PT Field Goal,Mid-Range,Center(C),8-16 ft.,14,2,146,1,0,20181102,ORL,LAC
Shot Chart Detail,0021800117,429,1628411,Wes Iwundu,1610612753,Orlando Magic,3,3,47,Made Shot,Running Layup Shot,2PT Field Goal,Restricted Area,Center(C),Less Than 8 ft.,1,2,15,1,1,20181102,ORL,LAC
Shot Chart Detail,0021800117,517,1628411,Wes Iwundu,1610612753,Orlando Magic,4,9,50,Missed Shot,Pullup Jump shot,2PT Field Goal,Mid-Range,Left Side Center(LC),16-24 ft.,17,-117,125,1,0,20181102,ORL,LAC
Shot Chart Detail,0021800137,24,1628411,Wes Iwundu,1610612753,Orlando Magic,1,9,31,Missed Shot,Driving Finger Roll Layup Shot,2PT Field Goal,Restricted Area,Center(C),Less Than 8 ft.,2,-20,11,1,0,20181104,SAS,ORL
Shot Chart Detail,0021800137,39,1628411,Wes Iwundu,1610612753,Orlando Magic,1,8,4,Missed Shot,Pullup Jump shot,2PT Field Goal,Mid-Range,Right Side Center(RC),16-24 ft.,19,123,156,1,0,20181104,SAS,ORL
Shot Chart Detail,0021800137,403,1628411,Wes Iwundu,1610612753,Orlando Magic,3,5,20,Missed Shot,Layup Shot,2PT Field Goal,In The Paint (Non-RA),Center(C),Less Than 8 ft.,7,-24,67,1,0,20181104,SAS,ORL
Shot Chart Detail,0021800137,416,1628411,Wes Iwundu,1610612753,Orlando Magic,3,4,21,Missed Shot,Driving Finger Roll Layup Shot,2PT Field Goal,Restricted Area,Center(C),Less Than 8 ft.,2,-20,12,1,0,20181104,SAS,ORL
Shot Chart Detail,0021800142,11,1628411,Wes Iwundu,1610612753,Orlando Magic,1,11,0,Missed Shot,Driving Reverse Layup Shot,2PT Field Goal,Restricted Area,Center(C),Less Than 8 ft.,1,14,14,1,0,20181105,ORL,CLE
Shot Chart Detail,0021800142,32,1628411,Wes Iwundu,1610612753,Orlando Magic,1,8,31,Missed Shot,Jump Shot,3PT Field Goal,Left Corner 3,Left Side(L),24+ ft.,22,-227,25,1,0,20181105,ORL,CLE
Shot Chart Detail,0021800142,47,1628411,Wes Iwundu,1610612753,Orlando Magic,1,6,59,Made Shot,Running Dunk Shot,2PT Field Goal,Restricted Area,Center(C),Less Than 8 ft.,0,-4,9,1,1,20181105,ORL,CLE
Shot Chart Detail,0021800142,320,1628411,Wes Iwundu,1610612753,Orlando Magic,3,10,19,Missed Shot,Cutting Layup Shot,2PT Field Goal,Restricted Area,Center(C),Less Than 8 ft.,2,-17,20,1,0,20181105,ORL,CLE
Shot Chart Detail,0021800154,48,1628411,Wes Iwundu,1610612753,Orlando Magic,1,6,52,Made Shot,Driving Layup Shot,2PT Field Goal,In The Paint (Non-RA),Center(C),Less Than 8 ft.,4,24,37,1,1,20181107,ORL,DET
Shot Chart Detail,0021800154,76,1628411,Wes Iwundu,1610612753,Orlando Magic,1,5,5,Made Shot,Running Layup Shot,2PT Field Goal,Restricted Area,Center(C),Less Than 8 ft.,0,-2,9,1,1,20181107,ORL,DET
Shot Chart Detail,0021800154,80,1628411,Wes Iwundu,1610612753,Orlando Magic,1,4,45,Missed Shot,Running Jump Shot,2PT Field Goal,Mid-Range,Center(C),16-24 ft.,18,9,184,1,0,20181107,ORL,DET
Shot Chart Detail,0021800167,52,1628411,Wes Iwundu,1610612753,Orlando Magic,1,7,42,Missed Shot,Driving Reverse Layup Shot,2PT Field Goal,Restricted Area,Center(C),Less Than 8 ft.,1,-8,14,1,0,20181109,ORL,WAS
Shot Chart Detail,0021800167,54,1628411,Wes Iwundu,1610612753,Orlando Magic,1,7,33,Made Shot,Tip Layup Shot,2PT Field Goal,Restricted Area,Center(C),Less Than 8 ft.,0,0,-6,1,1,20181109,ORL,WAS
Shot Chart Detail,0021800167,366,1628411,Wes Iwundu,1610612753,Orlando Magic,3,4,53,Missed Shot,Jump Shot,3PT Field Goal,Above the Break 3,Left Side Center(LC),24+ ft.,25,-234,89,1,0,20181109,ORL,WAS
Shot Chart Detail,0021800186,9,1628411,Wes Iwundu,1610612753,Orlando Magic,1,11,25,Missed Shot,Jump Shot,3PT Field Goal,Above the Break 3,Left Side Center(LC),24+ ft.,24,-125,213,1,0,20181111,NYK,ORL
Shot Chart Detail,0021800186,40,1628411,Wes Iwundu,1610612753,Orlando Magic,1,8,48,Missed Shot,Driving Layup Shot,2PT Field Goal,Restricted Area,Center(C),Less Than 8 ft.,3,-6,30,1,0,20181111,NYK,ORL
Shot Chart Detail,0021800186,48,1628411,Wes Iwundu,1610612753,Orlando Magic,1,8,14,Made Shot,Jump Shot,3PT Field Goal,Mid-Range,Left Side(L),16-24 ft.,21,-218,-18,1,1,20181111,NYK,ORL
Shot Chart Detail,0021800186,142,1628411,Wes Iwundu,1610612753,Orlando Magic,1,1,3,Missed Shot,Jump Shot,2PT Field Goal,Mid-Range,Right Side(R),16-24 ft.,21,204,78,1,0,20181111,NYK,ORL
Shot Chart Detail,0021800186,241,1628411,Wes Iwundu,1610612753,Orlando Magic,2,7,8,Missed Shot,Driving Layup Shot,2PT Field Goal,Restricted Area,Center(C),Less Than 8 ft.,1,11,10,1,0,20181111,NYK,ORL
Shot Chart Detail,0021800186,531,1628411,Wes Iwundu,1610612753,Orlando Magic,4,8,36,Made Shot,Turnaround Jump Shot,2PT Field Goal,In The Paint (Non-RA),Right Side(R),8-16 ft.,8,65,57,1,1,20181111,NYK,ORL
Shot Chart Detail,0021800186,619,1628411,Wes Iwundu,1610612753,Orlando Magic,4,3,16,Made Shot,Driving Finger Roll Layup Shot,2PT Field Goal,Restricted Area,Center(C),Less Than 8 ft.,1,-6,13,1,1,20181111,NYK,ORL
Shot Chart Detail,0021800186,650,1628411,Wes Iwundu,1610612753,Orlando Magic,4,1,25,Missed Shot,Driving Layup Shot,2PT Field Goal,Restricted Area,Center(C),Less Than 8 ft.,0,-2,8,1,0,20181111,NYK,ORL
Shot Chart Detail,0021800190,33,1628411,Wes Iwundu,1610612753,Orlando Magic,1,9,4,Missed Shot,Driving Layup Shot,2PT Field Goal,Restricted Area,Center(C),Less Than 8 ft.,3,25,27,1,0,20181112,WAS,ORL
Shot Chart Detail,0021800190,49,1628411,Wes Iwundu,1610612753,Orlando Magic,1,7,5,Made Shot,Jump Shot,3PT Field Goal,Above the Break 3,Left Side Center(LC),24+ ft.,25,-211,137,1,1,20181112,WAS,ORL
Shot Chart Detail,0021800190,304,1628411,Wes Iwundu,1610612753,Orlando Magic,3,11,7,Made Shot,Cutting Layup Shot,2PT Field Goal,Restricted Area,Center(C),Less Than 8 ft.,0,-2,5,1,1,20181112,WAS,ORL
Shot Chart Detail,0021800190,314,1628411,Wes Iwundu,1610612753,Orlando Magic,3,10,21,Made Shot,Jump Shot,3PT Field Goal,Right Corner 3,Right Side(R),24+ ft.,24,234,80,1,1,20181112,WAS,ORL
Shot Chart Detail,0021800202,11,1628411,Wes Iwundu,1610612753,Orlando Magic,1,11,24,Made Shot,Pullup Jump shot,2PT Field Goal,Mid-Range,Right Side Center(RC),16-24 ft.,23,160,168,1,1,20181114,ORL,PHI
Shot Chart Detail,0021800202,234,1628411,Wes Iwundu,1610612753,Orlando Magic,2,5,52,Made Shot,Jump Shot,2PT Field Goal,Mid-Range,Right Side Center(RC),16-24 ft.,22,128,182,1,1,20181114,ORL,PHI
Shot Chart Detail,0021800202,322,1628411,Wes Iwundu,1610612753,Orlando Magic,3,11,26,Made Shot,Jump Shot,2PT Field Goal,Mid-Range,Left Side(L),16-24 ft.,20,-203,21,1,1,20181114,ORL,PHI
Shot Chart Detail,0021800202,352,1628411,Wes Iwundu,1610612753,Orlando Magic,3,8,41,Missed Shot,Running Layup Shot,2PT Field Goal,Restricted Area,Center(C),Less Than 8 ft.,1,15,13,1,0,20181114,ORL,PHI
Shot Chart Detail,0021800202,378,1628411,Wes Iwundu,1610612753,Orlando Magic,3,6,34,Made Shot,Jump Shot,3PT Field Goal,Above the Break 3,Right Side Center(RC),24+ ft.,25,106,231,1,1,20181114,ORL,PHI
Shot Chart Detail,0021800227,40,1628411,Wes Iwundu,1610612753,Orlando Magic,1,8,1,Missed Shot,Jump Shot,3PT Field Goal,Above the Break 3,Left Side Center(LC),24+ ft.,25,-165,198,1,0,20181117,ORL,LAL
Shot Chart Detail,0021800227,350,1628411,Wes Iwundu,1610612753,Orlando Magic,3,9,16,Missed Shot,Jump Shot,3PT Field Goal,Above the Break 3,Center(C),24+ ft.,25,-25,258,1,0,20181117,ORL,LAL
Shot Chart Detail,0021800248,269,1628411,Wes Iwundu,1610612753,Orlando Magic,2,3,39,Made Shot,Driving Layup Shot,2PT Field Goal,In The Paint (Non-RA),Center(C),Less Than 8 ft.,4,39,20,1,1,20181120,ORL,TOR
Shot Chart Detail,0021800248,288,1628411,Wes Iwundu,1610612753,Orlando Magic,2,1,28,Made Shot,Running Layup Shot,2PT Field Goal,Restricted Area,Center(C),Less Than 8 ft.,2,-19,19,1,1,20181120,ORL,TOR
Shot Chart Detail,0021800248,298,1628411,Wes Iwundu,1610612753,Orlando Magic,2,0,25,Missed Shot,Jump Shot,3PT Field Goal,Above the Break 3,Left Side Center(LC),24+ ft.,25,-192,171,1,0,20181120,ORL,TOR
Shot Chart Detail,0021800276,25,1628411,Wes Iwundu,1610612753,Orlando Magic,1,9,52,Made Shot,Jump Shot,3PT Field Goal,Above the Break 3,Center(C),24+ ft.,25,-69,242,1,1,20181123,DEN,ORL
Shot Chart Detail,0021800276,131,1628411,Wes Iwundu,1610612753,Orlando Magic,1,1,56,Missed Shot,Jump Shot,3PT Field Goal,Above the Break 3,Center(C),24+ ft.,25,-4,257,1,0,20181123,DEN,ORL
Shot Chart Detail,0021800276,340,1628411,Wes Iwundu,1610612753,Orlando Magic,3,9,16,Missed Shot,Jump Shot,3PT Field Goal,Right Corner 3,Right Side(R),24+ ft.,23,234,47,1,0,20181123,DEN,ORL
Shot Chart Detail,0021800276,603,1628411,Wes Iwundu,1610612753,Orlando Magic,4,3,14,Missed Shot,Driving Floating Jump Shot,2PT Field Goal,In The Paint (Non-RA),Center(C),8-16 ft.,13,-62,115,1,0,20181123,DEN,ORL
Shot Chart Detail,0021800286,25,1628411,Wes Iwundu,1610612753,Orlando Magic,1,10,24,Missed Shot,Driving Layup Shot,2PT Field Goal,Restricted Area,Center(C),Less Than 8 ft.,1,11,16,1,0,20181125,LAL,ORL
Shot Chart Detail,0021800286,37,1628411,Wes Iwundu,1610612753,Orlando Magic,1,9,22,Missed Shot,Layup Shot,2PT Field Goal,Restricted Area,Center(C),Less Than 8 ft.,2,4,21,1,0,20181125,LAL,ORL
Shot Chart Detail,0021800286,50,1628411,Wes Iwundu,1610612753,Orlando Magic,1,8,22,Missed Shot,Jump Shot,3PT Field Goal,Left Corner 3,Left Side(L),24+ ft.,23,-231,23,1,0,20181125,LAL,ORL
Shot Chart Detail,0021800300,113,1628411,Wes Iwundu,1610612753,Orlando Magic,1,2,28,Made Shot,Cutting Layup Shot,2PT Field Goal,Restricted Area,Center(C),Less Than 8 ft.,3,5,34,1,1,20181126,GSW,ORL
Shot Chart Detail,0021800314,119,1628411,Wes Iwundu,1610612753,Orlando Magic,1,1,39,Missed Shot,Driving Layup Shot,2PT Field Goal,Restricted Area,Center(C),Less Than 8 ft.,1,-6,8,1,0,20181128,POR,ORL
Shot Chart Detail,0021800314,389,1628411,Wes Iwundu,1610612753,Orlando Magic,3,3,37,Made Shot,Jump Shot,2PT Field Goal,Mid-Range,Right Side(R),8-16 ft.,12,125,20,1,1,20181128,POR,ORL
Shot Chart Detail,0021800370,640,1628411,Wes Iwundu,1610612753,Orlando Magic,4,0,36,Made Shot,Pullup Jump shot,2PT Field Goal,In The Paint (Non-RA),Center(C),8-16 ft.,13,-20,132,1,1,20181207,ORL,IND
Shot Chart Detail,0021800370,647,1628411,Wes Iwundu,1610612753,Orlando Magic,4,0,3,Missed Shot,Jump Shot,2PT Field Goal,In The Paint (Non-RA),Center(C),Less Than 8 ft.,5,14,57,1,0,20181207,ORL,IND
Shot Chart Detail,0021800397,151,1628411,Wes Iwundu,1610612753,Orlando Magic,1,0,39,Made Shot,Jump Shot,3PT Field Goal,Left Corner 3,Left Side(L),24+ ft.,23,-231,-5,1,1,20181210,DAL,ORL
Shot Chart Detail,0021800397,219,1628411,Wes Iwundu,1610612753,Orlando Magic,2,7,9,Missed Shot,Jump Shot,3PT Field Goal,Left Corner 3,Left Side(L),24+ ft.,22,-228,4,1,0,20181210,DAL,ORL
Shot Chart Detail,0021800397,313,1628411,Wes Iwundu,1610612753,Orlando Magic,2,0,5,Missed Shot,Driving Layup Shot,2PT Field Goal,Restricted Area,Center(C),Less Than 8 ft.,1,0,11,1,0,20181210,DAL,ORL
Shot Chart Detail,0021800397,400,1628411,Wes Iwundu,1610612753,Orlando Magic,3,4,1,Missed Shot,Running Layup Shot,2PT Field Goal,Restricted Area,Center(C),Less Than 8 ft.,1,5,16,1,0,20181210,DAL,ORL
Shot Chart Detail,0021800397,468,1628411,Wes Iwundu,1610612753,Orlando Magic,4,9,40,Made Shot,Jump Shot,3PT Field Goal,Right Corner 3,Right Side(R),24+ ft.,23,231,36,1,1,20181210,DAL,ORL
Shot Chart Detail,0021800397,518,1628411,Wes Iwundu,1610612753,Orlando Magic,4,5,41,Missed Shot,Pullup Jump shot,2PT Field Goal,Mid-Range,Center(C),16-24 ft.,18,0,183,1,0,20181210,DAL,ORL
Shot Chart Detail,0021800397,585,1628411,Wes Iwundu,1610612753,Orlando Magic,4,0,37,Missed Shot,Jump Shot,3PT Field Goal,Above the Break 3,Right Side Center(RC),24+ ft.,26,135,225,1,0,20181210,DAL,ORL
Shot Chart Detail,0021800456,263,1628411,Wes Iwundu,1610612753,Orlando Magic,2,0,32,Missed Shot,Pullup Jump shot,2PT Field Goal,Mid-Range,Right Side(R),8-16 ft.,14,140,42,1,0,20181219,ORL,SAS
Shot Chart Detail,0021800456,415,1628411,Wes Iwundu,1610612753,Orlando Magic,3,0,55,Made Shot,Tip Layup Shot,2PT Field Goal,Restricted Area,Center(C),Less Than 8 ft.,0,0,-6,1,1,20181219,ORL,SAS
Shot Chart Detail,0021800456,466,1628411,Wes Iwundu,1610612753,Orlando Magic,4,9,18,Missed Shot,Jump Shot,3PT Field Goal,Left Corner 3,Left Side(L),24+ ft.,23,-226,53,1,0,20181219,ORL,SAS
Shot Chart Detail,0021800456,483,1628411,Wes Iwundu,1610612753,Orlando Magic,4,7,29,Missed Shot,Pullup Jump shot,2PT Field Goal,Mid-Range,Left Side Center(LC),16-24 ft.,22,-144,176,1,0,20181219,ORL,SAS
Shot Chart Detail,0021800456,486,1628411,Wes Iwundu,1610612753,Orlando Magic,4,6,50,Made Shot,Jump Shot,3PT Field Goal,Above the Break 3,Left Side Center(LC),24+ ft.,25,-195,163,1,1,20181219,ORL,SAS
Shot Chart Detail,0021800456,519,1628411,Wes Iwundu,1610612753,Orlando Magic,4,4,33,Missed Shot,Pullup Jump shot,2PT Field Goal,Mid-Range,Center(C),16-24 ft.,20,8,203,1,0,20181219,ORL,SAS
Shot Chart Detail,0021800474,68,1628411,Wes Iwundu,1610612753,Orlando Magic,1,5,59,Missed Shot,Driving Layup Shot,2PT Field Goal,Restricted Area,Center(C),Less Than 8 ft.,1,-18,2,1,0,20181221,CHI,ORL
Shot Chart Detail,0021800474,94,1628411,Wes Iwundu,1610612753,Orlando Magic,1,4,38,Made Shot,Jump Shot,3PT Field Goal,Right Corner 3,Right Side(R),24+ ft.,22,226,27,1,1,20181221,CHI,ORL
Shot Chart Detail,0021800474,450,1628411,Wes Iwundu,1610612753,Orlando Magic,3,1,48,Missed Shot,Jump Shot,3PT Field Goal,Above the Break 3,Left Side Center(LC),24+ ft.,25,-177,188,1,0,20181221,CHI,ORL
Shot Chart Detail,0021800474,502,1628411,Wes Iwundu,1610612753,Orlando Magic,4,10,7,Missed Shot,Driving Layup Shot,2PT Field Goal,Restricted Area,Center(C),Less Than 8 ft.,1,-8,10,1,0,20181221,CHI,ORL
Shot Chart Detail,0021800491,640,1628411,Wes Iwundu,1610612753,Orlando Magic,4,0,43,Missed Shot,Pullup Jump shot,2PT Field Goal,Mid-Range,Right Side Center(RC),16-24 ft.,18,81,168,1,0,20181223,ORL,MIA
Shot Chart Detail,0021800519,77,1628411,Wes Iwundu,1610612753,Orlando Magic,1,5,7,Made Shot,Driving Layup Shot,2PT Field Goal,Restricted Area,Center(C),Less Than 8 ft.,1,-2,19,1,1,20181228,ORL,TOR
Shot Chart Detail,0021800519,126,1628411,Wes Iwundu,1610612753,Orlando Magic,1,2,1,Made Shot,Cutting Layup Shot,2PT Field Goal,Restricted Area,Center(C),Less Than 8 ft.,2,-2,25,1,1,20181228,ORL,TOR
Shot Chart Detail,0021800519,184,1628411,Wes Iwundu,1610612753,Orlando Magic,2,10,3,Missed Shot,Jump Shot,3PT Field Goal,Right Corner 3,Right Side(R),24+ ft.,23,229,30,1,0,20181228,ORL,TOR
Shot Chart Detail,0021800519,446,1628411,Wes Iwundu,1610612753,Orlando Magic,3,3,50,Made Shot,Pullup Jump shot,2PT Field Goal,Mid-Range,Left Side(L),8-16 ft.,14,-131,54,1,1,20181228,ORL,TOR
Shot Chart Detail,0021800519,470,1628411,Wes Iwundu,1610612753,Orlando Magic,3,2,40,Missed Shot,Driving Layup Shot,2PT Field Goal,Restricted Area,Center(C),Less Than 8 ft.,2,-2,23,1,0,20181228,ORL,TOR
Shot Chart Detail,0021800519,491,1628411,Wes Iwundu,1610612753,Orlando Magic,3,1,11,Missed Shot,Running Layup Shot,2PT Field Goal,Restricted Area,Center(C),Less Than 8 ft.,3,30,25,1,0,20181228,ORL,TOR
Shot Chart Detail,0021800519,658,1628411,Wes Iwundu,1610612753,Orlando Magic,4,2,9,Made Shot,Tip Layup Shot,2PT Field Goal,Restricted Area,Center(C),Less Than 8 ft.,0,0,-6,1,1,20181228,ORL,TOR
Shot Chart Detail,0021800536,131,1628411,Wes Iwundu,1610612753,Orlando Magic,1,1,11,Missed Shot,Driving Floating Jump Shot,2PT Field Goal,In The Paint (Non-RA),Center(C),Less Than 8 ft.,7,7,72,1,0,20181230,ORL,DET
Shot Chart Detail,0021800536,423,1628411,Wes Iwundu,1610612753,Orlando Magic,3,3,20,Missed Shot,Jump Shot,3PT Field Goal,Right Corner 3,Right Side(R),24+ ft.,22,227,27,1,0,20181230,ORL,DET
Shot Chart Detail,0021800536,506,1628411,Wes Iwundu,1610612753,Orlando Magic,4,8,39,Missed Shot,Pullup Jump shot,2PT Field Goal,In The Paint (Non-RA),Center(C),Less Than 8 ft.,6,-46,39,1,0,20181230,ORL,DET
Shot Chart Detail,0021800543,102,1628411,Wes Iwundu,1610612753,Orlando Magic,1,3,55,Made Shot,Tip Layup Shot,2PT Field Goal,Restricted Area,Center(C),Less Than 8 ft.,0,0,-6,1,1,20181231,CHA,ORL
Shot Chart Detail,0021800543,172,1628411,Wes Iwundu,1610612753,Orlando Magic,2,11,32,Made Shot,Running Layup Shot,2PT Field Goal,Restricted Area,Center(C),Less Than 8 ft.,1,-5,13,1,1,20181231,CHA,ORL
Shot Chart Detail,0021800543,439,1628411,Wes Iwundu,1610612753,Orlando Magic,3,3,28,Made Shot,Running Layup Shot,2PT Field Goal,Restricted Area,Center(C),Less Than 8 ft.,1,6,10,1,1,20181231,CHA,ORL
Shot Chart Detail,0021800543,446,1628411,Wes Iwundu,1610612753,Orlando Magic,3,2,48,Missed Shot,Pullup Jump shot,2PT Field Goal,Mid-Range,Left Side(L),16-24 ft.,21,-197,90,1,0,20181231,CHA,ORL
Shot Chart Detail,0021800543,498,1628411,Wes Iwundu,1610612753,Orlando Magic,4,10,39,Missed Shot,Jump Shot,3PT Field Goal,Above the Break 3,Center(C),24+ ft.,26,-50,256,1,0,20181231,CHA,ORL
Shot Chart Detail,0021800559,101,1628411,Wes Iwundu,1610612753,Orlando Magic,1,2,51,Made Shot,Pullup Jump shot,2PT Field Goal,Mid-Range,Left Side Center(LC),16-24 ft.,18,-82,164,1,1,20190102,CHI,ORL
Shot Chart Detail,0021800559,410,1628411,Wes Iwundu,1610612753,Orlando Magic,3,0,32,Missed Shot,Jump Shot,3PT Field Goal,Above the Break 3,Right Side Center(RC),24+ ft.,24,229,99,1,0,20190102,CHI,ORL
Shot Chart Detail,0021800571,134,1628411,Wes Iwundu,1610612753,Orlando Magic,1,1,43,Made Shot,Driving Dunk Shot,2PT Field Goal,Restricted Area,Center(C),Less Than 8 ft.,0,0,2,1,1,20190104,MIN,ORL
Shot Chart Detail,0021800571,406,1628411,Wes Iwundu,1610612753,Orlando Magic,3,5,31,Missed Shot,Jump Shot,2PT Field Goal,Mid-Range,Right Side(R),16-24 ft.,21,183,108,1,0,20190104,MIN,ORL
Shot Chart Detail,0021800571,605,1628411,Wes Iwundu,1610612753,Orlando Magic,4,3,28,Missed Shot,Jump Shot,2PT Field Goal,Mid-Range,Center(C),16-24 ft.,20,-24,206,1,0,20190104,MIN,ORL
Shot Chart Detail,0021800571,628,1628411,Wes Iwundu,1610612753,Orlando Magic,4,2,1,Made Shot,Driving Dunk Shot,2PT Field Goal,Restricted Area,Center(C),Less Than 8 ft.,1,7,17,1,1,20190104,MIN,ORL
Shot Chart Detail,0021800586,135,1628411,Wes Iwundu,1610612753,Orlando Magic,1,1,37,Made Shot,Running Dunk Shot,2PT Field Goal,Restricted Area,Center(C),Less Than 8 ft.,1,-3,13,1,1,20190106,LAC,ORL
Shot Chart Detail,0021800586,224,1628411,Wes Iwundu,1610612753,Orlando Magic,2,7,21,Missed Shot,Jump Shot,3PT Field Goal,Above the Break 3,Right Side Center(RC),24+ ft.,26,190,180,1,0,20190106,LAC,ORL
Shot Chart Detail,0021800586,260,1628411,Wes Iwundu,1610612753,Orlando Magic,2,5,3,Made Shot,Driving Hook Shot,2PT Field Goal,Restricted Area,Center(C),Less Than 8 ft.,0,-1,2,1,1,20190106,LAC,ORL
Shot Chart Detail,0021800586,423,1628411,Wes Iwundu,1610612753,Orlando Magic,3,2,45,Missed Shot,Driving Layup Shot,2PT Field Goal,Restricted Area,Center(C),Less Than 8 ft.,2,2,24,1,0,20190106,LAC,ORL
Shot Chart Detail,0021800586,456,1628411,Wes Iwundu,1610612753,Orlando Magic,3,1,48,Made Shot,Pullup Jump shot,3PT Field Goal,Above the Break 3,Center(C),24+ ft.,25,5,252,1,1,20190106,LAC,ORL
Shot Chart Detail,0021800586,451,1628411,Wes Iwundu,1610612753,Orlando Magic,3,1,6,Missed Shot,Step Back Jump shot,3PT Field Goal,Above the Break 3,Right Side Center(RC),24+ ft.,27,177,205,1,0,20190106,LAC,ORL
Shot Chart Detail,0021800598,133,1628411,Wes Iwundu,1610612753,Orlando Magic,1,2,28,Made Shot,Driving Finger Roll Layup Shot,2PT Field Goal,Restricted Area,Center(C),Less Than 8 ft.,2,0,25,1,1,20190107,SAC,ORL
Shot Chart Detail,0021800598,156,1628411,Wes Iwundu,1610612753,Orlando Magic,1,0,50,Missed Shot,Jump Shot,2PT Field Goal,Mid-Range,Left Side(L),16-24 ft.,16,-160,10,1,0,20190107,SAC,ORL
Shot Chart Detail,0021800598,437,1628411,Wes Iwundu,1610612753,Orlando Magic,3,2,55,Missed Shot,Jump Shot,3PT Field Goal,Left Corner 3,Left Side(L),24+ ft.,23,-230,26,1,0,20190107,SAC,ORL
Shot Chart Detail,0021800598,490,1628411,Wes Iwundu,1610612753,Orlando Magic,4,11,30,Missed Shot,Driving Layup Shot,2PT Field Goal,Restricted Area,Center(C),Less Than 8 ft.,2,12,26,1,0,20190107,SAC,ORL
Shot Chart Detail,0021800598,529,1628411,Wes Iwundu,1610612753,Orlando Magic,4,9,3,Missed Shot,Layup Shot,2PT Field Goal,In The Paint (Non-RA),Center(C),Less Than 8 ft.,4,44,14,1,0,20190107,SAC,ORL
Shot Chart Detail,0021800598,534,1628411,Wes Iwundu,1610612753,Orlando Magic,4,8,59,Made Shot,Jump Shot,2PT Field Goal,Restricted Area,Center(C),Less Than 8 ft.,3,9,29,1,1,20190107,SAC,ORL
Shot Chart Detail,0021800598,556,1628411,Wes Iwundu,1610612753,Orlando Magic,4,6,10,Missed Shot,Driving Layup Shot,2PT Field Goal,In The Paint (Non-RA),Center(C),Less Than 8 ft.,4,-38,29,1,0,20190107,SAC,ORL
Shot Chart Detail,0021800598,593,1628411,Wes Iwundu,1610612753,Orlando Magic,4,4,10,Made Shot,Jump Shot,2PT Field Goal,Mid-Range,Left Side Center(LC),16-24 ft.,16,-92,142,1,1,20190107,SAC,ORL
Shot Chart Detail,0021800598,608,1628411,Wes Iwundu,1610612753,Orlando Magic,4,2,47,Made Shot,Pullup Jump shot,2PT Field Goal,In The Paint (Non-RA),Center(C),8-16 ft.,11,40,111,1,1,20190107,SAC,ORL
Shot Chart Detail,0021800598,617,1628411,Wes Iwundu,1610612753,Orlando Magic,4,1,25,Missed Shot,Running Layup Shot,2PT Field Goal,In The Paint (Non-RA),Center(C),Less Than 8 ft.,6,-69,9,1,0,20190107,SAC,ORL
Shot Chart Detail,0021800614,408,1628411,Wes Iwundu,1610612753,Orlando Magic,3,5,5,Missed Shot,Driving Layup Shot,2PT Field Goal,Restricted Area,Center(C),Less Than 8 ft.,3,-32,15,1,0,20190109,UTA,ORL
Shot Chart Detail,0021800614,412,1628411,Wes Iwundu,1610612753,Orlando Magic,3,4,34,Missed Shot,Jump Shot,3PT Field Goal,Above the Break 3,Right Side Center(RC),24+ ft.,25,97,235,1,0,20190109,UTA,ORL
Shot Chart Detail,0021800632,105,1628411,Wes Iwundu,1610612753,Orlando Magic,1,3,47,Missed Shot,Driving Layup Shot,2PT Field Goal,Mid-Range,Right Side(R),8-16 ft.,14,86,122,1,0,20190112,ORL,BOS
Shot Chart Detail,0021800641,79,1628411,Wes Iwundu,1610612753,Orlando Magic,1,4,47,Missed Shot,Jump Shot,3PT Field Goal,Above the Break 3,Right Side Center(RC),24+ ft.,25,174,190,1,0,20190113,ORL,HOU
Shot Chart Detail,0021800641,114,1628411,Wes Iwundu,1610612753,Orlando Magic,1,2,55,Missed Shot,Pullup Jump shot,2PT Field Goal,Mid-Range,Right Side Center(RC),16-24 ft.,17,122,131,1,0,20190113,ORL,HOU
Shot Chart Detail,0021800641,127,1628411,Wes Iwundu,1610612753,Orlando Magic,1,2,32,Made Shot,Cutting Dunk Shot,2PT Field Goal,Restricted Area,Center(C),Less Than 8 ft.,1,-9,9,1,1,20190113,ORL,HOU
Shot Chart Detail,0021800641,389,1628411,Wes Iwundu,1610612753,Orlando Magic,3,5,11,Missed Shot,Running Jump Shot,2PT Field Goal,In The Paint (Non-RA),Center(C),Less Than 8 ft.,6,-19,64,1,0,20190113,ORL,HOU
Shot Chart Detail,0021800641,394,1628411,Wes Iwundu,1610612753,Orlando Magic,3,4,57,Missed Shot,Layup Shot,2PT Field Goal,Restricted Area,Center(C),Less Than 8 ft.,1,-3,18,1,0,20190113,ORL,HOU
Shot Chart Detail,0021800641,396,1628411,Wes Iwundu,1610612753,Orlando Magic,3,4,55,Made Shot,Putback Layup Shot,2PT Field Goal,Restricted Area,Center(C),Less Than 8 ft.,2,5,23,1,1,20190113,ORL,HOU
Shot Chart Detail,0021800641,407,1628411,Wes Iwundu,1610612753,Orlando Magic,3,4,29,Missed Shot,Pullup Jump shot,2PT Field Goal,Mid-Range,Right Side Center(RC),16-24 ft.,20,98,176,1,0,20190113,ORL,HOU
Shot Chart Detail,0021800641,422,1628411,Wes Iwundu,1610612753,Orlando Magic,3,3,36,Missed Shot,Fadeaway Jump Shot,2PT Field Goal,In The Paint (Non-RA),Center(C),8-16 ft.,10,-41,94,1,0,20190113,ORL,HOU
Shot Chart Detail,0021800657,62,1628411,Wes Iwundu,1610612753,Orlando Magic,1,5,19,Made Shot,Running Dunk Shot,2PT Field Goal,Restricted Area,Center(C),Less Than 8 ft.,0,-2,-5,1,1,20190116,DET,ORL
Shot Chart Detail,0021800657,94,1628411,Wes Iwundu,1610612753,Orlando Magic,1,2,22,Made Shot,Cutting Layup Shot,2PT Field Goal,Restricted Area,Center(C),Less Than 8 ft.,0,9,3,1,1,20190116,DET,ORL
Shot Chart Detail,0021800657,194,1628411,Wes Iwundu,1610612753,Orlando Magic,2,7,6,Missed Shot,Jump Shot,3PT Field Goal,Right Corner 3,Right Side(R),24+ ft.,23,234,40,1,0,20190116,DET,ORL
Shot Chart Detail,0021800673,229,1628411,Wes Iwundu,1610612753,Orlando Magic,2,6,59,Made Shot,Cutting Dunk Shot,2PT Field Goal,Restricted Area,Center(C),Less Than 8 ft.,2,4,21,1,1,20190118,ORL,BKN
Shot Chart Detail,0021800673,233,1628411,Wes Iwundu,1610612753,Orlando Magic,2,6,8,Made Shot,Jump Shot,3PT Field Goal,Above the Break 3,Right Side Center(RC),24+ ft.,25,111,233,1,1,20190118,ORL,BKN
Shot Chart Detail,0021800673,254,1628411,Wes Iwundu,1610612753,Orlando Magic,2,3,53,Missed Shot,Pullup Jump shot,2PT Field Goal,Mid-Range,Center(C),16-24 ft.,20,-62,200,1,0,20190118,ORL,BKN
Shot Chart Detail,0021800682,91,1628411,Wes Iwundu,1610612753,Orlando Magic,1,4,23,Missed Shot,Pullup Jump shot,2PT Field Goal,In The Paint (Non-RA),Center(C),Less Than 8 ft.,7,38,59,1,0,20190119,ORL,MIL
Shot Chart Detail,0021800682,441,1628411,Wes Iwundu,1610612753,Orlando Magic,3,1,52,Missed Shot,Pullup Jump shot,2PT Field Goal,In The Paint (Non-RA),Center(C),8-16 ft.,13,63,125,1,0,20190119,ORL,MIL
Shot Chart Detail,0021800765,90,1628411,Wes Iwundu,1610612753,Orlando Magic,1,4,7,Made Shot,Pullup Jump shot,2PT Field Goal,Mid-Range,Left Side(L),8-16 ft.,12,-123,1,1,1,20190131,ORL,IND
Shot Chart Detail,0021800765,224,1628411,Wes Iwundu,1610612753,Orlando Magic,2,6,14,Made Shot,Driving Layup Shot,2PT Field Goal,Restricted Area,Center(C),Less Than 8 ft.,3,-21,26,1,1,20190131,ORL,IND
Shot Chart Detail,0021800765,407,1628411,Wes Iwundu,1610612753,Orlando Magic,3,3,19,Made Shot,Jump Shot,3PT Field Goal,Right Corner 3,Right Side(R),24+ ft.,24,239,52,1,1,20190131,ORL,IND
Shot Chart Detail,0021800765,443,1628411,Wes Iwundu,1610612753,Orlando Magic,3,0,47,Missed Shot,Driving Reverse Layup Shot,2PT Field Goal,Restricted Area,Center(C),Less Than 8 ft.,2,6,20,1,0,20190131,ORL,IND
Shot Chart Detail,0021800777,117,1628411,Wes Iwundu,1610612753,Orlando Magic,1,3,39,Missed Shot,Turnaround Hook Shot,2PT Field Goal,In The Paint (Non-RA),Center(C),Less Than 8 ft.,7,-50,53,1,0,20190202,ORL,BKN
Shot Chart Detail,0021800777,234,1628411,Wes Iwundu,1610612753,Orlando Magic,2,6,31,Missed Shot,Running Layup Shot,2PT Field Goal,Restricted Area,Center(C),Less Than 8 ft.,3,-34,7,1,0,20190202,ORL,BKN
Shot Chart Detail,0021800777,265,1628411,Wes Iwundu,1610612753,Orlando Magic,2,5,9,Missed Shot,Driving Floating Jump Shot,2PT Field Goal,In The Paint (Non-RA),Left Side(L),8-16 ft.,9,-73,55,1,0,20190202,ORL,BKN
Shot Chart Detail,0021800777,474,1628411,Wes Iwundu,1610612753,Orlando Magic,3,1,10,Made Shot,Jump Shot,3PT Field Goal,Right Corner 3,Right Side(R),24+ ft.,23,232,59,1,1,20190202,ORL,BKN
Shot Chart Detail,0021800777,480,1628411,Wes Iwundu,1610612753,Orlando Magic,3,0,48,Made Shot,Driving Floating Jump Shot,2PT Field Goal,In The Paint (Non-RA),Center(C),8-16 ft.,12,35,121,1,1,20190202,ORL,BKN
Shot Chart Detail,0021800777,484,1628411,Wes Iwundu,1610612753,Orlando Magic,3,0,33,Made Shot,Running Layup Shot,2PT Field Goal,In The Paint (Non-RA),Center(C),Less Than 8 ft.,4,41,22,1,1,20190202,ORL,BKN
Shot Chart Detail,0021800777,520,1628411,Wes Iwundu,1610612753,Orlando Magic,4,10,17,Made Shot,Tip Layup Shot,2PT Field Goal,Restricted Area,Center(C),Less Than 8 ft.,0,0,-6,1,1,20190202,ORL,BKN
Shot Chart Detail,0021800777,530,1628411,Wes Iwundu,1610612753,Orlando Magic,4,9,27,Missed Shot,Pullup Jump shot,2PT Field Goal,Mid-Range,Left Side(L),8-16 ft.,11,-82,83,1,0,20190202,ORL,BKN
Shot Chart Detail,0021800802,98,1628411,Wes Iwundu,1610612753,Orlando Magic,1,3,49,Made Shot,Driving Floating Bank Jump Shot,2PT Field Goal,Restricted Area,Center(C),Less Than 8 ft.,2,2,26,1,1,20190205,OKC,ORL
Shot Chart Detail,0021800802,291,1628411,Wes Iwundu,1610612753,Orlando Magic,2,5,12,Missed Shot,Step Back Jump shot,2PT Field Goal,Mid-Range,Left Side(L),8-16 ft.,14,-137,36,1,0,20190205,OKC,ORL
Shot Chart Detail,0021800812,152,1628411,Wes Iwundu,1610612753,Orlando Magic,1,0,37,Missed Shot,Pullup Jump shot,2PT Field Goal,In The Paint (Non-RA),Center(C),8-16 ft.,13,-20,138,1,0,20190207,ORL,MIN
Shot Chart Detail,0021800812,446,1628411,Wes Iwundu,1610612753,Orlando Magic,3,0,3,Made Shot,Jump Shot,3PT Field Goal,Above the Break 3,Right Side Center(RC),24+ ft.,26,93,246,1,1,20190207,ORL,MIN
Shot Chart Detail,0021800812,470,1628411,Wes Iwundu,1610612753,Orlando Magic,4,10,40,Missed Shot,Jump Shot,3PT Field Goal,Left Corner 3,Left Side(L),24+ ft.,23,-232,12,1,0,20190207,ORL,MIN
Shot Chart Detail,0021800812,482,1628411,Wes Iwundu,1610612753,Orlando Magic,4,9,33,Made Shot,Cutting Dunk Shot,2PT Field Goal,Restricted Area,Center(C),Less Than 8 ft.,2,-9,20,1,1,20190207,ORL,MIN
Shot Chart Detail,0021800833,119,1628411,Wes Iwundu,1610612753,Orlando Magic,1,2,10,Missed Shot,Jump Shot,2PT Field Goal,Mid-Range,Center(C),16-24 ft.,16,-17,167,1,0,20190209,MIL,ORL
Shot Chart Detail,0021800833,223,1628411,Wes Iwundu,1610612753,Orlando Magic,2,7,31,Missed Shot,Layup Shot,2PT Field Goal,Restricted Area,Center(C),Less Than 8 ft.,1,-3,17,1,0,20190209,MIL,ORL
Shot Chart Detail,0021800833,441,1628411,Wes Iwundu,1610612753,Orlando Magic,3,3,50,Missed Shot,Jump Shot,3PT Field Goal,Above the Break 3,Right Side Center(RC),24+ ft.,26,104,248,1,0,20190209,MIL,ORL
Shot Chart Detail,0021800833,446,1628411,Wes Iwundu,1610612753,Orlando Magic,3,3,14,Made Shot,Jump Shot,3PT Field Goal,Left Corner 3,Left Side(L),24+ ft.,23,-223,85,1,1,20190209,MIL,ORL
Shot Chart Detail,0021800833,586,1628411,Wes Iwundu,1610612753,Orlando Magic,4,6,5,Missed Shot,Jump Shot,3PT Field Goal,Above the Break 3,Center(C),24+ ft.,27,65,271,1,0,20190209,MIL,ORL
Shot Chart Detail,0021800837,164,1628411,Wes Iwundu,1610612753,Orlando Magic,2,11,22,Made Shot,Putback Layup Shot,2PT Field Goal,Restricted Area,Center(C),Less Than 8 ft.,0,0,9,1,1,20190210,ATL,ORL
Shot Chart Detail,0021800837,185,1628411,Wes Iwundu,1610612753,Orlando Magic,2,9,13,Made Shot,Pullup Jump shot,2PT Field Goal,Mid-Range,Center(C),16-24 ft.,20,-59,194,1,1,20190210,ATL,ORL
Shot Chart Detail,0021800837,221,1628411,Wes Iwundu,1610612753,Orlando Magic,2,7,17,Missed Shot,Running Layup Shot,2PT Field Goal,In The Paint (Non-RA),Center(C),Less Than 8 ft.,6,3,61,1,0,20190210,ATL,ORL
Shot Chart Detail,0021800837,415,1628411,Wes Iwundu,1610612753,Orlando Magic,3,4,27,Missed Shot,Putback Layup Shot,2PT Field Goal,Restricted Area,Center(C),Less Than 8 ft.,0,0,-6,1,0,20190210,ATL,ORL
Shot Chart Detail,0021800837,442,1628411,Wes Iwundu,1610612753,Orlando Magic,3,3,4,Made Shot,Pullup Jump shot,2PT Field Goal,Mid-Range,Left Side Center(LC),16-24 ft.,21,-112,186,1,1,20190210,ATL,ORL
Shot Chart Detail,0021800851,156,1628411,Wes Iwundu,1610612753,Orlando Magic,1,1,33,Missed Shot,Driving Layup Shot,2PT Field Goal,Restricted Area,Center(C),Less Than 8 ft.,2,-13,16,1,0,20190212,NOP,ORL
Shot Chart Detail,0021800851,260,1628411,Wes Iwundu,1610612753,Orlando Magic,2,6,29,Made Shot,Jump Shot,3PT Field Goal,Above the Break 3,Right Side Center(RC),24+ ft.,25,136,219,1,1,20190212,NOP,ORL
Shot Chart Detail,0021800851,480,1628411,Wes Iwundu,1610612753,Orlando Magic,3,0,52,Made Shot,Jump Shot,3PT Field Goal,Above the Break 3,Left Side Center(LC),24+ ft.,24,-207,132,1,1,20190212,NOP,ORL
Shot Chart Detail,0021800851,488,1628411,Wes Iwundu,1610612753,Orlando Magic,3,0,23,Missed Shot,Jump Shot,3PT Field Goal,Right Corner 3,Right Side(R),24+ ft.,22,225,43,1,0,20190212,NOP,ORL
Shot Chart Detail,0021800851,492,1628411,Wes Iwundu,1610612753,Orlando Magic,3,0,8,Made Shot,Layup Shot,2PT Field Goal,Restricted Area,Center(C),Less Than 8 ft.,2,-12,17,1,1,20190212,NOP,ORL
Shot Chart Detail,0021800851,562,1628411,Wes Iwundu,1610612753,Orlando Magic,4,5,26,Missed Shot,Jump Shot,2PT Field Goal,Mid-Range,Right Side Center(RC),16-24 ft.,19,107,167,1,0,20190212,NOP,ORL
Shot Chart Detail,0021800864,481,1628411,Wes Iwundu,1610612753,Orlando Magic,3,2,33,Made Shot,Jump Shot,3PT Field Goal,Above the Break 3,Left Side Center(LC),24+ ft.,25,-202,160,1,1,20190214,ORL,CHA
Shot Chart Detail,0021800864,493,1628411,Wes Iwundu,1610612753,Orlando Magic,3,2,1,Made Shot,Jump Shot,3PT Field Goal,Above the Break 3,Left Side Center(LC),24+ ft.,24,-228,88,1,1,20190214,ORL,CHA
Shot Chart Detail,0021800875,141,1628411,Wes Iwundu,1610612753,Orlando Magic,1,1,20,Made Shot,Running Jump Shot,2PT Field Goal,Mid-Range,Right Side(R),8-16 ft.,9,85,48,1,1,20190222,ORL,CHI
Shot Chart Detail,0021800894,86,1628411,Wes Iwundu,1610612753,Orlando Magic,1,5,12,Made Shot,Tip Layup Shot,2PT Field Goal,Restricted Area,Center(C),Less Than 8 ft.,0,0,-6,1,1,20190224,TOR,ORL
Shot Chart Detail,0021800894,116,1628411,Wes Iwundu,1610612753,Orlando Magic,1,3,12,Missed Shot,Jump Shot,3PT Field Goal,Above the Break 3,Center(C),24+ ft.,24,-55,236,1,0,20190224,TOR,ORL
Shot Chart Detail,0021800894,264,1628411,Wes Iwundu,1610612753,Orlando Magic,2,5,42,Missed Shot,Jump Shot,3PT Field Goal,Left Corner 3,Left Side(L),24+ ft.,22,-225,20,1,0,20190224,TOR,ORL
Shot Chart Detail,0021800894,420,1628411,Wes Iwundu,1610612753,Orlando Magic,3,5,16,Missed Shot,Jump Shot,3PT Field Goal,Above the Break 3,Left Side Center(LC),24+ ft.,25,-185,170,1,0,20190224,TOR,ORL
Shot Chart Detail,0021800894,460,1628411,Wes Iwundu,1610612753,Orlando Magic,3,3,1,Made Shot,Running Layup Shot,2PT Field Goal,Restricted Area,Center(C),Less Than 8 ft.,1,3,11,1,1,20190224,TOR,ORL
Shot Chart Detail,0021800908,113,1628411,Wes Iwundu,1610612753,Orlando Magic,1,4,3,Missed Shot,Jump Shot,3PT Field Goal,Left Corner 3,Left Side(L),24+ ft.,22,-223,-1,1,0,20190226,NYK,ORL
Shot Chart Detail,0021800908,124,1628411,Wes Iwundu,1610612753,Orlando Magic,1,2,57,Missed Shot,Driving Layup Shot,2PT Field Goal,Restricted Area,Center(C),Less Than 8 ft.,1,-9,5,1,0,20190226,NYK,ORL
Shot Chart Detail,0021800908,183,1628411,Wes Iwundu,1610612753,Orlando Magic,2,9,43,Missed Shot,Driving Layup Shot,2PT Field Goal,Restricted Area,Center(C),Less Than 8 ft.,3,14,30,1,0,20190226,NYK,ORL
Shot Chart Detail,0021800908,298,1628411,Wes Iwundu,1610612753,Orlando Magic,2,1,43,Made Shot,Cutting Dunk Shot,2PT Field Goal,Restricted Area,Center(C),Less Than 8 ft.,0,-2,5,1,1,20190226,NYK,ORL
Shot Chart Detail,0021800908,317,1628411,Wes Iwundu,1610612753,Orlando Magic,2,0,10,Missed Shot,Jump Shot,3PT Field Goal,Above the Break 3,Right Side Center(RC),24+ ft.,26,130,227,1,0,20190226,NYK,ORL
Shot Chart Detail,0021800923,105,1628411,Wes Iwundu,1610612753,Orlando Magic,1,3,10,Missed Shot,Jump Shot,3PT Field Goal,Left Corner 3,Left Side(L),24+ ft.,23,-233,-33,1,0,20190228,ORL,GSW
Shot Chart Detail,0021800923,126,1628411,Wes Iwundu,1610612753,Orlando Magic,1,1,49,Made Shot,Driving Floating Jump Shot,2PT Field Goal,In The Paint (Non-RA),Center(C),Less Than 8 ft.,5,24,46,1,1,20190228,ORL,GSW
Shot Chart Detail,0021800923,496,1628411,Wes Iwundu,1610612753,Orlando Magic,4,10,5,Missed Shot,Layup Shot,2PT Field Goal,Restricted Area,Center(C),Less Than 8 ft.,3,-14,27,1,0,20190228,ORL,GSW
Shot Chart Detail,0021800936,114,1628411,Wes Iwundu,1610612753,Orlando Magic,1,2,40,Made Shot,Pullup Jump shot,2PT Field Goal,Mid-Range,Center(C),16-24 ft.,20,-35,205,1,1,20190302,IND,ORL
Shot Chart Detail,0021800936,117,1628411,Wes Iwundu,1610612753,Orlando Magic,1,2,11,Missed Shot,Pullup Jump shot,2PT Field Goal,Mid-Range,Right Side(R),16-24 ft.,19,166,106,1,0,20190302,IND,ORL
Shot Chart Detail,0021800936,387,1628411,Wes Iwundu,1610612753,Orlando Magic,3,4,59,Missed Shot,Pullup Jump shot,2PT Field Goal,Mid-Range,Right Side(R),16-24 ft.,17,163,57,1,0,20190302,IND,ORL
Shot Chart Detail,0021800936,405,1628411,Wes Iwundu,1610612753,Orlando Magic,3,3,25,Made Shot,Driving Dunk Shot,2PT Field Goal,Restricted Area,Center(C),Less Than 8 ft.,2,-16,16,1,1,20190302,IND,ORL
Shot Chart Detail,0021800936,566,1628411,Wes Iwundu,1610612753,Orlando Magic,4,3,47,Missed Shot,Layup Shot,2PT Field Goal,Restricted Area,Center(C),Less Than 8 ft.,2,19,23,1,0,20190302,IND,ORL
Shot Chart Detail,0021800948,110,1628411,Wes Iwundu,1610612753,Orlando Magic,1,1,44,Missed Shot,Driving Layup Shot,2PT Field Goal,Restricted Area,Center(C),Less Than 8 ft.,2,6,20,1,0,20190303,CLE,ORL
Shot Chart Detail,0021800948,241,1628411,Wes Iwundu,1610612753,Orlando Magic,2,3,47,Made Shot,Driving Layup Shot,2PT Field Goal,Restricted Area,Center(C),Less Than 8 ft.,2,14,19,1,1,20190303,CLE,ORL
Shot Chart Detail,0021800948,391,1628411,Wes Iwundu,1610612753,Orlando Magic,3,2,22,Made Shot,Driving Reverse Layup Shot,2PT Field Goal,Restricted Area,Center(C),Less Than 8 ft.,0,-2,1,1,1,20190303,CLE,ORL
Shot Chart Detail,0021800960,156,1628411,Wes Iwundu,1610612753,Orlando Magic,2,9,30,Missed Shot,Jump Shot,3PT Field Goal,Above the Break 3,Right Side Center(RC),24+ ft.,24,232,92,1,0,20190305,PHI,ORL
Shot Chart Detail,0021800960,216,1628411,Wes Iwundu,1610612753,Orlando Magic,2,5,8,Missed Shot,Turnaround Jump Shot,2PT Field Goal,Mid-Range,Left Side(L),16-24 ft.,17,-170,23,1,0,20190305,PHI,ORL
Shot Chart Detail,0021800960,230,1628411,Wes Iwundu,1610612753,Orlando Magic,2,4,5,Missed Shot,Running Jump Shot,2PT Field Goal,In The Paint (Non-RA),Center(C),8-16 ft.,9,-16,92,1,0,20190305,PHI,ORL
Shot Chart Detail,0021800960,427,1628411,Wes Iwundu,1610612753,Orlando Magic,3,0,50,Missed Shot,Running Layup Shot,2PT Field Goal,Restricted Area,Center(C),Less Than 8 ft.,3,27,24,1,0,20190305,PHI,ORL
Shot Chart Detail,0021800960,459,1628411,Wes Iwundu,1610612753,Orlando Magic,4,10,42,Missed Shot,Running Layup Shot,2PT Field Goal,Restricted Area,Center(C),Less Than 8 ft.,1,12,8,1,0,20190305,PHI,ORL
Shot Chart Detail,0021800978,104,1628411,Wes Iwundu,1610612753,Orlando Magic,1,4,14,Missed Shot,Driving Layup Shot,2PT Field Goal,Restricted Area,Center(C),Less Than 8 ft.,2,19,17,1,0,20190308,ORL,DAL
Shot Chart Detail,0021800978,410,1628411,Wes Iwundu,1610612753,Orlando Magic,3,4,47,Missed Shot,Jump Shot,3PT Field Goal,Left Corner 3,Left Side(L),24+ ft.,23,-225,60,1,0,20190308,ORL,DAL
Shot Chart Detail,0021800978,478,1628411,Wes Iwundu,1610612753,Orlando Magic,3,0,36,Made Shot,Pullup Jump shot,2PT Field Goal,Mid-Range,Center(C),8-16 ft.,14,5,143,1,1,20190308,ORL,DAL
Shot Chart Detail,0021800978,563,1628411,Wes Iwundu,1610612753,Orlando Magic,4,5,12,Missed Shot,Cutting Layup Shot,2PT Field Goal,Restricted Area,Center(C),Less Than 8 ft.,2,2,21,1,0,20190308,ORL,DAL
Shot Chart Detail,0021800978,565,1628411,Wes Iwundu,1610612753,Orlando Magic,4,5,5,Made Shot,Tip Layup Shot,2PT Field Goal,Restricted Area,Center(C),Less Than 8 ft.,0,0,-6,1,1,20190308,ORL,DAL
Shot Chart Detail,0021800996,307,1628411,Wes Iwundu,1610612753,Orlando Magic,2,1,11,Missed Shot,Layup Shot,2PT Field Goal,Restricted Area,Center(C),Less Than 8 ft.,2,15,20,1,0,20190310,MEM,ORL
Shot Chart Detail,0021800996,370,1628411,Wes Iwundu,1610612753,Orlando Magic,3,9,15,Missed Shot,Driving Floating Jump Shot,2PT Field Goal,In The Paint (Non-RA),Center(C),8-16 ft.,13,-16,138,1,0,20190310,MEM,ORL
Shot Chart Detail,0021800996,564,1628411,Wes Iwundu,1610612753,Orlando Magic,4,6,56,Missed Shot,Jump Shot,3PT Field Goal,Left Corner 3,Left Side(L),24+ ft.,22,-227,1,1,0,20190310,MEM,ORL
Shot Chart Detail,0021800996,648,1628411,Wes Iwundu,1610612753,Orlando Magic,4,1,22,Missed Shot,Cutting Dunk Shot,2PT Field Goal,Restricted Area,Center(C),Less Than 8 ft.,3,-32,-8,1,0,20190310,MEM,ORL
Shot Chart Detail,0021801015,67,1628411,Wes Iwundu,1610612753,Orlando Magic,1,5,30,Missed Shot,Pullup Jump shot,2PT Field Goal,Mid-Range,Center(C),8-16 ft.,15,-33,153,1,0,20190313,WAS,ORL
Shot Chart Detail,0021801015,496,1628411,Wes Iwundu,1610612753,Orlando Magic,4,7,57,Made Shot,Dunk Shot,2PT Field Goal,Restricted Area,Center(C),Less Than 8 ft.,1,0,10,1,1,20190313,WAS,ORL
Shot Chart Detail,0021801046,271,1628411,Wes Iwundu,1610612753,Orlando Magic,2,6,13,Made Shot,Jump Shot,3PT Field Goal,Above the Break 3,Left Side Center(LC),24+ ft.,25,-143,206,1,1,20190317,ORL,ATL
Shot Chart Detail,0021801046,300,1628411,Wes Iwundu,1610612753,Orlando Magic,2,3,12,Made Shot,Jump Shot,3PT Field Goal,Above the Break 3,Right Side Center(RC),24+ ft.,25,218,125,1,1,20190317,ORL,ATL
Shot Chart Detail,0021801046,304,1628411,Wes Iwundu,1610612753,Orlando Magic,2,2,48,Missed Shot,Jump Shot,3PT Field Goal,Right Corner 3,Right Side(R),24+ ft.,23,231,46,1,0,20190317,ORL,ATL
Shot Chart Detail,0021801046,472,1628411,Wes Iwundu,1610612753,Orlando Magic,3,3,12,Missed Shot,Jump Shot,3PT Field Goal,Left Corner 3,Left Side(L),24+ ft.,23,-228,58,1,0,20190317,ORL,ATL
Shot Chart Detail,0021801046,491,1628411,Wes Iwundu,1610612753,Orlando Magic,3,1,53,Missed Shot,Driving Layup Shot,2PT Field Goal,In The Paint (Non-RA),Center(C),Less Than 8 ft.,4,-16,42,1,0,20190317,ORL,ATL
Shot Chart Detail,0021801046,538,1628411,Wes Iwundu,1610612753,Orlando Magic,4,10,15,Missed Shot,Pullup Jump shot,2PT Field Goal,Mid-Range,Left Side(L),16-24 ft.,16,-148,73,1,0,20190317,ORL,ATL
Shot Chart Detail,0021801046,562,1628411,Wes Iwundu,1610612753,Orlando Magic,4,8,55,Made Shot,Tip Dunk Shot,2PT Field Goal,Restricted Area,Center(C),Less Than 8 ft.,0,0,-6,1,1,20190317,ORL,ATL
Shot Chart Detail,0021801066,131,1628411,Wes Iwundu,1610612753,Orlando Magic,1,2,41,Missed Shot,Running Layup Shot,2PT Field Goal,Restricted Area,Center(C),Less Than 8 ft.,1,-3,13,1,0,20190320,ORL,NOP
Shot Chart Detail,0021801066,149,1628411,Wes Iwundu,1610612753,Orlando Magic,1,2,1,Missed Shot,Driving Floating Jump Shot,2PT Field Goal,Mid-Range,Right Side(R),8-16 ft.,15,92,129,1,0,20190320,ORL,NOP
Shot Chart Detail,0021801066,155,1628411,Wes Iwundu,1610612753,Orlando Magic,1,0,49,Made Shot,Jump Shot,2PT Field Goal,Mid-Range,Right Side Center(RC),16-24 ft.,20,163,132,1,1,20190320,ORL,NOP
Shot Chart Detail,0021801066,275,1628411,Wes Iwundu,1610612753,Orlando Magic,2,5,37,Missed Shot,Driving Layup Shot,2PT Field Goal,Restricted Area,Center(C),Less Than 8 ft.,1,-6,13,1,0,20190320,ORL,NOP
Shot Chart Detail,0021801066,278,1628411,Wes Iwundu,1610612753,Orlando Magic,2,5,32,Made Shot,Layup Shot,2PT Field Goal,Restricted Area,Center(C),Less Than 8 ft.,1,-4,14,1,1,20190320,ORL,NOP
Shot Chart Detail,0021801066,639,1628411,Wes Iwundu,1610612753,Orlando Magic,4,2,3,Missed Shot,Jump Shot,3PT Field Goal,Above the Break 3,Right Side Center(RC),24+ ft.,25,147,211,1,0,20190320,ORL,NOP
Shot Chart Detail,0021801080,125,1628411,Wes Iwundu,1610612753,Orlando Magic,1,1,54,Missed Shot,Pullup Jump shot,2PT Field Goal,Mid-Range,Center(C),8-16 ft.,15,35,156,1,0,20190322,ORL,MEM
Shot Chart Detail,0021801080,413,1628411,Wes Iwundu,1610612753,Orlando Magic,3,5,13,Missed Shot,Driving Layup Shot,2PT Field Goal,Restricted Area,Center(C),Less Than 8 ft.,0,4,5,1,0,20190322,ORL,MEM
Shot Chart Detail,0021801103,117,1628411,Wes Iwundu,1610612753,Orlando Magic,1,2,48,Missed Shot,Jump Shot,3PT Field Goal,Above the Break 3,Right Side Center(RC),24+ ft.,25,226,117,1,0,20190325,ORL,PHI
Shot Chart Detail,0021801103,139,1628411,Wes Iwundu,1610612753,Orlando Magic,1,1,28,Missed Shot,Jump Shot,3PT Field Goal,Above the Break 3,Right Side Center(RC),24+ ft.,25,210,141,1,0,20190325,ORL,PHI
Shot Chart Detail,0021801103,160,1628411,Wes Iwundu,1610612753,Orlando Magic,1,0,23,Missed Shot,Pullup Jump shot,2PT Field Goal,In The Paint (Non-RA),Center(C),8-16 ft.,15,-65,137,1,0,20190325,ORL,PHI
Shot Chart Detail,0021801103,591,1628411,Wes Iwundu,1610612753,Orlando Magic,4,2,8,Missed Shot,Running Layup Shot,2PT Field Goal,Restricted Area,Center(C),Less Than 8 ft.,1,-13,15,1,0,20190325,ORL,PHI
Shot Chart Detail,0021801109,135,1628411,Wes Iwundu,1610612753,Orlando Magic,1,2,15,Missed Shot,Jump Shot,2PT Field Goal,Mid-Range,Center(C),16-24 ft.,17,-41,170,1,0,20190326,MIA,ORL
Shot Chart Detail,0021801122,76,1628411,Wes Iwundu,1610612753,Orlando Magic,1,5,0,Made Shot,Jump Shot,3PT Field Goal,Above the Break 3,Left Side Center(LC),24+ ft.,25,-160,199,1,1,20190328,DET,ORL
Shot Chart Detail,0021801122,439,1628411,Wes Iwundu,1610612753,Orlando Magic,3,1,44,Made Shot,Jump Shot,3PT Field Goal,Above the Break 3,Left Side Center(LC),24+ ft.,26,-177,195,1,1,20190328,DET,ORL
Shot Chart Detail,0021801140,116,1628411,Wes Iwundu,1610612753,Orlando Magic,1,2,18,Made Shot,Jump Shot,3PT Field Goal,Above the Break 3,Right Side Center(RC),24+ ft.,25,180,184,1,1,20190330,IND,ORL
Shot Chart Detail,0021801140,133,1628411,Wes Iwundu,1610612753,Orlando Magic,1,0,21,Made Shot,Pullup Jump shot,2PT Field Goal,Mid-Range,Left Side(L),16-24 ft.,18,-157,90,1,1,20190330,IND,ORL
Shot Chart Detail,0021801140,231,1628411,Wes Iwundu,1610612753,Orlando Magic,2,5,43,Made Shot,Driving Layup Shot,2PT Field Goal,Restricted Area,Center(C),Less Than 8 ft.,2,-11,24,1,1,20190330,IND,ORL
Shot Chart Detail,0021801140,463,1628411,Wes Iwundu,1610612753,Orlando Magic,4,10,11,Made Shot,Running Dunk Shot,2PT Field Goal,Restricted Area,Center(C),Less Than 8 ft.,1,-1,16,1,1,20190330,IND,ORL
Shot Chart Detail,0021801140,487,1628411,Wes Iwundu,1610612753,Orlando Magic,4,7,56,Missed Shot,Turnaround Jump Shot,2PT Field Goal,Restricted Area,Center(C),Less Than 8 ft.,3,14,28,1,0,20190330,IND,ORL
Shot Chart Detail,0021801156,90,1628411,Wes Iwundu,1610612753,Orlando Magic,1,4,48,Made Shot,Jump Shot,2PT Field Goal,Mid-Range,Right Side(R),16-24 ft.,19,198,-1,1,1,20190401,TOR,ORL
Shot Chart Detail,0021801156,94,1628411,Wes Iwundu,1610612753,Orlando Magic,1,3,49,Made Shot,Jump Shot,3PT Field Goal,Above the Break 3,Right Side Center(RC),24+ ft.,24,221,116,1,1,20190401,TOR,ORL
Shot Chart Detail,0021801156,462,1628411,Wes Iwundu,1610612753,Orlando Magic,3,1,34,Made Shot,Driving Layup Shot,2PT Field Goal,Restricted Area,Center(C),Less Than 8 ft.,2,-11,17,1,1,20190401,TOR,ORL
Shot Chart Detail,0021801156,595,1628411,Wes Iwundu,1610612753,Orlando Magic,4,4,53,Made Shot,Jump Shot,3PT Field Goal,Above the Break 3,Left Side Center(LC),24+ ft.,26,-98,241,1,1,20190401,TOR,ORL
Shot Chart Detail,0021801156,624,1628411,Wes Iwundu,1610612753,Orlando Magic,4,3,19,Made Shot,Running Layup Shot,2PT Field Goal,Restricted Area,Center(C),Less Than 8 ft.,2,-9,25,1,1,20190401,TOR,ORL
Shot Chart Detail,0021801156,633,1628411,Wes Iwundu,1610612753,Orlando Magic,4,2,35,Made Shot,Floating Jump shot,2PT Field Goal,Mid-Range,Left Side(L),8-16 ft.,11,-117,-3,1,1,20190401,TOR,ORL
Shot Chart Detail,0021801156,639,1628411,Wes Iwundu,1610612753,Orlando Magic,4,2,3,Made Shot,Tip Dunk Shot,2PT Field Goal,Restricted Area,Center(C),Less Than 8 ft.,1,-2,11,1,1,20190401,TOR,ORL
Shot Chart Detail,0021801166,107,1628411,Wes Iwundu,1610612753,Orlando Magic,1,4,3,Missed Shot,Jump Shot,3PT Field Goal,Above the Break 3,Right Side Center(RC),24+ ft.,26,136,227,1,0,20190403,ORL,NYK
Shot Chart Detail,0021801166,152,1628411,Wes Iwundu,1610612753,Orlando Magic,1,1,15,Missed Shot,Jump Shot,3PT Field Goal,Left Corner 3,Left Side(L),24+ ft.,23,-226,46,1,0,20190403,ORL,NYK
Shot Chart Detail,0021801166,250,1628411,Wes Iwundu,1610612753,Orlando Magic,2,5,36,Made Shot,Cutting Dunk Shot,2PT Field Goal,Restricted Area,Center(C),Less Than 8 ft.,1,-4,11,1,1,20190403,ORL,NYK
Shot Chart Detail,0021801181,102,1628411,Wes Iwundu,1610612753,Orlando Magic,1,4,56,Made Shot,Driving Layup Shot,2PT Field Goal,Restricted Area,Center(C),Less Than 8 ft.,3,-19,30,1,1,20190405,ORL,ATL
Shot Chart Detail,0021801181,112,1628411,Wes Iwundu,1610612753,Orlando Magic,1,4,27,Missed Shot,Jump Shot,2PT Field Goal,Mid-Range,Left Side(L),16-24 ft.,21,-187,105,1,0,20190405,ORL,ATL
Shot Chart Detail,0021801181,160,1628411,Wes Iwundu,1610612753,Orlando Magic,1,1,51,Missed Shot,Driving Layup Shot,2PT Field Goal,Restricted Area,Center(C),Less Than 8 ft.,3,-25,20,1,0,20190405,ORL,ATL
Shot Chart Detail,0021801181,176,1628411,Wes Iwundu,1610612753,Orlando Magic,1,1,0,Missed Shot,Jump Shot,3PT Field Goal,Left Corner 3,Left Side(L),24+ ft.,22,-228,-22,1,0,20190405,ORL,ATL
Shot Chart Detail,0021801181,518,1628411,Wes Iwundu,1610612753,Orlando Magic,3,2,38,Made Shot,Jump Shot,3PT Field Goal,Left Corner 3,Left Side(L),24+ ft.,24,-242,26,1,1,20190405,ORL,ATL
Shot Chart Detail,0021801181,532,1628411,Wes Iwundu,1610612753,Orlando Magic,3,1,1,Missed Shot,Pullup Jump shot,2PT Field Goal,In The Paint (Non-RA),Center(C),8-16 ft.,9,27,94,1,0,20190405,ORL,ATL
Shot Chart Detail,0021801181,567,1628411,Wes Iwundu,1610612753,Orlando Magic,4,10,11,Made Shot,Jump Shot,3PT Field Goal,Left Corner 3,Left Side(L),24+ ft.,23,-232,60,1,1,20190405,ORL,ATL
Shot Chart Detail,0021801203,134,1628411,Wes Iwundu,1610612753,Orlando Magic,1,1,4,Missed Shot,Jump Shot,3PT Field Goal,Above the Break 3,Left Side Center(LC),24+ ft.,26,-173,197,1,0,20190407,BOS,ORL
Shot Chart Detail,0021801203,434,1628411,Wes Iwundu,1610612753,Orlando Magic,3,2,22,Made Shot,Running Dunk Shot,2PT Field Goal,Restricted Area,Center(C),Less Than 8 ft.,0,4,4,1,1,20190407,BOS,ORL
Shot Chart Detail,0021801203,550,1628411,Wes Iwundu,1610612753,Orlando Magic,4,6,57,Missed Shot,Jump Shot,2PT Field Goal,Mid-Range,Right Side(R),8-16 ft.,13,128,25,1,0,20190407,BOS,ORL
Shot Chart Detail,0021801222,27,1628411,Wes Iwundu,1610612753,Orlando Magic,1,9,28,Missed Shot,Driving Layup Shot,2PT Field Goal,Restricted Area,Center(C),Less Than 8 ft.,2,-25,-2,1,0,20190410,CHA,ORL
Shot Chart Detail,0021801222,37,1628411,Wes Iwundu,1610612753,Orlando Magic,1,8,50,Missed Shot,Jump Shot,3PT Field Goal,Above the Break 3,Right Side Center(RC),24+ ft.,26,170,201,1,0,20190410,CHA,ORL
Shot Chart Detail,0021801222,70,1628411,Wes Iwundu,1610612753,Orlando Magic,1,5,49,Made Shot,Dunk Shot,2PT Field Goal,Restricted Area,Center(C),Less Than 8 ft.,1,16,10,1,1,20190410,CHA,ORL
Shot Chart Detail,0021801222,74,1628411,Wes Iwundu,1610612753,Orlando Magic,1,5,20,Made Shot,Pullup Jump shot,2PT Field Goal,Mid-Range,Center(C),16-24 ft.,18,30,179,1,1,20190410,CHA,ORL
Shot Chart Detail,0021801222,270,1628411,Wes Iwundu,1610612753,Orlando Magic,2,3,54,Missed Shot,Driving Layup Shot,2PT Field Goal,In The Paint (Non-RA),Center(C),Less Than 8 ft.,5,51,14,1,0,20190410,CHA,ORL
Shot Chart Detail,0021801222,282,1628411,Wes Iwundu,1610612753,Orlando Magic,2,2,44,Made Shot,Jump Shot,3PT Field Goal,Above the Break 3,Right Side Center(RC),24+ ft.,26,180,195,1,1,20190410,CHA,ORL
