GRID_TYPE,GAME_ID,GAME_EVENT_ID,PLAYER_ID,PLAYER_NAME,TEAM_ID,TEAM_NAME,PERIOD,MINUTES_REMAINING,SECONDS_REMAINING,EVENT_TYPE,ACTION_TYPE,SHOT_TYPE,SHOT_ZONE_BASIC,SHOT_ZONE_AREA,SHOT_ZONE_RANGE,SHOT_DISTANCE,LOC_X,LOC_Y,SHOT_ATTEMPTED_FLAG,SHOT_MADE_FLAG,GAME_DATE,HTM,VTM
Shot Chart Detail,0021800023,692,1628425,Sterling Brown,1610612749,Milwaukee Bucks,4,3,0,Made Shot,Driving Layup Shot,2PT Field Goal,Restricted Area,Center(C),Less Than 8 ft.,2,5,20,1,1,20181019,MIL,IND
Shot Chart Detail,0021800071,628,1628425,Sterling Brown,1610612749,Milwaukee Bucks,4,3,52,Missed Shot,Layup Shot,2PT Field Goal,In The Paint (Non-RA),Center(C),Less Than 8 ft.,5,26,44,1,0,20181026,MIN,MIL
Shot Chart Detail,0021800071,669,1628425,Sterling Brown,1610612749,Milwaukee Bucks,4,1,9,Made Shot,Driving Layup Shot,2PT Field Goal,In The Paint (Non-RA),Center(C),Less Than 8 ft.,5,42,33,1,1,20181026,MIN,MIL
Shot Chart Detail,0021800081,597,1628425,Sterling Brown,1610612749,Milwaukee Bucks,4,5,45,Missed Shot,Jump Shot,3PT Field Goal,Above the Break 3,Left Side Center(LC),24+ ft.,27,-117,252,1,0,20181027,MIL,ORL
Shot Chart Detail,0021800081,604,1628425,Sterling Brown,1610612749,Milwaukee Bucks,4,5,8,Missed Shot,Putback Dunk Shot,2PT Field Goal,Restricted Area,Center(C),Less Than 8 ft.,0,0,-6,1,0,20181027,MIL,ORL
Shot Chart Detail,0021800081,633,1628425,Sterling Brown,1610612749,Milwaukee Bucks,4,2,45,Missed Shot,Jump Shot,3PT Field Goal,Left Corner 3,Left Side(L),24+ ft.,23,-239,21,1,0,20181027,MIL,ORL
Shot Chart Detail,0021800081,637,1628425,Sterling Brown,1610612749,Milwaukee Bucks,4,2,29,Missed Shot,Driving Layup Shot,2PT Field Goal,In The Paint (Non-RA),Center(C),Less Than 8 ft.,4,-47,11,1,0,20181027,MIL,ORL
Shot Chart Detail,0021800081,646,1628425,Sterling Brown,1610612749,Milwaukee Bucks,4,1,34,Missed Shot,Jump Shot,3PT Field Goal,Above the Break 3,Right Side Center(RC),24+ ft.,25,144,216,1,0,20181027,MIL,ORL
Shot Chart Detail,0021800133,643,1628425,Sterling Brown,1610612749,Milwaukee Bucks,4,6,58,Made Shot,Driving Layup Shot,2PT Field Goal,Restricted Area,Center(C),Less Than 8 ft.,1,-1,10,1,1,20181104,MIL,SAC
Shot Chart Detail,0021800133,666,1628425,Sterling Brown,1610612749,Milwaukee Bucks,4,5,13,Missed Shot,Jump Shot,3PT Field Goal,Above the Break 3,Right Side Center(RC),24+ ft.,26,116,233,1,0,20181104,MIL,SAC
Shot Chart Detail,0021800133,718,1628425,Sterling Brown,1610612749,Milwaukee Bucks,4,1,28,Made Shot,Cutting Dunk Shot,2PT Field Goal,Restricted Area,Center(C),Less Than 8 ft.,2,10,20,1,1,20181104,MIL,SAC
Shot Chart Detail,0021800166,636,1628425,Sterling Brown,1610612749,Milwaukee Bucks,4,5,44,Made Shot,Driving Layup Shot,2PT Field Goal,Restricted Area,Center(C),Less Than 8 ft.,2,7,25,1,1,20181108,GSW,MIL
Shot Chart Detail,0021800166,684,1628425,Sterling Brown,1610612749,Milwaukee Bucks,4,1,32,Missed Shot,Jump Shot,3PT Field Goal,Above the Break 3,Right Side Center(RC),24+ ft.,26,196,173,1,0,20181108,GSW,MIL
Shot Chart Detail,0021800223,632,1628425,Sterling Brown,1610612749,Milwaukee Bucks,4,1,31,Missed Shot,Jump Shot,3PT Field Goal,Above the Break 3,Right Side Center(RC),24+ ft.,25,172,194,1,0,20181116,MIL,CHI
Shot Chart Detail,0021800245,219,1628425,Sterling Brown,1610612749,Milwaukee Bucks,2,7,7,Missed Shot,Jump Shot,3PT Field Goal,Above the Break 3,Center(C),24+ ft.,25,-71,247,1,0,20181119,MIL,DEN
Shot Chart Detail,0021800245,277,1628425,Sterling Brown,1610612749,Milwaukee Bucks,2,3,20,Missed Shot,Layup Shot,2PT Field Goal,Restricted Area,Center(C),Less Than 8 ft.,2,-4,29,1,0,20181119,MIL,DEN
Shot Chart Detail,0021800245,279,1628425,Sterling Brown,1610612749,Milwaukee Bucks,2,3,10,Made Shot,Putback Layup Shot,2PT Field Goal,Restricted Area,Center(C),Less Than 8 ft.,0,0,5,1,1,20181119,MIL,DEN
Shot Chart Detail,0021800245,295,1628425,Sterling Brown,1610612749,Milwaukee Bucks,2,2,27,Missed Shot,Jump Shot,3PT Field Goal,Above the Break 3,Center(C),24+ ft.,25,-76,243,1,0,20181119,MIL,DEN
Shot Chart Detail,0021800259,220,1628425,Sterling Brown,1610612749,Milwaukee Bucks,2,7,38,Made Shot,Alley Oop Dunk Shot,2PT Field Goal,Restricted Area,Center(C),Less Than 8 ft.,0,0,5,1,1,20181121,MIL,POR
Shot Chart Detail,0021800259,251,1628425,Sterling Brown,1610612749,Milwaukee Bucks,2,5,37,Missed Shot,Jump Shot,3PT Field Goal,Above the Break 3,Right Side Center(RC),24+ ft.,27,176,210,1,0,20181121,MIL,POR
Shot Chart Detail,0021800259,585,1628425,Sterling Brown,1610612749,Milwaukee Bucks,4,10,5,Made Shot,Jump Shot,2PT Field Goal,Mid-Range,Left Side(L),8-16 ft.,11,-111,-16,1,1,20181121,MIL,POR
Shot Chart Detail,0021800259,659,1628425,Sterling Brown,1610612749,Milwaukee Bucks,4,9,37,Missed Shot,Jump Shot,3PT Field Goal,Above the Break 3,Right Side Center(RC),24+ ft.,25,188,172,1,0,20181121,MIL,POR
Shot Chart Detail,0021800259,674,1628425,Sterling Brown,1610612749,Milwaukee Bucks,4,2,46,Missed Shot,Jump Shot,3PT Field Goal,Above the Break 3,Right Side Center(RC),24+ ft.,26,217,147,1,0,20181121,MIL,POR
Shot Chart Detail,0021800259,694,1628425,Sterling Brown,1610612749,Milwaukee Bucks,4,0,48,Missed Shot,Jump Shot,2PT Field Goal,Mid-Range,Right Side Center(RC),16-24 ft.,16,85,142,1,0,20181121,MIL,POR
Shot Chart Detail,0021800259,696,1628425,Sterling Brown,1610612749,Milwaukee Bucks,4,0,41,Made Shot,Jump Shot,3PT Field Goal,Right Corner 3,Right Side(R),24+ ft.,23,234,13,1,1,20181121,MIL,POR
Shot Chart Detail,0021800259,701,1628425,Sterling Brown,1610612749,Milwaukee Bucks,4,0,9,Made Shot,Driving Layup Shot,2PT Field Goal,Restricted Area,Center(C),Less Than 8 ft.,2,-13,17,1,1,20181121,MIL,POR
Shot Chart Detail,0021800275,257,1628425,Sterling Brown,1610612749,Milwaukee Bucks,2,5,30,Missed Shot,Jump Shot,3PT Field Goal,Above the Break 3,Left Side Center(LC),24+ ft.,25,-177,180,1,0,20181123,MIL,PHX
Shot Chart Detail,0021800275,264,1628425,Sterling Brown,1610612749,Milwaukee Bucks,2,4,42,Made Shot,Cutting Layup Shot,2PT Field Goal,Restricted Area,Center(C),Less Than 8 ft.,1,1,15,1,1,20181123,MIL,PHX
Shot Chart Detail,0021800275,566,1628425,Sterling Brown,1610612749,Milwaukee Bucks,4,7,55,Missed Shot,Jump Shot,3PT Field Goal,Above the Break 3,Left Side Center(LC),24+ ft.,26,-193,184,1,0,20181123,MIL,PHX
Shot Chart Detail,0021800284,203,1628425,Sterling Brown,1610612749,Milwaukee Bucks,2,9,7,Missed Shot,Jump Shot,3PT Field Goal,Above the Break 3,Right Side Center(RC),24+ ft.,26,218,142,1,0,20181124,MIL,SAS
Shot Chart Detail,0021800284,241,1628425,Sterling Brown,1610612749,Milwaukee Bucks,2,6,35,Made Shot,Cutting Layup Shot,2PT Field Goal,Restricted Area,Center(C),Less Than 8 ft.,0,4,6,1,1,20181124,MIL,SAS
Shot Chart Detail,0021800284,252,1628425,Sterling Brown,1610612749,Milwaukee Bucks,2,4,55,Made Shot,Jump Shot,3PT Field Goal,Left Corner 3,Left Side(L),24+ ft.,23,-231,10,1,1,20181124,MIL,SAS
Shot Chart Detail,0021800284,569,1628425,Sterling Brown,1610612749,Milwaukee Bucks,4,9,6,Made Shot,Jump Shot,3PT Field Goal,Left Corner 3,Left Side(L),24+ ft.,23,-233,4,1,1,20181124,MIL,SAS
Shot Chart Detail,0021800284,609,1628425,Sterling Brown,1610612749,Milwaukee Bucks,4,6,1,Made Shot,Jump Shot,3PT Field Goal,Above the Break 3,Right Side Center(RC),24+ ft.,26,137,221,1,1,20181124,MIL,SAS
Shot Chart Detail,0021800284,658,1628425,Sterling Brown,1610612749,Milwaukee Bucks,4,2,30,Missed Shot,Driving Layup Shot,2PT Field Goal,Restricted Area,Center(C),Less Than 8 ft.,2,-10,20,1,0,20181124,MIL,SAS
Shot Chart Detail,0021800294,262,1628425,Sterling Brown,1610612749,Milwaukee Bucks,2,4,14,Made Shot,Putback Layup Shot,2PT Field Goal,Restricted Area,Center(C),Less Than 8 ft.,0,0,-6,1,1,20181126,CHA,MIL
Shot Chart Detail,0021800330,231,1628425,Sterling Brown,1610612749,Milwaukee Bucks,2,6,45,Made Shot,Pullup Jump shot,2PT Field Goal,Mid-Range,Right Side(R),8-16 ft.,15,155,21,1,1,20181201,NYK,MIL
Shot Chart Detail,0021800330,544,1628425,Sterling Brown,1610612749,Milwaukee Bucks,4,10,12,Made Shot,Jump Shot,3PT Field Goal,Right Corner 3,Right Side(R),24+ ft.,22,228,17,1,1,20181201,NYK,MIL
Shot Chart Detail,0021800330,574,1628425,Sterling Brown,1610612749,Milwaukee Bucks,4,7,55,Missed Shot,Layup Shot,2PT Field Goal,Restricted Area,Center(C),Less Than 8 ft.,1,13,13,1,0,20181201,NYK,MIL
Shot Chart Detail,0021800330,587,1628425,Sterling Brown,1610612749,Milwaukee Bucks,4,6,54,Made Shot,Driving Finger Roll Layup Shot,2PT Field Goal,Restricted Area,Center(C),Less Than 8 ft.,1,1,13,1,1,20181201,NYK,MIL
Shot Chart Detail,0021800361,179,1628425,Sterling Brown,1610612749,Milwaukee Bucks,2,10,10,Missed Shot,Hook Shot,2PT Field Goal,Restricted Area,Center(C),Less Than 8 ft.,3,-6,37,1,0,20181205,MIL,DET
Shot Chart Detail,0021800361,465,1628425,Sterling Brown,1610612749,Milwaukee Bucks,3,2,58,Made Shot,Jump Shot,3PT Field Goal,Right Corner 3,Right Side(R),24+ ft.,23,232,34,1,1,20181205,MIL,DET
Shot Chart Detail,0021800361,493,1628425,Sterling Brown,1610612749,Milwaukee Bucks,3,0,39,Made Shot,Jump Shot,3PT Field Goal,Left Corner 3,Left Side(L),24+ ft.,23,-232,-8,1,1,20181205,MIL,DET
Shot Chart Detail,0021800361,526,1628425,Sterling Brown,1610612749,Milwaukee Bucks,4,11,44,Made Shot,Jump Shot,3PT Field Goal,Right Corner 3,Right Side(R),24+ ft.,22,226,22,1,1,20181205,MIL,DET
Shot Chart Detail,0021800361,530,1628425,Sterling Brown,1610612749,Milwaukee Bucks,4,11,17,Missed Shot,Jump Shot,3PT Field Goal,Above the Break 3,Left Side Center(LC),24+ ft.,27,-153,227,1,0,20181205,MIL,DET
Shot Chart Detail,0021800361,616,1628425,Sterling Brown,1610612749,Milwaukee Bucks,4,6,31,Made Shot,Driving Layup Shot,2PT Field Goal,Restricted Area,Center(C),Less Than 8 ft.,0,0,4,1,1,20181205,MIL,DET
Shot Chart Detail,0021800377,196,1628425,Sterling Brown,1610612749,Milwaukee Bucks,2,10,34,Missed Shot,Jump Shot,3PT Field Goal,Above the Break 3,Center(C),24+ ft.,26,79,256,1,0,20181207,MIL,GSW
Shot Chart Detail,0021800377,208,1628425,Sterling Brown,1610612749,Milwaukee Bucks,2,9,33,Missed Shot,Jump Shot,3PT Field Goal,Right Corner 3,Right Side(R),24+ ft.,25,239,85,1,0,20181207,MIL,GSW
Shot Chart Detail,0021800377,231,1628425,Sterling Brown,1610612749,Milwaukee Bucks,2,8,9,Made Shot,Driving Layup Shot,2PT Field Goal,Restricted Area,Center(C),Less Than 8 ft.,1,-10,5,1,1,20181207,MIL,GSW
Shot Chart Detail,0021800388,138,1628425,Sterling Brown,1610612749,Milwaukee Bucks,1,1,10,Missed Shot,Jump Shot,3PT Field Goal,Left Corner 3,Left Side(L),24+ ft.,23,-230,-16,1,0,20181209,TOR,MIL
Shot Chart Detail,0021800388,410,1628425,Sterling Brown,1610612749,Milwaukee Bucks,3,5,45,Missed Shot,Jump Shot,3PT Field Goal,Left Corner 3,Left Side(L),24+ ft.,22,-227,-28,1,0,20181209,TOR,MIL
Shot Chart Detail,0021800388,424,1628425,Sterling Brown,1610612749,Milwaukee Bucks,3,4,19,Made Shot,Jump Shot,3PT Field Goal,Right Corner 3,Right Side(R),24+ ft.,22,229,-2,1,1,20181209,TOR,MIL
Shot Chart Detail,0021800388,429,1628425,Sterling Brown,1610612749,Milwaukee Bucks,3,3,41,Missed Shot,Reverse Layup Shot,2PT Field Goal,Restricted Area,Center(C),Less Than 8 ft.,2,19,9,1,0,20181209,TOR,MIL
Shot Chart Detail,0021800388,498,1628425,Sterling Brown,1610612749,Milwaukee Bucks,4,11,7,Made Shot,Driving Layup Shot,2PT Field Goal,Restricted Area,Center(C),Less Than 8 ft.,1,-13,11,1,1,20181209,TOR,MIL
Shot Chart Detail,0021800388,572,1628425,Sterling Brown,1610612749,Milwaukee Bucks,4,6,59,Missed Shot,Driving Reverse Layup Shot,2PT Field Goal,Restricted Area,Center(C),Less Than 8 ft.,1,-19,3,1,0,20181209,TOR,MIL
Shot Chart Detail,0021800395,118,1628425,Sterling Brown,1610612749,Milwaukee Bucks,1,3,16,Made Shot,Jump Shot,3PT Field Goal,Above the Break 3,Center(C),24+ ft.,26,77,251,1,1,20181210,MIL,CLE
Shot Chart Detail,0021800395,141,1628425,Sterling Brown,1610612749,Milwaukee Bucks,1,1,40,Made Shot,Driving Layup Shot,2PT Field Goal,Restricted Area,Center(C),Less Than 8 ft.,0,-4,1,1,1,20181210,MIL,CLE
Shot Chart Detail,0021800395,147,1628425,Sterling Brown,1610612749,Milwaukee Bucks,1,0,50,Made Shot,Jump Shot,3PT Field Goal,Above the Break 3,Right Side Center(RC),24+ ft.,26,215,162,1,1,20181210,MIL,CLE
Shot Chart Detail,0021800395,220,1628425,Sterling Brown,1610612749,Milwaukee Bucks,2,8,49,Missed Shot,Running Layup Shot,2PT Field Goal,Restricted Area,Center(C),Less Than 8 ft.,1,-14,5,1,0,20181210,MIL,CLE
Shot Chart Detail,0021800395,261,1628425,Sterling Brown,1610612749,Milwaukee Bucks,2,5,26,Missed Shot,Jump Shot,3PT Field Goal,Above the Break 3,Right Side Center(RC),24+ ft.,26,101,240,1,0,20181210,MIL,CLE
Shot Chart Detail,0021800395,286,1628425,Sterling Brown,1610612749,Milwaukee Bucks,2,3,22,Missed Shot,Hook Bank Shot,2PT Field Goal,Restricted Area,Center(C),Less Than 8 ft.,3,30,26,1,0,20181210,MIL,CLE
Shot Chart Detail,0021800395,307,1628425,Sterling Brown,1610612749,Milwaukee Bucks,2,2,8,Made Shot,Running Dunk Shot,2PT Field Goal,Restricted Area,Center(C),Less Than 8 ft.,0,-6,0,1,1,20181210,MIL,CLE
Shot Chart Detail,0021800395,434,1628425,Sterling Brown,1610612749,Milwaukee Bucks,3,4,39,Missed Shot,Jump Shot,3PT Field Goal,Right Corner 3,Right Side(R),24+ ft.,24,239,63,1,0,20181210,MIL,CLE
Shot Chart Detail,0021800395,490,1628425,Sterling Brown,1610612749,Milwaukee Bucks,3,0,28,Missed Shot,Driving Layup Shot,2PT Field Goal,Restricted Area,Center(C),Less Than 8 ft.,2,8,20,1,0,20181210,MIL,CLE
Shot Chart Detail,0021800395,563,1628425,Sterling Brown,1610612749,Milwaukee Bucks,4,7,6,Missed Shot,Jump Shot,2PT Field Goal,Mid-Range,Right Side Center(RC),16-24 ft.,20,107,176,1,0,20181210,MIL,CLE
Shot Chart Detail,0021800395,636,1628425,Sterling Brown,1610612749,Milwaukee Bucks,4,1,41,Made Shot,Cutting Layup Shot,2PT Field Goal,Restricted Area,Center(C),Less Than 8 ft.,2,8,23,1,1,20181210,MIL,CLE
Shot Chart Detail,0021800407,227,1628425,Sterling Brown,1610612749,Milwaukee Bucks,2,6,51,Missed Shot,Floating Jump shot,2PT Field Goal,In The Paint (Non-RA),Center(C),8-16 ft.,9,-5,90,1,0,20181212,IND,MIL
Shot Chart Detail,0021800407,271,1628425,Sterling Brown,1610612749,Milwaukee Bucks,2,4,47,Missed Shot,Jump Shot,3PT Field Goal,Above the Break 3,Left Side Center(LC),24+ ft.,26,-192,181,1,0,20181212,IND,MIL
Shot Chart Detail,0021800407,291,1628425,Sterling Brown,1610612749,Milwaukee Bucks,2,2,37,Made Shot,Jump Shot,3PT Field Goal,Right Corner 3,Right Side(R),24+ ft.,22,228,28,1,1,20181212,IND,MIL
Shot Chart Detail,0021800407,394,1628425,Sterling Brown,1610612749,Milwaukee Bucks,3,6,51,Made Shot,Jump Shot,3PT Field Goal,Above the Break 3,Left Side Center(LC),24+ ft.,27,-177,210,1,1,20181212,IND,MIL
Shot Chart Detail,0021800407,437,1628425,Sterling Brown,1610612749,Milwaukee Bucks,3,2,56,Made Shot,Driving Finger Roll Layup Shot,2PT Field Goal,Restricted Area,Center(C),Less Than 8 ft.,1,2,19,1,1,20181212,IND,MIL
Shot Chart Detail,0021800407,646,1628425,Sterling Brown,1610612749,Milwaukee Bucks,4,1,15,Missed Shot,Jump Shot,3PT Field Goal,Above the Break 3,Right Side Center(RC),24+ ft.,28,138,246,1,0,20181212,IND,MIL
Shot Chart Detail,0021800443,88,1628425,Sterling Brown,1610612749,Milwaukee Bucks,1,5,11,Made Shot,Driving Reverse Layup Shot,2PT Field Goal,Restricted Area,Center(C),Less Than 8 ft.,1,-5,11,1,1,20181217,DET,MIL
Shot Chart Detail,0021800443,225,1628425,Sterling Brown,1610612749,Milwaukee Bucks,2,7,21,Missed Shot,Floating Jump shot,2PT Field Goal,In The Paint (Non-RA),Right Side(R),8-16 ft.,8,58,58,1,0,20181217,DET,MIL
Shot Chart Detail,0021800443,292,1628425,Sterling Brown,1610612749,Milwaukee Bucks,2,2,0,Made Shot,Dunk Shot,2PT Field Goal,Restricted Area,Center(C),Less Than 8 ft.,0,-1,6,1,1,20181217,DET,MIL
Shot Chart Detail,0021800443,453,1628425,Sterling Brown,1610612749,Milwaukee Bucks,3,1,38,Missed Shot,Jump Shot,3PT Field Goal,Above the Break 3,Right Side Center(RC),24+ ft.,25,120,224,1,0,20181217,DET,MIL
Shot Chart Detail,0021800443,467,1628425,Sterling Brown,1610612749,Milwaukee Bucks,3,0,47,Missed Shot,Driving Layup Shot,2PT Field Goal,Restricted Area,Center(C),Less Than 8 ft.,1,-14,10,1,0,20181217,DET,MIL
Shot Chart Detail,0021800443,546,1628425,Sterling Brown,1610612749,Milwaukee Bucks,4,7,10,Made Shot,Driving Floating Jump Shot,2PT Field Goal,In The Paint (Non-RA),Center(C),Less Than 8 ft.,7,51,53,1,1,20181217,DET,MIL
Shot Chart Detail,0021800443,555,1628425,Sterling Brown,1610612749,Milwaukee Bucks,4,6,13,Made Shot,Jump Shot,3PT Field Goal,Left Corner 3,Left Side(L),24+ ft.,22,-225,14,1,1,20181217,DET,MIL
Shot Chart Detail,0021800443,607,1628425,Sterling Brown,1610612749,Milwaukee Bucks,4,2,51,Missed Shot,Driving Layup Shot,2PT Field Goal,In The Paint (Non-RA),Center(C),Less Than 8 ft.,4,-5,47,1,0,20181217,DET,MIL
Shot Chart Detail,0021800462,95,1628425,Sterling Brown,1610612749,Milwaukee Bucks,1,3,55,Made Shot,Cutting Layup Shot,2PT Field Goal,Restricted Area,Center(C),Less Than 8 ft.,0,-4,8,1,1,20181219,MIL,NOP
Shot Chart Detail,0021800462,112,1628425,Sterling Brown,1610612749,Milwaukee Bucks,1,3,1,Made Shot,Pullup Jump shot,3PT Field Goal,Above the Break 3,Left Side Center(LC),24+ ft.,25,-206,156,1,1,20181219,MIL,NOP
Shot Chart Detail,0021800462,399,1628425,Sterling Brown,1610612749,Milwaukee Bucks,3,7,21,Missed Shot,Jump Shot,3PT Field Goal,Left Corner 3,Left Side(L),24+ ft.,23,-232,-3,1,0,20181219,MIL,NOP
Shot Chart Detail,0021800462,496,1628425,Sterling Brown,1610612749,Milwaukee Bucks,3,1,23,Missed Shot,Driving Layup Shot,2PT Field Goal,Restricted Area,Center(C),Less Than 8 ft.,0,0,0,1,0,20181219,MIL,NOP
Shot Chart Detail,0021800462,626,1628425,Sterling Brown,1610612749,Milwaukee Bucks,4,4,30,Made Shot,Driving Layup Shot,2PT Field Goal,Restricted Area,Center(C),Less Than 8 ft.,1,4,12,1,1,20181219,MIL,NOP
Shot Chart Detail,0021800473,102,1628425,Sterling Brown,1610612749,Milwaukee Bucks,1,4,19,Missed Shot,Jump Shot,3PT Field Goal,Above the Break 3,Left Side Center(LC),24+ ft.,26,-186,184,1,0,20181221,BOS,MIL
Shot Chart Detail,0021800473,134,1628425,Sterling Brown,1610612749,Milwaukee Bucks,1,1,45,Made Shot,Pullup Jump shot,2PT Field Goal,Mid-Range,Center(C),16-24 ft.,17,-32,172,1,1,20181221,BOS,MIL
Shot Chart Detail,0021800473,231,1628425,Sterling Brown,1610612749,Milwaukee Bucks,2,7,10,Missed Shot,Jump Shot,3PT Field Goal,Left Corner 3,Left Side(L),24+ ft.,23,-235,-1,1,0,20181221,BOS,MIL
Shot Chart Detail,0021800473,240,1628425,Sterling Brown,1610612749,Milwaukee Bucks,2,6,27,Missed Shot,Jump Shot,3PT Field Goal,Above the Break 3,Right Side Center(RC),24+ ft.,24,152,186,1,0,20181221,BOS,MIL
Shot Chart Detail,0021800473,420,1628425,Sterling Brown,1610612749,Milwaukee Bucks,3,6,3,Missed Shot,Pullup Jump shot,2PT Field Goal,Mid-Range,Left Side Center(LC),16-24 ft.,17,-103,140,1,0,20181221,BOS,MIL
Shot Chart Detail,0021800482,105,1628425,Sterling Brown,1610612749,Milwaukee Bucks,1,3,3,Missed Shot,Jump Shot,3PT Field Goal,Above the Break 3,Left Side Center(LC),24+ ft.,24,-194,153,1,0,20181222,MIA,MIL
Shot Chart Detail,0021800482,118,1628425,Sterling Brown,1610612749,Milwaukee Bucks,1,1,29,Made Shot,Driving Layup Shot,2PT Field Goal,Restricted Area,Center(C),Less Than 8 ft.,0,-5,8,1,1,20181222,MIA,MIL
Shot Chart Detail,0021800482,424,1628425,Sterling Brown,1610612749,Milwaukee Bucks,3,4,1,Made Shot,Jump Shot,3PT Field Goal,Right Corner 3,Right Side(R),24+ ft.,23,233,5,1,1,20181222,MIA,MIL
Shot Chart Detail,0021800482,432,1628425,Sterling Brown,1610612749,Milwaukee Bucks,3,3,6,Made Shot,Running Layup Shot,2PT Field Goal,Restricted Area,Center(C),Less Than 8 ft.,1,5,11,1,1,20181222,MIA,MIL
Shot Chart Detail,0021800482,448,1628425,Sterling Brown,1610612749,Milwaukee Bucks,3,2,19,Made Shot,Fadeaway Jump Shot,2PT Field Goal,In The Paint (Non-RA),Center(C),Less Than 8 ft.,6,58,31,1,1,20181222,MIA,MIL
Shot Chart Detail,0021800482,473,1628425,Sterling Brown,1610612749,Milwaukee Bucks,3,0,15,Missed Shot,Running Layup Shot,2PT Field Goal,Restricted Area,Center(C),Less Than 8 ft.,2,14,15,1,0,20181222,MIA,MIL
Shot Chart Detail,0021800482,491,1628425,Sterling Brown,1610612749,Milwaukee Bucks,4,11,17,Missed Shot,Jump Shot,3PT Field Goal,Above the Break 3,Left Side Center(LC),24+ ft.,25,-208,146,1,0,20181222,MIA,MIL
Shot Chart Detail,0021800497,92,1628425,Sterling Brown,1610612749,Milwaukee Bucks,1,5,14,Missed Shot,Cutting Layup Shot,2PT Field Goal,Restricted Area,Center(C),Less Than 8 ft.,1,-13,12,1,0,20181225,NYK,MIL
Shot Chart Detail,0021800497,126,1628425,Sterling Brown,1610612749,Milwaukee Bucks,1,3,18,Missed Shot,Driving Layup Shot,2PT Field Goal,Restricted Area,Center(C),Less Than 8 ft.,1,-6,10,1,0,20181225,NYK,MIL
Shot Chart Detail,0021800497,458,1628425,Sterling Brown,1610612749,Milwaukee Bucks,3,4,18,Missed Shot,Floating Jump shot,2PT Field Goal,Mid-Range,Left Side(L),8-16 ft.,12,-82,90,1,0,20181225,NYK,MIL
Shot Chart Detail,0021800497,477,1628425,Sterling Brown,1610612749,Milwaukee Bucks,3,2,30,Made Shot,Jump Shot,3PT Field Goal,Left Corner 3,Left Side(L),24+ ft.,22,-221,-10,1,1,20181225,NYK,MIL
Shot Chart Detail,0021800497,656,1628425,Sterling Brown,1610612749,Milwaukee Bucks,4,1,33,Missed Shot,Jump Shot,3PT Field Goal,Above the Break 3,Right Side Center(RC),24+ ft.,25,225,110,1,0,20181225,NYK,MIL
Shot Chart Detail,0021800513,130,1628425,Sterling Brown,1610612749,Milwaukee Bucks,1,2,15,Missed Shot,Pullup Jump shot,2PT Field Goal,In The Paint (Non-RA),Center(C),8-16 ft.,13,5,138,1,0,20181227,MIL,NYK
Shot Chart Detail,0021800513,311,1628425,Sterling Brown,1610612749,Milwaukee Bucks,2,0,27,Missed Shot,Jump Shot,3PT Field Goal,Above the Break 3,Right Side Center(RC),24+ ft.,26,109,246,1,0,20181227,MIL,NYK
Shot Chart Detail,0021800527,82,1628425,Sterling Brown,1610612749,Milwaukee Bucks,1,5,37,Missed Shot,Jump Shot,3PT Field Goal,Above the Break 3,Right Side Center(RC),24+ ft.,25,136,218,1,0,20181229,MIL,BKN
Shot Chart Detail,0021800527,130,1628425,Sterling Brown,1610612749,Milwaukee Bucks,1,2,28,Missed Shot,Jump Shot,3PT Field Goal,Above the Break 3,Left Side Center(LC),24+ ft.,26,-186,186,1,0,20181229,MIL,BKN
Shot Chart Detail,0021800527,140,1628425,Sterling Brown,1610612749,Milwaukee Bucks,1,2,4,Made Shot,Jump Shot,3PT Field Goal,Left Corner 3,Left Side(L),24+ ft.,24,-241,2,1,1,20181229,MIL,BKN
Shot Chart Detail,0021800527,151,1628425,Sterling Brown,1610612749,Milwaukee Bucks,1,0,48,Made Shot,Running Pull-Up Jump Shot,2PT Field Goal,Mid-Range,Center(C),8-16 ft.,15,55,142,1,1,20181229,MIL,BKN
Shot Chart Detail,0021800527,213,1628425,Sterling Brown,1610612749,Milwaukee Bucks,2,8,9,Missed Shot,Jump Shot,3PT Field Goal,Above the Break 3,Left Side Center(LC),24+ ft.,27,-198,189,1,0,20181229,MIL,BKN
Shot Chart Detail,0021800527,270,1628425,Sterling Brown,1610612749,Milwaukee Bucks,2,5,4,Missed Shot,Pullup Jump shot,2PT Field Goal,Mid-Range,Left Side(L),8-16 ft.,12,-82,91,1,0,20181229,MIL,BKN
Shot Chart Detail,0021800527,482,1628425,Sterling Brown,1610612749,Milwaukee Bucks,3,2,31,Missed Shot,Layup Shot,2PT Field Goal,Restricted Area,Center(C),Less Than 8 ft.,3,32,13,1,0,20181229,MIL,BKN
Shot Chart Detail,0021800550,46,1628425,Sterling Brown,1610612749,Milwaukee Bucks,1,7,42,Made Shot,Cutting Dunk Shot,2PT Field Goal,Restricted Area,Center(C),Less Than 8 ft.,2,2,27,1,1,20190101,MIL,DET
Shot Chart Detail,0021800550,50,1628425,Sterling Brown,1610612749,Milwaukee Bucks,1,7,21,Made Shot,Driving Reverse Dunk Shot,2PT Field Goal,Restricted Area,Center(C),Less Than 8 ft.,2,18,14,1,1,20190101,MIL,DET
Shot Chart Detail,0021800550,445,1628425,Sterling Brown,1610612749,Milwaukee Bucks,3,2,56,Missed Shot,Jump Shot,3PT Field Goal,Right Corner 3,Right Side(R),24+ ft.,22,229,-3,1,0,20190101,MIL,DET
Shot Chart Detail,0021800580,125,1628425,Sterling Brown,1610612749,Milwaukee Bucks,1,1,51,Missed Shot,Jump Shot,3PT Field Goal,Above the Break 3,Right Side Center(RC),24+ ft.,27,171,215,1,0,20190105,MIL,TOR
Shot Chart Detail,0021800580,131,1628425,Sterling Brown,1610612749,Milwaukee Bucks,1,1,25,Missed Shot,Jump Shot,3PT Field Goal,Right Corner 3,Right Side(R),24+ ft.,24,236,56,1,0,20190105,MIL,TOR
Shot Chart Detail,0021800580,135,1628425,Sterling Brown,1610612749,Milwaukee Bucks,1,1,7,Made Shot,Layup Shot,2PT Field Goal,Restricted Area,Center(C),Less Than 8 ft.,1,5,9,1,1,20190105,MIL,TOR
Shot Chart Detail,0021800580,365,1628425,Sterling Brown,1610612749,Milwaukee Bucks,3,7,58,Made Shot,Jump Shot,3PT Field Goal,Left Corner 3,Left Side(L),24+ ft.,23,-235,2,1,1,20190105,MIL,TOR
Shot Chart Detail,0021800580,426,1628425,Sterling Brown,1610612749,Milwaukee Bucks,3,3,2,Made Shot,Jump Shot,3PT Field Goal,Above the Break 3,Right Side Center(RC),24+ ft.,25,117,223,1,1,20190105,MIL,TOR
Shot Chart Detail,0021800580,446,1628425,Sterling Brown,1610612749,Milwaukee Bucks,3,1,10,Missed Shot,Jump Shot,3PT Field Goal,Above the Break 3,Right Side Center(RC),24+ ft.,25,107,227,1,0,20190105,MIL,TOR
Shot Chart Detail,0021800580,643,1628425,Sterling Brown,1610612749,Milwaukee Bucks,4,0,10,Made Shot,Jump Shot,3PT Field Goal,Above the Break 3,Right Side Center(RC),24+ ft.,24,222,110,1,1,20190105,MIL,TOR
Shot Chart Detail,0021800594,76,1628425,Sterling Brown,1610612749,Milwaukee Bucks,1,5,54,Made Shot,Driving Layup Shot,2PT Field Goal,Restricted Area,Center(C),Less Than 8 ft.,1,-14,6,1,1,20190107,MIL,UTA
Shot Chart Detail,0021800594,323,1628425,Sterling Brown,1610612749,Milwaukee Bucks,2,0,0,Missed Shot,Jump Shot,3PT Field Goal,Backcourt,Back Court(BC),Back Court Shot,56,-199,533,1,0,20190107,MIL,UTA
Shot Chart Detail,0021800610,74,1628425,Sterling Brown,1610612749,Milwaukee Bucks,1,6,7,Missed Shot,Jump Shot,3PT Field Goal,Above the Break 3,Right Side Center(RC),24+ ft.,25,127,223,1,0,20190109,HOU,MIL
Shot Chart Detail,0021800610,80,1628425,Sterling Brown,1610612749,Milwaukee Bucks,1,5,28,Made Shot,Jump Shot,3PT Field Goal,Right Corner 3,Right Side(R),24+ ft.,23,237,4,1,1,20190109,HOU,MIL
Shot Chart Detail,0021800610,96,1628425,Sterling Brown,1610612749,Milwaukee Bucks,1,4,18,Missed Shot,Driving Layup Shot,2PT Field Goal,Restricted Area,Center(C),Less Than 8 ft.,2,-16,20,1,0,20190109,HOU,MIL
Shot Chart Detail,0021800610,124,1628425,Sterling Brown,1610612749,Milwaukee Bucks,1,2,18,Made Shot,Running Layup Shot,2PT Field Goal,Restricted Area,Center(C),Less Than 8 ft.,1,9,6,1,1,20190109,HOU,MIL
Shot Chart Detail,0021800610,144,1628425,Sterling Brown,1610612749,Milwaukee Bucks,1,0,40,Missed Shot,Jump Shot,3PT Field Goal,Right Corner 3,Right Side(R),24+ ft.,23,231,1,1,0,20190109,HOU,MIL
Shot Chart Detail,0021800610,443,1628425,Sterling Brown,1610612749,Milwaukee Bucks,3,5,16,Made Shot,Jump Shot,3PT Field Goal,Above the Break 3,Right Side Center(RC),24+ ft.,25,93,240,1,1,20190109,HOU,MIL
Shot Chart Detail,0021800610,447,1628425,Sterling Brown,1610612749,Milwaukee Bucks,3,4,48,Missed Shot,Jump Shot,3PT Field Goal,Left Corner 3,Left Side(L),24+ ft.,23,-231,31,1,0,20190109,HOU,MIL
Shot Chart Detail,0021800610,460,1628425,Sterling Brown,1610612749,Milwaukee Bucks,3,3,44,Made Shot,Driving Floating Bank Jump Shot,2PT Field Goal,In The Paint (Non-RA),Center(C),Less Than 8 ft.,5,32,50,1,1,20190109,HOU,MIL
Shot Chart Detail,0021800610,477,1628425,Sterling Brown,1610612749,Milwaukee Bucks,3,1,53,Missed Shot,Jump Shot,3PT Field Goal,Above the Break 3,Left Side Center(LC),24+ ft.,26,-107,245,1,0,20190109,HOU,MIL
Shot Chart Detail,0021800610,492,1628425,Sterling Brown,1610612749,Milwaukee Bucks,3,1,19,Made Shot,Jump Shot,3PT Field Goal,Right Corner 3,Right Side(R),24+ ft.,23,231,25,1,1,20190109,HOU,MIL
Shot Chart Detail,0021800610,537,1628425,Sterling Brown,1610612749,Milwaukee Bucks,4,11,24,Missed Shot,Jump Shot,3PT Field Goal,Left Corner 3,Left Side(L),24+ ft.,23,-230,30,1,0,20190109,HOU,MIL
Shot Chart Detail,0021800610,630,1628425,Sterling Brown,1610612749,Milwaukee Bucks,4,4,40,Missed Shot,Turnaround Fadeaway Bank Jump Shot,2PT Field Goal,In The Paint (Non-RA),Right Side(R),8-16 ft.,8,76,45,1,0,20190109,HOU,MIL
Shot Chart Detail,0021800622,109,1628425,Sterling Brown,1610612749,Milwaukee Bucks,1,3,40,Made Shot,Driving Layup Shot,2PT Field Goal,Restricted Area,Center(C),Less Than 8 ft.,0,0,8,1,1,20190111,WAS,MIL
Shot Chart Detail,0021800622,137,1628425,Sterling Brown,1610612749,Milwaukee Bucks,1,1,53,Missed Shot,Jump Shot,3PT Field Goal,Above the Break 3,Left Side Center(LC),24+ ft.,26,-175,194,1,0,20190111,WAS,MIL
Shot Chart Detail,0021800622,413,1628425,Sterling Brown,1610612749,Milwaukee Bucks,3,6,0,Made Shot,Putback Layup Shot,2PT Field Goal,Restricted Area,Center(C),Less Than 8 ft.,3,-13,29,1,1,20190111,WAS,MIL
Shot Chart Detail,0021800622,479,1628425,Sterling Brown,1610612749,Milwaukee Bucks,3,1,9,Missed Shot,Cutting Layup Shot,2PT Field Goal,Restricted Area,Center(C),Less Than 8 ft.,3,0,37,1,0,20190111,WAS,MIL
Shot Chart Detail,0021800622,574,1628425,Sterling Brown,1610612749,Milwaukee Bucks,4,5,37,Missed Shot,Jump Shot,3PT Field Goal,Left Corner 3,Left Side(L),24+ ft.,24,-236,52,1,0,20190111,WAS,MIL
Shot Chart Detail,0021800622,591,1628425,Sterling Brown,1610612749,Milwaukee Bucks,4,4,9,Made Shot,Jump Shot,3PT Field Goal,Left Corner 3,Left Side(L),24+ ft.,23,-237,20,1,1,20190111,WAS,MIL
Shot Chart Detail,0021800622,600,1628425,Sterling Brown,1610612749,Milwaukee Bucks,4,3,25,Made Shot,Driving Dunk Shot,2PT Field Goal,Restricted Area,Center(C),Less Than 8 ft.,2,3,24,1,1,20190111,WAS,MIL
Shot Chart Detail,0021800640,135,1628425,Sterling Brown,1610612749,Milwaukee Bucks,1,2,46,Missed Shot,Driving Reverse Layup Shot,2PT Field Goal,Restricted Area,Center(C),Less Than 8 ft.,1,3,11,1,0,20190113,ATL,MIL
Shot Chart Detail,0021800640,484,1628425,Sterling Brown,1610612749,Milwaukee Bucks,3,5,17,Made Shot,Step Back Jump shot,3PT Field Goal,Above the Break 3,Right Side Center(RC),24+ ft.,24,94,230,1,1,20190113,ATL,MIL
Shot Chart Detail,0021800640,539,1628425,Sterling Brown,1610612749,Milwaukee Bucks,3,2,10,Missed Shot,Pullup Jump shot,3PT Field Goal,Above the Break 3,Right Side Center(RC),24+ ft.,25,122,222,1,0,20190113,ATL,MIL
Shot Chart Detail,0021800640,750,1628425,Sterling Brown,1610612749,Milwaukee Bucks,4,2,49,Made Shot,Turnaround Hook Shot,2PT Field Goal,In The Paint (Non-RA),Center(C),8-16 ft.,9,7,93,1,1,20190113,ATL,MIL
Shot Chart Detail,0021800654,109,1628425,Sterling Brown,1610612749,Milwaukee Bucks,1,2,43,Made Shot,Cutting Dunk Shot,2PT Field Goal,Restricted Area,Center(C),Less Than 8 ft.,3,8,34,1,1,20190115,MIL,MIA
Shot Chart Detail,0021800654,420,1628425,Sterling Brown,1610612749,Milwaukee Bucks,3,4,40,Missed Shot,Jump Shot,3PT Field Goal,Above the Break 3,Left Side Center(LC),24+ ft.,27,-181,210,1,0,20190115,MIL,MIA
Shot Chart Detail,0021800654,433,1628425,Sterling Brown,1610612749,Milwaukee Bucks,3,3,13,Missed Shot,Driving Layup Shot,2PT Field Goal,Restricted Area,Center(C),Less Than 8 ft.,2,6,25,1,0,20190115,MIL,MIA
Shot Chart Detail,0021800654,453,1628425,Sterling Brown,1610612749,Milwaukee Bucks,3,2,27,Missed Shot,Driving Layup Shot,2PT Field Goal,Restricted Area,Center(C),Less Than 8 ft.,1,-9,15,1,0,20190115,MIL,MIA
Shot Chart Detail,0021800654,469,1628425,Sterling Brown,1610612749,Milwaukee Bucks,3,0,59,Made Shot,Jump Shot,3PT Field Goal,Above the Break 3,Left Side Center(LC),24+ ft.,25,-237,99,1,1,20190115,MIL,MIA
Shot Chart Detail,0021800654,531,1628425,Sterling Brown,1610612749,Milwaukee Bucks,4,9,31,Missed Shot,Pullup Jump shot,3PT Field Goal,Above the Break 3,Left Side Center(LC),24+ ft.,27,-130,244,1,0,20190115,MIL,MIA
Shot Chart Detail,0021800654,537,1628425,Sterling Brown,1610612749,Milwaukee Bucks,4,9,1,Made Shot,Jump Shot,3PT Field Goal,Right Corner 3,Right Side(R),24+ ft.,22,223,5,1,1,20190115,MIL,MIA
Shot Chart Detail,0021800654,541,1628425,Sterling Brown,1610612749,Milwaukee Bucks,4,8,28,Missed Shot,Jump Shot,3PT Field Goal,Above the Break 3,Center(C),24+ ft.,26,-43,263,1,0,20190115,MIL,MIA
Shot Chart Detail,0021800654,584,1628425,Sterling Brown,1610612749,Milwaukee Bucks,4,4,28,Made Shot,Step Back Jump shot,2PT Field Goal,Mid-Range,Left Side(L),8-16 ft.,13,-138,-14,1,1,20190115,MIL,MIA
Shot Chart Detail,0021800654,613,1628425,Sterling Brown,1610612749,Milwaukee Bucks,4,1,31,Made Shot,Pullup Jump shot,3PT Field Goal,Above the Break 3,Center(C),24+ ft.,27,81,262,1,1,20190115,MIL,MIA
Shot Chart Detail,0021800660,90,1628425,Sterling Brown,1610612749,Milwaukee Bucks,1,5,17,Made Shot,Running Reverse Layup Shot,2PT Field Goal,Restricted Area,Center(C),Less Than 8 ft.,0,1,-1,1,1,20190116,MEM,MIL
Shot Chart Detail,0021800660,177,1628425,Sterling Brown,1610612749,Milwaukee Bucks,1,0,0,Missed Shot,Jump Shot,3PT Field Goal,Above the Break 3,Back Court(BC),Back Court Shot,42,117,413,1,0,20190116,MEM,MIL
Shot Chart Detail,0021800660,459,1628425,Sterling Brown,1610612749,Milwaukee Bucks,3,6,0,Made Shot,Jump Shot,3PT Field Goal,Above the Break 3,Left Side Center(LC),24+ ft.,27,-139,236,1,1,20190116,MEM,MIL
Shot Chart Detail,0021800660,468,1628425,Sterling Brown,1610612749,Milwaukee Bucks,3,5,13,Made Shot,Running Layup Shot,2PT Field Goal,Restricted Area,Center(C),Less Than 8 ft.,0,0,4,1,1,20190116,MEM,MIL
Shot Chart Detail,0021800660,600,1628425,Sterling Brown,1610612749,Milwaukee Bucks,4,7,58,Made Shot,Jump Shot,3PT Field Goal,Above the Break 3,Left Side Center(LC),24+ ft.,26,-88,252,1,1,20190116,MEM,MIL
Shot Chart Detail,0021800682,75,1628425,Sterling Brown,1610612749,Milwaukee Bucks,1,6,6,Made Shot,Jump Shot,3PT Field Goal,Above the Break 3,Left Side Center(LC),24+ ft.,24,-179,168,1,1,20190119,ORL,MIL
Shot Chart Detail,0021800682,427,1628425,Sterling Brown,1610612749,Milwaukee Bucks,3,2,50,Missed Shot,Jump Shot,3PT Field Goal,Above the Break 3,Center(C),24+ ft.,25,68,243,1,0,20190119,ORL,MIL
Shot Chart Detail,0021800694,72,1628425,Sterling Brown,1610612749,Milwaukee Bucks,1,7,0,Made Shot,Running Layup Shot,2PT Field Goal,Restricted Area,Center(C),Less Than 8 ft.,2,-3,22,1,1,20190121,MIL,DAL
Shot Chart Detail,0021800694,433,1628425,Sterling Brown,1610612749,Milwaukee Bucks,3,4,40,Made Shot,Jump Shot,3PT Field Goal,Left Corner 3,Left Side(L),24+ ft.,24,-244,8,1,1,20190121,MIL,DAL
Shot Chart Detail,0021800694,471,1628425,Sterling Brown,1610612749,Milwaukee Bucks,3,1,54,Made Shot,Jump Shot,3PT Field Goal,Above the Break 3,Center(C),24+ ft.,25,26,251,1,1,20190121,MIL,DAL
Shot Chart Detail,0021800694,491,1628425,Sterling Brown,1610612749,Milwaukee Bucks,3,0,29,Made Shot,Jump Shot,3PT Field Goal,Right Corner 3,Right Side(R),24+ ft.,22,223,32,1,1,20190121,MIL,DAL
Shot Chart Detail,0021800727,95,1628425,Sterling Brown,1610612749,Milwaukee Bucks,1,4,30,Made Shot,Tip Layup Shot,2PT Field Goal,Restricted Area,Center(C),Less Than 8 ft.,1,-3,13,1,1,20190125,MIL,CHA
Shot Chart Detail,0021800727,231,1628425,Sterling Brown,1610612749,Milwaukee Bucks,2,6,28,Missed Shot,Driving Layup Shot,2PT Field Goal,Restricted Area,Center(C),Less Than 8 ft.,2,2,20,1,0,20190125,MIL,CHA
Shot Chart Detail,0021800727,274,1628425,Sterling Brown,1610612749,Milwaukee Bucks,2,3,50,Missed Shot,Jump Shot,3PT Field Goal,Right Corner 3,Right Side(R),24+ ft.,24,242,51,1,0,20190125,MIL,CHA
Shot Chart Detail,0021800727,437,1628425,Sterling Brown,1610612749,Milwaukee Bucks,3,4,11,Missed Shot,Jump Shot,3PT Field Goal,Above the Break 3,Right Side Center(RC),24+ ft.,26,93,251,1,0,20190125,MIL,CHA
Shot Chart Detail,0021800727,482,1628425,Sterling Brown,1610612749,Milwaukee Bucks,3,1,35,Made Shot,Driving Layup Shot,2PT Field Goal,In The Paint (Non-RA),Center(C),Less Than 8 ft.,7,41,64,1,1,20190125,MIL,CHA
Shot Chart Detail,0021800738,74,1628425,Sterling Brown,1610612749,Milwaukee Bucks,1,6,7,Missed Shot,Tip Layup Shot,2PT Field Goal,Restricted Area,Center(C),Less Than 8 ft.,1,-9,14,1,0,20190127,OKC,MIL
Shot Chart Detail,0021800738,463,1628425,Sterling Brown,1610612749,Milwaukee Bucks,3,3,29,Missed Shot,Driving Layup Shot,2PT Field Goal,Restricted Area,Center(C),Less Than 8 ft.,0,6,1,1,0,20190127,OKC,MIL
Shot Chart Detail,0021800738,498,1628425,Sterling Brown,1610612749,Milwaukee Bucks,3,1,51,Made Shot,Running Jump Shot,3PT Field Goal,Left Corner 3,Left Side(L),24+ ft.,23,-231,28,1,1,20190127,OKC,MIL
Shot Chart Detail,0021800738,560,1628425,Sterling Brown,1610612749,Milwaukee Bucks,4,10,29,Missed Shot,Jump Shot,3PT Field Goal,Above the Break 3,Left Side Center(LC),24+ ft.,25,-79,243,1,0,20190127,OKC,MIL
Shot Chart Detail,0021800738,565,1628425,Sterling Brown,1610612749,Milwaukee Bucks,4,9,49,Missed Shot,Driving Layup Shot,2PT Field Goal,Restricted Area,Center(C),Less Than 8 ft.,3,37,12,1,0,20190127,OKC,MIL
Shot Chart Detail,0021800738,619,1628425,Sterling Brown,1610612749,Milwaukee Bucks,4,6,52,Missed Shot,Driving Layup Shot,2PT Field Goal,Restricted Area,Center(C),Less Than 8 ft.,2,-12,21,1,0,20190127,OKC,MIL
Shot Chart Detail,0021800738,686,1628425,Sterling Brown,1610612749,Milwaukee Bucks,4,2,29,Made Shot,Cutting Layup Shot,2PT Field Goal,Restricted Area,Center(C),Less Than 8 ft.,0,0,2,1,1,20190127,OKC,MIL
Shot Chart Detail,0021800766,438,1628425,Sterling Brown,1610612749,Milwaukee Bucks,3,4,0,Missed Shot,Jump Shot,3PT Field Goal,Right Corner 3,Right Side(R),24+ ft.,23,234,19,1,0,20190131,TOR,MIL
Shot Chart Detail,0021800778,109,1628425,Sterling Brown,1610612749,Milwaukee Bucks,1,4,16,Missed Shot,Jump Shot,3PT Field Goal,Above the Break 3,Left Side Center(LC),24+ ft.,25,-188,179,1,0,20190202,WAS,MIL
Shot Chart Detail,0021800778,234,1628425,Sterling Brown,1610612749,Milwaukee Bucks,2,7,47,Made Shot,Jump Shot,3PT Field Goal,Left Corner 3,Left Side(L),24+ ft.,23,-232,25,1,1,20190202,WAS,MIL
Shot Chart Detail,0021800778,279,1628425,Sterling Brown,1610612749,Milwaukee Bucks,2,4,28,Missed Shot,Jump Shot,3PT Field Goal,Above the Break 3,Right Side Center(RC),24+ ft.,24,222,92,1,0,20190202,WAS,MIL
Shot Chart Detail,0021800778,464,1628425,Sterling Brown,1610612749,Milwaukee Bucks,3,5,46,Missed Shot,Layup Shot,2PT Field Goal,Restricted Area,Center(C),Less Than 8 ft.,2,19,15,1,0,20190202,WAS,MIL
Shot Chart Detail,0021800778,478,1628425,Sterling Brown,1610612749,Milwaukee Bucks,3,4,57,Missed Shot,Pullup Jump shot,2PT Field Goal,Mid-Range,Right Side Center(RC),16-24 ft.,17,57,162,1,0,20190202,WAS,MIL
Shot Chart Detail,0021800778,661,1628425,Sterling Brown,1610612749,Milwaukee Bucks,4,2,56,Missed Shot,Jump Shot,3PT Field Goal,Above the Break 3,Right Side Center(RC),24+ ft.,27,190,195,1,0,20190202,WAS,MIL
Shot Chart Detail,0021800778,695,1628425,Sterling Brown,1610612749,Milwaukee Bucks,4,0,11,Missed Shot,Jump Shot,3PT Field Goal,Above the Break 3,Right Side Center(RC),24+ ft.,26,181,200,1,0,20190202,WAS,MIL
Shot Chart Detail,0021800792,138,1628425,Sterling Brown,1610612749,Milwaukee Bucks,1,3,29,Missed Shot,Jump Shot,3PT Field Goal,Right Corner 3,Right Side(R),24+ ft.,23,231,59,1,0,20190204,BKN,MIL
Shot Chart Detail,0021800792,526,1628425,Sterling Brown,1610612749,Milwaukee Bucks,3,2,39,Made Shot,Layup Shot,2PT Field Goal,Restricted Area,Center(C),Less Than 8 ft.,0,-6,5,1,1,20190204,BKN,MIL
Shot Chart Detail,0021800792,731,1628425,Sterling Brown,1610612749,Milwaukee Bucks,4,1,32,Missed Shot,Jump Shot,3PT Field Goal,Above the Break 3,Right Side Center(RC),24+ ft.,25,105,232,1,0,20190204,BKN,MIL
Shot Chart Detail,0021800806,135,1628425,Sterling Brown,1610612749,Milwaukee Bucks,1,1,57,Made Shot,Fadeaway Jump Shot,2PT Field Goal,Mid-Range,Left Side(L),8-16 ft.,13,-135,8,1,1,20190206,MIL,WAS
Shot Chart Detail,0021800806,433,1628425,Sterling Brown,1610612749,Milwaukee Bucks,3,4,44,Made Shot,Jump Shot,3PT Field Goal,Above the Break 3,Left Side Center(LC),24+ ft.,27,-109,254,1,1,20190206,MIL,WAS
Shot Chart Detail,0021800806,463,1628425,Sterling Brown,1610612749,Milwaukee Bucks,3,2,3,Missed Shot,Pullup Jump shot,3PT Field Goal,Above the Break 3,Left Side Center(LC),24+ ft.,26,-215,153,1,0,20190206,MIL,WAS
Shot Chart Detail,0021800821,85,1628425,Sterling Brown,1610612749,Milwaukee Bucks,1,4,52,Missed Shot,Driving Layup Shot,2PT Field Goal,Restricted Area,Center(C),Less Than 8 ft.,1,-11,12,1,0,20190208,DAL,MIL
Shot Chart Detail,0021800821,91,1628425,Sterling Brown,1610612749,Milwaukee Bucks,1,4,40,Made Shot,Jump Shot,3PT Field Goal,Right Corner 3,Right Side(R),24+ ft.,23,231,43,1,1,20190208,DAL,MIL
Shot Chart Detail,0021800821,204,1628425,Sterling Brown,1610612749,Milwaukee Bucks,2,9,31,Made Shot,Driving Layup Shot,2PT Field Goal,Restricted Area,Center(C),Less Than 8 ft.,0,6,-6,1,1,20190208,DAL,MIL
Shot Chart Detail,0021800821,229,1628425,Sterling Brown,1610612749,Milwaukee Bucks,2,7,20,Made Shot,Jump Shot,3PT Field Goal,Above the Break 3,Right Side Center(RC),24+ ft.,24,200,142,1,1,20190208,DAL,MIL
Shot Chart Detail,0021800821,413,1628425,Sterling Brown,1610612749,Milwaukee Bucks,3,6,22,Missed Shot,Jump Shot,3PT Field Goal,Right Corner 3,Right Side(R),24+ ft.,22,229,15,1,0,20190208,DAL,MIL
Shot Chart Detail,0021800821,588,1628425,Sterling Brown,1610612749,Milwaukee Bucks,4,6,28,Missed Shot,Jump Shot,3PT Field Goal,Left Corner 3,Left Side(L),24+ ft.,22,-228,-4,1,0,20190208,DAL,MIL
Shot Chart Detail,0021800821,609,1628425,Sterling Brown,1610612749,Milwaukee Bucks,4,4,23,Made Shot,Running Finger Roll Layup Shot,2PT Field Goal,Restricted Area,Center(C),Less Than 8 ft.,2,20,9,1,1,20190208,DAL,MIL
Shot Chart Detail,0021800821,638,1628425,Sterling Brown,1610612749,Milwaukee Bucks,4,2,45,Missed Shot,Driving Floating Bank Jump Shot,2PT Field Goal,In The Paint (Non-RA),Center(C),Less Than 8 ft.,4,35,21,1,0,20190208,DAL,MIL
Shot Chart Detail,0021800833,56,1628425,Sterling Brown,1610612749,Milwaukee Bucks,1,6,56,Missed Shot,Jump Shot,3PT Field Goal,Above the Break 3,Left Side Center(LC),24+ ft.,24,-210,125,1,0,20190209,MIL,ORL
Shot Chart Detail,0021800833,73,1628425,Sterling Brown,1610612749,Milwaukee Bucks,1,5,3,Missed Shot,Driving Layup Shot,2PT Field Goal,Restricted Area,Center(C),Less Than 8 ft.,2,7,24,1,0,20190209,MIL,ORL
Shot Chart Detail,0021800833,104,1628425,Sterling Brown,1610612749,Milwaukee Bucks,1,3,22,Missed Shot,Jump Shot,3PT Field Goal,Above the Break 3,Right Side Center(RC),24+ ft.,26,239,115,1,0,20190209,MIL,ORL
Shot Chart Detail,0021800843,100,1628425,Sterling Brown,1610612749,Milwaukee Bucks,1,3,53,Missed Shot,Jump Shot,3PT Field Goal,Above the Break 3,Right Side Center(RC),24+ ft.,24,230,94,1,0,20190211,CHI,MIL
Shot Chart Detail,0021800843,137,1628425,Sterling Brown,1610612749,Milwaukee Bucks,1,1,34,Missed Shot,Tip Layup Shot,2PT Field Goal,Restricted Area,Center(C),Less Than 8 ft.,1,11,3,1,0,20190211,CHI,MIL
Shot Chart Detail,0021800843,232,1628425,Sterling Brown,1610612749,Milwaukee Bucks,2,6,57,Made Shot,Driving Layup Shot,2PT Field Goal,Restricted Area,Center(C),Less Than 8 ft.,2,-26,8,1,1,20190211,CHI,MIL
Shot Chart Detail,0021800843,273,1628425,Sterling Brown,1610612749,Milwaukee Bucks,2,4,33,Made Shot,Layup Shot,2PT Field Goal,Restricted Area,Center(C),Less Than 8 ft.,2,17,15,1,1,20190211,CHI,MIL
Shot Chart Detail,0021800843,277,1628425,Sterling Brown,1610612749,Milwaukee Bucks,2,4,10,Missed Shot,Jump Shot,2PT Field Goal,Mid-Range,Right Side(R),8-16 ft.,9,90,-12,1,0,20190211,CHI,MIL
Shot Chart Detail,0021800843,414,1628425,Sterling Brown,1610612749,Milwaukee Bucks,3,5,46,Missed Shot,Jump Shot,3PT Field Goal,Right Corner 3,Right Side(R),24+ ft.,22,225,-6,1,0,20190211,CHI,MIL
Shot Chart Detail,0021800870,101,1628425,Sterling Brown,1610612749,Milwaukee Bucks,1,4,38,Missed Shot,Jump Shot,3PT Field Goal,Left Corner 3,Left Side(L),24+ ft.,24,-244,41,1,0,20190221,MIL,BOS
Shot Chart Detail,0021800891,120,1628425,Sterling Brown,1610612749,Milwaukee Bucks,1,3,6,Made Shot,Driving Layup Shot,2PT Field Goal,Restricted Area,Center(C),Less Than 8 ft.,0,2,9,1,1,20190223,MIL,MIN
Shot Chart Detail,0021800891,684,1628425,Sterling Brown,1610612749,Milwaukee Bucks,4,0,5,Made Shot,Driving Layup Shot,2PT Field Goal,Restricted Area,Center(C),Less Than 8 ft.,0,-3,7,1,1,20190223,MIL,MIN
Shot Chart Detail,0021801085,134,1628425,Sterling Brown,1610612749,Milwaukee Bucks,1,0,56,Missed Shot,Cutting Layup Shot,2PT Field Goal,Restricted Area,Center(C),Less Than 8 ft.,2,5,22,1,0,20190322,MIL,MIA
Shot Chart Detail,0021801085,145,1628425,Sterling Brown,1610612749,Milwaukee Bucks,1,0,34,Made Shot,Running Layup Shot,2PT Field Goal,Restricted Area,Center(C),Less Than 8 ft.,2,11,26,1,1,20190322,MIL,MIA
Shot Chart Detail,0021801085,172,1628425,Sterling Brown,1610612749,Milwaukee Bucks,2,9,52,Missed Shot,Jump Shot,3PT Field Goal,Right Corner 3,Right Side(R),24+ ft.,24,242,26,1,0,20190322,MIL,MIA
Shot Chart Detail,0021801085,493,1628425,Sterling Brown,1610612749,Milwaukee Bucks,3,1,24,Made Shot,Running Layup Shot,2PT Field Goal,Restricted Area,Center(C),Less Than 8 ft.,1,-6,8,1,1,20190322,MIL,MIA
Shot Chart Detail,0021801085,555,1628425,Sterling Brown,1610612749,Milwaukee Bucks,4,10,16,Missed Shot,Tip Dunk Shot,2PT Field Goal,Restricted Area,Center(C),Less Than 8 ft.,0,0,-6,1,0,20190322,MIL,MIA
Shot Chart Detail,0021801085,677,1628425,Sterling Brown,1610612749,Milwaukee Bucks,4,1,31,Missed Shot,Layup Shot,2PT Field Goal,In The Paint (Non-RA),Center(C),Less Than 8 ft.,4,0,43,1,0,20190322,MIL,MIA
Shot Chart Detail,0021801096,104,1628425,Sterling Brown,1610612749,Milwaukee Bucks,1,3,22,Missed Shot,Pullup Jump shot,3PT Field Goal,Above the Break 3,Right Side Center(RC),24+ ft.,25,145,212,1,0,20190324,MIL,CLE
Shot Chart Detail,0021801096,130,1628425,Sterling Brown,1610612749,Milwaukee Bucks,1,1,10,Made Shot,Running Reverse Layup Shot,2PT Field Goal,Restricted Area,Center(C),Less Than 8 ft.,0,0,7,1,1,20190324,MIL,CLE
Shot Chart Detail,0021801096,162,1628425,Sterling Brown,1610612749,Milwaukee Bucks,2,11,26,Made Shot,Jump Shot,3PT Field Goal,Left Corner 3,Left Side(L),24+ ft.,24,-240,0,1,1,20190324,MIL,CLE
Shot Chart Detail,0021801096,459,1628425,Sterling Brown,1610612749,Milwaukee Bucks,3,1,54,Missed Shot,Running Layup Shot,2PT Field Goal,Restricted Area,Center(C),Less Than 8 ft.,2,-9,24,1,0,20190324,MIL,CLE
Shot Chart Detail,0021801096,500,1628425,Sterling Brown,1610612749,Milwaukee Bucks,4,9,39,Made Shot,Driving Dunk Shot,2PT Field Goal,Restricted Area,Center(C),Less Than 8 ft.,3,-4,35,1,1,20190324,MIL,CLE
Shot Chart Detail,0021801096,513,1628425,Sterling Brown,1610612749,Milwaukee Bucks,4,8,41,Missed Shot,Running Layup Shot,2PT Field Goal,Restricted Area,Center(C),Less Than 8 ft.,3,7,31,1,0,20190324,MIL,CLE
Shot Chart Detail,0021801096,638,1628425,Sterling Brown,1610612749,Milwaukee Bucks,4,1,19,Made Shot,Driving Layup Shot,2PT Field Goal,Restricted Area,Center(C),Less Than 8 ft.,2,14,20,1,1,20190324,MIL,CLE
Shot Chart Detail,0021801096,651,1628425,Sterling Brown,1610612749,Milwaukee Bucks,4,1,1,Made Shot,Jump Shot,3PT Field Goal,Above the Break 3,Right Side Center(RC),24+ ft.,27,203,185,1,1,20190324,MIL,CLE
Shot Chart Detail,0021801111,28,1628425,Sterling Brown,1610612749,Milwaukee Bucks,1,9,33,Made Shot,Layup Shot,2PT Field Goal,Restricted Area,Center(C),Less Than 8 ft.,2,-2,22,1,1,20190326,MIL,HOU
Shot Chart Detail,0021801111,37,1628425,Sterling Brown,1610612749,Milwaukee Bucks,1,8,56,Missed Shot,Jump Shot,3PT Field Goal,Left Corner 3,Left Side(L),24+ ft.,22,-221,17,1,0,20190326,MIL,HOU
Shot Chart Detail,0021801111,190,1628425,Sterling Brown,1610612749,Milwaukee Bucks,2,9,30,Made Shot,Driving Layup Shot,2PT Field Goal,Restricted Area,Center(C),Less Than 8 ft.,1,5,16,1,1,20190326,MIL,HOU
Shot Chart Detail,0021801111,207,1628425,Sterling Brown,1610612749,Milwaukee Bucks,2,8,15,Missed Shot,Jump Shot,3PT Field Goal,Above the Break 3,Right Side Center(RC),24+ ft.,26,88,248,1,0,20190326,MIL,HOU
Shot Chart Detail,0021801111,349,1628425,Sterling Brown,1610612749,Milwaukee Bucks,3,10,38,Made Shot,Cutting Layup Shot,2PT Field Goal,Restricted Area,Center(C),Less Than 8 ft.,1,-6,10,1,1,20190326,MIL,HOU
Shot Chart Detail,0021801111,393,1628425,Sterling Brown,1610612749,Milwaukee Bucks,3,6,58,Missed Shot,Driving Layup Shot,2PT Field Goal,Restricted Area,Center(C),Less Than 8 ft.,2,2,29,1,0,20190326,MIL,HOU
Shot Chart Detail,0021801111,492,1628425,Sterling Brown,1610612749,Milwaukee Bucks,3,0,10,Made Shot,Running Reverse Layup Shot,2PT Field Goal,Restricted Area,Center(C),Less Than 8 ft.,1,9,15,1,1,20190326,MIL,HOU
Shot Chart Detail,0021801111,551,1628425,Sterling Brown,1610612749,Milwaukee Bucks,4,8,27,Missed Shot,Layup Shot,2PT Field Goal,Restricted Area,Center(C),Less Than 8 ft.,1,3,13,1,0,20190326,MIL,HOU
Shot Chart Detail,0021801127,17,1628425,Sterling Brown,1610612749,Milwaukee Bucks,1,10,45,Missed Shot,Jump Shot,3PT Field Goal,Above the Break 3,Right Side Center(RC),24+ ft.,26,231,130,1,0,20190328,MIL,LAC
Shot Chart Detail,0021801127,55,1628425,Sterling Brown,1610612749,Milwaukee Bucks,1,6,32,Made Shot,Reverse Layup Shot,2PT Field Goal,Restricted Area,Center(C),Less Than 8 ft.,1,13,13,1,1,20190328,MIL,LAC
Shot Chart Detail,0021801127,167,1628425,Sterling Brown,1610612749,Milwaukee Bucks,2,10,31,Made Shot,Jump Shot,3PT Field Goal,Right Corner 3,Right Side(R),24+ ft.,24,241,47,1,1,20190328,MIL,LAC
Shot Chart Detail,0021801127,182,1628425,Sterling Brown,1610612749,Milwaukee Bucks,2,9,2,Missed Shot,Jump Shot,3PT Field Goal,Above the Break 3,Right Side Center(RC),24+ ft.,26,154,214,1,0,20190328,MIL,LAC
Shot Chart Detail,0021801127,209,1628425,Sterling Brown,1610612749,Milwaukee Bucks,2,7,36,Made Shot,Jump Shot,3PT Field Goal,Right Corner 3,Right Side(R),24+ ft.,25,244,56,1,1,20190328,MIL,LAC
Shot Chart Detail,0021801127,302,1628425,Sterling Brown,1610612749,Milwaukee Bucks,2,1,15,Made Shot,Driving Layup Shot,2PT Field Goal,Restricted Area,Center(C),Less Than 8 ft.,1,0,17,1,1,20190328,MIL,LAC
Shot Chart Detail,0021801127,361,1628425,Sterling Brown,1610612749,Milwaukee Bucks,3,8,55,Missed Shot,Layup Shot,2PT Field Goal,Restricted Area,Center(C),Less Than 8 ft.,1,0,13,1,0,20190328,MIL,LAC
Shot Chart Detail,0021801127,378,1628425,Sterling Brown,1610612749,Milwaukee Bucks,3,7,29,Made Shot,Driving Layup Shot,2PT Field Goal,Restricted Area,Center(C),Less Than 8 ft.,2,-2,28,1,1,20190328,MIL,LAC
Shot Chart Detail,0021801127,498,1628425,Sterling Brown,1610612749,Milwaukee Bucks,4,11,38,Made Shot,Jump Shot,3PT Field Goal,Above the Break 3,Right Side Center(RC),24+ ft.,26,96,243,1,1,20190328,MIL,LAC
Shot Chart Detail,0021801127,543,1628425,Sterling Brown,1610612749,Milwaukee Bucks,4,8,18,Missed Shot,Jump Shot,3PT Field Goal,Above the Break 3,Left Side Center(LC),24+ ft.,25,-106,237,1,0,20190328,MIL,LAC
Shot Chart Detail,0021801145,7,1628425,Sterling Brown,1610612749,Milwaukee Bucks,1,11,43,Made Shot,Jump Shot,3PT Field Goal,Above the Break 3,Right Side Center(RC),24+ ft.,25,131,215,1,1,20190331,ATL,MIL
Shot Chart Detail,0021801145,22,1628425,Sterling Brown,1610612749,Milwaukee Bucks,1,10,15,Made Shot,Jump Shot,3PT Field Goal,Above the Break 3,Left Side Center(LC),24+ ft.,24,-172,181,1,1,20190331,ATL,MIL
Shot Chart Detail,0021801145,46,1628425,Sterling Brown,1610612749,Milwaukee Bucks,1,7,54,Made Shot,Jump Shot,3PT Field Goal,Above the Break 3,Left Side Center(LC),24+ ft.,24,-214,128,1,1,20190331,ATL,MIL
Shot Chart Detail,0021801145,143,1628425,Sterling Brown,1610612749,Milwaukee Bucks,1,1,46,Made Shot,Jump Shot,3PT Field Goal,Above the Break 3,Right Side Center(RC),24+ ft.,24,222,111,1,1,20190331,ATL,MIL
Shot Chart Detail,0021801145,339,1628425,Sterling Brown,1610612749,Milwaukee Bucks,2,0,14,Missed Shot,Driving Layup Shot,2PT Field Goal,Restricted Area,Center(C),Less Than 8 ft.,1,5,11,1,0,20190331,ATL,MIL
Shot Chart Detail,0021801145,384,1628425,Sterling Brown,1610612749,Milwaukee Bucks,3,9,44,Missed Shot,Pullup Jump shot,3PT Field Goal,Above the Break 3,Right Side Center(RC),24+ ft.,25,145,208,1,0,20190331,ATL,MIL
Shot Chart Detail,0021801145,419,1628425,Sterling Brown,1610612749,Milwaukee Bucks,3,7,34,Missed Shot,Driving Layup Shot,2PT Field Goal,Restricted Area,Center(C),Less Than 8 ft.,1,12,9,1,0,20190331,ATL,MIL
Shot Chart Detail,0021801145,430,1628425,Sterling Brown,1610612749,Milwaukee Bucks,3,6,46,Missed Shot,Pullup Jump shot,3PT Field Goal,Mid-Range,Left Side(L),16-24 ft.,21,-218,1,1,0,20190331,ATL,MIL
Shot Chart Detail,0021801145,521,1628425,Sterling Brown,1610612749,Milwaukee Bucks,3,0,28,Made Shot,Jump Shot,3PT Field Goal,Right Corner 3,Right Side(R),24+ ft.,22,223,17,1,1,20190331,ATL,MIL
Shot Chart Detail,0021801145,545,1628425,Sterling Brown,1610612749,Milwaukee Bucks,4,11,0,Missed Shot,Jump Shot,3PT Field Goal,Above the Break 3,Left Side Center(LC),24+ ft.,25,-128,216,1,0,20190331,ATL,MIL
Shot Chart Detail,0021801145,697,1628425,Sterling Brown,1610612749,Milwaukee Bucks,4,8,51,Missed Shot,Layup Shot,2PT Field Goal,Restricted Area,Center(C),Less Than 8 ft.,1,5,15,1,0,20190331,ATL,MIL
Shot Chart Detail,0021801145,563,1628425,Sterling Brown,1610612749,Milwaukee Bucks,4,8,50,Made Shot,Putback Layup Shot,2PT Field Goal,Restricted Area,Center(C),Less Than 8 ft.,1,-5,9,1,1,20190331,ATL,MIL
Shot Chart Detail,0021801145,645,1628425,Sterling Brown,1610612749,Milwaukee Bucks,4,3,38,Made Shot,Driving Layup Shot,2PT Field Goal,Restricted Area,Center(C),Less Than 8 ft.,1,-4,11,1,1,20190331,ATL,MIL
Shot Chart Detail,0021801145,659,1628425,Sterling Brown,1610612749,Milwaukee Bucks,4,3,2,Missed Shot,Running Layup Shot,2PT Field Goal,In The Paint (Non-RA),Center(C),Less Than 8 ft.,5,8,56,1,0,20190331,ATL,MIL
Shot Chart Detail,0021801145,663,1628425,Sterling Brown,1610612749,Milwaukee Bucks,4,2,54,Missed Shot,Jump Shot,3PT Field Goal,Above the Break 3,Right Side Center(RC),24+ ft.,25,133,215,1,0,20190331,ATL,MIL
Shot Chart Detail,0021801145,671,1628425,Sterling Brown,1610612749,Milwaukee Bucks,4,1,56,Made Shot,Running Layup Shot,2PT Field Goal,Restricted Area,Center(C),Less Than 8 ft.,1,12,9,1,1,20190331,ATL,MIL
Shot Chart Detail,0021801145,678,1628425,Sterling Brown,1610612749,Milwaukee Bucks,4,1,12,Made Shot,Driving Layup Shot,2PT Field Goal,Restricted Area,Center(C),Less Than 8 ft.,1,0,10,1,1,20190331,ATL,MIL
Shot Chart Detail,0021801145,693,1628425,Sterling Brown,1610612749,Milwaukee Bucks,4,0,30,Missed Shot,Driving Layup Shot,2PT Field Goal,Restricted Area,Center(C),Less Than 8 ft.,0,0,8,1,0,20190331,ATL,MIL
Shot Chart Detail,0021801145,707,1628425,Sterling Brown,1610612749,Milwaukee Bucks,4,0,2,Missed Shot,Pullup Jump shot,2PT Field Goal,Mid-Range,Right Side Center(RC),16-24 ft.,20,73,189,1,0,20190331,ATL,MIL
Shot Chart Detail,0021801145,719,1628425,Sterling Brown,1610612749,Milwaukee Bucks,5,4,35,Missed Shot,Jump Shot,3PT Field Goal,Right Corner 3,Right Side(R),24+ ft.,23,229,46,1,0,20190331,ATL,MIL
Shot Chart Detail,0021801145,777,1628425,Sterling Brown,1610612749,Milwaukee Bucks,5,0,25,Missed Shot,Pullup Jump shot,2PT Field Goal,Mid-Range,Center(C),16-24 ft.,18,-8,187,1,0,20190331,ATL,MIL
Shot Chart Detail,0021801145,785,1628425,Sterling Brown,1610612749,Milwaukee Bucks,5,0,1,Made Shot,Driving Layup Shot,2PT Field Goal,Restricted Area,Center(C),Less Than 8 ft.,1,2,10,1,1,20190331,ATL,MIL
Shot Chart Detail,0021801154,19,1628425,Sterling Brown,1610612749,Milwaukee Bucks,1,10,43,Made Shot,Cutting Layup Shot,2PT Field Goal,Restricted Area,Center(C),Less Than 8 ft.,2,27,11,1,1,20190401,BKN,MIL
Shot Chart Detail,0021801154,61,1628425,Sterling Brown,1610612749,Milwaukee Bucks,1,7,56,Made Shot,Running Layup Shot,2PT Field Goal,Restricted Area,Center(C),Less Than 8 ft.,1,8,15,1,1,20190401,BKN,MIL
Shot Chart Detail,0021801154,127,1628425,Sterling Brown,1610612749,Milwaukee Bucks,1,3,20,Made Shot,Driving Layup Shot,2PT Field Goal,Restricted Area,Center(C),Less Than 8 ft.,2,-18,15,1,1,20190401,BKN,MIL
Shot Chart Detail,0021801154,131,1628425,Sterling Brown,1610612749,Milwaukee Bucks,1,2,59,Made Shot,Jump Shot,3PT Field Goal,Above the Break 3,Right Side Center(RC),24+ ft.,26,182,199,1,1,20190401,BKN,MIL
Shot Chart Detail,0021801154,229,1628425,Sterling Brown,1610612749,Milwaukee Bucks,2,8,56,Missed Shot,Layup Shot,2PT Field Goal,Restricted Area,Center(C),Less Than 8 ft.,1,-11,12,1,0,20190401,BKN,MIL
Shot Chart Detail,0021801154,252,1628425,Sterling Brown,1610612749,Milwaukee Bucks,2,8,5,Missed Shot,Jump Shot,3PT Field Goal,Left Corner 3,Left Side(L),24+ ft.,23,-229,31,1,0,20190401,BKN,MIL
Shot Chart Detail,0021801154,410,1628425,Sterling Brown,1610612749,Milwaukee Bucks,2,0,1,Missed Shot,Running Pull-Up Jump Shot,3PT Field Goal,Backcourt,Back Court(BC),Back Court Shot,48,-204,440,1,0,20190401,BKN,MIL
Shot Chart Detail,0021801154,452,1628425,Sterling Brown,1610612749,Milwaukee Bucks,3,10,0,Missed Shot,Driving Layup Shot,2PT Field Goal,Restricted Area,Center(C),Less Than 8 ft.,3,-38,10,1,0,20190401,BKN,MIL
Shot Chart Detail,0021801154,462,1628425,Sterling Brown,1610612749,Milwaukee Bucks,3,9,40,Missed Shot,Pullup Jump shot,3PT Field Goal,Above the Break 3,Left Side Center(LC),24+ ft.,25,-101,232,1,0,20190401,BKN,MIL
Shot Chart Detail,0021801154,474,1628425,Sterling Brown,1610612749,Milwaukee Bucks,3,8,18,Made Shot,Driving Finger Roll Layup Shot,2PT Field Goal,Restricted Area,Center(C),Less Than 8 ft.,1,-13,14,1,1,20190401,BKN,MIL
Shot Chart Detail,0021801154,732,1628425,Sterling Brown,1610612749,Milwaukee Bucks,4,2,59,Made Shot,Driving Layup Shot,2PT Field Goal,Restricted Area,Center(C),Less Than 8 ft.,0,9,0,1,1,20190401,BKN,MIL
Shot Chart Detail,0021801177,61,1628425,Sterling Brown,1610612749,Milwaukee Bucks,1,8,9,Missed Shot,Driving Layup Shot,2PT Field Goal,Restricted Area,Center(C),Less Than 8 ft.,1,12,14,1,0,20190404,PHI,MIL
Shot Chart Detail,0021801177,90,1628425,Sterling Brown,1610612749,Milwaukee Bucks,1,6,20,Missed Shot,Pullup Jump shot,3PT Field Goal,Above the Break 3,Right Side Center(RC),24+ ft.,26,168,205,1,0,20190404,PHI,MIL
Shot Chart Detail,0021801177,116,1628425,Sterling Brown,1610612749,Milwaukee Bucks,1,4,25,Missed Shot,Driving Layup Shot,2PT Field Goal,In The Paint (Non-RA),Center(C),Less Than 8 ft.,7,-70,16,1,0,20190404,PHI,MIL
Shot Chart Detail,0021801177,281,1628425,Sterling Brown,1610612749,Milwaukee Bucks,2,6,48,Missed Shot,Driving Floating Bank Jump Shot,2PT Field Goal,In The Paint (Non-RA),Center(C),Less Than 8 ft.,6,36,57,1,0,20190404,PHI,MIL
Shot Chart Detail,0021801177,284,1628425,Sterling Brown,1610612749,Milwaukee Bucks,2,6,23,Made Shot,Pullup Jump shot,2PT Field Goal,Mid-Range,Center(C),16-24 ft.,16,20,159,1,1,20190404,PHI,MIL
Shot Chart Detail,0021801177,361,1628425,Sterling Brown,1610612749,Milwaukee Bucks,2,1,18,Missed Shot,Jump Shot,3PT Field Goal,Right Corner 3,Right Side(R),24+ ft.,23,229,64,1,0,20190404,PHI,MIL
Shot Chart Detail,0021801177,372,1628425,Sterling Brown,1610612749,Milwaukee Bucks,2,0,23,Made Shot,Jump Shot,3PT Field Goal,Left Corner 3,Left Side(L),24+ ft.,23,-236,16,1,1,20190404,PHI,MIL
Shot Chart Detail,0021801177,449,1628425,Sterling Brown,1610612749,Milwaukee Bucks,3,6,47,Missed Shot,Jump Bank Shot,2PT Field Goal,Restricted Area,Center(C),Less Than 8 ft.,3,10,29,1,0,20190404,PHI,MIL
Shot Chart Detail,0021801177,667,1628425,Sterling Brown,1610612749,Milwaukee Bucks,4,5,2,Made Shot,Running Dunk Shot,2PT Field Goal,Restricted Area,Center(C),Less Than 8 ft.,0,-1,4,1,1,20190404,PHI,MIL
Shot Chart Detail,0021801177,679,1628425,Sterling Brown,1610612749,Milwaukee Bucks,4,4,25,Made Shot,Turnaround Fadeaway Bank Jump Shot,2PT Field Goal,In The Paint (Non-RA),Center(C),Less Than 8 ft.,4,29,34,1,1,20190404,PHI,MIL
Shot Chart Detail,0021801177,693,1628425,Sterling Brown,1610612749,Milwaukee Bucks,4,3,35,Missed Shot,Finger Roll Layup Shot,2PT Field Goal,Restricted Area,Center(C),Less Than 8 ft.,3,8,33,1,0,20190404,PHI,MIL
Shot Chart Detail,0021801177,743,1628425,Sterling Brown,1610612749,Milwaukee Bucks,4,0,40,Made Shot,Running Reverse Layup Shot,2PT Field Goal,Restricted Area,Center(C),Less Than 8 ft.,1,-18,4,1,1,20190404,PHI,MIL
Shot Chart Detail,0021801193,17,1628425,Sterling Brown,1610612749,Milwaukee Bucks,1,10,33,Missed Shot,Running Layup Shot,2PT Field Goal,Restricted Area,Center(C),Less Than 8 ft.,2,9,20,1,0,20190406,MIL,BKN
Shot Chart Detail,0021801193,49,1628425,Sterling Brown,1610612749,Milwaukee Bucks,1,8,14,Made Shot,Running Dunk Shot,2PT Field Goal,Restricted Area,Center(C),Less Than 8 ft.,1,5,16,1,1,20190406,MIL,BKN
Shot Chart Detail,0021801193,300,1628425,Sterling Brown,1610612749,Milwaukee Bucks,2,1,55,Made Shot,Jump Shot,3PT Field Goal,Left Corner 3,Left Side(L),24+ ft.,24,-235,54,1,1,20190406,MIL,BKN
Shot Chart Detail,0021801193,375,1628425,Sterling Brown,1610612749,Milwaukee Bucks,3,9,12,Made Shot,Driving Layup Shot,2PT Field Goal,In The Paint (Non-RA),Center(C),Less Than 8 ft.,6,32,62,1,1,20190406,MIL,BKN
Shot Chart Detail,0021801193,379,1628425,Sterling Brown,1610612749,Milwaukee Bucks,3,8,47,Missed Shot,Jump Shot,3PT Field Goal,Above the Break 3,Left Side Center(LC),24+ ft.,26,-145,219,1,0,20190406,MIL,BKN
Shot Chart Detail,0021801193,538,1628425,Sterling Brown,1610612749,Milwaukee Bucks,4,10,35,Made Shot,Driving Layup Shot,2PT Field Goal,Restricted Area,Center(C),Less Than 8 ft.,0,-2,6,1,1,20190406,MIL,BKN
Shot Chart Detail,0021801193,577,1628425,Sterling Brown,1610612749,Milwaukee Bucks,4,8,9,Made Shot,Layup Shot,2PT Field Goal,Restricted Area,Center(C),Less Than 8 ft.,1,13,11,1,1,20190406,MIL,BKN
Shot Chart Detail,0021801202,61,1628425,Sterling Brown,1610612749,Milwaukee Bucks,1,7,23,Made Shot,Running Dunk Shot,2PT Field Goal,Restricted Area,Center(C),Less Than 8 ft.,1,8,9,1,1,20190407,MIL,ATL
Shot Chart Detail,0021801202,243,1628425,Sterling Brown,1610612749,Milwaukee Bucks,2,8,37,Made Shot,Running Layup Shot,2PT Field Goal,Restricted Area,Center(C),Less Than 8 ft.,2,3,27,1,1,20190407,MIL,ATL
Shot Chart Detail,0021801202,395,1628425,Sterling Brown,1610612749,Milwaukee Bucks,3,10,29,Missed Shot,Jump Shot,3PT Field Goal,Right Corner 3,Right Side(R),24+ ft.,22,223,11,1,0,20190407,MIL,ATL
Shot Chart Detail,0021801202,557,1628425,Sterling Brown,1610612749,Milwaukee Bucks,3,0,23,Missed Shot,Driving Layup Shot,2PT Field Goal,Restricted Area,Center(C),Less Than 8 ft.,1,-2,11,1,0,20190407,MIL,ATL
Shot Chart Detail,0021801202,574,1628425,Sterling Brown,1610612749,Milwaukee Bucks,4,11,51,Made Shot,Cutting Layup Shot,2PT Field Goal,Restricted Area,Center(C),Less Than 8 ft.,1,-7,13,1,1,20190407,MIL,ATL
Shot Chart Detail,0021801202,591,1628425,Sterling Brown,1610612749,Milwaukee Bucks,4,9,55,Missed Shot,Layup Shot,2PT Field Goal,Restricted Area,Center(C),Less Than 8 ft.,1,5,17,1,0,20190407,MIL,ATL
Shot Chart Detail,0021801202,659,1628425,Sterling Brown,1610612749,Milwaukee Bucks,4,5,23,Missed Shot,Layup Shot,2PT Field Goal,Restricted Area,Center(C),Less Than 8 ft.,1,-3,15,1,0,20190407,MIL,ATL
Shot Chart Detail,0021801202,661,1628425,Sterling Brown,1610612749,Milwaukee Bucks,4,5,19,Missed Shot,Layup Shot,2PT Field Goal,Restricted Area,Center(C),Less Than 8 ft.,1,-5,12,1,0,20190407,MIL,ATL
Shot Chart Detail,0021801226,96,1628425,Sterling Brown,1610612749,Milwaukee Bucks,1,4,7,Missed Shot,Jump Shot,3PT Field Goal,Above the Break 3,Center(C),24+ ft.,26,5,263,1,0,20190410,MIL,OKC
Shot Chart Detail,0021801226,111,1628425,Sterling Brown,1610612749,Milwaukee Bucks,1,3,6,Made Shot,Driving Dunk Shot,2PT Field Goal,Restricted Area,Center(C),Less Than 8 ft.,1,5,19,1,1,20190410,MIL,OKC
Shot Chart Detail,0021801226,216,1628425,Sterling Brown,1610612749,Milwaukee Bucks,2,7,50,Missed Shot,Jump Shot,3PT Field Goal,Right Corner 3,Right Side(R),24+ ft.,25,242,75,1,0,20190410,MIL,OKC
Shot Chart Detail,0021801226,219,1628425,Sterling Brown,1610612749,Milwaukee Bucks,2,7,18,Missed Shot,Jump Shot,3PT Field Goal,Right Corner 3,Right Side(R),24+ ft.,24,237,43,1,0,20190410,MIL,OKC
Shot Chart Detail,0021801226,470,1628425,Sterling Brown,1610612749,Milwaukee Bucks,3,1,58,Missed Shot,Driving Dunk Shot,2PT Field Goal,Restricted Area,Center(C),Less Than 8 ft.,2,-1,21,1,0,20190410,MIL,OKC
Shot Chart Detail,0021801226,488,1628425,Sterling Brown,1610612749,Milwaukee Bucks,3,0,11,Made Shot,Layup Shot,2PT Field Goal,Restricted Area,Center(C),Less Than 8 ft.,1,-12,8,1,1,20190410,MIL,OKC
Shot Chart Detail,0021801226,587,1628425,Sterling Brown,1610612749,Milwaukee Bucks,4,4,33,Missed Shot,Jump Shot,3PT Field Goal,Above the Break 3,Left Side Center(LC),24+ ft.,27,-126,239,1,0,20190410,MIL,OKC
