GRID_TYPE,GAME_ID,GAME_EVENT_ID,PLAYER_ID,PLAYER_NAME,TEAM_ID,TEAM_NAME,PERIOD,MINUTES_REMAINING,SECONDS_REMAINING,EVENT_TYPE,ACTION_TYPE,SHOT_TYPE,SHOT_ZONE_BASIC,SHOT_ZONE_AREA,SHOT_ZONE_RANGE,SHOT_DISTANCE,LOC_X,LOC_Y,SHOT_ATTEMPTED_FLAG,SHOT_MADE_FLAG,GAME_DATE,HTM,VTM
Shot Chart Detail,0021800016,181,1628366,Lonzo Ball,1610612747,Los Angeles Lakers,2,11,48,Missed Shot,Pullup Jump shot,3PT Field Goal,Above the Break 3,Left Side Center(LC),24+ ft.,24,-179,163,1,0,20181018,POR,LAL
Shot Chart Detail,0021800016,234,1628366,Lonzo Ball,1610612747,Los Angeles Lakers,2,7,35,Missed Shot,Pullup Jump shot,3PT Field Goal,Above the Break 3,Center(C),24+ ft.,26,68,252,1,0,20181018,POR,LAL
Shot Chart Detail,0021800016,511,1628366,Lonzo Ball,1610612747,Los Angeles Lakers,3,2,45,Missed Shot,Tip Layup Shot,2PT Field Goal,Restricted Area,Center(C),Less Than 8 ft.,0,0,-6,1,0,20181018,POR,LAL
Shot Chart Detail,0021800016,515,1628366,Lonzo Ball,1610612747,Los Angeles Lakers,3,2,40,Made Shot,Layup Shot,2PT Field Goal,Restricted Area,Center(C),Less Than 8 ft.,1,15,6,1,1,20181018,POR,LAL
Shot Chart Detail,0021800016,539,1628366,Lonzo Ball,1610612747,Los Angeles Lakers,3,1,26,Missed Shot,Step Back Jump shot,3PT Field Goal,Above the Break 3,Right Side Center(RC),24+ ft.,25,114,223,1,0,20181018,POR,LAL
Shot Chart Detail,0021800016,610,1628366,Lonzo Ball,1610612747,Los Angeles Lakers,4,8,7,Made Shot,Jump Shot,3PT Field Goal,Above the Break 3,Left Side Center(LC),24+ ft.,25,-148,210,1,1,20181018,POR,LAL
Shot Chart Detail,0021800016,613,1628366,Lonzo Ball,1610612747,Los Angeles Lakers,4,7,33,Missed Shot,Driving Layup Shot,2PT Field Goal,Restricted Area,Center(C),Less Than 8 ft.,3,-8,39,1,0,20181018,POR,LAL
Shot Chart Detail,0021800035,108,1628366,Lonzo Ball,1610612747,Los Angeles Lakers,1,4,2,Missed Shot,Jump Shot,3PT Field Goal,Above the Break 3,Left Side Center(LC),24+ ft.,26,-217,157,1,0,20181020,LAL,HOU
Shot Chart Detail,0021800035,129,1628366,Lonzo Ball,1610612747,Los Angeles Lakers,1,2,52,Made Shot,Cutting Layup Shot,2PT Field Goal,Restricted Area,Center(C),Less Than 8 ft.,2,1,26,1,1,20181020,LAL,HOU
Shot Chart Detail,0021800035,150,1628366,Lonzo Ball,1610612747,Los Angeles Lakers,1,1,30,Missed Shot,Pullup Jump shot,3PT Field Goal,Above the Break 3,Right Side Center(RC),24+ ft.,24,138,203,1,0,20181020,LAL,HOU
Shot Chart Detail,0021800035,200,1628366,Lonzo Ball,1610612747,Los Angeles Lakers,2,10,46,Made Shot,Pullup Jump shot,3PT Field Goal,Above the Break 3,Right Side Center(RC),24+ ft.,25,110,235,1,1,20181020,LAL,HOU
Shot Chart Detail,0021800035,211,1628366,Lonzo Ball,1610612747,Los Angeles Lakers,2,10,17,Made Shot,Jump Shot,3PT Field Goal,Above the Break 3,Left Side Center(LC),24+ ft.,25,-108,227,1,1,20181020,LAL,HOU
Shot Chart Detail,0021800035,523,1628366,Lonzo Ball,1610612747,Los Angeles Lakers,3,2,26,Made Shot,Jump Shot,3PT Field Goal,Above the Break 3,Right Side Center(RC),24+ ft.,26,91,252,1,1,20181020,LAL,HOU
Shot Chart Detail,0021800035,553,1628366,Lonzo Ball,1610612747,Los Angeles Lakers,4,11,44,Missed Shot,Jump Shot,3PT Field Goal,Above the Break 3,Left Side Center(LC),24+ ft.,27,-176,211,1,0,20181020,LAL,HOU
Shot Chart Detail,0021800035,561,1628366,Lonzo Ball,1610612747,Los Angeles Lakers,4,10,54,Missed Shot,Running Layup Shot,2PT Field Goal,Restricted Area,Center(C),Less Than 8 ft.,2,4,20,1,0,20181020,LAL,HOU
Shot Chart Detail,0021800035,593,1628366,Lonzo Ball,1610612747,Los Angeles Lakers,4,9,7,Made Shot,Jump Shot,3PT Field Goal,Above the Break 3,Left Side Center(LC),24+ ft.,26,-198,183,1,1,20181020,LAL,HOU
Shot Chart Detail,0021800035,712,1628366,Lonzo Ball,1610612747,Los Angeles Lakers,4,2,4,Missed Shot,Jump Shot,3PT Field Goal,Above the Break 3,Right Side Center(RC),24+ ft.,25,130,222,1,0,20181020,LAL,HOU
Shot Chart Detail,0021800048,7,1628366,Lonzo Ball,1610612747,Los Angeles Lakers,1,11,46,Made Shot,Jump Shot,3PT Field Goal,Above the Break 3,Right Side Center(RC),24+ ft.,25,146,205,1,1,20181022,LAL,SAS
Shot Chart Detail,0021800048,41,1628366,Lonzo Ball,1610612747,Los Angeles Lakers,1,7,58,Missed Shot,Step Back Jump shot,3PT Field Goal,Above the Break 3,Left Side Center(LC),24+ ft.,25,-159,205,1,0,20181022,LAL,SAS
Shot Chart Detail,0021800048,54,1628366,Lonzo Ball,1610612747,Los Angeles Lakers,1,6,36,Missed Shot,Jump Shot,3PT Field Goal,Above the Break 3,Right Side Center(RC),24+ ft.,24,113,216,1,0,20181022,LAL,SAS
Shot Chart Detail,0021800048,71,1628366,Lonzo Ball,1610612747,Los Angeles Lakers,1,5,12,Made Shot,Driving Layup Shot,2PT Field Goal,Restricted Area,Center(C),Less Than 8 ft.,3,-16,29,1,1,20181022,LAL,SAS
Shot Chart Detail,0021800048,99,1628366,Lonzo Ball,1610612747,Los Angeles Lakers,1,3,13,Made Shot,Layup Shot,2PT Field Goal,Restricted Area,Center(C),Less Than 8 ft.,1,-8,7,1,1,20181022,LAL,SAS
Shot Chart Detail,0021800048,102,1628366,Lonzo Ball,1610612747,Los Angeles Lakers,1,2,36,Made Shot,Jump Shot,3PT Field Goal,Above the Break 3,Left Side Center(LC),24+ ft.,26,-159,212,1,1,20181022,LAL,SAS
Shot Chart Detail,0021800048,284,1628366,Lonzo Ball,1610612747,Los Angeles Lakers,2,3,30,Missed Shot,Jump Shot,3PT Field Goal,Above the Break 3,Right Side Center(RC),24+ ft.,26,165,202,1,0,20181022,LAL,SAS
Shot Chart Detail,0021800048,299,1628366,Lonzo Ball,1610612747,Los Angeles Lakers,2,2,40,Missed Shot,Jump Shot,3PT Field Goal,Above the Break 3,Right Side Center(RC),24+ ft.,26,187,193,1,0,20181022,LAL,SAS
Shot Chart Detail,0021800048,735,1628366,Lonzo Ball,1610612747,Los Angeles Lakers,5,2,50,Made Shot,Jump Shot,3PT Field Goal,Left Corner 3,Left Side(L),24+ ft.,23,-233,9,1,1,20181022,LAL,SAS
Shot Chart Detail,0021800060,10,1628366,Lonzo Ball,1610612747,Los Angeles Lakers,1,11,17,Missed Shot,Jump Shot,3PT Field Goal,Right Corner 3,Right Side(R),24+ ft.,23,232,-11,1,0,20181024,PHX,LAL
Shot Chart Detail,0021800060,19,1628366,Lonzo Ball,1610612747,Los Angeles Lakers,1,10,31,Missed Shot,Running Layup Shot,2PT Field Goal,In The Paint (Non-RA),Center(C),Less Than 8 ft.,6,61,25,1,0,20181024,PHX,LAL
Shot Chart Detail,0021800060,260,1628366,Lonzo Ball,1610612747,Los Angeles Lakers,2,6,27,Made Shot,Running Jump Shot,3PT Field Goal,Above the Break 3,Right Side Center(RC),24+ ft.,26,208,156,1,1,20181024,PHX,LAL
Shot Chart Detail,0021800060,268,1628366,Lonzo Ball,1610612747,Los Angeles Lakers,2,5,36,Made Shot,Cutting Layup Shot,2PT Field Goal,Restricted Area,Center(C),Less Than 8 ft.,0,0,-1,1,1,20181024,PHX,LAL
Shot Chart Detail,0021800060,279,1628366,Lonzo Ball,1610612747,Los Angeles Lakers,2,5,25,Made Shot,Running Dunk Shot,2PT Field Goal,Restricted Area,Center(C),Less Than 8 ft.,0,3,8,1,1,20181024,PHX,LAL
Shot Chart Detail,0021800060,344,1628366,Lonzo Ball,1610612747,Los Angeles Lakers,2,1,33,Missed Shot,Jump Shot,3PT Field Goal,Left Corner 3,Left Side(L),24+ ft.,22,-226,-20,1,0,20181024,PHX,LAL
Shot Chart Detail,0021800060,475,1628366,Lonzo Ball,1610612747,Los Angeles Lakers,3,3,31,Missed Shot,Step Back Jump shot,2PT Field Goal,Mid-Range,Left Side Center(LC),16-24 ft.,19,-132,148,1,0,20181024,PHX,LAL
Shot Chart Detail,0021800060,515,1628366,Lonzo Ball,1610612747,Los Angeles Lakers,3,1,29,Made Shot,Driving Layup Shot,2PT Field Goal,Restricted Area,Center(C),Less Than 8 ft.,0,4,7,1,1,20181024,PHX,LAL
Shot Chart Detail,0021800060,662,1628366,Lonzo Ball,1610612747,Los Angeles Lakers,4,1,55,Made Shot,Running Dunk Shot,2PT Field Goal,Restricted Area,Center(C),Less Than 8 ft.,1,3,11,1,1,20181024,PHX,LAL
Shot Chart Detail,0021800066,9,1628366,Lonzo Ball,1610612747,Los Angeles Lakers,1,11,31,Missed Shot,Jump Shot,3PT Field Goal,Above the Break 3,Right Side Center(RC),24+ ft.,26,132,226,1,0,20181025,LAL,DEN
Shot Chart Detail,0021800066,47,1628366,Lonzo Ball,1610612747,Los Angeles Lakers,1,9,12,Missed Shot,Jump Shot,3PT Field Goal,Right Corner 3,Right Side(R),24+ ft.,23,232,20,1,0,20181025,LAL,DEN
Shot Chart Detail,0021800066,57,1628366,Lonzo Ball,1610612747,Los Angeles Lakers,1,8,11,Missed Shot,Driving Layup Shot,2PT Field Goal,Restricted Area,Center(C),Less Than 8 ft.,1,13,13,1,0,20181025,LAL,DEN
Shot Chart Detail,0021800066,282,1628366,Lonzo Ball,1610612747,Los Angeles Lakers,2,5,10,Missed Shot,Driving Layup Shot,2PT Field Goal,Restricted Area,Center(C),Less Than 8 ft.,1,13,11,1,0,20181025,LAL,DEN
Shot Chart Detail,0021800066,332,1628366,Lonzo Ball,1610612747,Los Angeles Lakers,2,2,2,Made Shot,Layup Shot,2PT Field Goal,Restricted Area,Center(C),Less Than 8 ft.,0,8,5,1,1,20181025,LAL,DEN
Shot Chart Detail,0021800066,365,1628366,Lonzo Ball,1610612747,Los Angeles Lakers,3,11,49,Made Shot,Jump Shot,3PT Field Goal,Above the Break 3,Right Side Center(RC),24+ ft.,24,166,184,1,1,20181025,LAL,DEN
Shot Chart Detail,0021800066,419,1628366,Lonzo Ball,1610612747,Los Angeles Lakers,3,6,13,Made Shot,Pullup Jump shot,2PT Field Goal,Mid-Range,Right Side(R),8-16 ft.,14,90,115,1,1,20181025,LAL,DEN
Shot Chart Detail,0021800066,469,1628366,Lonzo Ball,1610612747,Los Angeles Lakers,3,2,23,Made Shot,Driving Layup Shot,2PT Field Goal,Restricted Area,Center(C),Less Than 8 ft.,0,2,8,1,1,20181025,LAL,DEN
Shot Chart Detail,0021800066,493,1628366,Lonzo Ball,1610612747,Los Angeles Lakers,3,0,53,Missed Shot,Jump Shot,3PT Field Goal,Above the Break 3,Left Side Center(LC),24+ ft.,26,-147,216,1,0,20181025,LAL,DEN
Shot Chart Detail,0021800066,619,1628366,Lonzo Ball,1610612747,Los Angeles Lakers,4,3,0,Made Shot,Step Back Jump shot,3PT Field Goal,Above the Break 3,Left Side Center(LC),24+ ft.,26,-82,247,1,1,20181025,LAL,DEN
Shot Chart Detail,0021800082,41,1628366,Lonzo Ball,1610612747,Los Angeles Lakers,1,7,41,Missed Shot,Pullup Jump shot,2PT Field Goal,Mid-Range,Right Side Center(RC),16-24 ft.,20,117,164,1,0,20181027,SAS,LAL
Shot Chart Detail,0021800082,269,1628366,Lonzo Ball,1610612747,Los Angeles Lakers,2,4,55,Missed Shot,Jump Shot,3PT Field Goal,Right Corner 3,Right Side(R),24+ ft.,23,230,22,1,0,20181027,SAS,LAL
Shot Chart Detail,0021800082,321,1628366,Lonzo Ball,1610612747,Los Angeles Lakers,2,1,1,Made Shot,Jump Shot,3PT Field Goal,Above the Break 3,Center(C),24+ ft.,26,-52,260,1,1,20181027,SAS,LAL
Shot Chart Detail,0021800082,374,1628366,Lonzo Ball,1610612747,Los Angeles Lakers,3,9,17,Missed Shot,Jump Shot,3PT Field Goal,Left Corner 3,Left Side(L),24+ ft.,23,-234,2,1,0,20181027,SAS,LAL
Shot Chart Detail,0021800082,396,1628366,Lonzo Ball,1610612747,Los Angeles Lakers,3,7,5,Missed Shot,Pullup Jump shot,3PT Field Goal,Above the Break 3,Left Side Center(LC),24+ ft.,26,-175,200,1,0,20181027,SAS,LAL
Shot Chart Detail,0021800082,511,1628366,Lonzo Ball,1610612747,Los Angeles Lakers,4,11,35,Made Shot,Pullup Jump shot,3PT Field Goal,Above the Break 3,Right Side Center(RC),24+ ft.,24,91,228,1,1,20181027,SAS,LAL
Shot Chart Detail,0021800082,521,1628366,Lonzo Ball,1610612747,Los Angeles Lakers,4,10,17,Missed Shot,Pullup Jump shot,2PT Field Goal,In The Paint (Non-RA),Center(C),Less Than 8 ft.,6,67,18,1,0,20181027,SAS,LAL
Shot Chart Detail,0021800082,602,1628366,Lonzo Ball,1610612747,Los Angeles Lakers,4,5,17,Missed Shot,Pullup Jump shot,2PT Field Goal,Mid-Range,Left Side Center(LC),16-24 ft.,17,-127,121,1,0,20181027,SAS,LAL
Shot Chart Detail,0021800093,79,1628366,Lonzo Ball,1610612747,Los Angeles Lakers,1,6,37,Missed Shot,Step Back Jump shot,3PT Field Goal,Above the Break 3,Center(C),24+ ft.,25,-8,256,1,0,20181029,MIN,LAL
Shot Chart Detail,0021800093,85,1628366,Lonzo Ball,1610612747,Los Angeles Lakers,1,6,4,Made Shot,Turnaround Jump Shot,2PT Field Goal,In The Paint (Non-RA),Center(C),Less Than 8 ft.,7,-67,41,1,1,20181029,MIN,LAL
Shot Chart Detail,0021800093,413,1628366,Lonzo Ball,1610612747,Los Angeles Lakers,3,9,32,Missed Shot,Jump Shot,3PT Field Goal,Above the Break 3,Right Side Center(RC),24+ ft.,25,172,188,1,0,20181029,MIN,LAL
Shot Chart Detail,0021800093,420,1628366,Lonzo Ball,1610612747,Los Angeles Lakers,3,9,11,Made Shot,Cutting Layup Shot,2PT Field Goal,Restricted Area,Center(C),Less Than 8 ft.,1,-2,10,1,1,20181029,MIN,LAL
Shot Chart Detail,0021800093,426,1628366,Lonzo Ball,1610612747,Los Angeles Lakers,3,8,21,Missed Shot,Jump Shot,3PT Field Goal,Above the Break 3,Right Side Center(RC),24+ ft.,25,166,189,1,0,20181029,MIN,LAL
Shot Chart Detail,0021800093,588,1628366,Lonzo Ball,1610612747,Los Angeles Lakers,4,9,27,Missed Shot,Jump Shot,3PT Field Goal,Above the Break 3,Left Side Center(LC),24+ ft.,24,-167,184,1,0,20181029,MIN,LAL
Shot Chart Detail,0021800109,77,1628366,Lonzo Ball,1610612747,Los Angeles Lakers,1,5,47,Made Shot,Jump Shot,3PT Field Goal,Above the Break 3,Right Side Center(RC),24+ ft.,25,152,204,1,1,20181031,LAL,DAL
Shot Chart Detail,0021800109,88,1628366,Lonzo Ball,1610612747,Los Angeles Lakers,1,4,32,Made Shot,Cutting Layup Shot,2PT Field Goal,Restricted Area,Center(C),Less Than 8 ft.,1,5,15,1,1,20181031,LAL,DAL
Shot Chart Detail,0021800109,343,1628366,Lonzo Ball,1610612747,Los Angeles Lakers,2,0,29,Made Shot,Jump Shot,3PT Field Goal,Above the Break 3,Right Side Center(RC),24+ ft.,27,154,227,1,1,20181031,LAL,DAL
Shot Chart Detail,0021800109,431,1628366,Lonzo Ball,1610612747,Los Angeles Lakers,3,5,4,Missed Shot,Running Finger Roll Layup Shot,2PT Field Goal,Restricted Area,Center(C),Less Than 8 ft.,2,-7,27,1,0,20181031,LAL,DAL
Shot Chart Detail,0021800109,438,1628366,Lonzo Ball,1610612747,Los Angeles Lakers,3,4,40,Made Shot,Jump Shot,3PT Field Goal,Above the Break 3,Right Side Center(RC),24+ ft.,25,103,230,1,1,20181031,LAL,DAL
Shot Chart Detail,0021800109,445,1628366,Lonzo Ball,1610612747,Los Angeles Lakers,3,3,55,Missed Shot,Floating Jump shot,2PT Field Goal,Restricted Area,Center(C),Less Than 8 ft.,3,26,23,1,0,20181031,LAL,DAL
Shot Chart Detail,0021800132,9,1628366,Lonzo Ball,1610612747,Los Angeles Lakers,1,11,25,Missed Shot,Pullup Jump shot,2PT Field Goal,Mid-Range,Center(C),16-24 ft.,16,-40,163,1,0,20181103,POR,LAL
Shot Chart Detail,0021800132,34,1628366,Lonzo Ball,1610612747,Los Angeles Lakers,1,9,12,Made Shot,Jump Shot,3PT Field Goal,Above the Break 3,Left Side Center(LC),24+ ft.,24,-212,115,1,1,20181103,POR,LAL
Shot Chart Detail,0021800132,39,1628366,Lonzo Ball,1610612747,Los Angeles Lakers,1,8,34,Missed Shot,Jump Shot,3PT Field Goal,Above the Break 3,Left Side Center(LC),24+ ft.,24,-201,137,1,0,20181103,POR,LAL
Shot Chart Detail,0021800132,49,1628366,Lonzo Ball,1610612747,Los Angeles Lakers,1,7,56,Missed Shot,Jump Shot,3PT Field Goal,Above the Break 3,Right Side Center(RC),24+ ft.,25,191,172,1,0,20181103,POR,LAL
Shot Chart Detail,0021800132,336,1628366,Lonzo Ball,1610612747,Los Angeles Lakers,2,1,38,Missed Shot,Jump Shot,3PT Field Goal,Above the Break 3,Right Side Center(RC),24+ ft.,25,161,200,1,0,20181103,POR,LAL
Shot Chart Detail,0021800132,368,1628366,Lonzo Ball,1610612747,Los Angeles Lakers,3,11,45,Missed Shot,Turnaround Jump Shot,2PT Field Goal,Restricted Area,Center(C),Less Than 8 ft.,2,18,17,1,0,20181103,POR,LAL
Shot Chart Detail,0021800139,33,1628366,Lonzo Ball,1610612747,Los Angeles Lakers,1,9,20,Missed Shot,Floating Jump shot,2PT Field Goal,In The Paint (Non-RA),Center(C),8-16 ft.,10,50,87,1,0,20181104,LAL,TOR
Shot Chart Detail,0021800139,65,1628366,Lonzo Ball,1610612747,Los Angeles Lakers,1,6,30,Missed Shot,Jump Shot,3PT Field Goal,Above the Break 3,Right Side Center(RC),24+ ft.,24,198,151,1,0,20181104,LAL,TOR
Shot Chart Detail,0021800139,78,1628366,Lonzo Ball,1610612747,Los Angeles Lakers,1,5,30,Made Shot,Layup Shot,2PT Field Goal,Restricted Area,Center(C),Less Than 8 ft.,3,18,26,1,1,20181104,LAL,TOR
Shot Chart Detail,0021800139,257,1628366,Lonzo Ball,1610612747,Los Angeles Lakers,2,6,11,Made Shot,Running Reverse Layup Shot,2PT Field Goal,Restricted Area,Center(C),Less Than 8 ft.,2,1,22,1,1,20181104,LAL,TOR
Shot Chart Detail,0021800139,420,1628366,Lonzo Ball,1610612747,Los Angeles Lakers,3,7,0,Made Shot,Running Dunk Shot,2PT Field Goal,Restricted Area,Center(C),Less Than 8 ft.,1,-11,15,1,1,20181104,LAL,TOR
Shot Chart Detail,0021800139,602,1628366,Lonzo Ball,1610612747,Los Angeles Lakers,4,5,2,Made Shot,Jump Shot,3PT Field Goal,Above the Break 3,Center(C),24+ ft.,28,-16,280,1,1,20181104,LAL,TOR
Shot Chart Detail,0021800139,610,1628366,Lonzo Ball,1610612747,Los Angeles Lakers,4,4,14,Made Shot,Jump Shot,3PT Field Goal,Right Corner 3,Right Side(R),24+ ft.,23,227,57,1,1,20181104,LAL,TOR
Shot Chart Detail,0021800162,107,1628366,Lonzo Ball,1610612747,Los Angeles Lakers,1,3,20,Missed Shot,Layup Shot,2PT Field Goal,Restricted Area,Center(C),Less Than 8 ft.,1,9,15,1,0,20181107,LAL,MIN
Shot Chart Detail,0021800162,110,1628366,Lonzo Ball,1610612747,Los Angeles Lakers,1,3,15,Missed Shot,Jump Shot,3PT Field Goal,Right Corner 3,Right Side(R),24+ ft.,22,226,13,1,0,20181107,LAL,MIN
Shot Chart Detail,0021800162,263,1628366,Lonzo Ball,1610612747,Los Angeles Lakers,2,4,10,Missed Shot,Pullup Jump shot,2PT Field Goal,Mid-Range,Right Side Center(RC),16-24 ft.,21,128,167,1,0,20181107,LAL,MIN
Shot Chart Detail,0021800162,352,1628366,Lonzo Ball,1610612747,Los Angeles Lakers,3,7,49,Missed Shot,Running Pull-Up Jump Shot,3PT Field Goal,Above the Break 3,Left Side Center(LC),24+ ft.,25,-221,121,1,0,20181107,LAL,MIN
Shot Chart Detail,0021800162,369,1628366,Lonzo Ball,1610612747,Los Angeles Lakers,3,6,35,Made Shot,Alley Oop Dunk Shot,2PT Field Goal,Restricted Area,Center(C),Less Than 8 ft.,0,0,8,1,1,20181107,LAL,MIN
Shot Chart Detail,0021800162,376,1628366,Lonzo Ball,1610612747,Los Angeles Lakers,3,5,40,Missed Shot,Jump Shot,3PT Field Goal,Above the Break 3,Center(C),24+ ft.,26,-56,264,1,0,20181107,LAL,MIN
Shot Chart Detail,0021800183,7,1628366,Lonzo Ball,1610612747,Los Angeles Lakers,1,11,50,Missed Shot,Jump Shot,3PT Field Goal,Right Corner 3,Right Side(R),24+ ft.,23,233,49,1,0,20181110,SAC,LAL
Shot Chart Detail,0021800183,34,1628366,Lonzo Ball,1610612747,Los Angeles Lakers,1,9,46,Made Shot,Pullup Jump shot,2PT Field Goal,Mid-Range,Center(C),16-24 ft.,17,-2,176,1,1,20181110,SAC,LAL
Shot Chart Detail,0021800183,60,1628366,Lonzo Ball,1610612747,Los Angeles Lakers,1,7,34,Missed Shot,Jump Shot,3PT Field Goal,Above the Break 3,Left Side Center(LC),24+ ft.,25,-168,191,1,0,20181110,SAC,LAL
Shot Chart Detail,0021800183,97,1628366,Lonzo Ball,1610612747,Los Angeles Lakers,1,5,2,Missed Shot,Jump Shot,3PT Field Goal,Above the Break 3,Right Side Center(RC),24+ ft.,25,134,220,1,0,20181110,SAC,LAL
Shot Chart Detail,0021800183,288,1628366,Lonzo Ball,1610612747,Los Angeles Lakers,2,4,35,Missed Shot,Driving Layup Shot,2PT Field Goal,Restricted Area,Center(C),Less Than 8 ft.,2,0,27,1,0,20181110,SAC,LAL
Shot Chart Detail,0021800183,312,1628366,Lonzo Ball,1610612747,Los Angeles Lakers,2,1,54,Missed Shot,Pullup Jump shot,2PT Field Goal,Mid-Range,Right Side Center(RC),16-24 ft.,16,84,144,1,0,20181110,SAC,LAL
Shot Chart Detail,0021800183,316,1628366,Lonzo Ball,1610612747,Los Angeles Lakers,2,1,23,Missed Shot,Jump Shot,3PT Field Goal,Left Corner 3,Left Side(L),24+ ft.,23,-232,12,1,0,20181110,SAC,LAL
Shot Chart Detail,0021800183,321,1628366,Lonzo Ball,1610612747,Los Angeles Lakers,2,0,55,Made Shot,Cutting Layup Shot,2PT Field Goal,Restricted Area,Center(C),Less Than 8 ft.,2,-17,11,1,1,20181110,SAC,LAL
Shot Chart Detail,0021800183,343,1628366,Lonzo Ball,1610612747,Los Angeles Lakers,3,11,3,Missed Shot,Jump Shot,3PT Field Goal,Above the Break 3,Left Side Center(LC),24+ ft.,24,-209,136,1,0,20181110,SAC,LAL
Shot Chart Detail,0021800183,379,1628366,Lonzo Ball,1610612747,Los Angeles Lakers,3,7,48,Missed Shot,Pullup Jump shot,3PT Field Goal,Above the Break 3,Left Side Center(LC),24+ ft.,28,-93,271,1,0,20181110,SAC,LAL
Shot Chart Detail,0021800189,12,1628366,Lonzo Ball,1610612747,Los Angeles Lakers,1,11,8,Missed Shot,Driving Floating Bank Jump Shot,2PT Field Goal,In The Paint (Non-RA),Center(C),8-16 ft.,10,14,105,1,0,20181111,LAL,ATL
Shot Chart Detail,0021800189,330,1628366,Lonzo Ball,1610612747,Los Angeles Lakers,2,3,48,Missed Shot,Running Layup Shot,2PT Field Goal,Restricted Area,Center(C),Less Than 8 ft.,0,-3,4,1,0,20181111,LAL,ATL
Shot Chart Detail,0021800189,368,1628366,Lonzo Ball,1610612747,Los Angeles Lakers,2,2,2,Made Shot,Jump Shot,3PT Field Goal,Above the Break 3,Right Side Center(RC),24+ ft.,26,192,176,1,1,20181111,LAL,ATL
Shot Chart Detail,0021800189,404,1628366,Lonzo Ball,1610612747,Los Angeles Lakers,3,10,52,Made Shot,Jump Shot,3PT Field Goal,Above the Break 3,Left Side Center(LC),24+ ft.,26,-214,160,1,1,20181111,LAL,ATL
Shot Chart Detail,0021800189,661,1628366,Lonzo Ball,1610612747,Los Angeles Lakers,4,5,11,Missed Shot,Jump Shot,3PT Field Goal,Above the Break 3,Right Side Center(RC),24+ ft.,27,168,212,1,0,20181111,LAL,ATL
Shot Chart Detail,0021800212,48,1628366,Lonzo Ball,1610612747,Los Angeles Lakers,1,7,15,Missed Shot,Floating Jump shot,2PT Field Goal,In The Paint (Non-RA),Left Side(L),8-16 ft.,10,-56,89,1,0,20181114,LAL,POR
Shot Chart Detail,0021800212,73,1628366,Lonzo Ball,1610612747,Los Angeles Lakers,1,5,26,Missed Shot,Running Layup Shot,2PT Field Goal,Restricted Area,Center(C),Less Than 8 ft.,1,2,18,1,0,20181114,LAL,POR
Shot Chart Detail,0021800212,222,1628366,Lonzo Ball,1610612747,Los Angeles Lakers,2,6,40,Missed Shot,Step Back Jump shot,3PT Field Goal,Above the Break 3,Left Side Center(LC),24+ ft.,26,-160,207,1,0,20181114,LAL,POR
Shot Chart Detail,0021800212,226,1628366,Lonzo Ball,1610612747,Los Angeles Lakers,2,6,5,Made Shot,Step Back Jump shot,3PT Field Goal,Above the Break 3,Left Side Center(LC),24+ ft.,26,-196,178,1,1,20181114,LAL,POR
Shot Chart Detail,0021800212,237,1628366,Lonzo Ball,1610612747,Los Angeles Lakers,2,5,34,Made Shot,Step Back Jump shot,3PT Field Goal,Above the Break 3,Right Side Center(RC),24+ ft.,24,227,94,1,1,20181114,LAL,POR
Shot Chart Detail,0021800212,343,1628366,Lonzo Ball,1610612747,Los Angeles Lakers,3,10,6,Made Shot,Pullup Jump shot,2PT Field Goal,Mid-Range,Left Side Center(LC),16-24 ft.,16,-69,146,1,1,20181114,LAL,POR
Shot Chart Detail,0021800212,421,1628366,Lonzo Ball,1610612747,Los Angeles Lakers,3,3,40,Missed Shot,Turnaround Jump Shot,2PT Field Goal,Mid-Range,Right Side Center(RC),16-24 ft.,17,99,148,1,0,20181114,LAL,POR
Shot Chart Detail,0021800212,426,1628366,Lonzo Ball,1610612747,Los Angeles Lakers,3,3,7,Made Shot,Jump Shot,3PT Field Goal,Above the Break 3,Right Side Center(RC),24+ ft.,28,228,167,1,1,20181114,LAL,POR
Shot Chart Detail,0021800212,440,1628366,Lonzo Ball,1610612747,Los Angeles Lakers,3,2,21,Missed Shot,Running Layup Shot,2PT Field Goal,Restricted Area,Center(C),Less Than 8 ft.,2,20,21,1,0,20181114,LAL,POR
Shot Chart Detail,0021800212,450,1628366,Lonzo Ball,1610612747,Los Angeles Lakers,3,1,30,Missed Shot,Reverse Layup Shot,2PT Field Goal,Restricted Area,Center(C),Less Than 8 ft.,2,5,27,1,0,20181114,LAL,POR
Shot Chart Detail,0021800212,622,1628366,Lonzo Ball,1610612747,Los Angeles Lakers,4,4,23,Missed Shot,Jump Shot,3PT Field Goal,Left Corner 3,Left Side(L),24+ ft.,23,-233,34,1,0,20181114,LAL,POR
Shot Chart Detail,0021800227,7,1628366,Lonzo Ball,1610612747,Los Angeles Lakers,1,11,52,Missed Shot,Pullup Jump shot,3PT Field Goal,Above the Break 3,Right Side Center(RC),24+ ft.,25,114,232,1,0,20181117,ORL,LAL
Shot Chart Detail,0021800227,65,1628366,Lonzo Ball,1610612747,Los Angeles Lakers,1,6,10,Missed Shot,Jump Shot,3PT Field Goal,Above the Break 3,Right Side Center(RC),24+ ft.,25,118,231,1,0,20181117,ORL,LAL
Shot Chart Detail,0021800227,289,1628366,Lonzo Ball,1610612747,Los Angeles Lakers,2,2,12,Missed Shot,Pullup Jump shot,2PT Field Goal,Mid-Range,Left Side(L),8-16 ft.,14,-123,80,1,0,20181117,ORL,LAL
Shot Chart Detail,0021800227,375,1628366,Lonzo Ball,1610612747,Los Angeles Lakers,3,7,11,Missed Shot,Pullup Jump shot,2PT Field Goal,In The Paint (Non-RA),Center(C),8-16 ft.,13,-59,124,1,0,20181117,ORL,LAL
Shot Chart Detail,0021800227,437,1628366,Lonzo Ball,1610612747,Los Angeles Lakers,3,1,52,Missed Shot,Jump Shot,3PT Field Goal,Above the Break 3,Center(C),24+ ft.,25,-33,257,1,0,20181117,ORL,LAL
Shot Chart Detail,0021800235,51,1628366,Lonzo Ball,1610612747,Los Angeles Lakers,1,6,47,Missed Shot,Jump Shot,3PT Field Goal,Above the Break 3,Left Side Center(LC),24+ ft.,27,-170,221,1,0,20181118,MIA,LAL
Shot Chart Detail,0021800235,68,1628366,Lonzo Ball,1610612747,Los Angeles Lakers,1,5,50,Missed Shot,Floating Jump shot,2PT Field Goal,In The Paint (Non-RA),Center(C),8-16 ft.,11,-39,105,1,0,20181118,MIA,LAL
Shot Chart Detail,0021800235,171,1628366,Lonzo Ball,1610612747,Los Angeles Lakers,2,10,58,Made Shot,Pullup Jump shot,2PT Field Goal,Mid-Range,Left Side(L),16-24 ft.,16,-158,55,1,1,20181118,MIA,LAL
Shot Chart Detail,0021800235,394,1628366,Lonzo Ball,1610612747,Los Angeles Lakers,3,10,16,Missed Shot,Jump Shot,3PT Field Goal,Above the Break 3,Right Side Center(RC),24+ ft.,25,95,235,1,0,20181118,MIA,LAL
Shot Chart Detail,0021800235,525,1628366,Lonzo Ball,1610612747,Los Angeles Lakers,3,0,29,Missed Shot,Jump Shot,3PT Field Goal,Above the Break 3,Center(C),24+ ft.,25,-11,255,1,0,20181118,MIA,LAL
Shot Chart Detail,0021800235,529,1628366,Lonzo Ball,1610612747,Los Angeles Lakers,3,0,1,Missed Shot,Step Back Jump shot,3PT Field Goal,Above the Break 3,Center(C),24+ ft.,25,-5,251,1,0,20181118,MIA,LAL
Shot Chart Detail,0021800256,95,1628366,Lonzo Ball,1610612747,Los Angeles Lakers,1,4,12,Missed Shot,Jump Shot,3PT Field Goal,Above the Break 3,Left Side Center(LC),24+ ft.,27,-127,240,1,0,20181121,CLE,LAL
Shot Chart Detail,0021800256,125,1628366,Lonzo Ball,1610612747,Los Angeles Lakers,1,2,23,Missed Shot,Driving Floating Bank Jump Shot,2PT Field Goal,In The Paint (Non-RA),Right Side(R),8-16 ft.,9,56,79,1,0,20181121,CLE,LAL
Shot Chart Detail,0021800256,127,1628366,Lonzo Ball,1610612747,Los Angeles Lakers,1,2,15,Made Shot,Putback Layup Shot,2PT Field Goal,In The Paint (Non-RA),Center(C),Less Than 8 ft.,5,33,42,1,1,20181121,CLE,LAL
Shot Chart Detail,0021800256,238,1628366,Lonzo Ball,1610612747,Los Angeles Lakers,2,6,1,Made Shot,Layup Shot,2PT Field Goal,Restricted Area,Center(C),Less Than 8 ft.,1,8,15,1,1,20181121,CLE,LAL
Shot Chart Detail,0021800256,286,1628366,Lonzo Ball,1610612747,Los Angeles Lakers,2,0,29,Made Shot,Jump Shot,3PT Field Goal,Above the Break 3,Right Side Center(RC),24+ ft.,26,196,176,1,1,20181121,CLE,LAL
Shot Chart Detail,0021800256,307,1628366,Lonzo Ball,1610612747,Los Angeles Lakers,3,11,18,Made Shot,Driving Dunk Shot,2PT Field Goal,Restricted Area,Center(C),Less Than 8 ft.,0,2,-3,1,1,20181121,CLE,LAL
Shot Chart Detail,0021800256,358,1628366,Lonzo Ball,1610612747,Los Angeles Lakers,3,6,59,Made Shot,Layup Shot,2PT Field Goal,Restricted Area,Center(C),Less Than 8 ft.,0,-3,-3,1,1,20181121,CLE,LAL
Shot Chart Detail,0021800256,367,1628366,Lonzo Ball,1610612747,Los Angeles Lakers,3,6,38,Made Shot,Driving Layup Shot,2PT Field Goal,Restricted Area,Center(C),Less Than 8 ft.,1,-9,-5,1,1,20181121,CLE,LAL
Shot Chart Detail,0021800256,379,1628366,Lonzo Ball,1610612747,Los Angeles Lakers,3,6,13,Made Shot,Running Finger Roll Layup Shot,2PT Field Goal,Restricted Area,Center(C),Less Than 8 ft.,0,8,0,1,1,20181121,CLE,LAL
Shot Chart Detail,0021800256,382,1628366,Lonzo Ball,1610612747,Los Angeles Lakers,3,5,49,Missed Shot,Driving Layup Shot,2PT Field Goal,Restricted Area,Center(C),Less Than 8 ft.,1,-11,6,1,0,20181121,CLE,LAL
Shot Chart Detail,0021800256,420,1628366,Lonzo Ball,1610612747,Los Angeles Lakers,3,2,58,Missed Shot,Driving Layup Shot,2PT Field Goal,Restricted Area,Center(C),Less Than 8 ft.,2,-22,4,1,0,20181121,CLE,LAL
Shot Chart Detail,0021800278,7,1628366,Lonzo Ball,1610612747,Los Angeles Lakers,1,11,40,Made Shot,Jump Shot,3PT Field Goal,Above the Break 3,Right Side Center(RC),24+ ft.,25,177,180,1,1,20181123,LAL,UTA
Shot Chart Detail,0021800278,39,1628366,Lonzo Ball,1610612747,Los Angeles Lakers,1,8,44,Missed Shot,Jump Shot,3PT Field Goal,Above the Break 3,Right Side Center(RC),24+ ft.,26,98,241,1,0,20181123,LAL,UTA
Shot Chart Detail,0021800278,54,1628366,Lonzo Ball,1610612747,Los Angeles Lakers,1,7,17,Missed Shot,Jump Shot,2PT Field Goal,In The Paint (Non-RA),Center(C),Less Than 8 ft.,4,-27,33,1,0,20181123,LAL,UTA
Shot Chart Detail,0021800278,68,1628366,Lonzo Ball,1610612747,Los Angeles Lakers,1,6,11,Made Shot,Driving Layup Shot,2PT Field Goal,Restricted Area,Center(C),Less Than 8 ft.,1,-12,15,1,1,20181123,LAL,UTA
Shot Chart Detail,0021800278,82,1628366,Lonzo Ball,1610612747,Los Angeles Lakers,1,4,54,Missed Shot,Driving Layup Shot,2PT Field Goal,Restricted Area,Center(C),Less Than 8 ft.,1,10,5,1,0,20181123,LAL,UTA
Shot Chart Detail,0021800278,98,1628366,Lonzo Ball,1610612747,Los Angeles Lakers,1,3,42,Missed Shot,Running Layup Shot,2PT Field Goal,Restricted Area,Center(C),Less Than 8 ft.,1,-16,10,1,0,20181123,LAL,UTA
Shot Chart Detail,0021800278,203,1628366,Lonzo Ball,1610612747,Los Angeles Lakers,2,8,22,Made Shot,Running Layup Shot,2PT Field Goal,Restricted Area,Center(C),Less Than 8 ft.,2,-14,18,1,1,20181123,LAL,UTA
Shot Chart Detail,0021800278,208,1628366,Lonzo Ball,1610612747,Los Angeles Lakers,2,7,38,Missed Shot,Step Back Jump shot,2PT Field Goal,Mid-Range,Left Side Center(LC),16-24 ft.,17,-121,123,1,0,20181123,LAL,UTA
Shot Chart Detail,0021800278,309,1628366,Lonzo Ball,1610612747,Los Angeles Lakers,2,5,23,Missed Shot,Running Layup Shot,2PT Field Goal,Restricted Area,Center(C),Less Than 8 ft.,1,-8,6,1,0,20181123,LAL,UTA
Shot Chart Detail,0021800278,609,1628366,Lonzo Ball,1610612747,Los Angeles Lakers,4,3,57,Made Shot,Cutting Layup Shot,2PT Field Goal,Restricted Area,Center(C),Less Than 8 ft.,1,-9,15,1,1,20181123,LAL,UTA
Shot Chart Detail,0021800286,80,1628366,Lonzo Ball,1610612747,Los Angeles Lakers,1,6,27,Made Shot,Jump Shot,2PT Field Goal,In The Paint (Non-RA),Center(C),8-16 ft.,13,50,121,1,1,20181125,LAL,ORL
Shot Chart Detail,0021800286,109,1628366,Lonzo Ball,1610612747,Los Angeles Lakers,1,4,0,Missed Shot,Step Back Jump shot,2PT Field Goal,Mid-Range,Center(C),8-16 ft.,15,7,150,1,0,20181125,LAL,ORL
Shot Chart Detail,0021800286,135,1628366,Lonzo Ball,1610612747,Los Angeles Lakers,1,2,15,Made Shot,Running Layup Shot,2PT Field Goal,Restricted Area,Center(C),Less Than 8 ft.,1,12,10,1,1,20181125,LAL,ORL
Shot Chart Detail,0021800286,138,1628366,Lonzo Ball,1610612747,Los Angeles Lakers,1,1,44,Missed Shot,Driving Layup Shot,2PT Field Goal,Restricted Area,Center(C),Less Than 8 ft.,1,12,10,1,0,20181125,LAL,ORL
Shot Chart Detail,0021800286,251,1628366,Lonzo Ball,1610612747,Los Angeles Lakers,2,5,36,Made Shot,Driving Layup Shot,2PT Field Goal,Restricted Area,Center(C),Less Than 8 ft.,1,-9,8,1,1,20181125,LAL,ORL
Shot Chart Detail,0021800286,269,1628366,Lonzo Ball,1610612747,Los Angeles Lakers,2,3,34,Missed Shot,Layup Shot,2PT Field Goal,Restricted Area,Center(C),Less Than 8 ft.,3,27,24,1,0,20181125,LAL,ORL
Shot Chart Detail,0021800286,347,1628366,Lonzo Ball,1610612747,Los Angeles Lakers,3,9,48,Missed Shot,Jump Bank Shot,2PT Field Goal,In The Paint (Non-RA),Center(C),8-16 ft.,9,-16,94,1,0,20181125,LAL,ORL
Shot Chart Detail,0021800286,423,1628366,Lonzo Ball,1610612747,Los Angeles Lakers,3,5,50,Made Shot,Jump Shot,3PT Field Goal,Above the Break 3,Left Side Center(LC),24+ ft.,27,-174,218,1,1,20181125,LAL,ORL
Shot Chart Detail,0021800286,444,1628366,Lonzo Ball,1610612747,Los Angeles Lakers,3,4,24,Missed Shot,Jump Shot,3PT Field Goal,Above the Break 3,Left Side Center(LC),24+ ft.,26,-88,251,1,0,20181125,LAL,ORL
Shot Chart Detail,0021800304,7,1628366,Lonzo Ball,1610612747,Los Angeles Lakers,1,11,48,Missed Shot,Jump Shot,3PT Field Goal,Above the Break 3,Left Side Center(LC),24+ ft.,25,-177,177,1,0,20181127,DEN,LAL
Shot Chart Detail,0021800304,50,1628366,Lonzo Ball,1610612747,Los Angeles Lakers,1,7,34,Made Shot,Layup Shot,2PT Field Goal,Restricted Area,Center(C),Less Than 8 ft.,0,1,0,1,1,20181127,DEN,LAL
Shot Chart Detail,0021800304,247,1628366,Lonzo Ball,1610612747,Los Angeles Lakers,2,5,11,Missed Shot,Step Back Jump shot,3PT Field Goal,Right Corner 3,Right Side(R),24+ ft.,22,225,0,1,0,20181127,DEN,LAL
Shot Chart Detail,0021800304,275,1628366,Lonzo Ball,1610612747,Los Angeles Lakers,2,2,39,Made Shot,Step Back Jump shot,3PT Field Goal,Above the Break 3,Right Side Center(RC),24+ ft.,24,136,201,1,1,20181127,DEN,LAL
Shot Chart Detail,0021800304,280,1628366,Lonzo Ball,1610612747,Los Angeles Lakers,2,2,19,Made Shot,Dunk Shot,2PT Field Goal,Restricted Area,Center(C),Less Than 8 ft.,0,-5,-1,1,1,20181127,DEN,LAL
Shot Chart Detail,0021800304,331,1628366,Lonzo Ball,1610612747,Los Angeles Lakers,3,10,18,Missed Shot,Jump Shot,3PT Field Goal,Above the Break 3,Left Side Center(LC),24+ ft.,29,-161,242,1,0,20181127,DEN,LAL
Shot Chart Detail,0021800317,121,1628366,Lonzo Ball,1610612747,Los Angeles Lakers,1,4,37,Made Shot,Putback Layup Shot,2PT Field Goal,Restricted Area,Center(C),Less Than 8 ft.,1,0,17,1,1,20181129,LAL,IND
Shot Chart Detail,0021800317,139,1628366,Lonzo Ball,1610612747,Los Angeles Lakers,1,3,33,Missed Shot,Driving Hook Shot,2PT Field Goal,In The Paint (Non-RA),Center(C),Less Than 8 ft.,4,1,42,1,0,20181129,LAL,IND
Shot Chart Detail,0021800317,322,1628366,Lonzo Ball,1610612747,Los Angeles Lakers,2,3,49,Missed Shot,Running Layup Shot,2PT Field Goal,Restricted Area,Center(C),Less Than 8 ft.,2,20,20,1,0,20181129,LAL,IND
Shot Chart Detail,0021800317,458,1628366,Lonzo Ball,1610612747,Los Angeles Lakers,3,5,43,Missed Shot,Jump Shot,3PT Field Goal,Right Corner 3,Right Side(R),24+ ft.,22,222,36,1,0,20181129,LAL,IND
Shot Chart Detail,0021800317,616,1628366,Lonzo Ball,1610612747,Los Angeles Lakers,4,5,40,Missed Shot,Jump Shot,3PT Field Goal,Above the Break 3,Right Side Center(RC),24+ ft.,24,194,143,1,0,20181129,LAL,IND
Shot Chart Detail,0021800317,647,1628366,Lonzo Ball,1610612747,Los Angeles Lakers,4,3,43,Missed Shot,Jump Shot,3PT Field Goal,Left Corner 3,Left Side(L),24+ ft.,22,-228,4,1,0,20181129,LAL,IND
Shot Chart Detail,0021800328,63,1628366,Lonzo Ball,1610612747,Los Angeles Lakers,1,7,39,Missed Shot,Turnaround Jump Shot,3PT Field Goal,Above the Break 3,Left Side Center(LC),24+ ft.,24,-195,151,1,0,20181130,LAL,DAL
Shot Chart Detail,0021800328,67,1628366,Lonzo Ball,1610612747,Los Angeles Lakers,1,7,25,Made Shot,Running Layup Shot,2PT Field Goal,Restricted Area,Center(C),Less Than 8 ft.,0,2,-2,1,1,20181130,LAL,DAL
Shot Chart Detail,0021800328,81,1628366,Lonzo Ball,1610612747,Los Angeles Lakers,1,6,7,Missed Shot,Driving Floating Jump Shot,2PT Field Goal,In The Paint (Non-RA),Right Side(R),8-16 ft.,9,56,79,1,0,20181130,LAL,DAL
Shot Chart Detail,0021800328,92,1628366,Lonzo Ball,1610612747,Los Angeles Lakers,1,5,39,Missed Shot,Jump Shot,3PT Field Goal,Left Corner 3,Left Side(L),24+ ft.,24,-232,68,1,0,20181130,LAL,DAL
Shot Chart Detail,0021800328,198,1628366,Lonzo Ball,1610612747,Los Angeles Lakers,2,10,39,Made Shot,Jump Shot,3PT Field Goal,Left Corner 3,Left Side(L),24+ ft.,23,-233,37,1,1,20181130,LAL,DAL
Shot Chart Detail,0021800328,219,1628366,Lonzo Ball,1610612747,Los Angeles Lakers,2,9,25,Made Shot,Running Layup Shot,2PT Field Goal,Restricted Area,Center(C),Less Than 8 ft.,2,2,22,1,1,20181130,LAL,DAL
Shot Chart Detail,0021800328,223,1628366,Lonzo Ball,1610612747,Los Angeles Lakers,2,8,57,Missed Shot,Jump Shot,3PT Field Goal,Above the Break 3,Left Side Center(LC),24+ ft.,25,-192,168,1,0,20181130,LAL,DAL
Shot Chart Detail,0021800328,369,1628366,Lonzo Ball,1610612747,Los Angeles Lakers,3,11,5,Missed Shot,Jump Shot,3PT Field Goal,Left Corner 3,Left Side(L),24+ ft.,23,-239,-10,1,0,20181130,LAL,DAL
Shot Chart Detail,0021800328,401,1628366,Lonzo Ball,1610612747,Los Angeles Lakers,3,8,21,Made Shot,Running Dunk Shot,2PT Field Goal,Restricted Area,Center(C),Less Than 8 ft.,1,-3,18,1,1,20181130,LAL,DAL
Shot Chart Detail,0021800337,55,1628366,Lonzo Ball,1610612747,Los Angeles Lakers,1,7,32,Missed Shot,Jump Shot,3PT Field Goal,Above the Break 3,Right Side Center(RC),24+ ft.,26,163,210,1,0,20181202,LAL,PHX
Shot Chart Detail,0021800337,140,1628366,Lonzo Ball,1610612747,Los Angeles Lakers,1,1,25,Missed Shot,Pullup Jump shot,2PT Field Goal,In The Paint (Non-RA),Center(C),8-16 ft.,11,50,99,1,0,20181202,LAL,PHX
Shot Chart Detail,0021800337,145,1628366,Lonzo Ball,1610612747,Los Angeles Lakers,1,0,41,Made Shot,Driving Floating Jump Shot,2PT Field Goal,Restricted Area,Center(C),Less Than 8 ft.,3,11,29,1,1,20181202,LAL,PHX
Shot Chart Detail,0021800337,242,1628366,Lonzo Ball,1610612747,Los Angeles Lakers,2,6,21,Missed Shot,Step Back Jump shot,3PT Field Goal,Left Corner 3,Left Side(L),24+ ft.,22,-227,3,1,0,20181202,LAL,PHX
Shot Chart Detail,0021800337,307,1628366,Lonzo Ball,1610612747,Los Angeles Lakers,2,1,50,Missed Shot,Step Back Jump shot,2PT Field Goal,Mid-Range,Left Side Center(LC),16-24 ft.,17,-69,163,1,0,20181202,LAL,PHX
Shot Chart Detail,0021800337,356,1628366,Lonzo Ball,1610612747,Los Angeles Lakers,3,11,17,Missed Shot,Pullup Jump shot,2PT Field Goal,In The Paint (Non-RA),Center(C),Less Than 8 ft.,4,14,44,1,0,20181202,LAL,PHX
Shot Chart Detail,0021800337,369,1628366,Lonzo Ball,1610612747,Los Angeles Lakers,3,10,4,Missed Shot,Layup Shot,2PT Field Goal,Restricted Area,Center(C),Less Than 8 ft.,2,0,23,1,0,20181202,LAL,PHX
Shot Chart Detail,0021800337,380,1628366,Lonzo Ball,1610612747,Los Angeles Lakers,3,9,16,Missed Shot,Driving Finger Roll Layup Shot,2PT Field Goal,In The Paint (Non-RA),Center(C),8-16 ft.,9,-3,96,1,0,20181202,LAL,PHX
Shot Chart Detail,0021800337,557,1628366,Lonzo Ball,1610612747,Los Angeles Lakers,4,9,21,Made Shot,Jump Shot,2PT Field Goal,In The Paint (Non-RA),Center(C),8-16 ft.,8,-29,81,1,1,20181202,LAL,PHX
Shot Chart Detail,0021800337,587,1628366,Lonzo Ball,1610612747,Los Angeles Lakers,4,7,28,Made Shot,Running Dunk Shot,2PT Field Goal,Restricted Area,Center(C),Less Than 8 ft.,1,-6,15,1,1,20181202,LAL,PHX
Shot Chart Detail,0021800364,32,1628366,Lonzo Ball,1610612747,Los Angeles Lakers,1,9,34,Missed Shot,Jump Shot,3PT Field Goal,Above the Break 3,Left Side Center(LC),24+ ft.,27,-163,218,1,0,20181205,LAL,SAS
Shot Chart Detail,0021800364,91,1628366,Lonzo Ball,1610612747,Los Angeles Lakers,1,5,25,Made Shot,Driving Dunk Shot,2PT Field Goal,Restricted Area,Center(C),Less Than 8 ft.,1,0,16,1,1,20181205,LAL,SAS
Shot Chart Detail,0021800364,97,1628366,Lonzo Ball,1610612747,Los Angeles Lakers,1,4,52,Missed Shot,Driving Layup Shot,2PT Field Goal,Restricted Area,Center(C),Less Than 8 ft.,3,0,36,1,0,20181205,LAL,SAS
Shot Chart Detail,0021800364,133,1628366,Lonzo Ball,1610612747,Los Angeles Lakers,1,3,19,Missed Shot,Jump Shot,3PT Field Goal,Above the Break 3,Right Side Center(RC),24+ ft.,25,146,212,1,0,20181205,LAL,SAS
Shot Chart Detail,0021800364,152,1628366,Lonzo Ball,1610612747,Los Angeles Lakers,1,2,14,Missed Shot,Tip Layup Shot,2PT Field Goal,Restricted Area,Center(C),Less Than 8 ft.,0,0,-6,1,0,20181205,LAL,SAS
Shot Chart Detail,0021800364,178,1628366,Lonzo Ball,1610612747,Los Angeles Lakers,1,0,5,Made Shot,Jump Shot,3PT Field Goal,Above the Break 3,Right Side Center(RC),24+ ft.,25,221,132,1,1,20181205,LAL,SAS
Shot Chart Detail,0021800364,265,1628366,Lonzo Ball,1610612747,Los Angeles Lakers,2,6,6,Made Shot,Jump Shot,2PT Field Goal,Mid-Range,Center(C),16-24 ft.,16,38,158,1,1,20181205,LAL,SAS
Shot Chart Detail,0021800364,294,1628366,Lonzo Ball,1610612747,Los Angeles Lakers,2,2,50,Missed Shot,Jump Shot,3PT Field Goal,Above the Break 3,Right Side Center(RC),24+ ft.,25,111,235,1,0,20181205,LAL,SAS
Shot Chart Detail,0021800364,388,1628366,Lonzo Ball,1610612747,Los Angeles Lakers,3,6,49,Missed Shot,Floating Jump shot,2PT Field Goal,In The Paint (Non-RA),Center(C),8-16 ft.,8,-2,80,1,0,20181205,LAL,SAS
Shot Chart Detail,0021800364,488,1628366,Lonzo Ball,1610612747,Los Angeles Lakers,3,0,24,Made Shot,Jump Shot,3PT Field Goal,Left Corner 3,Left Side(L),24+ ft.,22,-223,19,1,1,20181205,LAL,SAS
Shot Chart Detail,0021800364,527,1628366,Lonzo Ball,1610612747,Los Angeles Lakers,4,10,18,Missed Shot,Driving Layup Shot,2PT Field Goal,Restricted Area,Center(C),Less Than 8 ft.,1,-3,15,1,0,20181205,LAL,SAS
Shot Chart Detail,0021800364,630,1628366,Lonzo Ball,1610612747,Los Angeles Lakers,4,2,36,Made Shot,Jump Shot,3PT Field Goal,Above the Break 3,Left Side Center(LC),24+ ft.,25,-211,148,1,1,20181205,LAL,SAS
Shot Chart Detail,0021800375,20,1628366,Lonzo Ball,1610612747,Los Angeles Lakers,1,9,53,Missed Shot,Turnaround Fadeaway Bank Jump Shot,2PT Field Goal,Mid-Range,Right Side(R),8-16 ft.,10,96,50,1,0,20181207,SAS,LAL
Shot Chart Detail,0021800375,60,1628366,Lonzo Ball,1610612747,Los Angeles Lakers,1,6,14,Made Shot,Alley Oop Layup shot,2PT Field Goal,Restricted Area,Center(C),Less Than 8 ft.,1,13,-6,1,1,20181207,SAS,LAL
Shot Chart Detail,0021800375,79,1628366,Lonzo Ball,1610612747,Los Angeles Lakers,1,4,52,Missed Shot,Jump Shot,3PT Field Goal,Right Corner 3,Right Side(R),24+ ft.,23,230,-12,1,0,20181207,SAS,LAL
Shot Chart Detail,0021800375,91,1628366,Lonzo Ball,1610612747,Los Angeles Lakers,1,4,22,Missed Shot,Driving Floating Jump Shot,2PT Field Goal,Restricted Area,Center(C),Less Than 8 ft.,1,-8,8,1,0,20181207,SAS,LAL
Shot Chart Detail,0021800375,134,1628366,Lonzo Ball,1610612747,Los Angeles Lakers,1,4,21,Missed Shot,Tip Layup Shot,2PT Field Goal,Restricted Area,Center(C),Less Than 8 ft.,0,-3,-1,1,0,20181207,SAS,LAL
Shot Chart Detail,0021800375,103,1628366,Lonzo Ball,1610612747,Los Angeles Lakers,1,3,24,Missed Shot,Step Back Jump shot,2PT Field Goal,Mid-Range,Center(C),16-24 ft.,17,39,173,1,0,20181207,SAS,LAL
Shot Chart Detail,0021800375,112,1628366,Lonzo Ball,1610612747,Los Angeles Lakers,1,3,5,Missed Shot,Jump Shot,3PT Field Goal,Above the Break 3,Left Side Center(LC),24+ ft.,24,-143,204,1,0,20181207,SAS,LAL
Shot Chart Detail,0021800375,289,1628366,Lonzo Ball,1610612747,Los Angeles Lakers,2,4,18,Made Shot,Jump Shot,3PT Field Goal,Right Corner 3,Right Side(R),24+ ft.,23,235,-12,1,1,20181207,SAS,LAL
Shot Chart Detail,0021800375,319,1628366,Lonzo Ball,1610612747,Los Angeles Lakers,2,1,55,Missed Shot,Driving Finger Roll Layup Shot,2PT Field Goal,Restricted Area,Center(C),Less Than 8 ft.,1,11,11,1,0,20181207,SAS,LAL
Shot Chart Detail,0021800375,372,1628366,Lonzo Ball,1610612747,Los Angeles Lakers,3,11,30,Missed Shot,Jump Shot,3PT Field Goal,Above the Break 3,Left Side Center(LC),24+ ft.,26,-130,233,1,0,20181207,SAS,LAL
Shot Chart Detail,0021800375,393,1628366,Lonzo Ball,1610612747,Los Angeles Lakers,3,9,24,Missed Shot,Jump Shot,3PT Field Goal,Above the Break 3,Left Side Center(LC),24+ ft.,26,-179,202,1,0,20181207,SAS,LAL
Shot Chart Detail,0021800375,408,1628366,Lonzo Ball,1610612747,Los Angeles Lakers,3,8,27,Missed Shot,Pullup Jump shot,2PT Field Goal,Mid-Range,Left Side Center(LC),16-24 ft.,16,-61,154,1,0,20181207,SAS,LAL
Shot Chart Detail,0021800375,490,1628366,Lonzo Ball,1610612747,Los Angeles Lakers,3,1,27,Made Shot,Step Back Jump shot,3PT Field Goal,Above the Break 3,Right Side Center(RC),24+ ft.,27,151,227,1,1,20181207,SAS,LAL
Shot Chart Detail,0021800375,627,1628366,Lonzo Ball,1610612747,Los Angeles Lakers,4,4,58,Missed Shot,Cutting Layup Shot,2PT Field Goal,In The Paint (Non-RA),Center(C),Less Than 8 ft.,5,42,36,1,0,20181207,SAS,LAL
Shot Chart Detail,0021800375,634,1628366,Lonzo Ball,1610612747,Los Angeles Lakers,4,4,40,Made Shot,Cutting Dunk Shot,2PT Field Goal,Restricted Area,Center(C),Less Than 8 ft.,0,-6,6,1,1,20181207,SAS,LAL
Shot Chart Detail,0021800375,644,1628366,Lonzo Ball,1610612747,Los Angeles Lakers,4,3,30,Made Shot,Driving Finger Roll Layup Shot,2PT Field Goal,Restricted Area,Center(C),Less Than 8 ft.,1,10,6,1,1,20181207,SAS,LAL
Shot Chart Detail,0021800384,25,1628366,Lonzo Ball,1610612747,Los Angeles Lakers,1,9,49,Missed Shot,Driving Layup Shot,2PT Field Goal,Restricted Area,Center(C),Less Than 8 ft.,0,2,7,1,0,20181208,MEM,LAL
Shot Chart Detail,0021800384,37,1628366,Lonzo Ball,1610612747,Los Angeles Lakers,1,9,3,Missed Shot,Jump Shot,3PT Field Goal,Above the Break 3,Right Side Center(RC),24+ ft.,25,171,190,1,0,20181208,MEM,LAL
Shot Chart Detail,0021800384,42,1628366,Lonzo Ball,1610612747,Los Angeles Lakers,1,8,28,Missed Shot,Jump Shot,3PT Field Goal,Above the Break 3,Left Side Center(LC),24+ ft.,25,-141,210,1,0,20181208,MEM,LAL
Shot Chart Detail,0021800384,64,1628366,Lonzo Ball,1610612747,Los Angeles Lakers,1,6,23,Missed Shot,Step Back Jump shot,3PT Field Goal,Above the Break 3,Left Side Center(LC),24+ ft.,25,-182,181,1,0,20181208,MEM,LAL
Shot Chart Detail,0021800384,329,1628366,Lonzo Ball,1610612747,Los Angeles Lakers,3,11,14,Made Shot,Running Dunk Shot,2PT Field Goal,Restricted Area,Center(C),Less Than 8 ft.,0,1,0,1,1,20181208,MEM,LAL
Shot Chart Detail,0021800384,369,1628366,Lonzo Ball,1610612747,Los Angeles Lakers,3,7,54,Missed Shot,Jump Shot,3PT Field Goal,Above the Break 3,Left Side Center(LC),24+ ft.,25,-145,211,1,0,20181208,MEM,LAL
Shot Chart Detail,0021800384,521,1628366,Lonzo Ball,1610612747,Los Angeles Lakers,4,10,7,Missed Shot,Pullup Jump shot,2PT Field Goal,Mid-Range,Center(C),8-16 ft.,15,-31,156,1,0,20181208,MEM,LAL
Shot Chart Detail,0021800384,548,1628366,Lonzo Ball,1610612747,Los Angeles Lakers,4,8,39,Missed Shot,Jump Shot,3PT Field Goal,Above the Break 3,Center(C),24+ ft.,25,44,248,1,0,20181208,MEM,LAL
Shot Chart Detail,0021800384,585,1628366,Lonzo Ball,1610612747,Los Angeles Lakers,4,5,29,Made Shot,Cutting Dunk Shot,2PT Field Goal,Restricted Area,Center(C),Less Than 8 ft.,0,2,1,1,1,20181208,MEM,LAL
Shot Chart Detail,0021800401,8,1628366,Lonzo Ball,1610612747,Los Angeles Lakers,1,11,32,Missed Shot,Driving Layup Shot,2PT Field Goal,In The Paint (Non-RA),Center(C),Less Than 8 ft.,5,11,56,1,0,20181210,LAL,MIA
Shot Chart Detail,0021800401,27,1628366,Lonzo Ball,1610612747,Los Angeles Lakers,1,10,7,Missed Shot,Running Layup Shot,2PT Field Goal,Restricted Area,Center(C),Less Than 8 ft.,2,12,21,1,0,20181210,LAL,MIA
Shot Chart Detail,0021800401,29,1628366,Lonzo Ball,1610612747,Los Angeles Lakers,1,10,3,Missed Shot,Tip Layup Shot,2PT Field Goal,Restricted Area,Center(C),Less Than 8 ft.,0,0,-6,1,0,20181210,LAL,MIA
Shot Chart Detail,0021800401,78,1628366,Lonzo Ball,1610612747,Los Angeles Lakers,1,6,49,Made Shot,Running Layup Shot,2PT Field Goal,Restricted Area,Center(C),Less Than 8 ft.,1,-2,16,1,1,20181210,LAL,MIA
Shot Chart Detail,0021800401,257,1628366,Lonzo Ball,1610612747,Los Angeles Lakers,2,5,56,Missed Shot,Jump Shot,3PT Field Goal,Above the Break 3,Left Side Center(LC),24+ ft.,24,-157,189,1,0,20181210,LAL,MIA
Shot Chart Detail,0021800401,373,1628366,Lonzo Ball,1610612747,Los Angeles Lakers,3,8,41,Missed Shot,Turnaround Fadeaway Bank Jump Shot,2PT Field Goal,In The Paint (Non-RA),Center(C),Less Than 8 ft.,5,48,34,1,0,20181210,LAL,MIA
Shot Chart Detail,0021800401,403,1628366,Lonzo Ball,1610612747,Los Angeles Lakers,3,6,29,Made Shot,Running Alley Oop Dunk Shot,2PT Field Goal,Restricted Area,Center(C),Less Than 8 ft.,1,-5,17,1,1,20181210,LAL,MIA
Shot Chart Detail,0021800401,439,1628366,Lonzo Ball,1610612747,Los Angeles Lakers,3,3,42,Made Shot,Running Dunk Shot,2PT Field Goal,Restricted Area,Center(C),Less Than 8 ft.,1,9,11,1,1,20181210,LAL,MIA
Shot Chart Detail,0021800401,476,1628366,Lonzo Ball,1610612747,Los Angeles Lakers,3,0,36,Made Shot,Jump Shot,3PT Field Goal,Above the Break 3,Left Side Center(LC),24+ ft.,27,-101,260,1,1,20181210,LAL,MIA
Shot Chart Detail,0021800401,481,1628366,Lonzo Ball,1610612747,Los Angeles Lakers,3,0,10,Missed Shot,Tip Dunk Shot,2PT Field Goal,Restricted Area,Center(C),Less Than 8 ft.,0,0,-6,1,0,20181210,LAL,MIA
Shot Chart Detail,0021800401,604,1628366,Lonzo Ball,1610612747,Los Angeles Lakers,4,1,23,Missed Shot,Jump Shot,3PT Field Goal,Above the Break 3,Left Side Center(LC),24+ ft.,27,-120,243,1,0,20181210,LAL,MIA
Shot Chart Detail,0021800416,38,1628366,Lonzo Ball,1610612747,Los Angeles Lakers,1,8,51,Missed Shot,Step Back Jump shot,3PT Field Goal,Above the Break 3,Center(C),24+ ft.,26,-58,261,1,0,20181213,HOU,LAL
Shot Chart Detail,0021800416,93,1628366,Lonzo Ball,1610612747,Los Angeles Lakers,1,5,19,Made Shot,Layup Shot,2PT Field Goal,Restricted Area,Center(C),Less Than 8 ft.,1,2,19,1,1,20181213,HOU,LAL
Shot Chart Detail,0021800416,187,1628366,Lonzo Ball,1610612747,Los Angeles Lakers,2,11,23,Missed Shot,Jump Shot,3PT Field Goal,Above the Break 3,Right Side Center(RC),24+ ft.,27,154,226,1,0,20181213,HOU,LAL
Shot Chart Detail,0021800416,202,1628366,Lonzo Ball,1610612747,Los Angeles Lakers,2,10,17,Missed Shot,Jump Shot,3PT Field Goal,Above the Break 3,Center(C),24+ ft.,26,-40,263,1,0,20181213,HOU,LAL
Shot Chart Detail,0021800416,315,1628366,Lonzo Ball,1610612747,Los Angeles Lakers,2,2,32,Missed Shot,Jump Shot,3PT Field Goal,Above the Break 3,Right Side Center(RC),24+ ft.,25,231,114,1,0,20181213,HOU,LAL
Shot Chart Detail,0021800416,401,1628366,Lonzo Ball,1610612747,Los Angeles Lakers,3,8,9,Missed Shot,Jump Shot,3PT Field Goal,Right Corner 3,Right Side(R),24+ ft.,23,227,38,1,0,20181213,HOU,LAL
Shot Chart Detail,0021800416,443,1628366,Lonzo Ball,1610612747,Los Angeles Lakers,3,5,41,Made Shot,Driving Layup Shot,2PT Field Goal,Restricted Area,Center(C),Less Than 8 ft.,1,-5,16,1,1,20181213,HOU,LAL
Shot Chart Detail,0021800416,542,1628366,Lonzo Ball,1610612747,Los Angeles Lakers,4,11,48,Missed Shot,Jump Shot,3PT Field Goal,Above the Break 3,Left Side Center(LC),24+ ft.,25,-208,147,1,0,20181213,HOU,LAL
Shot Chart Detail,0021800416,554,1628366,Lonzo Ball,1610612747,Los Angeles Lakers,4,10,17,Made Shot,Driving Layup Shot,2PT Field Goal,Restricted Area,Center(C),Less Than 8 ft.,0,3,7,1,1,20181213,HOU,LAL
Shot Chart Detail,0021800430,25,1628366,Lonzo Ball,1610612747,Los Angeles Lakers,1,9,39,Made Shot,Running Dunk Shot,2PT Field Goal,Restricted Area,Center(C),Less Than 8 ft.,1,2,16,1,1,20181215,CHA,LAL
Shot Chart Detail,0021800430,51,1628366,Lonzo Ball,1610612747,Los Angeles Lakers,1,7,45,Missed Shot,Jump Shot,3PT Field Goal,Above the Break 3,Center(C),24+ ft.,24,-21,246,1,0,20181215,CHA,LAL
Shot Chart Detail,0021800430,82,1628366,Lonzo Ball,1610612747,Los Angeles Lakers,1,5,12,Made Shot,Running Layup Shot,2PT Field Goal,Restricted Area,Center(C),Less Than 8 ft.,1,-15,3,1,1,20181215,CHA,LAL
Shot Chart Detail,0021800430,231,1628366,Lonzo Ball,1610612747,Los Angeles Lakers,2,7,3,Missed Shot,Driving Layup Shot,2PT Field Goal,Restricted Area,Center(C),Less Than 8 ft.,1,-16,8,1,0,20181215,CHA,LAL
Shot Chart Detail,0021800430,237,1628366,Lonzo Ball,1610612747,Los Angeles Lakers,2,6,51,Made Shot,Dunk Shot,2PT Field Goal,Restricted Area,Center(C),Less Than 8 ft.,0,-2,8,1,1,20181215,CHA,LAL
Shot Chart Detail,0021800430,363,1628366,Lonzo Ball,1610612747,Los Angeles Lakers,3,10,36,Made Shot,Jump Shot,3PT Field Goal,Left Corner 3,Left Side(L),24+ ft.,23,-236,22,1,1,20181215,CHA,LAL
Shot Chart Detail,0021800430,375,1628366,Lonzo Ball,1610612747,Los Angeles Lakers,3,9,34,Made Shot,Jump Shot,3PT Field Goal,Above the Break 3,Left Side Center(LC),24+ ft.,25,-121,228,1,1,20181215,CHA,LAL
Shot Chart Detail,0021800430,394,1628366,Lonzo Ball,1610612747,Los Angeles Lakers,3,8,32,Made Shot,Driving Dunk Shot,2PT Field Goal,Restricted Area,Center(C),Less Than 8 ft.,1,3,11,1,1,20181215,CHA,LAL
Shot Chart Detail,0021800430,426,1628366,Lonzo Ball,1610612747,Los Angeles Lakers,3,6,28,Missed Shot,Layup Shot,2PT Field Goal,Restricted Area,Center(C),Less Than 8 ft.,1,-9,15,1,0,20181215,CHA,LAL
Shot Chart Detail,0021800430,446,1628366,Lonzo Ball,1610612747,Los Angeles Lakers,3,5,47,Missed Shot,Jump Shot,3PT Field Goal,Left Corner 3,Left Side(L),24+ ft.,23,-232,8,1,0,20181215,CHA,LAL
Shot Chart Detail,0021800430,587,1628366,Lonzo Ball,1610612747,Los Angeles Lakers,4,6,57,Made Shot,Tip Layup Shot,2PT Field Goal,Restricted Area,Center(C),Less Than 8 ft.,0,0,-6,1,1,20181215,CHA,LAL
Shot Chart Detail,0021800439,31,1628366,Lonzo Ball,1610612747,Los Angeles Lakers,1,9,19,Missed Shot,Jump Shot,3PT Field Goal,Above the Break 3,Right Side Center(RC),24+ ft.,26,96,247,1,0,20181216,WAS,LAL
Shot Chart Detail,0021800439,50,1628366,Lonzo Ball,1610612747,Los Angeles Lakers,1,6,59,Missed Shot,Pullup Jump shot,3PT Field Goal,Above the Break 3,Left Side Center(LC),24+ ft.,25,-218,135,1,0,20181216,WAS,LAL
Shot Chart Detail,0021800439,179,1628366,Lonzo Ball,1610612747,Los Angeles Lakers,2,10,22,Made Shot,Jump Shot,3PT Field Goal,Above the Break 3,Right Side Center(RC),24+ ft.,24,225,104,1,1,20181216,WAS,LAL
Shot Chart Detail,0021800439,203,1628366,Lonzo Ball,1610612747,Los Angeles Lakers,2,8,5,Missed Shot,Step Back Jump shot,2PT Field Goal,Mid-Range,Left Side(L),8-16 ft.,14,-86,117,1,0,20181216,WAS,LAL
Shot Chart Detail,0021800439,267,1628366,Lonzo Ball,1610612747,Los Angeles Lakers,2,4,5,Missed Shot,Jump Shot,3PT Field Goal,Above the Break 3,Left Side Center(LC),24+ ft.,26,-185,193,1,0,20181216,WAS,LAL
Shot Chart Detail,0021800439,282,1628366,Lonzo Ball,1610612747,Los Angeles Lakers,2,2,52,Missed Shot,Driving Layup Shot,2PT Field Goal,Restricted Area,Center(C),Less Than 8 ft.,3,16,27,1,0,20181216,WAS,LAL
Shot Chart Detail,0021800439,336,1628366,Lonzo Ball,1610612747,Los Angeles Lakers,3,11,43,Made Shot,Running Layup Shot,2PT Field Goal,Restricted Area,Center(C),Less Than 8 ft.,0,4,2,1,1,20181216,WAS,LAL
Shot Chart Detail,0021800439,341,1628366,Lonzo Ball,1610612747,Los Angeles Lakers,3,11,1,Missed Shot,Jump Shot,3PT Field Goal,Above the Break 3,Left Side Center(LC),24+ ft.,25,-174,193,1,0,20181216,WAS,LAL
Shot Chart Detail,0021800439,382,1628366,Lonzo Ball,1610612747,Los Angeles Lakers,3,8,8,Made Shot,Running Layup Shot,2PT Field Goal,Restricted Area,Center(C),Less Than 8 ft.,1,-3,12,1,1,20181216,WAS,LAL
Shot Chart Detail,0021800439,391,1628366,Lonzo Ball,1610612747,Los Angeles Lakers,3,7,9,Missed Shot,Jump Shot,3PT Field Goal,Left Corner 3,Left Side(L),24+ ft.,23,-234,41,1,0,20181216,WAS,LAL
Shot Chart Detail,0021800439,581,1628366,Lonzo Ball,1610612747,Los Angeles Lakers,4,3,55,Made Shot,Jump Shot,3PT Field Goal,Right Corner 3,Right Side(R),24+ ft.,23,232,15,1,1,20181216,WAS,LAL
Shot Chart Detail,0021800453,72,1628366,Lonzo Ball,1610612747,Los Angeles Lakers,1,6,57,Made Shot,Pullup Jump shot,3PT Field Goal,Above the Break 3,Left Side Center(LC),24+ ft.,24,-78,236,1,1,20181218,BKN,LAL
Shot Chart Detail,0021800453,75,1628366,Lonzo Ball,1610612747,Los Angeles Lakers,1,6,23,Missed Shot,Driving Floating Jump Shot,2PT Field Goal,In The Paint (Non-RA),Center(C),8-16 ft.,11,49,103,1,0,20181218,BKN,LAL
Shot Chart Detail,0021800453,91,1628366,Lonzo Ball,1610612747,Los Angeles Lakers,1,5,29,Made Shot,Pullup Jump shot,3PT Field Goal,Above the Break 3,Left Side Center(LC),24+ ft.,26,-81,248,1,1,20181218,BKN,LAL
Shot Chart Detail,0021800453,112,1628366,Lonzo Ball,1610612747,Los Angeles Lakers,1,4,35,Made Shot,Step Back Jump shot,2PT Field Goal,Mid-Range,Center(C),16-24 ft.,20,-4,200,1,1,20181218,BKN,LAL
Shot Chart Detail,0021800453,116,1628366,Lonzo Ball,1610612747,Los Angeles Lakers,1,4,4,Made Shot,Pullup Jump shot,3PT Field Goal,Above the Break 3,Left Side Center(LC),24+ ft.,24,-207,138,1,1,20181218,BKN,LAL
Shot Chart Detail,0021800453,194,1628366,Lonzo Ball,1610612747,Los Angeles Lakers,2,11,19,Missed Shot,Driving Layup Shot,2PT Field Goal,Restricted Area,Center(C),Less Than 8 ft.,1,17,10,1,0,20181218,BKN,LAL
Shot Chart Detail,0021800453,205,1628366,Lonzo Ball,1610612747,Los Angeles Lakers,2,10,2,Missed Shot,Step Back Jump shot,3PT Field Goal,Above the Break 3,Left Side Center(LC),24+ ft.,25,-124,225,1,0,20181218,BKN,LAL
Shot Chart Detail,0021800453,267,1628366,Lonzo Ball,1610612747,Los Angeles Lakers,2,5,33,Made Shot,Driving Layup Shot,2PT Field Goal,Restricted Area,Center(C),Less Than 8 ft.,0,3,9,1,1,20181218,BKN,LAL
Shot Chart Detail,0021800453,326,1628366,Lonzo Ball,1610612747,Los Angeles Lakers,2,1,18,Missed Shot,Jump Shot,3PT Field Goal,Above the Break 3,Left Side Center(LC),24+ ft.,24,-101,227,1,0,20181218,BKN,LAL
Shot Chart Detail,0021800453,368,1628366,Lonzo Ball,1610612747,Los Angeles Lakers,3,11,5,Made Shot,Driving Layup Shot,2PT Field Goal,Restricted Area,Center(C),Less Than 8 ft.,1,4,12,1,1,20181218,BKN,LAL
Shot Chart Detail,0021800453,410,1628366,Lonzo Ball,1610612747,Los Angeles Lakers,3,8,0,Missed Shot,Jump Shot,3PT Field Goal,Left Corner 3,Left Side(L),24+ ft.,22,-229,1,1,0,20181218,BKN,LAL
Shot Chart Detail,0021800453,441,1628366,Lonzo Ball,1610612747,Los Angeles Lakers,3,4,38,Missed Shot,Turnaround Jump Shot,2PT Field Goal,In The Paint (Non-RA),Center(C),8-16 ft.,11,0,116,1,0,20181218,BKN,LAL
Shot Chart Detail,0021800453,571,1628366,Lonzo Ball,1610612747,Los Angeles Lakers,4,6,47,Missed Shot,Step Back Jump shot,3PT Field Goal,Right Corner 3,Right Side(R),24+ ft.,24,236,67,1,0,20181218,BKN,LAL
Shot Chart Detail,0021800453,573,1628366,Lonzo Ball,1610612747,Los Angeles Lakers,4,6,42,Made Shot,Jump Shot,3PT Field Goal,Above the Break 3,Right Side Center(RC),24+ ft.,25,228,104,1,1,20181218,BKN,LAL
Shot Chart Detail,0021800453,591,1628366,Lonzo Ball,1610612747,Los Angeles Lakers,4,4,27,Made Shot,Cutting Dunk Shot,2PT Field Goal,Restricted Area,Center(C),Less Than 8 ft.,1,-2,11,1,1,20181218,BKN,LAL
Shot Chart Detail,0021800453,618,1628366,Lonzo Ball,1610612747,Los Angeles Lakers,4,1,14,Made Shot,Jump Shot,3PT Field Goal,Above the Break 3,Left Side Center(LC),24+ ft.,26,-110,243,1,1,20181218,BKN,LAL
Shot Chart Detail,0021800478,32,1628366,Lonzo Ball,1610612747,Los Angeles Lakers,1,10,15,Made Shot,Running Layup Shot,2PT Field Goal,Restricted Area,Center(C),Less Than 8 ft.,1,14,0,1,1,20181221,LAL,NOP
Shot Chart Detail,0021800478,74,1628366,Lonzo Ball,1610612747,Los Angeles Lakers,1,6,47,Missed Shot,Jump Shot,3PT Field Goal,Above the Break 3,Left Side Center(LC),24+ ft.,26,-92,248,1,0,20181221,LAL,NOP
Shot Chart Detail,0021800478,78,1628366,Lonzo Ball,1610612747,Los Angeles Lakers,1,6,25,Made Shot,Running Dunk Shot,2PT Field Goal,Restricted Area,Center(C),Less Than 8 ft.,0,3,6,1,1,20181221,LAL,NOP
Shot Chart Detail,0021800478,246,1628366,Lonzo Ball,1610612747,Los Angeles Lakers,2,6,49,Missed Shot,Jump Shot,3PT Field Goal,Above the Break 3,Left Side Center(LC),24+ ft.,25,-118,222,1,0,20181221,LAL,NOP
Shot Chart Detail,0021800478,276,1628366,Lonzo Ball,1610612747,Los Angeles Lakers,2,5,32,Missed Shot,Jump Shot,3PT Field Goal,Above the Break 3,Right Side Center(RC),24+ ft.,25,134,222,1,0,20181221,LAL,NOP
Shot Chart Detail,0021800478,288,1628366,Lonzo Ball,1610612747,Los Angeles Lakers,2,4,44,Missed Shot,Running Layup Shot,2PT Field Goal,Restricted Area,Center(C),Less Than 8 ft.,1,-11,-1,1,0,20181221,LAL,NOP
Shot Chart Detail,0021800478,378,1628366,Lonzo Ball,1610612747,Los Angeles Lakers,3,10,37,Made Shot,Jump Shot,3PT Field Goal,Above the Break 3,Left Side Center(LC),24+ ft.,28,-136,248,1,1,20181221,LAL,NOP
Shot Chart Detail,0021800478,441,1628366,Lonzo Ball,1610612747,Los Angeles Lakers,3,6,12,Made Shot,Tip Layup Shot,2PT Field Goal,Restricted Area,Center(C),Less Than 8 ft.,0,0,-6,1,1,20181221,LAL,NOP
Shot Chart Detail,0021800478,467,1628366,Lonzo Ball,1610612747,Los Angeles Lakers,3,3,57,Missed Shot,Jump Shot,3PT Field Goal,Above the Break 3,Center(C),24+ ft.,26,54,259,1,0,20181221,LAL,NOP
Shot Chart Detail,0021800478,599,1628366,Lonzo Ball,1610612747,Los Angeles Lakers,4,6,14,Made Shot,Jump Shot,3PT Field Goal,Above the Break 3,Left Side Center(LC),24+ ft.,26,-112,241,1,1,20181221,LAL,NOP
Shot Chart Detail,0021800496,39,1628366,Lonzo Ball,1610612747,Los Angeles Lakers,1,9,26,Made Shot,Turnaround Jump Shot,2PT Field Goal,Restricted Area,Center(C),Less Than 8 ft.,3,0,37,1,1,20181223,LAL,MEM
Shot Chart Detail,0021800496,52,1628366,Lonzo Ball,1610612747,Los Angeles Lakers,1,8,7,Missed Shot,Running Layup Shot,2PT Field Goal,Restricted Area,Center(C),Less Than 8 ft.,2,5,26,1,0,20181223,LAL,MEM
Shot Chart Detail,0021800496,58,1628366,Lonzo Ball,1610612747,Los Angeles Lakers,1,7,51,Missed Shot,Jump Shot,3PT Field Goal,Above the Break 3,Right Side Center(RC),24+ ft.,25,159,204,1,0,20181223,LAL,MEM
Shot Chart Detail,0021800496,248,1628366,Lonzo Ball,1610612747,Los Angeles Lakers,2,7,5,Missed Shot,Jump Shot,3PT Field Goal,Right Corner 3,Right Side(R),24+ ft.,25,247,40,1,0,20181223,LAL,MEM
Shot Chart Detail,0021800496,357,1628366,Lonzo Ball,1610612747,Los Angeles Lakers,3,11,43,Missed Shot,Jump Shot,3PT Field Goal,Above the Break 3,Right Side Center(RC),24+ ft.,25,238,92,1,0,20181223,LAL,MEM
Shot Chart Detail,0021800496,360,1628366,Lonzo Ball,1610612747,Los Angeles Lakers,3,11,4,Missed Shot,Jump Shot,3PT Field Goal,Above the Break 3,Right Side Center(RC),24+ ft.,26,188,184,1,0,20181223,LAL,MEM
Shot Chart Detail,0021800496,423,1628366,Lonzo Ball,1610612747,Los Angeles Lakers,3,5,18,Made Shot,Running Alley Oop Layup Shot,2PT Field Goal,Restricted Area,Center(C),Less Than 8 ft.,1,-1,13,1,1,20181223,LAL,MEM
Shot Chart Detail,0021800496,449,1628366,Lonzo Ball,1610612747,Los Angeles Lakers,3,2,35,Missed Shot,Jump Shot,3PT Field Goal,Right Corner 3,Right Side(R),24+ ft.,23,230,42,1,0,20181223,LAL,MEM
Shot Chart Detail,0021800496,617,1628366,Lonzo Ball,1610612747,Los Angeles Lakers,4,3,27,Missed Shot,Jump Shot,3PT Field Goal,Left Corner 3,Left Side(L),24+ ft.,22,-229,-14,1,0,20181223,LAL,MEM
Shot Chart Detail,0021800496,623,1628366,Lonzo Ball,1610612747,Los Angeles Lakers,4,2,19,Missed Shot,Jump Shot,3PT Field Goal,Right Corner 3,Right Side(R),24+ ft.,23,232,28,1,0,20181223,LAL,MEM
Shot Chart Detail,0021800500,18,1628366,Lonzo Ball,1610612747,Los Angeles Lakers,1,10,5,Missed Shot,Driving Floating Bank Jump Shot,2PT Field Goal,In The Paint (Non-RA),Right Side(R),8-16 ft.,8,51,62,1,0,20181225,GSW,LAL
Shot Chart Detail,0021800500,23,1628366,Lonzo Ball,1610612747,Los Angeles Lakers,1,9,33,Missed Shot,Step Back Jump shot,3PT Field Goal,Right Corner 3,Right Side(R),24+ ft.,22,229,13,1,0,20181225,GSW,LAL
Shot Chart Detail,0021800500,91,1628366,Lonzo Ball,1610612747,Los Angeles Lakers,1,4,55,Made Shot,Pullup Jump shot,3PT Field Goal,Above the Break 3,Center(C),24+ ft.,28,-5,282,1,1,20181225,GSW,LAL
Shot Chart Detail,0021800500,104,1628366,Lonzo Ball,1610612747,Los Angeles Lakers,1,3,54,Missed Shot,Jump Shot,3PT Field Goal,Above the Break 3,Right Side Center(RC),24+ ft.,27,175,213,1,0,20181225,GSW,LAL
Shot Chart Detail,0021800500,404,1628366,Lonzo Ball,1610612747,Los Angeles Lakers,3,6,21,Made Shot,Pullup Jump shot,2PT Field Goal,Mid-Range,Center(C),8-16 ft.,15,-2,155,1,1,20181225,GSW,LAL
Shot Chart Detail,0021800500,667,1628366,Lonzo Ball,1610612747,Los Angeles Lakers,4,0,26,Missed Shot,Jump Shot,3PT Field Goal,Right Corner 3,Right Side(R),24+ ft.,22,227,12,1,0,20181225,GSW,LAL
Shot Chart Detail,0021800514,39,1628366,Lonzo Ball,1610612747,Los Angeles Lakers,1,9,0,Missed Shot,Running Layup Shot,2PT Field Goal,Restricted Area,Center(C),Less Than 8 ft.,0,0,6,1,0,20181227,SAC,LAL
Shot Chart Detail,0021800514,70,1628366,Lonzo Ball,1610612747,Los Angeles Lakers,1,6,38,Missed Shot,Pullup Jump shot,3PT Field Goal,Above the Break 3,Left Side Center(LC),24+ ft.,25,-188,173,1,0,20181227,SAC,LAL
Shot Chart Detail,0021800514,77,1628366,Lonzo Ball,1610612747,Los Angeles Lakers,1,6,3,Made Shot,Jump Shot,3PT Field Goal,Above the Break 3,Center(C),24+ ft.,25,-63,244,1,1,20181227,SAC,LAL
Shot Chart Detail,0021800514,120,1628366,Lonzo Ball,1610612747,Los Angeles Lakers,1,3,40,Made Shot,Jump Shot,3PT Field Goal,Above the Break 3,Left Side Center(LC),24+ ft.,25,-193,160,1,1,20181227,SAC,LAL
Shot Chart Detail,0021800514,132,1628366,Lonzo Ball,1610612747,Los Angeles Lakers,1,3,10,Missed Shot,Driving Layup Shot,2PT Field Goal,Restricted Area,Center(C),Less Than 8 ft.,2,20,5,1,0,20181227,SAC,LAL
Shot Chart Detail,0021800514,153,1628366,Lonzo Ball,1610612747,Los Angeles Lakers,1,1,57,Made Shot,Jump Shot,3PT Field Goal,Above the Break 3,Left Side Center(LC),24+ ft.,25,-176,183,1,1,20181227,SAC,LAL
Shot Chart Detail,0021800514,166,1628366,Lonzo Ball,1610612747,Los Angeles Lakers,1,0,27,Made Shot,Running Dunk Shot,2PT Field Goal,Restricted Area,Center(C),Less Than 8 ft.,1,13,15,1,1,20181227,SAC,LAL
Shot Chart Detail,0021800514,305,1628366,Lonzo Ball,1610612747,Los Angeles Lakers,2,3,20,Missed Shot,Driving Layup Shot,2PT Field Goal,In The Paint (Non-RA),Center(C),Less Than 8 ft.,4,-16,44,1,0,20181227,SAC,LAL
Shot Chart Detail,0021800514,371,1628366,Lonzo Ball,1610612747,Los Angeles Lakers,3,11,18,Made Shot,Pullup Jump shot,3PT Field Goal,Above the Break 3,Center(C),24+ ft.,25,18,250,1,1,20181227,SAC,LAL
Shot Chart Detail,0021800514,407,1628366,Lonzo Ball,1610612747,Los Angeles Lakers,3,8,3,Made Shot,Turnaround Jump Shot,2PT Field Goal,In The Paint (Non-RA),Center(C),Less Than 8 ft.,5,-4,52,1,1,20181227,SAC,LAL
Shot Chart Detail,0021800514,601,1628366,Lonzo Ball,1610612747,Los Angeles Lakers,4,5,23,Made Shot,Driving Layup Shot,2PT Field Goal,Restricted Area,Center(C),Less Than 8 ft.,1,-19,5,1,1,20181227,SAC,LAL
Shot Chart Detail,0021800514,623,1628366,Lonzo Ball,1610612747,Los Angeles Lakers,4,3,3,Missed Shot,Jump Shot,3PT Field Goal,Above the Break 3,Left Side Center(LC),24+ ft.,25,-188,169,1,0,20181227,SAC,LAL
Shot Chart Detail,0021800514,643,1628366,Lonzo Ball,1610612747,Los Angeles Lakers,4,1,42,Made Shot,Running Layup Shot,2PT Field Goal,Restricted Area,Center(C),Less Than 8 ft.,1,12,3,1,1,20181227,SAC,LAL
Shot Chart Detail,0021800526,33,1628366,Lonzo Ball,1610612747,Los Angeles Lakers,1,9,31,Made Shot,Layup Shot,2PT Field Goal,Restricted Area,Center(C),Less Than 8 ft.,3,22,21,1,1,20181228,LAL,LAC
Shot Chart Detail,0021800526,50,1628366,Lonzo Ball,1610612747,Los Angeles Lakers,1,8,9,Missed Shot,Jump Bank Shot,2PT Field Goal,In The Paint (Non-RA),Center(C),Less Than 8 ft.,5,27,46,1,0,20181228,LAL,LAC
Shot Chart Detail,0021800526,59,1628366,Lonzo Ball,1610612747,Los Angeles Lakers,1,7,48,Missed Shot,Jump Shot,3PT Field Goal,Above the Break 3,Left Side Center(LC),24+ ft.,25,-134,216,1,0,20181228,LAL,LAC
Shot Chart Detail,0021800526,85,1628366,Lonzo Ball,1610612747,Los Angeles Lakers,1,6,21,Made Shot,Reverse Layup Shot,2PT Field Goal,Restricted Area,Center(C),Less Than 8 ft.,1,-10,6,1,1,20181228,LAL,LAC
Shot Chart Detail,0021800526,98,1628366,Lonzo Ball,1610612747,Los Angeles Lakers,1,5,33,Missed Shot,Running Jump Shot,3PT Field Goal,Above the Break 3,Right Side Center(RC),24+ ft.,25,154,198,1,0,20181228,LAL,LAC
Shot Chart Detail,0021800526,240,1628366,Lonzo Ball,1610612747,Los Angeles Lakers,2,8,52,Missed Shot,Running Layup Shot,2PT Field Goal,Restricted Area,Center(C),Less Than 8 ft.,1,-6,17,1,0,20181228,LAL,LAC
Shot Chart Detail,0021800526,299,1628366,Lonzo Ball,1610612747,Los Angeles Lakers,2,4,45,Missed Shot,Jump Shot,3PT Field Goal,Above the Break 3,Center(C),24+ ft.,26,-55,257,1,0,20181228,LAL,LAC
Shot Chart Detail,0021800526,320,1628366,Lonzo Ball,1610612747,Los Angeles Lakers,2,2,55,Missed Shot,Layup Shot,2PT Field Goal,Restricted Area,Center(C),Less Than 8 ft.,3,23,24,1,0,20181228,LAL,LAC
Shot Chart Detail,0021800526,347,1628366,Lonzo Ball,1610612747,Los Angeles Lakers,2,0,3,Made Shot,Jump Bank Shot,3PT Field Goal,Above the Break 3,Right Side Center(RC),24+ ft.,29,150,258,1,1,20181228,LAL,LAC
Shot Chart Detail,0021800526,365,1628366,Lonzo Ball,1610612747,Los Angeles Lakers,3,10,56,Made Shot,Jump Shot,2PT Field Goal,In The Paint (Non-RA),Center(C),Less Than 8 ft.,7,-49,60,1,1,20181228,LAL,LAC
Shot Chart Detail,0021800526,368,1628366,Lonzo Ball,1610612747,Los Angeles Lakers,3,10,30,Missed Shot,Pullup Jump shot,2PT Field Goal,Mid-Range,Center(C),16-24 ft.,17,21,169,1,0,20181228,LAL,LAC
Shot Chart Detail,0021800526,393,1628366,Lonzo Ball,1610612747,Los Angeles Lakers,3,8,32,Made Shot,Jump Shot,3PT Field Goal,Above the Break 3,Left Side Center(LC),24+ ft.,27,-185,209,1,1,20181228,LAL,LAC
Shot Chart Detail,0021800526,444,1628366,Lonzo Ball,1610612747,Los Angeles Lakers,3,5,1,Missed Shot,Step Back Jump shot,3PT Field Goal,Above the Break 3,Left Side Center(LC),24+ ft.,27,-94,254,1,0,20181228,LAL,LAC
Shot Chart Detail,0021800526,465,1628366,Lonzo Ball,1610612747,Los Angeles Lakers,3,3,41,Made Shot,Tip Layup Shot,2PT Field Goal,Restricted Area,Center(C),Less Than 8 ft.,0,0,-6,1,1,20181228,LAL,LAC
Shot Chart Detail,0021800526,622,1628366,Lonzo Ball,1610612747,Los Angeles Lakers,4,7,21,Made Shot,Jump Shot,3PT Field Goal,Above the Break 3,Left Side Center(LC),24+ ft.,25,-145,215,1,1,20181228,LAL,LAC
Shot Chart Detail,0021800526,625,1628366,Lonzo Ball,1610612747,Los Angeles Lakers,4,6,49,Missed Shot,Step Back Jump shot,3PT Field Goal,Above the Break 3,Left Side Center(LC),24+ ft.,26,-145,217,1,0,20181228,LAL,LAC
Shot Chart Detail,0021800541,65,1628366,Lonzo Ball,1610612747,Los Angeles Lakers,1,5,29,Missed Shot,Driving Layup Shot,2PT Field Goal,Restricted Area,Center(C),Less Than 8 ft.,1,-3,17,1,0,20181230,LAL,SAC
Shot Chart Detail,0021800541,76,1628366,Lonzo Ball,1610612747,Los Angeles Lakers,1,4,42,Missed Shot,Cutting Layup Shot,2PT Field Goal,Restricted Area,Center(C),Less Than 8 ft.,1,11,8,1,0,20181230,LAL,SAC
Shot Chart Detail,0021800541,182,1628366,Lonzo Ball,1610612747,Los Angeles Lakers,2,10,53,Missed Shot,Step Back Jump shot,3PT Field Goal,Above the Break 3,Right Side Center(RC),24+ ft.,26,98,242,1,0,20181230,LAL,SAC
Shot Chart Detail,0021800541,206,1628366,Lonzo Ball,1610612747,Los Angeles Lakers,2,8,38,Made Shot,Turnaround Fadeaway Bank Jump Shot,2PT Field Goal,Restricted Area,Center(C),Less Than 8 ft.,3,30,25,1,1,20181230,LAL,SAC
Shot Chart Detail,0021800541,214,1628366,Lonzo Ball,1610612747,Los Angeles Lakers,2,7,31,Made Shot,Driving Layup Shot,2PT Field Goal,Restricted Area,Center(C),Less Than 8 ft.,1,14,4,1,1,20181230,LAL,SAC
Shot Chart Detail,0021800541,283,1628366,Lonzo Ball,1610612747,Los Angeles Lakers,2,3,22,Missed Shot,Alley Oop Dunk Shot,2PT Field Goal,Restricted Area,Center(C),Less Than 8 ft.,1,19,6,1,0,20181230,LAL,SAC
Shot Chart Detail,0021800541,288,1628366,Lonzo Ball,1610612747,Los Angeles Lakers,2,3,4,Made Shot,Layup Shot,2PT Field Goal,Restricted Area,Center(C),Less Than 8 ft.,1,13,8,1,1,20181230,LAL,SAC
Shot Chart Detail,0021800541,330,1628366,Lonzo Ball,1610612747,Los Angeles Lakers,2,0,0,Missed Shot,Running Jump Shot,3PT Field Goal,Backcourt,Back Court(BC),Back Court Shot,43,5,434,1,0,20181230,LAL,SAC
Shot Chart Detail,0021800541,351,1628366,Lonzo Ball,1610612747,Los Angeles Lakers,3,10,19,Made Shot,Driving Layup Shot,2PT Field Goal,Restricted Area,Center(C),Less Than 8 ft.,1,11,8,1,1,20181230,LAL,SAC
Shot Chart Detail,0021800541,365,1628366,Lonzo Ball,1610612747,Los Angeles Lakers,3,8,50,Missed Shot,Jump Shot,3PT Field Goal,Above the Break 3,Left Side Center(LC),24+ ft.,26,-143,221,1,0,20181230,LAL,SAC
Shot Chart Detail,0021800541,396,1628366,Lonzo Ball,1610612747,Los Angeles Lakers,3,6,52,Made Shot,Running Layup Shot,2PT Field Goal,Restricted Area,Center(C),Less Than 8 ft.,1,11,10,1,1,20181230,LAL,SAC
Shot Chart Detail,0021800541,525,1628366,Lonzo Ball,1610612747,Los Angeles Lakers,4,10,31,Made Shot,Step Back Jump shot,3PT Field Goal,Above the Break 3,Center(C),24+ ft.,25,-30,251,1,1,20181230,LAL,SAC
Shot Chart Detail,0021800541,573,1628366,Lonzo Ball,1610612747,Los Angeles Lakers,4,6,46,Missed Shot,Jump Shot,3PT Field Goal,Above the Break 3,Left Side Center(LC),24+ ft.,28,-201,205,1,0,20181230,LAL,SAC
Shot Chart Detail,0021800541,589,1628366,Lonzo Ball,1610612747,Los Angeles Lakers,4,5,41,Missed Shot,Jump Shot,3PT Field Goal,Above the Break 3,Left Side Center(LC),24+ ft.,25,-132,221,1,0,20181230,LAL,SAC
Shot Chart Detail,0021800562,52,1628366,Lonzo Ball,1610612747,Los Angeles Lakers,1,8,59,Missed Shot,Jump Shot,3PT Field Goal,Right Corner 3,Right Side(R),24+ ft.,23,230,-5,1,0,20190102,LAL,OKC
Shot Chart Detail,0021800562,59,1628366,Lonzo Ball,1610612747,Los Angeles Lakers,1,8,26,Made Shot,Running Layup Shot,2PT Field Goal,Restricted Area,Center(C),Less Than 8 ft.,0,-9,1,1,1,20190102,LAL,OKC
Shot Chart Detail,0021800562,262,1628366,Lonzo Ball,1610612747,Los Angeles Lakers,2,7,41,Missed Shot,Layup Shot,2PT Field Goal,Restricted Area,Center(C),Less Than 8 ft.,1,13,1,1,0,20190102,LAL,OKC
Shot Chart Detail,0021800562,413,1628366,Lonzo Ball,1610612747,Los Angeles Lakers,3,9,27,Missed Shot,Driving Layup Shot,2PT Field Goal,Restricted Area,Center(C),Less Than 8 ft.,1,-16,6,1,0,20190102,LAL,OKC
Shot Chart Detail,0021800574,17,1628366,Lonzo Ball,1610612747,Los Angeles Lakers,1,10,41,Made Shot,Jump Shot,3PT Field Goal,Above the Break 3,Center(C),24+ ft.,27,33,277,1,1,20190104,LAL,NYK
Shot Chart Detail,0021800574,40,1628366,Lonzo Ball,1610612747,Los Angeles Lakers,1,8,10,Missed Shot,Jump Shot,3PT Field Goal,Above the Break 3,Left Side Center(LC),24+ ft.,25,-176,184,1,0,20190104,LAL,NYK
Shot Chart Detail,0021800574,53,1628366,Lonzo Ball,1610612747,Los Angeles Lakers,1,7,8,Missed Shot,Turnaround Jump Shot,2PT Field Goal,Restricted Area,Center(C),Less Than 8 ft.,3,-10,38,1,0,20190104,LAL,NYK
Shot Chart Detail,0021800574,80,1628366,Lonzo Ball,1610612747,Los Angeles Lakers,1,5,10,Made Shot,Step Back Jump shot,3PT Field Goal,Above the Break 3,Right Side Center(RC),24+ ft.,26,160,213,1,1,20190104,LAL,NYK
Shot Chart Detail,0021800574,109,1628366,Lonzo Ball,1610612747,Los Angeles Lakers,1,4,5,Made Shot,Running Layup Shot,2PT Field Goal,Restricted Area,Center(C),Less Than 8 ft.,2,-16,13,1,1,20190104,LAL,NYK
Shot Chart Detail,0021800574,272,1628366,Lonzo Ball,1610612747,Los Angeles Lakers,2,5,58,Missed Shot,Step Back Jump shot,3PT Field Goal,Above the Break 3,Left Side Center(LC),24+ ft.,24,-76,229,1,0,20190104,LAL,NYK
Shot Chart Detail,0021800574,310,1628366,Lonzo Ball,1610612747,Los Angeles Lakers,2,3,57,Made Shot,Step Back Jump shot,3PT Field Goal,Above the Break 3,Left Side Center(LC),24+ ft.,25,-154,200,1,1,20190104,LAL,NYK
Shot Chart Detail,0021800574,372,1628366,Lonzo Ball,1610612747,Los Angeles Lakers,3,11,22,Missed Shot,Floating Jump shot,2PT Field Goal,In The Paint (Non-RA),Center(C),8-16 ft.,12,-23,122,1,0,20190104,LAL,NYK
Shot Chart Detail,0021800574,714,1628366,Lonzo Ball,1610612747,Los Angeles Lakers,3,9,16,Missed Shot,Floating Jump shot,2PT Field Goal,In The Paint (Non-RA),Left Side(L),8-16 ft.,8,-67,53,1,0,20190104,LAL,NYK
Shot Chart Detail,0021800574,597,1628366,Lonzo Ball,1610612747,Los Angeles Lakers,4,6,56,Made Shot,Step Back Jump shot,3PT Field Goal,Above the Break 3,Left Side Center(LC),24+ ft.,25,-175,183,1,1,20190104,LAL,NYK
Shot Chart Detail,0021800574,663,1628366,Lonzo Ball,1610612747,Los Angeles Lakers,4,2,42,Missed Shot,Driving Layup Shot,2PT Field Goal,Restricted Area,Center(C),Less Than 8 ft.,2,10,22,1,0,20190104,LAL,NYK
Shot Chart Detail,0021800574,665,1628366,Lonzo Ball,1610612747,Los Angeles Lakers,4,2,38,Missed Shot,Tip Layup Shot,2PT Field Goal,Restricted Area,Center(C),Less Than 8 ft.,0,0,-6,1,0,20190104,LAL,NYK
Shot Chart Detail,0021800574,686,1628366,Lonzo Ball,1610612747,Los Angeles Lakers,4,1,13,Made Shot,Jump Shot,3PT Field Goal,Above the Break 3,Right Side Center(RC),24+ ft.,26,136,227,1,1,20190104,LAL,NYK
Shot Chart Detail,0021800585,42,1628366,Lonzo Ball,1610612747,Los Angeles Lakers,1,8,24,Missed Shot,Step Back Jump shot,3PT Field Goal,Above the Break 3,Right Side Center(RC),24+ ft.,25,98,235,1,0,20190106,MIN,LAL
Shot Chart Detail,0021800585,333,1628366,Lonzo Ball,1610612747,Los Angeles Lakers,3,11,28,Missed Shot,Floating Jump shot,2PT Field Goal,In The Paint (Non-RA),Center(C),8-16 ft.,12,13,125,1,0,20190106,MIN,LAL
Shot Chart Detail,0021800585,338,1628366,Lonzo Ball,1610612747,Los Angeles Lakers,3,11,6,Missed Shot,Jump Shot,3PT Field Goal,Above the Break 3,Left Side Center(LC),24+ ft.,25,-185,178,1,0,20190106,MIN,LAL
Shot Chart Detail,0021800585,401,1628366,Lonzo Ball,1610612747,Los Angeles Lakers,3,6,51,Missed Shot,Running Layup Shot,2PT Field Goal,Restricted Area,Center(C),Less Than 8 ft.,1,5,15,1,0,20190106,MIN,LAL
Shot Chart Detail,0021800596,24,1628366,Lonzo Ball,1610612747,Los Angeles Lakers,1,10,8,Missed Shot,Pullup Jump shot,2PT Field Goal,Mid-Range,Left Side(L),8-16 ft.,12,-112,45,1,0,20190107,DAL,LAL
Shot Chart Detail,0021800596,29,1628366,Lonzo Ball,1610612747,Los Angeles Lakers,1,9,46,Made Shot,Jump Shot,3PT Field Goal,Above the Break 3,Right Side Center(RC),24+ ft.,25,182,185,1,1,20190107,DAL,LAL
Shot Chart Detail,0021800596,33,1628366,Lonzo Ball,1610612747,Los Angeles Lakers,1,9,3,Missed Shot,Jump Shot,3PT Field Goal,Above the Break 3,Center(C),24+ ft.,27,38,276,1,0,20190107,DAL,LAL
Shot Chart Detail,0021800596,46,1628366,Lonzo Ball,1610612747,Los Angeles Lakers,1,8,0,Made Shot,Driving Dunk Shot,2PT Field Goal,Restricted Area,Center(C),Less Than 8 ft.,0,5,4,1,1,20190107,DAL,LAL
Shot Chart Detail,0021800596,80,1628366,Lonzo Ball,1610612747,Los Angeles Lakers,1,5,8,Made Shot,Jump Shot,3PT Field Goal,Above the Break 3,Left Side Center(LC),24+ ft.,26,-160,216,1,1,20190107,DAL,LAL
Shot Chart Detail,0021800596,143,1628366,Lonzo Ball,1610612747,Los Angeles Lakers,1,1,45,Missed Shot,Jump Shot,3PT Field Goal,Above the Break 3,Right Side Center(RC),24+ ft.,26,175,199,1,0,20190107,DAL,LAL
Shot Chart Detail,0021800596,280,1628366,Lonzo Ball,1610612747,Los Angeles Lakers,2,4,59,Made Shot,Step Back Jump shot,3PT Field Goal,Above the Break 3,Left Side Center(LC),24+ ft.,27,-97,253,1,1,20190107,DAL,LAL
Shot Chart Detail,0021800596,355,1628366,Lonzo Ball,1610612747,Los Angeles Lakers,2,0,28,Missed Shot,Jump Shot,3PT Field Goal,Above the Break 3,Right Side Center(RC),24+ ft.,28,206,204,1,0,20190107,DAL,LAL
Shot Chart Detail,0021800596,380,1628366,Lonzo Ball,1610612747,Los Angeles Lakers,3,10,11,Made Shot,Pullup Jump shot,2PT Field Goal,Mid-Range,Left Side Center(LC),16-24 ft.,20,-110,174,1,1,20190107,DAL,LAL
Shot Chart Detail,0021800596,447,1628366,Lonzo Ball,1610612747,Los Angeles Lakers,3,3,50,Missed Shot,Running Layup Shot,2PT Field Goal,Restricted Area,Center(C),Less Than 8 ft.,2,-3,28,1,0,20190107,DAL,LAL
Shot Chart Detail,0021800596,449,1628366,Lonzo Ball,1610612747,Los Angeles Lakers,3,3,49,Missed Shot,Tip Layup Shot,2PT Field Goal,Restricted Area,Center(C),Less Than 8 ft.,0,0,-6,1,0,20190107,DAL,LAL
Shot Chart Detail,0021800596,480,1628366,Lonzo Ball,1610612747,Los Angeles Lakers,3,2,42,Made Shot,Alley Oop Dunk Shot,2PT Field Goal,Restricted Area,Center(C),Less Than 8 ft.,0,2,0,1,1,20190107,DAL,LAL
Shot Chart Detail,0021800596,496,1628366,Lonzo Ball,1610612747,Los Angeles Lakers,3,1,29,Missed Shot,Jump Shot,3PT Field Goal,Above the Break 3,Right Side Center(RC),24+ ft.,27,89,256,1,0,20190107,DAL,LAL
Shot Chart Detail,0021800596,500,1628366,Lonzo Ball,1610612747,Los Angeles Lakers,3,1,12,Made Shot,Cutting Dunk Shot,2PT Field Goal,Restricted Area,Center(C),Less Than 8 ft.,0,-1,6,1,1,20190107,DAL,LAL
Shot Chart Detail,0021800596,625,1628366,Lonzo Ball,1610612747,Los Angeles Lakers,4,4,23,Made Shot,Jump Shot,3PT Field Goal,Above the Break 3,Left Side Center(LC),24+ ft.,27,-187,196,1,1,20190107,DAL,LAL
Shot Chart Detail,0021800616,34,1628366,Lonzo Ball,1610612747,Los Angeles Lakers,1,9,25,Missed Shot,Jump Shot,3PT Field Goal,Left Corner 3,Left Side(L),24+ ft.,23,-237,5,1,0,20190109,LAL,DET
Shot Chart Detail,0021800616,38,1628366,Lonzo Ball,1610612747,Los Angeles Lakers,1,9,1,Missed Shot,Jump Shot,3PT Field Goal,Above the Break 3,Left Side Center(LC),24+ ft.,25,-130,222,1,0,20190109,LAL,DET
Shot Chart Detail,0021800616,186,1628366,Lonzo Ball,1610612747,Los Angeles Lakers,2,10,48,Missed Shot,Jump Shot,3PT Field Goal,Above the Break 3,Center(C),24+ ft.,25,-30,251,1,0,20190109,LAL,DET
Shot Chart Detail,0021800616,236,1628366,Lonzo Ball,1610612747,Los Angeles Lakers,2,6,18,Missed Shot,Pullup Jump shot,2PT Field Goal,In The Paint (Non-RA),Center(C),Less Than 8 ft.,7,1,74,1,0,20190109,LAL,DET
Shot Chart Detail,0021800616,279,1628366,Lonzo Ball,1610612747,Los Angeles Lakers,2,3,25,Made Shot,Pullup Jump shot,3PT Field Goal,Above the Break 3,Center(C),24+ ft.,26,-21,261,1,1,20190109,LAL,DET
Shot Chart Detail,0021800616,283,1628366,Lonzo Ball,1610612747,Los Angeles Lakers,2,2,52,Made Shot,Driving Layup Shot,2PT Field Goal,Restricted Area,Center(C),Less Than 8 ft.,1,5,11,1,1,20190109,LAL,DET
Shot Chart Detail,0021800627,60,1628366,Lonzo Ball,1610612747,Los Angeles Lakers,1,7,10,Made Shot,Pullup Jump shot,2PT Field Goal,In The Paint (Non-RA),Center(C),8-16 ft.,12,56,110,1,1,20190111,UTA,LAL
Shot Chart Detail,0021800627,72,1628366,Lonzo Ball,1610612747,Los Angeles Lakers,1,5,38,Missed Shot,Step Back Jump shot,3PT Field Goal,Above the Break 3,Center(C),24+ ft.,24,51,237,1,0,20190111,UTA,LAL
Shot Chart Detail,0021800627,88,1628366,Lonzo Ball,1610612747,Los Angeles Lakers,1,4,48,Missed Shot,Jump Shot,3PT Field Goal,Above the Break 3,Center(C),24+ ft.,25,-74,243,1,0,20190111,UTA,LAL
Shot Chart Detail,0021800627,100,1628366,Lonzo Ball,1610612747,Los Angeles Lakers,1,4,3,Missed Shot,Turnaround Jump Shot,2PT Field Goal,In The Paint (Non-RA),Center(C),Less Than 8 ft.,7,-32,66,1,0,20190111,UTA,LAL
Shot Chart Detail,0021800627,183,1628366,Lonzo Ball,1610612747,Los Angeles Lakers,2,10,48,Missed Shot,Jump Shot,3PT Field Goal,Above the Break 3,Right Side Center(RC),24+ ft.,26,175,193,1,0,20190111,UTA,LAL
Shot Chart Detail,0021800627,409,1628366,Lonzo Ball,1610612747,Los Angeles Lakers,3,9,41,Missed Shot,Tip Layup Shot,2PT Field Goal,Restricted Area,Center(C),Less Than 8 ft.,0,0,-6,1,0,20190111,UTA,LAL
Shot Chart Detail,0021800627,429,1628366,Lonzo Ball,1610612747,Los Angeles Lakers,3,8,47,Missed Shot,Fadeaway Jump Shot,2PT Field Goal,In The Paint (Non-RA),Left Side(L),8-16 ft.,10,-77,69,1,0,20190111,UTA,LAL
Shot Chart Detail,0021800627,433,1628366,Lonzo Ball,1610612747,Los Angeles Lakers,3,8,35,Made Shot,Pullup Jump shot,3PT Field Goal,Above the Break 3,Center(C),24+ ft.,25,-43,253,1,1,20190111,UTA,LAL
Shot Chart Detail,0021800627,445,1628366,Lonzo Ball,1610612747,Los Angeles Lakers,3,8,1,Missed Shot,Driving Layup Shot,2PT Field Goal,Restricted Area,Center(C),Less Than 8 ft.,2,-23,11,1,0,20190111,UTA,LAL
Shot Chart Detail,0021800627,450,1628366,Lonzo Ball,1610612747,Los Angeles Lakers,3,7,55,Made Shot,Tip Layup Shot,2PT Field Goal,Restricted Area,Center(C),Less Than 8 ft.,0,0,-6,1,1,20190111,UTA,LAL
Shot Chart Detail,0021800627,541,1628366,Lonzo Ball,1610612747,Los Angeles Lakers,3,2,12,Missed Shot,Alley Oop Layup shot,2PT Field Goal,Restricted Area,Center(C),Less Than 8 ft.,2,25,6,1,0,20190111,UTA,LAL
Shot Chart Detail,0021800627,643,1628366,Lonzo Ball,1610612747,Los Angeles Lakers,4,7,49,Missed Shot,Driving Layup Shot,2PT Field Goal,Restricted Area,Center(C),Less Than 8 ft.,2,-24,-4,1,0,20190111,UTA,LAL
Shot Chart Detail,0021800627,734,1628366,Lonzo Ball,1610612747,Los Angeles Lakers,4,2,17,Missed Shot,Pullup Jump shot,3PT Field Goal,Above the Break 3,Left Side Center(LC),24+ ft.,24,-121,218,1,0,20190111,UTA,LAL
Shot Chart Detail,0021800644,22,1628366,Lonzo Ball,1610612747,Los Angeles Lakers,1,9,56,Missed Shot,Jump Shot,3PT Field Goal,Above the Break 3,Right Side Center(RC),24+ ft.,26,149,216,1,0,20190113,LAL,CLE
Shot Chart Detail,0021800644,44,1628366,Lonzo Ball,1610612747,Los Angeles Lakers,1,7,8,Missed Shot,Driving Dunk Shot,2PT Field Goal,Restricted Area,Center(C),Less Than 8 ft.,1,3,16,1,0,20190113,LAL,CLE
Shot Chart Detail,0021800644,69,1628366,Lonzo Ball,1610612747,Los Angeles Lakers,1,5,9,Made Shot,Running Layup Shot,2PT Field Goal,Restricted Area,Center(C),Less Than 8 ft.,2,-8,25,1,1,20190113,LAL,CLE
Shot Chart Detail,0021800644,72,1628366,Lonzo Ball,1610612747,Los Angeles Lakers,1,4,33,Made Shot,Driving Layup Shot,2PT Field Goal,Restricted Area,Center(C),Less Than 8 ft.,2,-11,25,1,1,20190113,LAL,CLE
Shot Chart Detail,0021800644,79,1628366,Lonzo Ball,1610612747,Los Angeles Lakers,1,3,30,Missed Shot,Hook Shot,2PT Field Goal,Restricted Area,Center(C),Less Than 8 ft.,2,4,26,1,0,20190113,LAL,CLE
Shot Chart Detail,0021800644,88,1628366,Lonzo Ball,1610612747,Los Angeles Lakers,1,2,53,Made Shot,Jump Shot,3PT Field Goal,Right Corner 3,Right Side(R),24+ ft.,24,242,48,1,1,20190113,LAL,CLE
Shot Chart Detail,0021800644,159,1628366,Lonzo Ball,1610612747,Los Angeles Lakers,2,10,10,Made Shot,Jump Shot,3PT Field Goal,Above the Break 3,Right Side Center(RC),24+ ft.,24,222,100,1,1,20190113,LAL,CLE
Shot Chart Detail,0021800644,178,1628366,Lonzo Ball,1610612747,Los Angeles Lakers,2,7,46,Missed Shot,Jump Shot,3PT Field Goal,Above the Break 3,Left Side Center(LC),24+ ft.,26,-149,223,1,0,20190113,LAL,CLE
Shot Chart Detail,0021800644,303,1628366,Lonzo Ball,1610612747,Los Angeles Lakers,3,11,17,Made Shot,Putback Layup Shot,2PT Field Goal,Restricted Area,Center(C),Less Than 8 ft.,1,6,14,1,1,20190113,LAL,CLE
Shot Chart Detail,0021800644,314,1628366,Lonzo Ball,1610612747,Los Angeles Lakers,3,9,20,Missed Shot,Jump Shot,3PT Field Goal,Right Corner 3,Right Side(R),24+ ft.,25,240,78,1,0,20190113,LAL,CLE
Shot Chart Detail,0021800644,336,1628366,Lonzo Ball,1610612747,Los Angeles Lakers,3,7,34,Missed Shot,Step Back Jump shot,3PT Field Goal,Above the Break 3,Left Side Center(LC),24+ ft.,26,-140,225,1,0,20190113,LAL,CLE
Shot Chart Detail,0021800644,420,1628366,Lonzo Ball,1610612747,Los Angeles Lakers,3,1,14,Missed Shot,Jump Shot,3PT Field Goal,Above the Break 3,Right Side Center(RC),24+ ft.,25,190,166,1,0,20190113,LAL,CLE
Shot Chart Detail,0021800644,430,1628366,Lonzo Ball,1610612747,Los Angeles Lakers,3,0,19,Missed Shot,Hook Shot,2PT Field Goal,In The Paint (Non-RA),Center(C),Less Than 8 ft.,7,12,73,1,0,20190113,LAL,CLE
Shot Chart Detail,0021800644,665,1628366,Lonzo Ball,1610612747,Los Angeles Lakers,4,0,2,Missed Shot,Jump Shot,3PT Field Goal,Above the Break 3,Left Side Center(LC),24+ ft.,26,-107,242,1,0,20190113,LAL,CLE
Shot Chart Detail,0021800656,45,1628366,Lonzo Ball,1610612747,Los Angeles Lakers,1,8,16,Made Shot,Driving Dunk Shot,2PT Field Goal,Restricted Area,Center(C),Less Than 8 ft.,0,3,2,1,1,20190115,LAL,CHI
Shot Chart Detail,0021800656,48,1628366,Lonzo Ball,1610612747,Los Angeles Lakers,1,7,51,Missed Shot,Jump Shot,3PT Field Goal,Above the Break 3,Left Side Center(LC),24+ ft.,27,-158,230,1,0,20190115,LAL,CHI
Shot Chart Detail,0021800656,50,1628366,Lonzo Ball,1610612747,Los Angeles Lakers,1,7,43,Missed Shot,Jump Shot,3PT Field Goal,Left Corner 3,Left Side(L),24+ ft.,22,-226,32,1,0,20190115,LAL,CHI
Shot Chart Detail,0021800656,87,1628366,Lonzo Ball,1610612747,Los Angeles Lakers,1,4,33,Missed Shot,Driving Layup Shot,2PT Field Goal,Restricted Area,Center(C),Less Than 8 ft.,1,11,13,1,0,20190115,LAL,CHI
Shot Chart Detail,0021800656,212,1628366,Lonzo Ball,1610612747,Los Angeles Lakers,2,8,32,Missed Shot,Jump Shot,3PT Field Goal,Above the Break 3,Left Side Center(LC),24+ ft.,27,-177,216,1,0,20190115,LAL,CHI
Shot Chart Detail,0021800656,256,1628366,Lonzo Ball,1610612747,Los Angeles Lakers,2,5,27,Made Shot,Driving Floating Bank Jump Shot,2PT Field Goal,In The Paint (Non-RA),Center(C),Less Than 8 ft.,5,-36,37,1,1,20190115,LAL,CHI
Shot Chart Detail,0021800656,295,1628366,Lonzo Ball,1610612747,Los Angeles Lakers,2,1,10,Made Shot,Running Layup Shot,2PT Field Goal,Restricted Area,Center(C),Less Than 8 ft.,1,10,15,1,1,20190115,LAL,CHI
Shot Chart Detail,0021800656,336,1628366,Lonzo Ball,1610612747,Los Angeles Lakers,3,11,9,Missed Shot,Jump Shot,3PT Field Goal,Above the Break 3,Left Side Center(LC),24+ ft.,26,-125,229,1,0,20190115,LAL,CHI
Shot Chart Detail,0021800656,339,1628366,Lonzo Ball,1610612747,Los Angeles Lakers,3,10,41,Missed Shot,Jump Bank Shot,2PT Field Goal,Restricted Area,Center(C),Less Than 8 ft.,3,-31,8,1,0,20190115,LAL,CHI
Shot Chart Detail,0021800656,364,1628366,Lonzo Ball,1610612747,Los Angeles Lakers,3,7,48,Made Shot,Jump Shot,3PT Field Goal,Above the Break 3,Right Side Center(RC),24+ ft.,26,134,227,1,1,20190115,LAL,CHI
Shot Chart Detail,0021800656,367,1628366,Lonzo Ball,1610612747,Los Angeles Lakers,3,7,18,Made Shot,Jump Shot,3PT Field Goal,Above the Break 3,Left Side Center(LC),24+ ft.,25,-199,161,1,1,20190115,LAL,CHI
Shot Chart Detail,0021800656,394,1628366,Lonzo Ball,1610612747,Los Angeles Lakers,3,5,17,Missed Shot,Jump Bank Shot,2PT Field Goal,Restricted Area,Center(C),Less Than 8 ft.,2,19,13,1,0,20190115,LAL,CHI
Shot Chart Detail,0021800656,396,1628366,Lonzo Ball,1610612747,Los Angeles Lakers,3,5,14,Made Shot,Tip Layup Shot,2PT Field Goal,Restricted Area,Center(C),Less Than 8 ft.,0,0,-6,1,1,20190115,LAL,CHI
Shot Chart Detail,0021800656,398,1628366,Lonzo Ball,1610612747,Los Angeles Lakers,3,4,38,Made Shot,Jump Shot,3PT Field Goal,Above the Break 3,Left Side Center(LC),24+ ft.,24,-143,199,1,1,20190115,LAL,CHI
Shot Chart Detail,0021800656,478,1628366,Lonzo Ball,1610612747,Los Angeles Lakers,3,0,18,Made Shot,Driving Floating Jump Shot,2PT Field Goal,In The Paint (Non-RA),Center(C),8-16 ft.,9,-10,92,1,1,20190115,LAL,CHI
Shot Chart Detail,0021800656,573,1628366,Lonzo Ball,1610612747,Los Angeles Lakers,4,5,41,Missed Shot,Running Layup Shot,2PT Field Goal,Restricted Area,Center(C),Less Than 8 ft.,1,0,15,1,0,20190115,LAL,CHI
Shot Chart Detail,0021800656,593,1628366,Lonzo Ball,1610612747,Los Angeles Lakers,4,3,58,Missed Shot,Layup Shot,2PT Field Goal,In The Paint (Non-RA),Center(C),Less Than 8 ft.,5,-2,52,1,0,20190115,LAL,CHI
Shot Chart Detail,0021800670,22,1628366,Lonzo Ball,1610612747,Los Angeles Lakers,1,10,21,Made Shot,Jump Shot,2PT Field Goal,Mid-Range,Left Side(L),16-24 ft.,17,-179,-9,1,1,20190117,OKC,LAL
Shot Chart Detail,0021800670,76,1628366,Lonzo Ball,1610612747,Los Angeles Lakers,1,4,46,Missed Shot,Jump Shot,3PT Field Goal,Above the Break 3,Left Side Center(LC),24+ ft.,24,-199,148,1,0,20190117,OKC,LAL
Shot Chart Detail,0021800670,264,1628366,Lonzo Ball,1610612747,Los Angeles Lakers,2,4,45,Missed Shot,Pullup Jump shot,2PT Field Goal,Mid-Range,Right Side Center(RC),16-24 ft.,19,98,169,1,0,20190117,OKC,LAL
Shot Chart Detail,0021800670,274,1628366,Lonzo Ball,1610612747,Los Angeles Lakers,2,4,5,Missed Shot,Driving Layup Shot,2PT Field Goal,In The Paint (Non-RA),Center(C),Less Than 8 ft.,4,42,6,1,0,20190117,OKC,LAL
Shot Chart Detail,0021800670,291,1628366,Lonzo Ball,1610612747,Los Angeles Lakers,2,2,50,Made Shot,Cutting Dunk Shot,2PT Field Goal,Restricted Area,Center(C),Less Than 8 ft.,1,-5,13,1,1,20190117,OKC,LAL
Shot Chart Detail,0021800670,295,1628366,Lonzo Ball,1610612747,Los Angeles Lakers,2,2,18,Missed Shot,Fadeaway Jump Shot,2PT Field Goal,Mid-Range,Right Side(R),16-24 ft.,17,167,60,1,0,20190117,OKC,LAL
Shot Chart Detail,0021800670,306,1628366,Lonzo Ball,1610612747,Los Angeles Lakers,2,1,40,Missed Shot,Jump Shot,3PT Field Goal,Left Corner 3,Left Side(L),24+ ft.,23,-229,29,1,0,20190117,OKC,LAL
Shot Chart Detail,0021800670,310,1628366,Lonzo Ball,1610612747,Los Angeles Lakers,2,1,14,Made Shot,Jump Shot,3PT Field Goal,Right Corner 3,Right Side(R),24+ ft.,23,231,-21,1,1,20190117,OKC,LAL
Shot Chart Detail,0021800670,317,1628366,Lonzo Ball,1610612747,Los Angeles Lakers,2,0,36,Made Shot,Jump Shot,3PT Field Goal,Above the Break 3,Right Side Center(RC),24+ ft.,26,160,217,1,1,20190117,OKC,LAL
Shot Chart Detail,0021800670,324,1628366,Lonzo Ball,1610612747,Los Angeles Lakers,2,0,0,Missed Shot,Jump Shot,3PT Field Goal,Backcourt,Back Court(BC),Back Court Shot,84,230,816,1,0,20190117,OKC,LAL
Shot Chart Detail,0021800670,357,1628366,Lonzo Ball,1610612747,Los Angeles Lakers,3,9,17,Made Shot,Jump Shot,3PT Field Goal,Above the Break 3,Right Side Center(RC),24+ ft.,26,168,208,1,1,20190117,OKC,LAL
Shot Chart Detail,0021800670,396,1628366,Lonzo Ball,1610612747,Los Angeles Lakers,3,6,51,Missed Shot,Jump Shot,3PT Field Goal,Left Corner 3,Left Side(L),24+ ft.,24,-231,80,1,0,20190117,OKC,LAL
Shot Chart Detail,0021800670,674,1628366,Lonzo Ball,1610612747,Los Angeles Lakers,4,0,39,Missed Shot,Pullup Jump shot,3PT Field Goal,Above the Break 3,Right Side Center(RC),24+ ft.,26,92,248,1,0,20190117,OKC,LAL
Shot Chart Detail,0021800670,723,1628366,Lonzo Ball,1610612747,Los Angeles Lakers,5,3,41,Missed Shot,Driving Layup Shot,2PT Field Goal,Restricted Area,Center(C),Less Than 8 ft.,1,11,15,1,0,20190117,OKC,LAL
Shot Chart Detail,0021800670,732,1628366,Lonzo Ball,1610612747,Los Angeles Lakers,5,3,34,Made Shot,Jump Shot,3PT Field Goal,Above the Break 3,Left Side Center(LC),24+ ft.,26,-92,252,1,1,20190117,OKC,LAL
Shot Chart Detail,0021800670,739,1628366,Lonzo Ball,1610612747,Los Angeles Lakers,5,2,51,Missed Shot,Pullup Jump shot,3PT Field Goal,Above the Break 3,Left Side Center(LC),24+ ft.,25,-232,113,1,0,20190117,OKC,LAL
Shot Chart Detail,0021800670,749,1628366,Lonzo Ball,1610612747,Los Angeles Lakers,5,2,15,Made Shot,Driving Finger Roll Layup Shot,2PT Field Goal,Restricted Area,Center(C),Less Than 8 ft.,2,-14,25,1,1,20190117,OKC,LAL
Shot Chart Detail,0021800686,32,1628366,Lonzo Ball,1610612747,Los Angeles Lakers,1,8,42,Made Shot,Cutting Layup Shot,2PT Field Goal,Restricted Area,Center(C),Less Than 8 ft.,1,-8,16,1,1,20190119,HOU,LAL
Shot Chart Detail,0021800686,55,1628366,Lonzo Ball,1610612747,Los Angeles Lakers,1,6,49,Made Shot,Jump Bank Shot,2PT Field Goal,Mid-Range,Left Side(L),8-16 ft.,10,-86,53,1,1,20190119,HOU,LAL
Shot Chart Detail,0021800686,86,1628366,Lonzo Ball,1610612747,Los Angeles Lakers,1,5,10,Made Shot,Step Back Jump shot,2PT Field Goal,Mid-Range,Left Side Center(LC),16-24 ft.,22,-118,193,1,1,20190119,HOU,LAL
Shot Chart Detail,0021800686,277,1628366,Lonzo Ball,1610612747,Los Angeles Lakers,2,4,28,Missed Shot,Pullup Jump shot,3PT Field Goal,Above the Break 3,Right Side Center(RC),24+ ft.,25,141,210,1,0,20190119,HOU,LAL
Shot Chart Detail,0021800686,325,1628366,Lonzo Ball,1610612747,Los Angeles Lakers,2,1,11,Made Shot,Running Layup Shot,2PT Field Goal,Restricted Area,Center(C),Less Than 8 ft.,1,-16,10,1,1,20190119,HOU,LAL
Shot Chart Detail,0021800686,328,1628366,Lonzo Ball,1610612747,Los Angeles Lakers,2,0,36,Missed Shot,Step Back Jump shot,3PT Field Goal,Above the Break 3,Center(C),24+ ft.,25,7,256,1,0,20190119,HOU,LAL
Shot Chart Detail,0021800686,372,1628366,Lonzo Ball,1610612747,Los Angeles Lakers,3,9,48,Missed Shot,Step Back Jump shot,3PT Field Goal,Above the Break 3,Left Side Center(LC),24+ ft.,25,-138,220,1,0,20190119,HOU,LAL
