GRID_TYPE,GAME_ID,GAME_EVENT_ID,PLAYER_ID,PLAYER_NAME,TEAM_ID,TEAM_NAME,PERIOD,MINUTES_REMAINING,SECONDS_REMAINING,EVENT_TYPE,ACTION_TYPE,SHOT_TYPE,SHOT_ZONE_BASIC,SHOT_ZONE_AREA,SHOT_ZONE_RANGE,SHOT_DISTANCE,LOC_X,LOC_Y,SHOT_ATTEMPTED_FLAG,SHOT_MADE_FLAG,GAME_DATE,HTM,VTM
Shot Chart Detail,0021800213,634,1629053,Vincent Edwards,1610612745,Houston Rockets,4,0,36,Missed Shot,Jump Shot,3PT Field Goal,Left Corner 3,Left Side(L),24+ ft.,23,-234,38,1,0,20181115,HOU,GSW
Shot Chart Detail,0021800213,636,1629053,Vincent Edwards,1610612745,Houston Rockets,4,0,22,Made Shot,Jump Shot,3PT Field Goal,Left Corner 3,Left Side(L),24+ ft.,23,-230,67,1,1,20181115,HOU,GSW
Shot Chart Detail,0021800699,634,1629053,Vincent Edwards,1610612745,Houston Rockets,4,5,7,Missed Shot,Jump Shot,3PT Field Goal,Right Corner 3,Right Side(R),24+ ft.,23,232,20,1,0,20190121,PHI,HOU
Shot Chart Detail,0021800699,669,1629053,Vincent Edwards,1610612745,Houston Rockets,4,3,7,Missed Shot,Jump Shot,3PT Field Goal,Above the Break 3,Right Side Center(RC),24+ ft.,26,134,227,1,0,20190121,PHI,HOU
