GRID_TYPE,GAME_ID,GAME_EVENT_ID,PLAYER_ID,PLAYER_NAME,TEAM_ID,TEAM_NAME,PERIOD,MINUTES_REMAINING,SECONDS_REMAINING,EVENT_TYPE,ACTION_TYPE,SHOT_TYPE,SHOT_ZONE_BASIC,SHOT_ZONE_AREA,SHOT_ZONE_RANGE,SHOT_DISTANCE,LOC_X,LOC_Y,SHOT_ATTEMPTED_FLAG,SHOT_MADE_FLAG,GAME_DATE,HTM,VTM
Shot Chart Detail,0021800419,103,1717,Dirk Nowitzki,1610612742,Dallas Mavericks,1,2,41,Made Shot,Jump Bank Shot,2PT Field Goal,Mid-Range,Right Side(R),8-16 ft.,14,144,34,1,1,20181213,PHX,DAL
Shot Chart Detail,0021800419,125,1717,Dirk Nowitzki,1610612742,Dallas Mavericks,1,0,33,Missed Shot,Jump Shot,3PT Field Goal,Above the Break 3,Right Side Center(RC),24+ ft.,25,148,211,1,0,20181213,PHX,DAL
Shot Chart Detail,0021800440,134,1717,Dirk Nowitzki,1610612742,Dallas Mavericks,1,2,28,Missed Shot,Jump Shot,3PT Field Goal,Above the Break 3,Right Side Center(RC),24+ ft.,26,101,242,1,0,20181216,DAL,SAC
Shot Chart Detail,0021800440,138,1717,Dirk Nowitzki,1610612742,Dallas Mavericks,1,1,59,Missed Shot,Jump Shot,2PT Field Goal,Mid-Range,Center(C),16-24 ft.,19,-29,195,1,0,20181216,DAL,SAC
Shot Chart Detail,0021800440,189,1717,Dirk Nowitzki,1610612742,Dallas Mavericks,2,10,19,Missed Shot,Turnaround Fadeaway shot,2PT Field Goal,Mid-Range,Right Side(R),8-16 ft.,13,109,80,1,0,20181216,DAL,SAC
Shot Chart Detail,0021800440,231,1717,Dirk Nowitzki,1610612742,Dallas Mavericks,2,7,40,Made Shot,Jump Shot,2PT Field Goal,Mid-Range,Right Side Center(RC),16-24 ft.,17,135,115,1,1,20181216,DAL,SAC
Shot Chart Detail,0021800454,140,1717,Dirk Nowitzki,1610612742,Dallas Mavericks,1,0,57,Missed Shot,Floating Jump shot,2PT Field Goal,In The Paint (Non-RA),Center(C),Less Than 8 ft.,5,-30,46,1,0,20181218,DEN,DAL
Shot Chart Detail,0021800454,181,1717,Dirk Nowitzki,1610612742,Dallas Mavericks,2,9,8,Made Shot,Jump Shot,3PT Field Goal,Above the Break 3,Center(C),24+ ft.,24,-38,245,1,1,20181218,DEN,DAL
Shot Chart Detail,0021800468,146,1717,Dirk Nowitzki,1610612742,Dallas Mavericks,2,11,35,Missed Shot,Jump Shot,3PT Field Goal,Above the Break 3,Center(C),24+ ft.,25,-16,254,1,0,20181220,LAC,DAL
Shot Chart Detail,0021800484,189,1717,Dirk Nowitzki,1610612742,Dallas Mavericks,2,8,51,Made Shot,Fadeaway Jump Shot,2PT Field Goal,In The Paint (Non-RA),Right Side(R),8-16 ft.,10,67,80,1,1,20181222,GSW,DAL
Shot Chart Detail,0021800484,196,1717,Dirk Nowitzki,1610612742,Dallas Mavericks,2,8,25,Missed Shot,Jump Shot,3PT Field Goal,Above the Break 3,Left Side Center(LC),24+ ft.,26,-209,155,1,0,20181222,GSW,DAL
Shot Chart Detail,0021800484,475,1717,Dirk Nowitzki,1610612742,Dallas Mavericks,3,1,59,Missed Shot,Turnaround Fadeaway shot,2PT Field Goal,Mid-Range,Right Side(R),8-16 ft.,12,127,27,1,0,20181222,GSW,DAL
Shot Chart Detail,0021800484,542,1717,Dirk Nowitzki,1610612742,Dallas Mavericks,4,9,29,Missed Shot,Jump Shot,2PT Field Goal,Mid-Range,Left Side Center(LC),16-24 ft.,21,-143,157,1,0,20181222,GSW,DAL
Shot Chart Detail,0021800509,135,1717,Dirk Nowitzki,1610612742,Dallas Mavericks,1,2,47,Missed Shot,Turnaround Fadeaway shot,2PT Field Goal,In The Paint (Non-RA),Left Side(L),8-16 ft.,13,-77,112,1,0,20181226,DAL,NOP
Shot Chart Detail,0021800509,218,1717,Dirk Nowitzki,1610612742,Dallas Mavericks,2,9,19,Made Shot,Pullup Jump shot,2PT Field Goal,Mid-Range,Left Side Center(LC),16-24 ft.,21,-92,196,1,1,20181226,DAL,NOP
Shot Chart Detail,0021800509,223,1717,Dirk Nowitzki,1610612742,Dallas Mavericks,2,8,46,Missed Shot,Turnaround Fadeaway shot,2PT Field Goal,Mid-Range,Center(C),8-16 ft.,15,-3,157,1,0,20181226,DAL,NOP
Shot Chart Detail,0021800509,513,1717,Dirk Nowitzki,1610612742,Dallas Mavericks,3,1,43,Missed Shot,Jump Shot,3PT Field Goal,Above the Break 3,Center(C),24+ ft.,25,-62,243,1,0,20181226,DAL,NOP
Shot Chart Detail,0021800509,532,1717,Dirk Nowitzki,1610612742,Dallas Mavericks,3,0,48,Made Shot,Jump Shot,3PT Field Goal,Above the Break 3,Right Side Center(RC),24+ ft.,25,163,190,1,1,20181226,DAL,NOP
Shot Chart Detail,0021800509,535,1717,Dirk Nowitzki,1610612742,Dallas Mavericks,3,0,7,Missed Shot,Jump Shot,3PT Field Goal,Above the Break 3,Left Side Center(LC),24+ ft.,24,-130,208,1,0,20181226,DAL,NOP
Shot Chart Detail,0021800523,176,1717,Dirk Nowitzki,1610612742,Dallas Mavericks,2,11,21,Made Shot,Jump Shot,2PT Field Goal,Mid-Range,Left Side Center(LC),16-24 ft.,17,-123,127,1,1,20181228,NOP,DAL
Shot Chart Detail,0021800523,180,1717,Dirk Nowitzki,1610612742,Dallas Mavericks,2,11,10,Made Shot,Jump Shot,3PT Field Goal,Above the Break 3,Right Side Center(RC),24+ ft.,25,149,201,1,1,20181228,NOP,DAL
Shot Chart Detail,0021800523,255,1717,Dirk Nowitzki,1610612742,Dallas Mavericks,2,6,31,Missed Shot,Jump Shot,3PT Field Goal,Above the Break 3,Right Side Center(RC),24+ ft.,26,145,222,1,0,20181228,NOP,DAL
Shot Chart Detail,0021800523,550,1717,Dirk Nowitzki,1610612742,Dallas Mavericks,4,11,9,Made Shot,Jump Shot,2PT Field Goal,Mid-Range,Right Side Center(RC),16-24 ft.,17,81,152,1,1,20181228,NOP,DAL
Shot Chart Detail,0021800523,562,1717,Dirk Nowitzki,1610612742,Dallas Mavericks,4,10,5,Made Shot,Turnaround Fadeaway Bank Jump Shot,2PT Field Goal,Mid-Range,Left Side(L),8-16 ft.,14,-130,70,1,1,20181228,NOP,DAL
Shot Chart Detail,0021800523,572,1717,Dirk Nowitzki,1610612742,Dallas Mavericks,4,9,16,Missed Shot,Jump Shot,3PT Field Goal,Above the Break 3,Center(C),24+ ft.,27,-52,274,1,0,20181228,NOP,DAL
Shot Chart Detail,0021800523,574,1717,Dirk Nowitzki,1610612742,Dallas Mavericks,4,9,7,Missed Shot,Pullup Jump shot,2PT Field Goal,Mid-Range,Center(C),16-24 ft.,23,-65,222,1,0,20181228,NOP,DAL
Shot Chart Detail,0021800539,141,1717,Dirk Nowitzki,1610612742,Dallas Mavericks,1,0,34,Made Shot,Jump Shot,3PT Field Goal,Above the Break 3,Left Side Center(LC),24+ ft.,25,-172,184,1,1,20181230,DAL,OKC
Shot Chart Detail,0021800539,144,1717,Dirk Nowitzki,1610612742,Dallas Mavericks,1,0,8,Missed Shot,Jump Shot,3PT Field Goal,Above the Break 3,Center(C),24+ ft.,25,-2,252,1,0,20181230,DAL,OKC
Shot Chart Detail,0021800539,159,1717,Dirk Nowitzki,1610612742,Dallas Mavericks,2,11,47,Missed Shot,Jump Shot,2PT Field Goal,Mid-Range,Left Side Center(LC),16-24 ft.,22,-144,168,1,0,20181230,DAL,OKC
Shot Chart Detail,0021800539,206,1717,Dirk Nowitzki,1610612742,Dallas Mavericks,2,8,12,Made Shot,Jump Shot,3PT Field Goal,Above the Break 3,Right Side Center(RC),24+ ft.,25,152,199,1,1,20181230,DAL,OKC
Shot Chart Detail,0021800554,129,1717,Dirk Nowitzki,1610612742,Dallas Mavericks,1,1,15,Missed Shot,Jump Shot,3PT Field Goal,Above the Break 3,Center(C),24+ ft.,26,30,260,1,0,20190102,CHA,DAL
Shot Chart Detail,0021800554,136,1717,Dirk Nowitzki,1610612742,Dallas Mavericks,1,0,31,Made Shot,Jump Shot,3PT Field Goal,Above the Break 3,Center(C),24+ ft.,28,-29,285,1,1,20190102,CHA,DAL
Shot Chart Detail,0021800554,149,1717,Dirk Nowitzki,1610612742,Dallas Mavericks,2,11,26,Made Shot,Jump Shot,3PT Field Goal,Above the Break 3,Left Side Center(LC),24+ ft.,25,-150,204,1,1,20190102,CHA,DAL
Shot Chart Detail,0021800554,155,1717,Dirk Nowitzki,1610612742,Dallas Mavericks,2,10,40,Missed Shot,Jump Shot,3PT Field Goal,Above the Break 3,Center(C),24+ ft.,25,11,257,1,0,20190102,CHA,DAL
Shot Chart Detail,0021800566,142,1717,Dirk Nowitzki,1610612742,Dallas Mavericks,1,0,45,Missed Shot,Jump Shot,3PT Field Goal,Above the Break 3,Right Side Center(RC),24+ ft.,25,98,239,1,0,20190104,BOS,DAL
Shot Chart Detail,0021800566,151,1717,Dirk Nowitzki,1610612742,Dallas Mavericks,2,11,46,Missed Shot,Jump Shot,3PT Field Goal,Above the Break 3,Left Side Center(LC),24+ ft.,24,-206,140,1,0,20190104,BOS,DAL
Shot Chart Detail,0021800566,155,1717,Dirk Nowitzki,1610612742,Dallas Mavericks,2,11,22,Missed Shot,Jump Shot,3PT Field Goal,Above the Break 3,Center(C),24+ ft.,26,77,255,1,0,20190104,BOS,DAL
Shot Chart Detail,0021800566,420,1717,Dirk Nowitzki,1610612742,Dallas Mavericks,3,3,8,Missed Shot,Jump Shot,3PT Field Goal,Above the Break 3,Center(C),24+ ft.,26,35,259,1,0,20190104,BOS,DAL
Shot Chart Detail,0021800566,428,1717,Dirk Nowitzki,1610612742,Dallas Mavericks,3,2,18,Missed Shot,Jump Shot,3PT Field Goal,Left Corner 3,Left Side(L),24+ ft.,23,-239,-4,1,0,20190104,BOS,DAL
Shot Chart Detail,0021800566,505,1717,Dirk Nowitzki,1610612742,Dallas Mavericks,4,8,45,Missed Shot,Jump Shot,3PT Field Goal,Right Corner 3,Right Side(R),24+ ft.,23,231,38,1,0,20190104,BOS,DAL
Shot Chart Detail,0021800566,618,1717,Dirk Nowitzki,1610612742,Dallas Mavericks,4,1,34,Missed Shot,Turnaround Fadeaway shot,2PT Field Goal,In The Paint (Non-RA),Center(C),Less Than 8 ft.,7,61,44,1,0,20190104,BOS,DAL
Shot Chart Detail,0021800566,627,1717,Dirk Nowitzki,1610612742,Dallas Mavericks,4,0,54,Missed Shot,Turnaround Fadeaway shot,2PT Field Goal,Mid-Range,Right Side(R),16-24 ft.,16,163,7,1,0,20190104,BOS,DAL
Shot Chart Detail,0021800566,631,1717,Dirk Nowitzki,1610612742,Dallas Mavericks,4,0,28,Missed Shot,Jump Shot,3PT Field Goal,Above the Break 3,Center(C),24+ ft.,25,4,257,1,0,20190104,BOS,DAL
Shot Chart Detail,0021800566,634,1717,Dirk Nowitzki,1610612742,Dallas Mavericks,4,0,0,Missed Shot,Jump Shot,3PT Field Goal,Above the Break 3,Left Side Center(LC),24+ ft.,25,-185,178,1,0,20190104,BOS,DAL
Shot Chart Detail,0021800596,186,1717,Dirk Nowitzki,1610612742,Dallas Mavericks,2,10,58,Made Shot,Pullup Jump shot,2PT Field Goal,Mid-Range,Right Side Center(RC),16-24 ft.,20,120,163,1,1,20190107,DAL,LAL
Shot Chart Detail,0021800596,217,1717,Dirk Nowitzki,1610612742,Dallas Mavericks,2,8,27,Missed Shot,Jump Shot,2PT Field Goal,Mid-Range,Center(C),16-24 ft.,17,49,169,1,0,20190107,DAL,LAL
Shot Chart Detail,0021800596,493,1717,Dirk Nowitzki,1610612742,Dallas Mavericks,3,1,40,Missed Shot,Jump Shot,3PT Field Goal,Right Corner 3,Right Side(R),24+ ft.,24,230,73,1,0,20190107,DAL,LAL
Shot Chart Detail,0021800626,163,1717,Dirk Nowitzki,1610612742,Dallas Mavericks,1,1,0,Missed Shot,Jump Shot,3PT Field Goal,Above the Break 3,Right Side Center(RC),24+ ft.,24,119,212,1,0,20190111,MIN,DAL
Shot Chart Detail,0021800626,234,1717,Dirk Nowitzki,1610612742,Dallas Mavericks,2,7,54,Missed Shot,Jump Shot,3PT Field Goal,Above the Break 3,Left Side Center(LC),24+ ft.,26,-144,217,1,0,20190111,MIN,DAL
Shot Chart Detail,0021800626,487,1717,Dirk Nowitzki,1610612742,Dallas Mavericks,3,1,28,Missed Shot,Jump Shot,3PT Field Goal,Above the Break 3,Left Side Center(LC),24+ ft.,24,-92,232,1,0,20190111,MIN,DAL
Shot Chart Detail,0021800626,531,1717,Dirk Nowitzki,1610612742,Dallas Mavericks,4,11,29,Missed Shot,Jump Shot,3PT Field Goal,Above the Break 3,Left Side Center(LC),24+ ft.,24,-178,168,1,0,20190111,MIN,DAL
Shot Chart Detail,0021800642,178,1717,Dirk Nowitzki,1610612742,Dallas Mavericks,2,10,16,Missed Shot,Jump Shot,3PT Field Goal,Above the Break 3,Left Side Center(LC),24+ ft.,25,-117,232,1,0,20190113,DAL,GSW
Shot Chart Detail,0021800642,191,1717,Dirk Nowitzki,1610612742,Dallas Mavericks,2,9,21,Made Shot,Jump Shot,3PT Field Goal,Above the Break 3,Center(C),24+ ft.,26,-58,254,1,1,20190113,DAL,GSW
Shot Chart Detail,0021800642,197,1717,Dirk Nowitzki,1610612742,Dallas Mavericks,2,8,41,Missed Shot,Pullup Jump shot,2PT Field Goal,Mid-Range,Center(C),16-24 ft.,22,-52,215,1,0,20190113,DAL,GSW
Shot Chart Detail,0021800661,137,1717,Dirk Nowitzki,1610612742,Dallas Mavericks,1,1,49,Made Shot,Jump Shot,3PT Field Goal,Right Corner 3,Right Side(R),24+ ft.,23,230,40,1,1,20190116,DAL,SAS
Shot Chart Detail,0021800661,162,1717,Dirk Nowitzki,1610612742,Dallas Mavericks,2,11,16,Missed Shot,Jump Shot,3PT Field Goal,Above the Break 3,Left Side Center(LC),24+ ft.,25,-192,167,1,0,20190116,DAL,SAS
Shot Chart Detail,0021800661,400,1717,Dirk Nowitzki,1610612742,Dallas Mavericks,3,4,40,Missed Shot,Jump Shot,3PT Field Goal,Above the Break 3,Center(C),24+ ft.,26,-32,263,1,0,20190116,DAL,SAS
Shot Chart Detail,0021800661,420,1717,Dirk Nowitzki,1610612742,Dallas Mavericks,3,3,27,Made Shot,Jump Shot,3PT Field Goal,Right Corner 3,Right Side(R),24+ ft.,22,225,-26,1,1,20190116,DAL,SAS
Shot Chart Detail,0021800661,426,1717,Dirk Nowitzki,1610612742,Dallas Mavericks,3,2,44,Missed Shot,Pullup Jump shot,2PT Field Goal,Mid-Range,Right Side Center(RC),16-24 ft.,19,117,153,1,0,20190116,DAL,SAS
Shot Chart Detail,0021800681,125,1717,Dirk Nowitzki,1610612742,Dallas Mavericks,1,1,6,Missed Shot,Jump Shot,3PT Field Goal,Above the Break 3,Center(C),24+ ft.,26,-32,261,1,0,20190119,IND,DAL
Shot Chart Detail,0021800681,187,1717,Dirk Nowitzki,1610612742,Dallas Mavericks,2,7,30,Missed Shot,Jump Shot,3PT Field Goal,Right Corner 3,Right Side(R),24+ ft.,23,231,34,1,0,20190119,IND,DAL
Shot Chart Detail,0021800681,588,1717,Dirk Nowitzki,1610612742,Dallas Mavericks,4,2,43,Missed Shot,Jump Shot,3PT Field Goal,Above the Break 3,Left Side Center(LC),24+ ft.,30,-169,252,1,0,20190119,IND,DAL
Shot Chart Detail,0021800681,610,1717,Dirk Nowitzki,1610612742,Dallas Mavericks,4,1,34,Missed Shot,Jump Shot,3PT Field Goal,Above the Break 3,Center(C),24+ ft.,28,81,270,1,0,20190119,IND,DAL
Shot Chart Detail,0021800681,625,1717,Dirk Nowitzki,1610612742,Dallas Mavericks,4,0,35,Missed Shot,Jump Shot,3PT Field Goal,Above the Break 3,Center(C),24+ ft.,27,-40,268,1,0,20190119,IND,DAL
Shot Chart Detail,0021800704,204,1717,Dirk Nowitzki,1610612742,Dallas Mavericks,2,10,29,Made Shot,Turnaround Fadeaway shot,2PT Field Goal,Mid-Range,Left Side(L),8-16 ft.,13,-130,50,1,1,20190122,DAL,LAC
Shot Chart Detail,0021800704,233,1717,Dirk Nowitzki,1610612742,Dallas Mavericks,2,8,7,Missed Shot,Jump Shot,3PT Field Goal,Above the Break 3,Right Side Center(RC),24+ ft.,24,102,226,1,0,20190122,DAL,LAC
Shot Chart Detail,0021800704,245,1717,Dirk Nowitzki,1610612742,Dallas Mavericks,2,7,31,Made Shot,Jump Shot,3PT Field Goal,Above the Break 3,Right Side Center(RC),24+ ft.,24,100,225,1,1,20190122,DAL,LAC
Shot Chart Detail,0021800704,521,1717,Dirk Nowitzki,1610612742,Dallas Mavericks,3,1,5,Made Shot,Jump Shot,3PT Field Goal,Left Corner 3,Left Side(L),24+ ft.,22,-221,14,1,1,20190122,DAL,LAC
Shot Chart Detail,0021800704,550,1717,Dirk Nowitzki,1610612742,Dallas Mavericks,4,11,47,Missed Shot,Jump Shot,3PT Field Goal,Above the Break 3,Center(C),24+ ft.,24,-42,246,1,0,20190122,DAL,LAC
Shot Chart Detail,0021800704,567,1717,Dirk Nowitzki,1610612742,Dallas Mavericks,4,10,38,Missed Shot,Pullup Jump shot,2PT Field Goal,Mid-Range,Right Side Center(RC),16-24 ft.,18,120,137,1,0,20190122,DAL,LAC
Shot Chart Detail,0021800726,146,1717,Dirk Nowitzki,1610612742,Dallas Mavericks,2,11,38,Missed Shot,Jump Shot,2PT Field Goal,Mid-Range,Right Side Center(RC),16-24 ft.,17,95,144,1,0,20190125,DAL,DET
Shot Chart Detail,0021800726,186,1717,Dirk Nowitzki,1610612742,Dallas Mavericks,2,8,59,Missed Shot,Jump Shot,3PT Field Goal,Left Corner 3,Left Side(L),24+ ft.,23,-231,20,1,0,20190125,DAL,DET
Shot Chart Detail,0021800739,143,1717,Dirk Nowitzki,1610612742,Dallas Mavericks,1,1,4,Made Shot,Jump Shot,3PT Field Goal,Above the Break 3,Left Side Center(LC),24+ ft.,25,-116,231,1,1,20190127,DAL,TOR
Shot Chart Detail,0021800739,187,1717,Dirk Nowitzki,1610612742,Dallas Mavericks,2,10,23,Made Shot,Pullup Jump shot,3PT Field Goal,Above the Break 3,Center(C),24+ ft.,25,68,242,1,1,20190127,DAL,TOR
Shot Chart Detail,0021800758,160,1717,Dirk Nowitzki,1610612742,Dallas Mavericks,2,11,2,Made Shot,Jump Shot,3PT Field Goal,Above the Break 3,Left Side Center(LC),24+ ft.,24,-147,198,1,1,20190130,NYK,DAL
Shot Chart Detail,0021800758,176,1717,Dirk Nowitzki,1610612742,Dallas Mavericks,2,9,23,Made Shot,Turnaround Fadeaway shot,2PT Field Goal,Mid-Range,Left Side(L),8-16 ft.,8,-84,30,1,1,20190130,NYK,DAL
Shot Chart Detail,0021800758,181,1717,Dirk Nowitzki,1610612742,Dallas Mavericks,2,8,34,Made Shot,Turnaround Fadeaway shot,2PT Field Goal,Mid-Range,Right Side(R),8-16 ft.,13,134,-11,1,1,20190130,NYK,DAL
Shot Chart Detail,0021800758,183,1717,Dirk Nowitzki,1610612742,Dallas Mavericks,2,8,2,Missed Shot,Jump Shot,2PT Field Goal,Mid-Range,Center(C),16-24 ft.,23,-58,224,1,0,20190130,NYK,DAL
Shot Chart Detail,0021800758,555,1717,Dirk Nowitzki,1610612742,Dallas Mavericks,4,2,42,Made Shot,Jump Shot,3PT Field Goal,Above the Break 3,Left Side Center(LC),24+ ft.,25,-168,190,1,1,20190130,NYK,DAL
Shot Chart Detail,0021800758,576,1717,Dirk Nowitzki,1610612742,Dallas Mavericks,4,1,38,Made Shot,Jump Shot,2PT Field Goal,Mid-Range,Right Side Center(RC),16-24 ft.,19,78,184,1,1,20190130,NYK,DAL
Shot Chart Detail,0021800758,587,1717,Dirk Nowitzki,1610612742,Dallas Mavericks,4,0,50,Missed Shot,Jump Shot,3PT Field Goal,Above the Break 3,Right Side Center(RC),24+ ft.,25,90,237,1,0,20190130,NYK,DAL
Shot Chart Detail,0021800764,139,1717,Dirk Nowitzki,1610612742,Dallas Mavericks,1,0,0,Missed Shot,Jump Shot,3PT Field Goal,Right Corner 3,Right Side(R),24+ ft.,22,228,10,1,0,20190131,DET,DAL
Shot Chart Detail,0021800764,149,1717,Dirk Nowitzki,1610612742,Dallas Mavericks,2,11,40,Missed Shot,Jump Shot,2PT Field Goal,Mid-Range,Center(C),16-24 ft.,18,33,187,1,0,20190131,DET,DAL
Shot Chart Detail,0021800764,189,1717,Dirk Nowitzki,1610612742,Dallas Mavericks,2,8,58,Missed Shot,Jump Shot,2PT Field Goal,Mid-Range,Center(C),16-24 ft.,19,39,187,1,0,20190131,DET,DAL
Shot Chart Detail,0021800764,202,1717,Dirk Nowitzki,1610612742,Dallas Mavericks,2,8,11,Missed Shot,Jump Shot,3PT Field Goal,Above the Break 3,Center(C),24+ ft.,25,-75,243,1,0,20190131,DET,DAL
Shot Chart Detail,0021800764,210,1717,Dirk Nowitzki,1610612742,Dallas Mavericks,2,7,43,Made Shot,Jump Shot,2PT Field Goal,Mid-Range,Left Side(L),16-24 ft.,16,-165,6,1,1,20190131,DET,DAL
Shot Chart Detail,0021800764,214,1717,Dirk Nowitzki,1610612742,Dallas Mavericks,2,7,7,Made Shot,Jump Shot,3PT Field Goal,Above the Break 3,Left Side Center(LC),24+ ft.,25,-174,184,1,1,20190131,DET,DAL
Shot Chart Detail,0021800764,462,1717,Dirk Nowitzki,1610612742,Dallas Mavericks,3,1,5,Missed Shot,Jump Shot,3PT Field Goal,Above the Break 3,Center(C),24+ ft.,25,49,251,1,0,20190131,DET,DAL
Shot Chart Detail,0021800764,491,1717,Dirk Nowitzki,1610612742,Dallas Mavericks,4,10,46,Made Shot,Turnaround Jump Shot,2PT Field Goal,Mid-Range,Right Side(R),8-16 ft.,13,131,21,1,1,20190131,DET,DAL
Shot Chart Detail,0021800764,531,1717,Dirk Nowitzki,1610612742,Dallas Mavericks,4,8,8,Missed Shot,Jump Shot,3PT Field Goal,Above the Break 3,Center(C),24+ ft.,25,3,252,1,0,20190131,DET,DAL
Shot Chart Detail,0021800807,119,1717,Dirk Nowitzki,1610612742,Dallas Mavericks,1,2,49,Made Shot,Jump Shot,2PT Field Goal,Mid-Range,Left Side Center(LC),16-24 ft.,16,-66,153,1,1,20190206,DAL,CHA
Shot Chart Detail,0021800807,134,1717,Dirk Nowitzki,1610612742,Dallas Mavericks,1,1,30,Missed Shot,Jump Shot,3PT Field Goal,Left Corner 3,Left Side(L),24+ ft.,24,-228,76,1,0,20190206,DAL,CHA
Shot Chart Detail,0021800807,453,1717,Dirk Nowitzki,1610612742,Dallas Mavericks,3,1,30,Made Shot,Jump Shot,3PT Field Goal,Above the Break 3,Right Side Center(RC),24+ ft.,24,104,222,1,1,20190206,DAL,CHA
Shot Chart Detail,0021800807,460,1717,Dirk Nowitzki,1610612742,Dallas Mavericks,3,0,35,Missed Shot,Fadeaway Jump Shot,3PT Field Goal,Right Corner 3,Right Side(R),24+ ft.,22,226,41,1,0,20190206,DAL,CHA
Shot Chart Detail,0021800807,501,1717,Dirk Nowitzki,1610612742,Dallas Mavericks,4,9,11,Made Shot,Jump Shot,3PT Field Goal,Above the Break 3,Center(C),24+ ft.,25,-18,251,1,1,20190206,DAL,CHA
Shot Chart Detail,0021800821,79,1717,Dirk Nowitzki,1610612742,Dallas Mavericks,1,5,14,Missed Shot,Jump Shot,3PT Field Goal,Above the Break 3,Right Side Center(RC),24+ ft.,25,119,224,1,0,20190208,DAL,MIL
Shot Chart Detail,0021800821,93,1717,Dirk Nowitzki,1610612742,Dallas Mavericks,1,4,26,Missed Shot,Jump Shot,2PT Field Goal,Mid-Range,Right Side Center(RC),16-24 ft.,19,110,159,1,0,20190208,DAL,MIL
Shot Chart Detail,0021800821,100,1717,Dirk Nowitzki,1610612742,Dallas Mavericks,1,3,40,Made Shot,Jump Shot,3PT Field Goal,Above the Break 3,Center(C),24+ ft.,24,7,247,1,1,20190208,DAL,MIL
Shot Chart Detail,0021800821,261,1717,Dirk Nowitzki,1610612742,Dallas Mavericks,2,5,49,Missed Shot,Jump Shot,3PT Field Goal,Left Corner 3,Left Side(L),24+ ft.,23,-230,14,1,0,20190208,DAL,MIL
Shot Chart Detail,0021800821,301,1717,Dirk Nowitzki,1610612742,Dallas Mavericks,2,2,52,Missed Shot,Turnaround Fadeaway shot,2PT Field Goal,In The Paint (Non-RA),Center(C),8-16 ft.,12,5,120,1,0,20190208,DAL,MIL
Shot Chart Detail,0021800821,305,1717,Dirk Nowitzki,1610612742,Dallas Mavericks,2,2,22,Missed Shot,Jump Shot,3PT Field Goal,Above the Break 3,Center(C),24+ ft.,25,44,253,1,0,20190208,DAL,MIL
Shot Chart Detail,0021800821,440,1717,Dirk Nowitzki,1610612742,Dallas Mavericks,3,4,35,Missed Shot,Jump Shot,3PT Field Goal,Above the Break 3,Right Side Center(RC),24+ ft.,24,190,158,1,0,20190208,DAL,MIL
Shot Chart Detail,0021800821,462,1717,Dirk Nowitzki,1610612742,Dallas Mavericks,3,3,12,Missed Shot,Turnaround Fadeaway Bank Jump Shot,2PT Field Goal,Mid-Range,Right Side(R),8-16 ft.,9,90,18,1,0,20190208,DAL,MIL
Shot Chart Detail,0021800821,481,1717,Dirk Nowitzki,1610612742,Dallas Mavericks,3,1,45,Made Shot,Jump Shot,3PT Field Goal,Above the Break 3,Center(C),24+ ft.,25,-13,257,1,1,20190208,DAL,MIL
Shot Chart Detail,0021800834,145,1717,Dirk Nowitzki,1610612742,Dallas Mavericks,1,0,59,Made Shot,Pullup Jump shot,3PT Field Goal,Above the Break 3,Left Side Center(LC),24+ ft.,26,-183,187,1,1,20190210,DAL,POR
Shot Chart Detail,0021800834,523,1717,Dirk Nowitzki,1610612742,Dallas Mavericks,3,0,1,Missed Shot,Jump Shot,3PT Field Goal,Above the Break 3,Right Side Center(RC),24+ ft.,24,183,169,1,0,20190210,DAL,POR
Shot Chart Detail,0021800844,114,1717,Dirk Nowitzki,1610612742,Dallas Mavericks,1,3,5,Made Shot,Turnaround Fadeaway shot,2PT Field Goal,In The Paint (Non-RA),Right Side(R),8-16 ft.,13,74,110,1,1,20190211,HOU,DAL
Shot Chart Detail,0021800844,137,1717,Dirk Nowitzki,1610612742,Dallas Mavericks,1,0,2,Missed Shot,Jump Shot,3PT Field Goal,Above the Break 3,Center(C),24+ ft.,27,-31,276,1,0,20190211,HOU,DAL
Shot Chart Detail,0021800844,176,1717,Dirk Nowitzki,1610612742,Dallas Mavericks,2,9,51,Made Shot,Jump Shot,3PT Field Goal,Above the Break 3,Center(C),24+ ft.,28,70,276,1,1,20190211,HOU,DAL
Shot Chart Detail,0021800844,219,1717,Dirk Nowitzki,1610612742,Dallas Mavericks,2,6,34,Missed Shot,Jump Shot,2PT Field Goal,Mid-Range,Left Side(L),8-16 ft.,15,-156,16,1,0,20190211,HOU,DAL
Shot Chart Detail,0021800859,93,1717,Dirk Nowitzki,1610612742,Dallas Mavericks,1,4,23,Missed Shot,Jump Shot,3PT Field Goal,Above the Break 3,Center(C),24+ ft.,26,-50,256,1,0,20190213,DAL,MIA
Shot Chart Detail,0021800859,117,1717,Dirk Nowitzki,1610612742,Dallas Mavericks,1,2,41,Made Shot,Jump Shot,2PT Field Goal,Mid-Range,Right Side(R),16-24 ft.,17,146,89,1,1,20190213,DAL,MIA
Shot Chart Detail,0021800859,125,1717,Dirk Nowitzki,1610612742,Dallas Mavericks,1,1,42,Made Shot,Turnaround Fadeaway shot,2PT Field Goal,In The Paint (Non-RA),Center(C),Less Than 8 ft.,6,25,63,1,1,20190213,DAL,MIA
Shot Chart Detail,0021800859,131,1717,Dirk Nowitzki,1610612742,Dallas Mavericks,1,0,49,Made Shot,Jump Shot,2PT Field Goal,Mid-Range,Right Side(R),16-24 ft.,17,143,99,1,1,20190213,DAL,MIA
Shot Chart Detail,0021800859,135,1717,Dirk Nowitzki,1610612742,Dallas Mavericks,1,0,32,Missed Shot,Jump Shot,3PT Field Goal,Above the Break 3,Right Side Center(RC),24+ ft.,25,97,233,1,0,20190213,DAL,MIA
Shot Chart Detail,0021800859,143,1717,Dirk Nowitzki,1610612742,Dallas Mavericks,1,0,1,Missed Shot,Jump Shot,3PT Field Goal,Above the Break 3,Left Side Center(LC),24+ ft.,28,-174,221,1,0,20190213,DAL,MIA
Shot Chart Detail,0021800859,172,1717,Dirk Nowitzki,1610612742,Dallas Mavericks,2,10,8,Missed Shot,Jump Shot,2PT Field Goal,Mid-Range,Right Side(R),16-24 ft.,18,172,60,1,0,20190213,DAL,MIA
Shot Chart Detail,0021800859,393,1717,Dirk Nowitzki,1610612742,Dallas Mavericks,3,6,18,Missed Shot,Jump Shot,3PT Field Goal,Above the Break 3,Right Side Center(RC),24+ ft.,26,95,243,1,0,20190213,DAL,MIA
Shot Chart Detail,0021800859,404,1717,Dirk Nowitzki,1610612742,Dallas Mavericks,3,4,48,Missed Shot,Jump Shot,3PT Field Goal,Above the Break 3,Left Side Center(LC),24+ ft.,24,-212,131,1,0,20190213,DAL,MIA
Shot Chart Detail,0021800859,430,1717,Dirk Nowitzki,1610612742,Dallas Mavericks,3,3,0,Made Shot,Jump Shot,3PT Field Goal,Above the Break 3,Center(C),24+ ft.,25,65,247,1,1,20190213,DAL,MIA
Shot Chart Detail,0021800859,453,1717,Dirk Nowitzki,1610612742,Dallas Mavericks,3,2,0,Missed Shot,Jump Shot,3PT Field Goal,Above the Break 3,Center(C),24+ ft.,25,57,246,1,0,20190213,DAL,MIA
Shot Chart Detail,0021800859,462,1717,Dirk Nowitzki,1610612742,Dallas Mavericks,3,0,59,Made Shot,Jump Shot,3PT Field Goal,Above the Break 3,Right Side Center(RC),24+ ft.,26,95,251,1,1,20190213,DAL,MIA
Shot Chart Detail,0021800859,466,1717,Dirk Nowitzki,1610612742,Dallas Mavericks,3,0,34,Missed Shot,Jump Shot,3PT Field Goal,Above the Break 3,Center(C),24+ ft.,25,-10,257,1,0,20190213,DAL,MIA
Shot Chart Detail,0021800859,558,1717,Dirk Nowitzki,1610612742,Dallas Mavericks,4,5,2,Missed Shot,Jump Shot,3PT Field Goal,Above the Break 3,Left Side Center(LC),24+ ft.,25,-178,182,1,0,20190213,DAL,MIA
Shot Chart Detail,0021800880,100,1717,Dirk Nowitzki,1610612742,Dallas Mavericks,1,4,57,Missed Shot,Jump Shot,3PT Field Goal,Right Corner 3,Right Side(R),24+ ft.,22,228,-10,1,0,20190222,DAL,DEN
Shot Chart Detail,0021800880,138,1717,Dirk Nowitzki,1610612742,Dallas Mavericks,1,2,55,Missed Shot,Jump Shot,3PT Field Goal,Above the Break 3,Center(C),24+ ft.,26,-9,264,1,0,20190222,DAL,DEN
Shot Chart Detail,0021800880,182,1717,Dirk Nowitzki,1610612742,Dallas Mavericks,2,11,46,Missed Shot,Jump Shot,2PT Field Goal,Mid-Range,Right Side Center(RC),16-24 ft.,18,151,112,1,0,20190222,DAL,DEN
Shot Chart Detail,0021800880,186,1717,Dirk Nowitzki,1610612742,Dallas Mavericks,2,11,8,Missed Shot,Cutting Finger Roll Layup Shot,2PT Field Goal,Restricted Area,Center(C),Less Than 8 ft.,2,-12,25,1,0,20190222,DAL,DEN
Shot Chart Detail,0021800880,193,1717,Dirk Nowitzki,1610612742,Dallas Mavericks,2,10,33,Made Shot,Turnaround Jump Shot,2PT Field Goal,Mid-Range,Right Side(R),8-16 ft.,12,119,26,1,1,20190222,DAL,DEN
Shot Chart Detail,0021800880,334,1717,Dirk Nowitzki,1610612742,Dallas Mavericks,2,2,19,Missed Shot,Jump Shot,2PT Field Goal,Mid-Range,Left Side Center(LC),16-24 ft.,20,-139,154,1,0,20190222,DAL,DEN
Shot Chart Detail,0021800880,510,1717,Dirk Nowitzki,1610612742,Dallas Mavericks,3,2,31,Missed Shot,Jump Shot,3PT Field Goal,Above the Break 3,Center(C),24+ ft.,24,-69,240,1,0,20190222,DAL,DEN
Shot Chart Detail,0021800893,27,1717,Dirk Nowitzki,1610612742,Dallas Mavericks,1,9,53,Missed Shot,Jump Shot,3PT Field Goal,Above the Break 3,Left Side Center(LC),24+ ft.,25,-111,232,1,0,20190223,UTA,DAL
Shot Chart Detail,0021800893,51,1717,Dirk Nowitzki,1610612742,Dallas Mavericks,1,7,25,Made Shot,Jump Shot,3PT Field Goal,Above the Break 3,Left Side Center(LC),24+ ft.,25,-96,234,1,1,20190223,UTA,DAL
Shot Chart Detail,0021800893,142,1717,Dirk Nowitzki,1610612742,Dallas Mavericks,1,0,54,Missed Shot,Jump Shot,3PT Field Goal,Above the Break 3,Center(C),24+ ft.,25,-5,251,1,0,20190223,UTA,DAL
Shot Chart Detail,0021800893,169,1717,Dirk Nowitzki,1610612742,Dallas Mavericks,2,11,23,Made Shot,Jump Shot,2PT Field Goal,Mid-Range,Right Side(R),16-24 ft.,18,164,90,1,1,20190223,UTA,DAL
Shot Chart Detail,0021800893,173,1717,Dirk Nowitzki,1610612742,Dallas Mavericks,2,10,50,Made Shot,Turnaround Jump Shot,2PT Field Goal,Mid-Range,Right Side(R),8-16 ft.,10,107,21,1,1,20190223,UTA,DAL
Shot Chart Detail,0021800893,338,1717,Dirk Nowitzki,1610612742,Dallas Mavericks,3,11,3,Missed Shot,Jump Shot,3PT Field Goal,Above the Break 3,Left Side Center(LC),24+ ft.,25,-195,170,1,0,20190223,UTA,DAL
Shot Chart Detail,0021800893,342,1717,Dirk Nowitzki,1610612742,Dallas Mavericks,3,10,47,Missed Shot,Jump Shot,3PT Field Goal,Above the Break 3,Left Side Center(LC),24+ ft.,25,-121,222,1,0,20190223,UTA,DAL
Shot Chart Detail,0021800893,384,1717,Dirk Nowitzki,1610612742,Dallas Mavericks,3,7,51,Missed Shot,Step Back Jump shot,2PT Field Goal,Mid-Range,Right Side(R),8-16 ft.,12,89,92,1,0,20190223,UTA,DAL
Shot Chart Detail,0021800893,470,1717,Dirk Nowitzki,1610612742,Dallas Mavericks,3,1,44,Made Shot,Jump Shot,3PT Field Goal,Above the Break 3,Left Side Center(LC),24+ ft.,26,-123,230,1,1,20190223,UTA,DAL
Shot Chart Detail,0021800893,485,1717,Dirk Nowitzki,1610612742,Dallas Mavericks,3,0,46,Missed Shot,Jump Shot,3PT Field Goal,Above the Break 3,Left Side Center(LC),24+ ft.,25,-115,231,1,0,20190223,UTA,DAL
Shot Chart Detail,0021800893,500,1717,Dirk Nowitzki,1610612742,Dallas Mavericks,4,11,47,Made Shot,Jump Shot,2PT Field Goal,Mid-Range,Left Side Center(LC),16-24 ft.,17,-123,120,1,1,20190223,UTA,DAL
Shot Chart Detail,0021800893,504,1717,Dirk Nowitzki,1610612742,Dallas Mavericks,4,11,14,Missed Shot,Jump Shot,3PT Field Goal,Above the Break 3,Left Side Center(LC),24+ ft.,27,-106,249,1,0,20190223,UTA,DAL
Shot Chart Detail,0021800893,515,1717,Dirk Nowitzki,1610612742,Dallas Mavericks,4,10,42,Made Shot,Jump Shot,3PT Field Goal,Above the Break 3,Center(C),24+ ft.,25,16,254,1,1,20190223,UTA,DAL
Shot Chart Detail,0021800893,532,1717,Dirk Nowitzki,1610612742,Dallas Mavericks,4,9,3,Missed Shot,Jump Shot,2PT Field Goal,Mid-Range,Center(C),16-24 ft.,20,30,204,1,0,20190223,UTA,DAL
Shot Chart Detail,0021800907,14,1717,Dirk Nowitzki,1610612742,Dallas Mavericks,1,11,6,Missed Shot,Jump Shot,3PT Field Goal,Above the Break 3,Left Side Center(LC),24+ ft.,27,-88,257,1,0,20190225,LAC,DAL
Shot Chart Detail,0021800907,40,1717,Dirk Nowitzki,1610612742,Dallas Mavericks,1,8,32,Missed Shot,Jump Shot,2PT Field Goal,Mid-Range,Right Side Center(RC),16-24 ft.,18,136,118,1,0,20190225,LAC,DAL
Shot Chart Detail,0021800907,174,1717,Dirk Nowitzki,1610612742,Dallas Mavericks,2,11,36,Missed Shot,Jump Shot,2PT Field Goal,Mid-Range,Left Side Center(LC),16-24 ft.,18,-90,163,1,0,20190225,LAC,DAL
Shot Chart Detail,0021800907,197,1717,Dirk Nowitzki,1610612742,Dallas Mavericks,2,10,24,Made Shot,Jump Shot,3PT Field Goal,Above the Break 3,Right Side Center(RC),24+ ft.,25,120,226,1,1,20190225,LAC,DAL
Shot Chart Detail,0021800907,212,1717,Dirk Nowitzki,1610612742,Dallas Mavericks,2,9,8,Missed Shot,Jump Shot,3PT Field Goal,Above the Break 3,Right Side Center(RC),24+ ft.,24,212,130,1,0,20190225,LAC,DAL
Shot Chart Detail,0021800907,232,1717,Dirk Nowitzki,1610612742,Dallas Mavericks,2,7,51,Missed Shot,Jump Shot,3PT Field Goal,Above the Break 3,Right Side Center(RC),24+ ft.,25,113,233,1,0,20190225,LAC,DAL
Shot Chart Detail,0021800907,375,1717,Dirk Nowitzki,1610612742,Dallas Mavericks,3,8,44,Made Shot,Jump Shot,3PT Field Goal,Right Corner 3,Right Side(R),24+ ft.,23,230,19,1,1,20190225,LAC,DAL
Shot Chart Detail,0021800907,390,1717,Dirk Nowitzki,1610612742,Dallas Mavericks,3,7,0,Missed Shot,Jump Shot,3PT Field Goal,Above the Break 3,Right Side Center(RC),24+ ft.,26,128,232,1,0,20190225,LAC,DAL
Shot Chart Detail,0021800907,512,1717,Dirk Nowitzki,1610612742,Dallas Mavericks,4,11,20,Made Shot,Jump Shot,2PT Field Goal,Mid-Range,Center(C),16-24 ft.,19,-58,184,1,1,20190225,LAC,DAL
Shot Chart Detail,0021800907,662,1717,Dirk Nowitzki,1610612742,Dallas Mavericks,4,0,50,Missed Shot,Jump Shot,3PT Field Goal,Above the Break 3,Right Side Center(RC),24+ ft.,27,132,243,1,0,20190225,LAC,DAL
Shot Chart Detail,0021800918,9,1717,Dirk Nowitzki,1610612742,Dallas Mavericks,1,11,22,Made Shot,Jump Shot,2PT Field Goal,Mid-Range,Right Side Center(RC),16-24 ft.,18,101,155,1,1,20190227,DAL,IND
Shot Chart Detail,0021800918,52,1717,Dirk Nowitzki,1610612742,Dallas Mavericks,1,7,50,Missed Shot,Jump Shot,3PT Field Goal,Above the Break 3,Right Side Center(RC),24+ ft.,24,177,163,1,0,20190227,DAL,IND
Shot Chart Detail,0021800918,65,1717,Dirk Nowitzki,1610612742,Dallas Mavericks,1,6,30,Made Shot,Pullup Jump shot,3PT Field Goal,Above the Break 3,Right Side Center(RC),24+ ft.,26,108,237,1,1,20190227,DAL,IND
Shot Chart Detail,0021800918,166,1717,Dirk Nowitzki,1610612742,Dallas Mavericks,1,0,23,Missed Shot,Turnaround Jump Shot,2PT Field Goal,In The Paint (Non-RA),Center(C),Less Than 8 ft.,6,2,65,1,0,20190227,DAL,IND
Shot Chart Detail,0021800918,182,1717,Dirk Nowitzki,1610612742,Dallas Mavericks,2,11,12,Missed Shot,Turnaround Fadeaway shot,2PT Field Goal,Mid-Range,Left Side(L),8-16 ft.,14,-120,84,1,0,20190227,DAL,IND
Shot Chart Detail,0021800918,207,1717,Dirk Nowitzki,1610612742,Dallas Mavericks,2,8,19,Missed Shot,Turnaround Fadeaway shot,2PT Field Goal,Mid-Range,Right Side(R),8-16 ft.,9,95,25,1,0,20190227,DAL,IND
Shot Chart Detail,0021800918,333,1717,Dirk Nowitzki,1610612742,Dallas Mavericks,3,8,29,Missed Shot,Jump Shot,3PT Field Goal,Right Corner 3,Right Side(R),24+ ft.,23,226,52,1,0,20190227,DAL,IND
Shot Chart Detail,0021800918,337,1717,Dirk Nowitzki,1610612742,Dallas Mavericks,3,7,49,Missed Shot,Jump Shot,3PT Field Goal,Above the Break 3,Right Side Center(RC),24+ ft.,24,170,182,1,0,20190227,DAL,IND
Shot Chart Detail,0021800918,475,1717,Dirk Nowitzki,1610612742,Dallas Mavericks,4,10,53,Made Shot,Jump Shot,3PT Field Goal,Above the Break 3,Left Side Center(LC),24+ ft.,25,-135,221,1,1,20190227,DAL,IND
Shot Chart Detail,0021800918,506,1717,Dirk Nowitzki,1610612742,Dallas Mavericks,4,8,27,Made Shot,Jump Shot,3PT Field Goal,Above the Break 3,Right Side Center(RC),24+ ft.,25,144,216,1,1,20190227,DAL,IND
Shot Chart Detail,0021800939,9,1717,Dirk Nowitzki,1610612742,Dallas Mavericks,1,11,19,Missed Shot,Jump Shot,3PT Field Goal,Above the Break 3,Right Side Center(RC),24+ ft.,25,108,231,1,0,20190302,DAL,MEM
Shot Chart Detail,0021800939,37,1717,Dirk Nowitzki,1610612742,Dallas Mavericks,1,9,15,Made Shot,Putback Layup Shot,2PT Field Goal,In The Paint (Non-RA),Center(C),Less Than 8 ft.,4,28,29,1,1,20190302,DAL,MEM
Shot Chart Detail,0021800939,153,1717,Dirk Nowitzki,1610612742,Dallas Mavericks,1,1,0,Missed Shot,Pullup Jump shot,2PT Field Goal,Mid-Range,Left Side Center(LC),16-24 ft.,20,-88,186,1,0,20190302,DAL,MEM
Shot Chart Detail,0021800939,180,1717,Dirk Nowitzki,1610612742,Dallas Mavericks,2,11,15,Missed Shot,Jump Shot,3PT Field Goal,Above the Break 3,Center(C),24+ ft.,25,-58,252,1,0,20190302,DAL,MEM
Shot Chart Detail,0021800939,224,1717,Dirk Nowitzki,1610612742,Dallas Mavericks,2,8,15,Missed Shot,Step Back Jump shot,3PT Field Goal,Above the Break 3,Center(C),24+ ft.,25,-72,246,1,0,20190302,DAL,MEM
Shot Chart Detail,0021800939,381,1717,Dirk Nowitzki,1610612742,Dallas Mavericks,3,11,33,Made Shot,Jump Shot,3PT Field Goal,Above the Break 3,Right Side Center(RC),24+ ft.,24,169,179,1,1,20190302,DAL,MEM
Shot Chart Detail,0021800939,418,1717,Dirk Nowitzki,1610612742,Dallas Mavericks,3,8,30,Missed Shot,Jump Shot,3PT Field Goal,Above the Break 3,Left Side Center(LC),24+ ft.,25,-117,222,1,0,20190302,DAL,MEM
Shot Chart Detail,0021800939,444,1717,Dirk Nowitzki,1610612742,Dallas Mavericks,3,6,19,Missed Shot,Turnaround Fadeaway shot,2PT Field Goal,Mid-Range,Left Side(L),8-16 ft.,11,-116,10,1,0,20190302,DAL,MEM
Shot Chart Detail,0021800939,593,1717,Dirk Nowitzki,1610612742,Dallas Mavericks,4,9,52,Missed Shot,Driving Floating Jump Shot,2PT Field Goal,In The Paint (Non-RA),Center(C),Less Than 8 ft.,6,20,58,1,0,20190302,DAL,MEM
Shot Chart Detail,0021800939,625,1717,Dirk Nowitzki,1610612742,Dallas Mavericks,4,7,35,Missed Shot,Jump Shot,3PT Field Goal,Above the Break 3,Center(C),24+ ft.,25,-68,242,1,0,20190302,DAL,MEM
Shot Chart Detail,0021800952,9,1717,Dirk Nowitzki,1610612742,Dallas Mavericks,1,11,26,Missed Shot,Jump Shot,2PT Field Goal,Mid-Range,Center(C),16-24 ft.,19,7,195,1,0,20190304,BKN,DAL
Shot Chart Detail,0021800952,45,1717,Dirk Nowitzki,1610612742,Dallas Mavericks,1,8,31,Missed Shot,Jump Shot,3PT Field Goal,Above the Break 3,Center(C),24+ ft.,25,62,245,1,0,20190304,BKN,DAL
Shot Chart Detail,0021800952,150,1717,Dirk Nowitzki,1610612742,Dallas Mavericks,1,2,22,Missed Shot,Jump Shot,3PT Field Goal,Above the Break 3,Center(C),24+ ft.,25,-29,251,1,0,20190304,BKN,DAL
Shot Chart Detail,0021800952,182,1717,Dirk Nowitzki,1610612742,Dallas Mavericks,2,11,51,Missed Shot,Jump Shot,2PT Field Goal,Mid-Range,Center(C),16-24 ft.,19,30,188,1,0,20190304,BKN,DAL
Shot Chart Detail,0021800952,379,1717,Dirk Nowitzki,1610612742,Dallas Mavericks,3,9,54,Missed Shot,Jump Shot,3PT Field Goal,Above the Break 3,Right Side Center(RC),24+ ft.,25,103,231,1,0,20190304,BKN,DAL
Shot Chart Detail,0021800952,383,1717,Dirk Nowitzki,1610612742,Dallas Mavericks,3,9,24,Missed Shot,Jump Shot,3PT Field Goal,Above the Break 3,Right Side Center(RC),24+ ft.,24,147,197,1,0,20190304,BKN,DAL
Shot Chart Detail,0021800952,501,1717,Dirk Nowitzki,1610612742,Dallas Mavericks,3,0,0,Missed Shot,Jump Shot,3PT Field Goal,Backcourt,Back Court(BC),Back Court Shot,43,27,437,1,0,20190304,BKN,DAL
Shot Chart Detail,0021800952,593,1717,Dirk Nowitzki,1610612742,Dallas Mavericks,4,6,12,Missed Shot,Jump Shot,2PT Field Goal,Mid-Range,Center(C),8-16 ft.,15,-9,153,1,0,20190304,BKN,DAL
Shot Chart Detail,0021800952,607,1717,Dirk Nowitzki,1610612742,Dallas Mavericks,4,4,43,Missed Shot,Jump Shot,3PT Field Goal,Above the Break 3,Center(C),24+ ft.,25,-19,259,1,0,20190304,BKN,DAL
Shot Chart Detail,0021800952,614,1717,Dirk Nowitzki,1610612742,Dallas Mavericks,4,3,51,Made Shot,Jump Shot,2PT Field Goal,Mid-Range,Right Side Center(RC),16-24 ft.,18,103,154,1,1,20190304,BKN,DAL
Shot Chart Detail,0021800952,628,1717,Dirk Nowitzki,1610612742,Dallas Mavericks,4,3,8,Missed Shot,Jump Shot,3PT Field Goal,Above the Break 3,Right Side Center(RC),24+ ft.,24,101,225,1,0,20190304,BKN,DAL
Shot Chart Detail,0021800952,633,1717,Dirk Nowitzki,1610612742,Dallas Mavericks,4,2,44,Made Shot,Turnaround Fadeaway shot,2PT Field Goal,Mid-Range,Left Side(L),8-16 ft.,14,-141,15,1,1,20190304,BKN,DAL
Shot Chart Detail,0021800952,641,1717,Dirk Nowitzki,1610612742,Dallas Mavericks,4,1,48,Missed Shot,Turnaround Fadeaway shot,2PT Field Goal,Mid-Range,Left Side(L),8-16 ft.,13,-126,32,1,0,20190304,BKN,DAL
Shot Chart Detail,0021800967,193,1717,Dirk Nowitzki,1610612742,Dallas Mavericks,2,9,14,Missed Shot,Jump Shot,3PT Field Goal,Above the Break 3,Right Side Center(RC),24+ ft.,27,99,260,1,0,20190306,WAS,DAL
Shot Chart Detail,0021800967,211,1717,Dirk Nowitzki,1610612742,Dallas Mavericks,2,7,13,Missed Shot,Jump Shot,2PT Field Goal,Mid-Range,Right Side Center(RC),16-24 ft.,19,127,153,1,0,20190306,WAS,DAL
Shot Chart Detail,0021800967,524,1717,Dirk Nowitzki,1610612742,Dallas Mavericks,4,8,25,Missed Shot,Jump Shot,3PT Field Goal,Above the Break 3,Left Side Center(LC),24+ ft.,27,-137,243,1,0,20190306,WAS,DAL
Shot Chart Detail,0021800978,195,1717,Dirk Nowitzki,1610612742,Dallas Mavericks,2,10,18,Missed Shot,Turnaround Fadeaway shot,2PT Field Goal,Mid-Range,Left Side(L),8-16 ft.,14,-100,110,1,0,20190308,ORL,DAL
Shot Chart Detail,0021800978,205,1717,Dirk Nowitzki,1610612742,Dallas Mavericks,2,9,6,Missed Shot,Pullup Jump shot,2PT Field Goal,Mid-Range,Left Side(L),16-24 ft.,16,-145,84,1,0,20190308,ORL,DAL
Shot Chart Detail,0021800978,209,1717,Dirk Nowitzki,1610612742,Dallas Mavericks,2,8,36,Made Shot,Fadeaway Jump Shot,2PT Field Goal,Mid-Range,Left Side Center(LC),16-24 ft.,16,-98,131,1,1,20190308,ORL,DAL
Shot Chart Detail,0021800978,222,1717,Dirk Nowitzki,1610612742,Dallas Mavericks,2,7,42,Made Shot,Jump Shot,2PT Field Goal,Mid-Range,Right Side(R),8-16 ft.,13,101,86,1,1,20190308,ORL,DAL
Shot Chart Detail,0021800978,234,1717,Dirk Nowitzki,1610612742,Dallas Mavericks,2,7,7,Missed Shot,Jump Shot,3PT Field Goal,Above the Break 3,Center(C),24+ ft.,25,-38,256,1,0,20190308,ORL,DAL
Shot Chart Detail,0021800978,490,1717,Dirk Nowitzki,1610612742,Dallas Mavericks,4,11,27,Made Shot,Turnaround Jump Shot,2PT Field Goal,In The Paint (Non-RA),Center(C),Less Than 8 ft.,6,-48,47,1,1,20190308,ORL,DAL
Shot Chart Detail,0021800978,519,1717,Dirk Nowitzki,1610612742,Dallas Mavericks,4,8,53,Missed Shot,Turnaround Jump Shot,2PT Field Goal,Mid-Range,Center(C),8-16 ft.,15,27,157,1,0,20190308,ORL,DAL
Shot Chart Detail,0021800978,524,1717,Dirk Nowitzki,1610612742,Dallas Mavericks,4,8,32,Made Shot,Jump Shot,2PT Field Goal,Mid-Range,Center(C),16-24 ft.,20,-8,208,1,1,20190308,ORL,DAL
Shot Chart Detail,0021800978,540,1717,Dirk Nowitzki,1610612742,Dallas Mavericks,4,7,36,Made Shot,Jump Shot,3PT Field Goal,Above the Break 3,Center(C),24+ ft.,26,0,260,1,1,20190308,ORL,DAL
Shot Chart Detail,0021800978,551,1717,Dirk Nowitzki,1610612742,Dallas Mavericks,4,6,27,Missed Shot,Jump Shot,3PT Field Goal,Above the Break 3,Center(C),24+ ft.,25,6,252,1,0,20190308,ORL,DAL
Shot Chart Detail,0021800978,566,1717,Dirk Nowitzki,1610612742,Dallas Mavericks,4,4,48,Made Shot,Turnaround Fadeaway shot,2PT Field Goal,In The Paint (Non-RA),Center(C),8-16 ft.,12,58,110,1,1,20190308,ORL,DAL
Shot Chart Detail,0021800997,122,1717,Dirk Nowitzki,1610612742,Dallas Mavericks,1,2,41,Made Shot,Driving Layup Shot,2PT Field Goal,Restricted Area,Center(C),Less Than 8 ft.,2,-11,25,1,1,20190310,DAL,HOU
Shot Chart Detail,0021800997,133,1717,Dirk Nowitzki,1610612742,Dallas Mavericks,1,1,57,Missed Shot,Jump Shot,3PT Field Goal,Above the Break 3,Center(C),24+ ft.,25,0,257,1,0,20190310,DAL,HOU
Shot Chart Detail,0021800997,154,1717,Dirk Nowitzki,1610612742,Dallas Mavericks,1,0,17,Missed Shot,Turnaround Fadeaway Bank Jump Shot,2PT Field Goal,Mid-Range,Right Side(R),8-16 ft.,13,130,23,1,0,20190310,DAL,HOU
Shot Chart Detail,0021801011,13,1717,Dirk Nowitzki,1610612742,Dallas Mavericks,1,10,49,Made Shot,Turnaround Jump Shot,2PT Field Goal,Mid-Range,Right Side(R),16-24 ft.,16,144,70,1,1,20190312,DAL,SAS
Shot Chart Detail,0021801011,43,1717,Dirk Nowitzki,1610612742,Dallas Mavericks,1,7,20,Made Shot,Jump Shot,3PT Field Goal,Above the Break 3,Center(C),24+ ft.,25,48,251,1,1,20190312,DAL,SAS
Shot Chart Detail,0021801011,48,1717,Dirk Nowitzki,1610612742,Dallas Mavericks,1,6,36,Made Shot,Jump Shot,3PT Field Goal,Above the Break 3,Right Side Center(RC),24+ ft.,25,113,226,1,1,20190312,DAL,SAS
Shot Chart Detail,0021801011,316,1717,Dirk Nowitzki,1610612742,Dallas Mavericks,3,9,54,Missed Shot,Jump Shot,3PT Field Goal,Above the Break 3,Right Side Center(RC),24+ ft.,25,98,230,1,0,20190312,DAL,SAS
Shot Chart Detail,0021801011,455,1717,Dirk Nowitzki,1610612742,Dallas Mavericks,3,0,17,Missed Shot,Fadeaway Jump Shot,2PT Field Goal,Mid-Range,Left Side(L),16-24 ft.,16,-166,-2,1,0,20190312,DAL,SAS
Shot Chart Detail,0021801025,44,1717,Dirk Nowitzki,1610612742,Dallas Mavericks,1,8,19,Missed Shot,Jump Shot,3PT Field Goal,Above the Break 3,Right Side Center(RC),24+ ft.,24,136,204,1,0,20190314,DEN,DAL
Shot Chart Detail,0021801025,67,1717,Dirk Nowitzki,1610612742,Dallas Mavericks,1,5,3,Made Shot,Jump Shot,3PT Field Goal,Above the Break 3,Right Side Center(RC),24+ ft.,24,88,225,1,1,20190314,DEN,DAL
Shot Chart Detail,0021801025,318,1717,Dirk Nowitzki,1610612742,Dallas Mavericks,3,11,50,Missed Shot,Jump Shot,2PT Field Goal,Mid-Range,Left Side Center(LC),16-24 ft.,22,-142,174,1,0,20190314,DEN,DAL
Shot Chart Detail,0021801025,358,1717,Dirk Nowitzki,1610612742,Dallas Mavericks,3,7,58,Made Shot,Pullup Jump shot,3PT Field Goal,Above the Break 3,Center(C),24+ ft.,24,-27,248,1,1,20190314,DEN,DAL
Shot Chart Detail,0021801025,362,1717,Dirk Nowitzki,1610612742,Dallas Mavericks,3,7,27,Made Shot,Jump Shot,3PT Field Goal,Right Corner 3,Right Side(R),24+ ft.,22,228,18,1,1,20190314,DEN,DAL
Shot Chart Detail,0021801037,29,1717,Dirk Nowitzki,1610612742,Dallas Mavericks,1,9,51,Missed Shot,Jump Shot,3PT Field Goal,Above the Break 3,Center(C),24+ ft.,25,51,252,1,0,20190316,DAL,CLE
Shot Chart Detail,0021801037,51,1717,Dirk Nowitzki,1610612742,Dallas Mavericks,1,8,38,Made Shot,Jump Shot,2PT Field Goal,Mid-Range,Left Side Center(LC),16-24 ft.,22,-157,160,1,1,20190316,DAL,CLE
Shot Chart Detail,0021801037,212,1717,Dirk Nowitzki,1610612742,Dallas Mavericks,2,7,41,Made Shot,Jump Shot,2PT Field Goal,Mid-Range,Left Side(L),8-16 ft.,13,-130,-8,1,1,20190316,DAL,CLE
Shot Chart Detail,0021801037,244,1717,Dirk Nowitzki,1610612742,Dallas Mavericks,2,4,11,Missed Shot,Turnaround Fadeaway shot,2PT Field Goal,Mid-Range,Right Side(R),8-16 ft.,10,100,45,1,0,20190316,DAL,CLE
Shot Chart Detail,0021801037,356,1717,Dirk Nowitzki,1610612742,Dallas Mavericks,3,6,28,Missed Shot,Jump Shot,3PT Field Goal,Above the Break 3,Left Side Center(LC),24+ ft.,25,-145,215,1,0,20190316,DAL,CLE
Shot Chart Detail,0021801037,496,1717,Dirk Nowitzki,1610612742,Dallas Mavericks,4,9,14,Made Shot,Turnaround Fadeaway shot,2PT Field Goal,Mid-Range,Left Side(L),8-16 ft.,12,-121,1,1,1,20190316,DAL,CLE
Shot Chart Detail,0021801037,499,1717,Dirk Nowitzki,1610612742,Dallas Mavericks,4,8,37,Made Shot,Jump Shot,3PT Field Goal,Above the Break 3,Left Side Center(LC),24+ ft.,27,-153,226,1,1,20190316,DAL,CLE
Shot Chart Detail,0021801037,523,1717,Dirk Nowitzki,1610612742,Dallas Mavericks,4,7,15,Made Shot,Jump Shot,3PT Field Goal,Above the Break 3,Center(C),24+ ft.,27,-57,269,1,1,20190316,DAL,CLE
Shot Chart Detail,0021801037,537,1717,Dirk Nowitzki,1610612742,Dallas Mavericks,4,5,50,Missed Shot,Jump Shot,3PT Field Goal,Above the Break 3,Center(C),24+ ft.,28,-43,285,1,0,20190316,DAL,CLE
Shot Chart Detail,0021801037,548,1717,Dirk Nowitzki,1610612742,Dallas Mavericks,4,5,21,Missed Shot,Fadeaway Jump Shot,2PT Field Goal,Mid-Range,Left Side(L),16-24 ft.,19,-190,60,1,0,20190316,DAL,CLE
Shot Chart Detail,0021801037,589,1717,Dirk Nowitzki,1610612742,Dallas Mavericks,4,2,26,Missed Shot,Jump Shot,2PT Field Goal,Mid-Range,Center(C),16-24 ft.,19,-49,193,1,0,20190316,DAL,CLE
Shot Chart Detail,0021801037,608,1717,Dirk Nowitzki,1610612742,Dallas Mavericks,4,1,16,Missed Shot,Turnaround Jump Shot,2PT Field Goal,Mid-Range,Right Side(R),8-16 ft.,10,100,20,1,0,20190316,DAL,CLE
Shot Chart Detail,0021801037,612,1717,Dirk Nowitzki,1610612742,Dallas Mavericks,4,0,46,Missed Shot,Fadeaway Jump Shot,2PT Field Goal,Mid-Range,Left Side Center(LC),16-24 ft.,17,-94,147,1,0,20190316,DAL,CLE
Shot Chart Detail,0021801056,29,1717,Dirk Nowitzki,1610612742,Dallas Mavericks,1,9,51,Made Shot,Jump Shot,2PT Field Goal,Mid-Range,Center(C),16-24 ft.,20,-30,200,1,1,20190318,DAL,NOP
Shot Chart Detail,0021801056,43,1717,Dirk Nowitzki,1610612742,Dallas Mavericks,1,8,35,Made Shot,Fadeaway Jump Shot,2PT Field Goal,Mid-Range,Center(C),16-24 ft.,19,26,192,1,1,20190318,DAL,NOP
Shot Chart Detail,0021801056,186,1717,Dirk Nowitzki,1610612742,Dallas Mavericks,2,11,47,Made Shot,Jump Shot,2PT Field Goal,Mid-Range,Left Side Center(LC),16-24 ft.,21,-93,194,1,1,20190318,DAL,NOP
Shot Chart Detail,0021801056,214,1717,Dirk Nowitzki,1610612742,Dallas Mavericks,2,8,55,Missed Shot,Jump Shot,3PT Field Goal,Above the Break 3,Center(C),24+ ft.,25,47,251,1,0,20190318,DAL,NOP
Shot Chart Detail,0021801056,478,1717,Dirk Nowitzki,1610612742,Dallas Mavericks,3,1,13,Missed Shot,Pullup Jump shot,2PT Field Goal,Mid-Range,Center(C),16-24 ft.,19,-36,195,1,0,20190318,DAL,NOP
Shot Chart Detail,0021801056,493,1717,Dirk Nowitzki,1610612742,Dallas Mavericks,3,0,14,Missed Shot,Jump Shot,3PT Field Goal,Above the Break 3,Left Side Center(LC),24+ ft.,25,-87,237,1,0,20190318,DAL,NOP
Shot Chart Detail,0021801073,385,1717,Dirk Nowitzki,1610612742,Dallas Mavericks,3,7,35,Made Shot,Turnaround Jump Shot,2PT Field Goal,Mid-Range,Right Side(R),16-24 ft.,16,140,80,1,1,20190320,POR,DAL
Shot Chart Detail,0021801073,387,1717,Dirk Nowitzki,1610612742,Dallas Mavericks,3,7,2,Missed Shot,Turnaround Fadeaway shot,2PT Field Goal,In The Paint (Non-RA),Right Side(R),8-16 ft.,9,49,84,1,0,20190320,POR,DAL
Shot Chart Detail,0021801073,410,1717,Dirk Nowitzki,1610612742,Dallas Mavericks,3,5,2,Missed Shot,Pullup Jump shot,3PT Field Goal,Above the Break 3,Center(C),24+ ft.,25,62,243,1,0,20190320,POR,DAL
Shot Chart Detail,0021801078,85,1717,Dirk Nowitzki,1610612742,Dallas Mavericks,1,4,35,Missed Shot,Jump Shot,2PT Field Goal,Mid-Range,Right Side(R),16-24 ft.,20,187,81,1,0,20190321,SAC,DAL
Shot Chart Detail,0021801078,103,1717,Dirk Nowitzki,1610612742,Dallas Mavericks,1,3,35,Missed Shot,Jump Shot,2PT Field Goal,Mid-Range,Left Side Center(LC),16-24 ft.,21,-125,169,1,0,20190321,SAC,DAL
Shot Chart Detail,0021801078,201,1717,Dirk Nowitzki,1610612742,Dallas Mavericks,2,8,13,Missed Shot,Jump Shot,2PT Field Goal,Mid-Range,Left Side Center(LC),16-24 ft.,17,-67,159,1,0,20190321,SAC,DAL
Shot Chart Detail,0021801078,203,1717,Dirk Nowitzki,1610612742,Dallas Mavericks,2,8,8,Made Shot,Jump Shot,3PT Field Goal,Above the Break 3,Left Side Center(LC),24+ ft.,26,-133,228,1,1,20190321,SAC,DAL
Shot Chart Detail,0021801078,459,1717,Dirk Nowitzki,1610612742,Dallas Mavericks,3,2,23,Missed Shot,Jump Shot,3PT Field Goal,Above the Break 3,Center(C),24+ ft.,24,7,248,1,0,20190321,SAC,DAL
Shot Chart Detail,0021801092,9,1717,Dirk Nowitzki,1610612742,Dallas Mavericks,1,11,30,Made Shot,Jump Shot,2PT Field Goal,Mid-Range,Right Side Center(RC),16-24 ft.,21,119,183,1,1,20190323,GSW,DAL
Shot Chart Detail,0021801092,13,1717,Dirk Nowitzki,1610612742,Dallas Mavericks,1,10,56,Made Shot,Jump Shot,3PT Field Goal,Above the Break 3,Center(C),24+ ft.,26,0,266,1,1,20190323,GSW,DAL
Shot Chart Detail,0021801092,25,1717,Dirk Nowitzki,1610612742,Dallas Mavericks,1,9,23,Made Shot,Jump Shot,3PT Field Goal,Above the Break 3,Right Side Center(RC),24+ ft.,26,139,231,1,1,20190323,GSW,DAL
Shot Chart Detail,0021801092,37,1717,Dirk Nowitzki,1610612742,Dallas Mavericks,1,8,33,Made Shot,Turnaround Jump Shot,2PT Field Goal,Mid-Range,Center(C),16-24 ft.,16,-4,169,1,1,20190323,GSW,DAL
Shot Chart Detail,0021801092,122,1717,Dirk Nowitzki,1610612742,Dallas Mavericks,1,1,15,Missed Shot,Jump Shot,2PT Field Goal,In The Paint (Non-RA),Center(C),8-16 ft.,8,-8,80,1,0,20190323,GSW,DAL
Shot Chart Detail,0021801092,192,1717,Dirk Nowitzki,1610612742,Dallas Mavericks,2,8,28,Missed Shot,Turnaround Jump Shot,2PT Field Goal,Mid-Range,Right Side Center(RC),16-24 ft.,18,128,129,1,0,20190323,GSW,DAL
Shot Chart Detail,0021801092,361,1717,Dirk Nowitzki,1610612742,Dallas Mavericks,3,10,51,Missed Shot,Jump Shot,2PT Field Goal,Mid-Range,Left Side Center(LC),16-24 ft.,21,-120,184,1,0,20190323,GSW,DAL
Shot Chart Detail,0021801092,369,1717,Dirk Nowitzki,1610612742,Dallas Mavericks,3,10,1,Made Shot,Jump Shot,3PT Field Goal,Above the Break 3,Center(C),24+ ft.,27,-5,279,1,1,20190323,GSW,DAL
Shot Chart Detail,0021801092,378,1717,Dirk Nowitzki,1610612742,Dallas Mavericks,3,9,5,Missed Shot,Jump Shot,3PT Field Goal,Above the Break 3,Left Side Center(LC),24+ ft.,33,-116,317,1,0,20190323,GSW,DAL
Shot Chart Detail,0021801092,387,1717,Dirk Nowitzki,1610612742,Dallas Mavericks,3,8,18,Made Shot,Jump Shot,3PT Field Goal,Above the Break 3,Left Side Center(LC),24+ ft.,27,-155,222,1,1,20190323,GSW,DAL
Shot Chart Detail,0021801092,539,1717,Dirk Nowitzki,1610612742,Dallas Mavericks,4,10,57,Missed Shot,Jump Shot,3PT Field Goal,Above the Break 3,Center(C),24+ ft.,27,-9,275,1,0,20190323,GSW,DAL
Shot Chart Detail,0021801092,543,1717,Dirk Nowitzki,1610612742,Dallas Mavericks,4,10,30,Missed Shot,Jump Shot,3PT Field Goal,Above the Break 3,Center(C),24+ ft.,26,-11,267,1,0,20190323,GSW,DAL
Shot Chart Detail,0021801092,548,1717,Dirk Nowitzki,1610612742,Dallas Mavericks,4,9,53,Made Shot,Jump Shot,3PT Field Goal,Above the Break 3,Center(C),24+ ft.,27,-76,263,1,1,20190323,GSW,DAL
Shot Chart Detail,0021801092,582,1717,Dirk Nowitzki,1610612742,Dallas Mavericks,4,6,58,Made Shot,Turnaround Fadeaway shot,2PT Field Goal,Mid-Range,Right Side Center(RC),16-24 ft.,17,123,128,1,1,20190323,GSW,DAL
Shot Chart Detail,0021801114,23,1717,Dirk Nowitzki,1610612742,Dallas Mavericks,1,10,18,Missed Shot,Jump Shot,3PT Field Goal,Above the Break 3,Left Side Center(LC),24+ ft.,25,-92,243,1,0,20190326,DAL,SAC
Shot Chart Detail,0021801114,35,1717,Dirk Nowitzki,1610612742,Dallas Mavericks,1,8,59,Missed Shot,Jump Shot,2PT Field Goal,Mid-Range,Right Side(R),8-16 ft.,15,128,81,1,0,20190326,DAL,SAC
Shot Chart Detail,0021801114,153,1717,Dirk Nowitzki,1610612742,Dallas Mavericks,2,11,20,Made Shot,Turnaround Fadeaway shot,2PT Field Goal,In The Paint (Non-RA),Center(C),8-16 ft.,14,36,136,1,1,20190326,DAL,SAC
Shot Chart Detail,0021801114,177,1717,Dirk Nowitzki,1610612742,Dallas Mavericks,2,9,39,Made Shot,Jump Shot,3PT Field Goal,Above the Break 3,Center(C),24+ ft.,25,24,254,1,1,20190326,DAL,SAC
Shot Chart Detail,0021801114,198,1717,Dirk Nowitzki,1610612742,Dallas Mavericks,2,7,30,Made Shot,Fadeaway Jump Shot,2PT Field Goal,Mid-Range,Left Side(L),8-16 ft.,11,-106,52,1,1,20190326,DAL,SAC
Shot Chart Detail,0021801114,206,1717,Dirk Nowitzki,1610612742,Dallas Mavericks,2,6,42,Missed Shot,Jump Shot,3PT Field Goal,Above the Break 3,Right Side Center(RC),24+ ft.,25,124,223,1,0,20190326,DAL,SAC
Shot Chart Detail,0021801124,9,1717,Dirk Nowitzki,1610612742,Dallas Mavericks,1,11,26,Missed Shot,Jump Shot,2PT Field Goal,Mid-Range,Left Side Center(LC),16-24 ft.,18,-88,165,1,0,20190328,MIA,DAL
Shot Chart Detail,0021801124,54,1717,Dirk Nowitzki,1610612742,Dallas Mavericks,1,7,9,Made Shot,Jump Shot,2PT Field Goal,Mid-Range,Left Side(L),8-16 ft.,15,-98,123,1,1,20190328,MIA,DAL
Shot Chart Detail,0021801124,61,1717,Dirk Nowitzki,1610612742,Dallas Mavericks,1,6,32,Made Shot,Jump Shot,3PT Field Goal,Above the Break 3,Center(C),24+ ft.,25,4,256,1,1,20190328,MIA,DAL
Shot Chart Detail,0021801124,65,1717,Dirk Nowitzki,1610612742,Dallas Mavericks,1,6,6,Missed Shot,Jump Shot,3PT Field Goal,Above the Break 3,Right Side Center(RC),24+ ft.,24,177,168,1,0,20190328,MIA,DAL
Shot Chart Detail,0021801124,206,1717,Dirk Nowitzki,1610612742,Dallas Mavericks,2,7,34,Missed Shot,Jump Shot,3PT Field Goal,Above the Break 3,Right Side Center(RC),24+ ft.,25,138,212,1,0,20190328,MIA,DAL
Shot Chart Detail,0021801124,212,1717,Dirk Nowitzki,1610612742,Dallas Mavericks,2,6,50,Missed Shot,Jump Shot,3PT Field Goal,Above the Break 3,Left Side Center(LC),24+ ft.,25,-85,244,1,0,20190328,MIA,DAL
Shot Chart Detail,0021801124,264,1717,Dirk Nowitzki,1610612742,Dallas Mavericks,2,4,1,Made Shot,Jump Shot,2PT Field Goal,Mid-Range,Left Side Center(LC),16-24 ft.,16,-112,122,1,1,20190328,MIA,DAL
Shot Chart Detail,0021801124,347,1717,Dirk Nowitzki,1610612742,Dallas Mavericks,3,11,9,Missed Shot,Jump Shot,2PT Field Goal,Mid-Range,Right Side(R),16-24 ft.,19,161,109,1,0,20190328,MIA,DAL
Shot Chart Detail,0021801124,380,1717,Dirk Nowitzki,1610612742,Dallas Mavericks,3,7,33,Missed Shot,Jump Shot,3PT Field Goal,Above the Break 3,Center(C),24+ ft.,24,23,247,1,0,20190328,MIA,DAL
Shot Chart Detail,0021801124,537,1717,Dirk Nowitzki,1610612742,Dallas Mavericks,4,8,40,Made Shot,Jump Shot,3PT Field Goal,Above the Break 3,Right Side Center(RC),24+ ft.,24,163,184,1,1,20190328,MIA,DAL
Shot Chart Detail,0021801124,547,1717,Dirk Nowitzki,1610612742,Dallas Mavericks,4,8,10,Made Shot,Jump Shot,3PT Field Goal,Above the Break 3,Right Side Center(RC),24+ ft.,26,166,210,1,1,20190328,MIA,DAL
Shot Chart Detail,0021801124,581,1717,Dirk Nowitzki,1610612742,Dallas Mavericks,4,6,4,Missed Shot,Jump Shot,3PT Field Goal,Above the Break 3,Right Side Center(RC),24+ ft.,26,145,219,1,0,20190328,MIA,DAL
Shot Chart Detail,0021801124,641,1717,Dirk Nowitzki,1610612742,Dallas Mavericks,4,0,59,Missed Shot,Jump Shot,3PT Field Goal,Right Corner 3,Right Side(R),24+ ft.,23,235,46,1,0,20190328,MIA,DAL
Shot Chart Detail,0021801146,7,1717,Dirk Nowitzki,1610612742,Dallas Mavericks,1,11,47,Made Shot,Jump Shot,2PT Field Goal,Mid-Range,Left Side Center(LC),16-24 ft.,19,-117,157,1,1,20190331,OKC,DAL
Shot Chart Detail,0021801146,18,1717,Dirk Nowitzki,1610612742,Dallas Mavericks,1,10,47,Missed Shot,Jump Shot,3PT Field Goal,Above the Break 3,Center(C),24+ ft.,24,-46,241,1,0,20190331,OKC,DAL
Shot Chart Detail,0021801146,32,1717,Dirk Nowitzki,1610612742,Dallas Mavericks,1,9,38,Missed Shot,Jump Shot,3PT Field Goal,Above the Break 3,Center(C),24+ ft.,25,24,257,1,0,20190331,OKC,DAL
Shot Chart Detail,0021801146,58,1717,Dirk Nowitzki,1610612742,Dallas Mavericks,1,7,26,Missed Shot,Jump Shot,2PT Field Goal,Mid-Range,Left Side(L),8-16 ft.,15,-147,-38,1,0,20190331,OKC,DAL
Shot Chart Detail,0021801146,167,1717,Dirk Nowitzki,1610612742,Dallas Mavericks,2,11,30,Missed Shot,Driving Hook Shot,2PT Field Goal,In The Paint (Non-RA),Center(C),Less Than 8 ft.,7,-32,63,1,0,20190331,OKC,DAL
Shot Chart Detail,0021801146,234,1717,Dirk Nowitzki,1610612742,Dallas Mavericks,2,6,11,Missed Shot,Turnaround Fadeaway shot,2PT Field Goal,In The Paint (Non-RA),Center(C),8-16 ft.,8,-27,80,1,0,20190331,OKC,DAL
Shot Chart Detail,0021801146,453,1717,Dirk Nowitzki,1610612742,Dallas Mavericks,3,1,51,Missed Shot,Jump Shot,3PT Field Goal,Above the Break 3,Center(C),24+ ft.,24,34,245,1,0,20190331,OKC,DAL
Shot Chart Detail,0021801146,513,1717,Dirk Nowitzki,1610612742,Dallas Mavericks,4,9,57,Made Shot,Jump Shot,3PT Field Goal,Above the Break 3,Center(C),24+ ft.,25,9,258,1,1,20190331,OKC,DAL
Shot Chart Detail,0021801146,517,1717,Dirk Nowitzki,1610612742,Dallas Mavericks,4,9,17,Missed Shot,Turnaround Jump Shot,2PT Field Goal,Mid-Range,Right Side(R),8-16 ft.,9,83,55,1,0,20190331,OKC,DAL
Shot Chart Detail,0021801146,534,1717,Dirk Nowitzki,1610612742,Dallas Mavericks,4,8,29,Missed Shot,Jump Shot,3PT Field Goal,Above the Break 3,Right Side Center(RC),24+ ft.,25,106,237,1,0,20190331,OKC,DAL
Shot Chart Detail,0021801158,9,1717,Dirk Nowitzki,1610612742,Dallas Mavericks,1,11,38,Missed Shot,Turnaround Jump Shot,2PT Field Goal,Mid-Range,Left Side Center(LC),16-24 ft.,20,-138,158,1,0,20190401,DAL,PHI
Shot Chart Detail,0021801158,30,1717,Dirk Nowitzki,1610612742,Dallas Mavericks,1,9,34,Made Shot,Turnaround Fadeaway shot,2PT Field Goal,In The Paint (Non-RA),Right Side(R),8-16 ft.,9,73,62,1,1,20190401,DAL,PHI
Shot Chart Detail,0021801158,217,1717,Dirk Nowitzki,1610612742,Dallas Mavericks,2,8,6,Missed Shot,Turnaround Jump Shot,2PT Field Goal,Mid-Range,Right Side(R),8-16 ft.,8,82,16,1,0,20190401,DAL,PHI
Shot Chart Detail,0021801158,242,1717,Dirk Nowitzki,1610612742,Dallas Mavericks,2,6,33,Made Shot,Turnaround Jump Shot,2PT Field Goal,Mid-Range,Left Side(L),16-24 ft.,18,-160,91,1,1,20190401,DAL,PHI
Shot Chart Detail,0021801158,252,1717,Dirk Nowitzki,1610612742,Dallas Mavericks,2,6,0,Missed Shot,Jump Shot,2PT Field Goal,Mid-Range,Left Side(L),16-24 ft.,18,-159,88,1,0,20190401,DAL,PHI
Shot Chart Detail,0021801158,276,1717,Dirk Nowitzki,1610612742,Dallas Mavericks,2,4,40,Missed Shot,Jump Shot,3PT Field Goal,Above the Break 3,Right Side Center(RC),24+ ft.,25,160,196,1,0,20190401,DAL,PHI
Shot Chart Detail,0021801158,358,1717,Dirk Nowitzki,1610612742,Dallas Mavericks,2,0,4,Made Shot,Jump Shot,3PT Field Goal,Right Corner 3,Right Side(R),24+ ft.,23,231,21,1,1,20190401,DAL,PHI
Shot Chart Detail,0021801158,372,1717,Dirk Nowitzki,1610612742,Dallas Mavericks,3,11,19,Missed Shot,Jump Shot,3PT Field Goal,Above the Break 3,Center(C),24+ ft.,25,7,251,1,0,20190401,DAL,PHI
Shot Chart Detail,0021801158,376,1717,Dirk Nowitzki,1610612742,Dallas Mavericks,3,10,43,Missed Shot,Turnaround Fadeaway Bank Jump Shot,2PT Field Goal,Mid-Range,Right Side(R),8-16 ft.,12,121,32,1,0,20190401,DAL,PHI
Shot Chart Detail,0021801158,386,1717,Dirk Nowitzki,1610612742,Dallas Mavericks,3,10,2,Missed Shot,Jump Shot,2PT Field Goal,In The Paint (Non-RA),Center(C),Less Than 8 ft.,7,-31,67,1,0,20190401,DAL,PHI
Shot Chart Detail,0021801172,9,1717,Dirk Nowitzki,1610612742,Dallas Mavericks,1,11,27,Missed Shot,Jump Shot,3PT Field Goal,Right Corner 3,Right Side(R),24+ ft.,22,226,17,1,0,20190403,DAL,MIN
Shot Chart Detail,0021801172,171,1717,Dirk Nowitzki,1610612742,Dallas Mavericks,2,11,12,Made Shot,Jump Shot,3PT Field Goal,Above the Break 3,Center(C),24+ ft.,25,-24,249,1,1,20190403,DAL,MIN
Shot Chart Detail,0021801172,175,1717,Dirk Nowitzki,1610612742,Dallas Mavericks,2,10,49,Missed Shot,Jump Shot,3PT Field Goal,Above the Break 3,Center(C),24+ ft.,25,-43,254,1,0,20190403,DAL,MIN
Shot Chart Detail,0021801172,179,1717,Dirk Nowitzki,1610612742,Dallas Mavericks,2,10,16,Made Shot,Turnaround Fadeaway shot,2PT Field Goal,In The Paint (Non-RA),Left Side(L),8-16 ft.,9,-78,45,1,1,20190403,DAL,MIN
Shot Chart Detail,0021801172,201,1717,Dirk Nowitzki,1610612742,Dallas Mavericks,2,8,32,Made Shot,Jump Shot,2PT Field Goal,Mid-Range,Right Side Center(RC),16-24 ft.,20,84,190,1,1,20190403,DAL,MIN
Shot Chart Detail,0021801172,215,1717,Dirk Nowitzki,1610612742,Dallas Mavericks,2,7,29,Missed Shot,Pullup Jump shot,2PT Field Goal,Mid-Range,Center(C),16-24 ft.,20,10,207,1,0,20190403,DAL,MIN
Shot Chart Detail,0021801172,326,1717,Dirk Nowitzki,1610612742,Dallas Mavericks,2,0,0,Missed Shot,Jump Shot,3PT Field Goal,Above the Break 3,Right Side Center(RC),24+ ft.,26,176,195,1,0,20190403,DAL,MIN
Shot Chart Detail,0021801172,358,1717,Dirk Nowitzki,1610612742,Dallas Mavericks,3,10,3,Made Shot,Jump Shot,2PT Field Goal,Mid-Range,Left Side(L),8-16 ft.,14,-136,38,1,1,20190403,DAL,MIN
Shot Chart Detail,0021801172,368,1717,Dirk Nowitzki,1610612742,Dallas Mavericks,3,9,1,Missed Shot,Jump Shot,3PT Field Goal,Above the Break 3,Left Side Center(LC),24+ ft.,25,-86,235,1,0,20190403,DAL,MIN
Shot Chart Detail,0021801172,370,1717,Dirk Nowitzki,1610612742,Dallas Mavericks,3,8,57,Missed Shot,Jump Shot,3PT Field Goal,Above the Break 3,Center(C),24+ ft.,25,-25,251,1,0,20190403,DAL,MIN
Shot Chart Detail,0021801172,446,1717,Dirk Nowitzki,1610612742,Dallas Mavericks,3,3,6,Missed Shot,Jump Shot,3PT Field Goal,Right Corner 3,Right Side(R),24+ ft.,23,236,9,1,0,20190403,DAL,MIN
Shot Chart Detail,0021801172,480,1717,Dirk Nowitzki,1610612742,Dallas Mavericks,3,0,27,Missed Shot,Jump Shot,3PT Field Goal,Above the Break 3,Center(C),24+ ft.,24,-49,239,1,0,20190403,DAL,MIN
Shot Chart Detail,0021801187,7,1717,Dirk Nowitzki,1610612742,Dallas Mavericks,1,11,42,Made Shot,Cutting Dunk Shot,2PT Field Goal,Restricted Area,Center(C),Less Than 8 ft.,0,0,7,1,1,20190405,DAL,MEM
Shot Chart Detail,0021801187,53,1717,Dirk Nowitzki,1610612742,Dallas Mavericks,1,7,45,Made Shot,Turnaround Jump Shot,2PT Field Goal,Mid-Range,Right Side(R),8-16 ft.,10,105,8,1,1,20190405,DAL,MEM
Shot Chart Detail,0021801187,186,1717,Dirk Nowitzki,1610612742,Dallas Mavericks,2,10,52,Made Shot,Jump Shot,3PT Field Goal,Above the Break 3,Left Side Center(LC),24+ ft.,25,-94,241,1,1,20190405,DAL,MEM
Shot Chart Detail,0021801187,209,1717,Dirk Nowitzki,1610612742,Dallas Mavericks,2,9,9,Missed Shot,Pullup Jump shot,3PT Field Goal,Above the Break 3,Center(C),24+ ft.,25,-9,257,1,0,20190405,DAL,MEM
Shot Chart Detail,0021801187,238,1717,Dirk Nowitzki,1610612742,Dallas Mavericks,2,6,57,Made Shot,Jump Shot,2PT Field Goal,Mid-Range,Center(C),16-24 ft.,21,-6,211,1,1,20190405,DAL,MEM
Shot Chart Detail,0021801187,529,1717,Dirk Nowitzki,1610612742,Dallas Mavericks,4,10,43,Missed Shot,Jump Shot,3PT Field Goal,Above the Break 3,Center(C),24+ ft.,24,16,248,1,0,20190405,DAL,MEM
Shot Chart Detail,0021801187,533,1717,Dirk Nowitzki,1610612742,Dallas Mavericks,4,10,20,Missed Shot,Jump Shot,2PT Field Goal,Mid-Range,Right Side Center(RC),16-24 ft.,18,110,151,1,0,20190405,DAL,MEM
Shot Chart Detail,0021801187,539,1717,Dirk Nowitzki,1610612742,Dallas Mavericks,4,9,44,Missed Shot,Jump Shot,2PT Field Goal,Mid-Range,Right Side Center(RC),16-24 ft.,18,145,108,1,0,20190405,DAL,MEM
Shot Chart Detail,0021801187,554,1717,Dirk Nowitzki,1610612742,Dallas Mavericks,4,8,34,Missed Shot,Turnaround Jump Shot,2PT Field Goal,Restricted Area,Center(C),Less Than 8 ft.,3,24,31,1,0,20190405,DAL,MEM
Shot Chart Detail,0021801187,561,1717,Dirk Nowitzki,1610612742,Dallas Mavericks,4,7,54,Missed Shot,Fadeaway Jump Shot,2PT Field Goal,Mid-Range,Right Side Center(RC),16-24 ft.,16,127,109,1,0,20190405,DAL,MEM
Shot Chart Detail,0021801187,566,1717,Dirk Nowitzki,1610612742,Dallas Mavericks,4,7,24,Made Shot,Jump Shot,3PT Field Goal,Above the Break 3,Center(C),24+ ft.,25,22,250,1,1,20190405,DAL,MEM
Shot Chart Detail,0021801187,594,1717,Dirk Nowitzki,1610612742,Dallas Mavericks,4,5,0,Missed Shot,Jump Shot,3PT Field Goal,Above the Break 3,Left Side Center(LC),24+ ft.,24,-146,194,1,0,20190405,DAL,MEM
Shot Chart Detail,0021801201,167,1717,Dirk Nowitzki,1610612742,Dallas Mavericks,2,11,39,Made Shot,Turnaround Jump Shot,2PT Field Goal,In The Paint (Non-RA),Left Side(L),8-16 ft.,14,-77,128,1,1,20190407,MEM,DAL
Shot Chart Detail,0021801201,175,1717,Dirk Nowitzki,1610612742,Dallas Mavericks,2,10,21,Missed Shot,Turnaround Fadeaway shot,2PT Field Goal,Mid-Range,Left Side(L),8-16 ft.,10,-109,12,1,0,20190407,MEM,DAL
Shot Chart Detail,0021801201,195,1717,Dirk Nowitzki,1610612742,Dallas Mavericks,2,8,40,Missed Shot,Jump Shot,3PT Field Goal,Above the Break 3,Left Side Center(LC),24+ ft.,24,-229,89,1,0,20190407,MEM,DAL
Shot Chart Detail,0021801201,203,1717,Dirk Nowitzki,1610612742,Dallas Mavericks,2,7,40,Missed Shot,Fadeaway Jump Shot,2PT Field Goal,Mid-Range,Right Side(R),8-16 ft.,9,92,23,1,0,20190407,MEM,DAL
Shot Chart Detail,0021801201,228,1717,Dirk Nowitzki,1610612742,Dallas Mavericks,2,6,14,Missed Shot,Jump Shot,3PT Field Goal,Above the Break 3,Center(C),24+ ft.,26,-62,253,1,0,20190407,MEM,DAL
Shot Chart Detail,0021801216,9,1717,Dirk Nowitzki,1610612742,Dallas Mavericks,1,11,27,Made Shot,Jump Shot,2PT Field Goal,Mid-Range,Center(C),16-24 ft.,20,51,194,1,1,20190409,DAL,PHX
Shot Chart Detail,0021801216,13,1717,Dirk Nowitzki,1610612742,Dallas Mavericks,1,10,47,Missed Shot,Turnaround Fadeaway shot,2PT Field Goal,Mid-Range,Left Side(L),16-24 ft.,18,-149,104,1,0,20190409,DAL,PHX
Shot Chart Detail,0021801216,17,1717,Dirk Nowitzki,1610612742,Dallas Mavericks,1,10,32,Made Shot,Jump Shot,3PT Field Goal,Above the Break 3,Center(C),24+ ft.,25,70,246,1,1,20190409,DAL,PHX
Shot Chart Detail,0021801216,21,1717,Dirk Nowitzki,1610612742,Dallas Mavericks,1,10,0,Missed Shot,Fadeaway Jump Shot,2PT Field Goal,Mid-Range,Left Side Center(LC),16-24 ft.,19,-107,165,1,0,20190409,DAL,PHX
Shot Chart Detail,0021801216,25,1717,Dirk Nowitzki,1610612742,Dallas Mavericks,1,9,36,Made Shot,Turnaround Fadeaway shot,2PT Field Goal,Mid-Range,Right Side(R),8-16 ft.,12,107,70,1,1,20190409,DAL,PHX
Shot Chart Detail,0021801216,31,1717,Dirk Nowitzki,1610612742,Dallas Mavericks,1,9,2,Made Shot,Jump Shot,3PT Field Goal,Above the Break 3,Center(C),24+ ft.,25,-8,256,1,1,20190409,DAL,PHX
Shot Chart Detail,0021801216,35,1717,Dirk Nowitzki,1610612742,Dallas Mavericks,1,8,39,Missed Shot,Jump Shot,3PT Field Goal,Above the Break 3,Center(C),24+ ft.,26,9,263,1,0,20190409,DAL,PHX
Shot Chart Detail,0021801216,39,1717,Dirk Nowitzki,1610612742,Dallas Mavericks,1,8,19,Missed Shot,Turnaround Fadeaway shot,2PT Field Goal,Mid-Range,Center(C),8-16 ft.,13,-13,139,1,0,20190409,DAL,PHX
Shot Chart Detail,0021801216,158,1717,Dirk Nowitzki,1610612742,Dallas Mavericks,1,0,36,Missed Shot,Fadeaway Jump Shot,2PT Field Goal,Mid-Range,Left Side(L),8-16 ft.,14,-147,10,1,0,20190409,DAL,PHX
Shot Chart Detail,0021801216,169,1717,Dirk Nowitzki,1610612742,Dallas Mavericks,2,11,44,Made Shot,Jump Shot,3PT Field Goal,Right Corner 3,Right Side(R),24+ ft.,22,225,8,1,1,20190409,DAL,PHX
Shot Chart Detail,0021801216,172,1717,Dirk Nowitzki,1610612742,Dallas Mavericks,2,11,2,Missed Shot,Fadeaway Jump Shot,2PT Field Goal,In The Paint (Non-RA),Center(C),8-16 ft.,14,-61,128,1,0,20190409,DAL,PHX
Shot Chart Detail,0021801216,248,1717,Dirk Nowitzki,1610612742,Dallas Mavericks,2,6,46,Missed Shot,Jump Shot,3PT Field Goal,Above the Break 3,Center(C),24+ ft.,26,37,258,1,0,20190409,DAL,PHX
Shot Chart Detail,0021801216,273,1717,Dirk Nowitzki,1610612742,Dallas Mavericks,2,5,1,Made Shot,Turnaround Fadeaway Bank Jump Shot,2PT Field Goal,Mid-Range,Right Side(R),8-16 ft.,10,101,33,1,1,20190409,DAL,PHX
Shot Chart Detail,0021801216,279,1717,Dirk Nowitzki,1610612742,Dallas Mavericks,2,4,41,Made Shot,Jump Shot,3PT Field Goal,Above the Break 3,Left Side Center(LC),24+ ft.,25,-142,210,1,1,20190409,DAL,PHX
Shot Chart Detail,0021801216,290,1717,Dirk Nowitzki,1610612742,Dallas Mavericks,2,4,7,Missed Shot,Fadeaway Jump Shot,2PT Field Goal,Mid-Range,Right Side Center(RC),16-24 ft.,17,71,155,1,0,20190409,DAL,PHX
Shot Chart Detail,0021801216,342,1717,Dirk Nowitzki,1610612742,Dallas Mavericks,2,0,44,Missed Shot,Turnaround Fadeaway shot,2PT Field Goal,Mid-Range,Right Side(R),8-16 ft.,12,122,20,1,0,20190409,DAL,PHX
Shot Chart Detail,0021801216,348,1717,Dirk Nowitzki,1610612742,Dallas Mavericks,2,0,31,Missed Shot,Jump Shot,3PT Field Goal,Above the Break 3,Center(C),24+ ft.,26,5,263,1,0,20190409,DAL,PHX
Shot Chart Detail,0021801216,358,1717,Dirk Nowitzki,1610612742,Dallas Mavericks,2,0,1,Missed Shot,Jump Shot,3PT Field Goal,Above the Break 3,Left Side Center(LC),24+ ft.,25,-120,223,1,0,20190409,DAL,PHX
Shot Chart Detail,0021801216,369,1717,Dirk Nowitzki,1610612742,Dallas Mavericks,3,11,49,Missed Shot,Jump Shot,2PT Field Goal,Mid-Range,Right Side Center(RC),16-24 ft.,19,83,177,1,0,20190409,DAL,PHX
Shot Chart Detail,0021801216,379,1717,Dirk Nowitzki,1610612742,Dallas Mavericks,3,10,53,Made Shot,Jump Shot,3PT Field Goal,Above the Break 3,Center(C),24+ ft.,25,5,250,1,1,20190409,DAL,PHX
Shot Chart Detail,0021801216,392,1717,Dirk Nowitzki,1610612742,Dallas Mavericks,3,9,38,Missed Shot,Turnaround Fadeaway shot,2PT Field Goal,In The Paint (Non-RA),Right Side(R),8-16 ft.,8,52,72,1,0,20190409,DAL,PHX
Shot Chart Detail,0021801216,400,1717,Dirk Nowitzki,1610612742,Dallas Mavericks,3,9,15,Made Shot,Cutting Dunk Shot,2PT Field Goal,Restricted Area,Center(C),Less Than 8 ft.,0,-2,-4,1,1,20190409,DAL,PHX
Shot Chart Detail,0021801216,403,1717,Dirk Nowitzki,1610612742,Dallas Mavericks,3,8,39,Made Shot,Jump Shot,2PT Field Goal,In The Paint (Non-RA),Center(C),8-16 ft.,13,-15,132,1,1,20190409,DAL,PHX
Shot Chart Detail,0021801216,407,1717,Dirk Nowitzki,1610612742,Dallas Mavericks,3,8,17,Missed Shot,Jump Shot,3PT Field Goal,Above the Break 3,Center(C),24+ ft.,26,6,262,1,0,20190409,DAL,PHX
Shot Chart Detail,0021801216,529,1717,Dirk Nowitzki,1610612742,Dallas Mavericks,3,0,37,Missed Shot,Driving Floating Jump Shot,2PT Field Goal,In The Paint (Non-RA),Center(C),Less Than 8 ft.,5,57,11,1,0,20190409,DAL,PHX
Shot Chart Detail,0021801216,613,1717,Dirk Nowitzki,1610612742,Dallas Mavericks,4,7,5,Missed Shot,Jump Shot,3PT Field Goal,Above the Break 3,Right Side Center(RC),24+ ft.,26,84,248,1,0,20190409,DAL,PHX
Shot Chart Detail,0021801216,677,1717,Dirk Nowitzki,1610612742,Dallas Mavericks,4,2,29,Missed Shot,Jump Shot,3PT Field Goal,Above the Break 3,Right Side Center(RC),24+ ft.,26,114,242,1,0,20190409,DAL,PHX
Shot Chart Detail,0021801216,688,1717,Dirk Nowitzki,1610612742,Dallas Mavericks,4,1,22,Made Shot,Turnaround Fadeaway shot,2PT Field Goal,Mid-Range,Center(C),8-16 ft.,14,3,147,1,1,20190409,DAL,PHX
Shot Chart Detail,0021801216,694,1717,Dirk Nowitzki,1610612742,Dallas Mavericks,4,0,53,Missed Shot,Jump Shot,2PT Field Goal,Mid-Range,Right Side Center(RC),16-24 ft.,21,84,200,1,0,20190409,DAL,PHX
Shot Chart Detail,0021801216,698,1717,Dirk Nowitzki,1610612742,Dallas Mavericks,4,0,40,Missed Shot,Jump Shot,3PT Field Goal,Above the Break 3,Right Side Center(RC),24+ ft.,25,171,195,1,0,20190409,DAL,PHX
Shot Chart Detail,0021801216,700,1717,Dirk Nowitzki,1610612742,Dallas Mavericks,4,0,33,Missed Shot,Jump Shot,3PT Field Goal,Above the Break 3,Right Side Center(RC),24+ ft.,29,155,246,1,0,20190409,DAL,PHX
Shot Chart Detail,0021801227,8,1717,Dirk Nowitzki,1610612742,Dallas Mavericks,1,11,22,Missed Shot,Jump Shot,2PT Field Goal,Mid-Range,Left Side(L),8-16 ft.,11,-95,61,1,0,20190410,SAS,DAL
Shot Chart Detail,0021801227,20,1717,Dirk Nowitzki,1610612742,Dallas Mavericks,1,10,34,Missed Shot,Jump Shot,3PT Field Goal,Above the Break 3,Center(C),24+ ft.,25,30,253,1,0,20190410,SAS,DAL
Shot Chart Detail,0021801227,33,1717,Dirk Nowitzki,1610612742,Dallas Mavericks,1,8,53,Made Shot,Turnaround Jump Shot,2PT Field Goal,In The Paint (Non-RA),Center(C),8-16 ft.,15,-71,134,1,1,20190410,SAS,DAL
Shot Chart Detail,0021801227,43,1717,Dirk Nowitzki,1610612742,Dallas Mavericks,1,7,42,Missed Shot,Jump Shot,2PT Field Goal,Mid-Range,Left Side(L),8-16 ft.,12,-128,-8,1,0,20190410,SAS,DAL
Shot Chart Detail,0021801227,48,1717,Dirk Nowitzki,1610612742,Dallas Mavericks,1,7,17,Made Shot,Jump Shot,2PT Field Goal,Mid-Range,Right Side Center(RC),16-24 ft.,17,132,111,1,1,20190410,SAS,DAL
Shot Chart Detail,0021801227,194,1717,Dirk Nowitzki,1610612742,Dallas Mavericks,2,8,58,Missed Shot,Pullup Jump shot,3PT Field Goal,Above the Break 3,Left Side Center(LC),24+ ft.,26,-98,241,1,0,20190410,SAS,DAL
Shot Chart Detail,0021801227,212,1717,Dirk Nowitzki,1610612742,Dallas Mavericks,2,7,23,Missed Shot,Jump Shot,2PT Field Goal,Mid-Range,Right Side Center(RC),16-24 ft.,17,77,162,1,0,20190410,SAS,DAL
Shot Chart Detail,0021801227,286,1717,Dirk Nowitzki,1610612742,Dallas Mavericks,2,3,4,Missed Shot,Jump Shot,2PT Field Goal,Mid-Range,Right Side(R),8-16 ft.,13,81,109,1,0,20190410,SAS,DAL
Shot Chart Detail,0021801227,309,1717,Dirk Nowitzki,1610612742,Dallas Mavericks,2,0,53,Missed Shot,Jump Shot,3PT Field Goal,Above the Break 3,Center(C),24+ ft.,25,39,252,1,0,20190410,SAS,DAL
Shot Chart Detail,0021801227,343,1717,Dirk Nowitzki,1610612742,Dallas Mavericks,3,11,12,Missed Shot,Jump Shot,3PT Field Goal,Above the Break 3,Right Side Center(RC),24+ ft.,26,87,251,1,0,20190410,SAS,DAL
Shot Chart Detail,0021801227,347,1717,Dirk Nowitzki,1610612742,Dallas Mavericks,3,10,51,Made Shot,Jump Shot,3PT Field Goal,Above the Break 3,Center(C),24+ ft.,26,10,268,1,1,20190410,SAS,DAL
Shot Chart Detail,0021801227,358,1717,Dirk Nowitzki,1610612742,Dallas Mavericks,3,9,57,Made Shot,Jump Shot,3PT Field Goal,Above the Break 3,Left Side Center(LC),24+ ft.,27,-157,226,1,1,20190410,SAS,DAL
Shot Chart Detail,0021801227,376,1717,Dirk Nowitzki,1610612742,Dallas Mavericks,3,8,19,Made Shot,Floating Jump shot,2PT Field Goal,In The Paint (Non-RA),Center(C),8-16 ft.,9,-5,92,1,1,20190410,SAS,DAL
Shot Chart Detail,0021801227,386,1717,Dirk Nowitzki,1610612742,Dallas Mavericks,3,7,26,Missed Shot,Jump Shot,2PT Field Goal,Mid-Range,Right Side Center(RC),16-24 ft.,19,82,178,1,0,20190410,SAS,DAL
Shot Chart Detail,0021801227,423,1717,Dirk Nowitzki,1610612742,Dallas Mavericks,3,4,37,Missed Shot,Turnaround Jump Shot,2PT Field Goal,Mid-Range,Right Side(R),8-16 ft.,10,106,25,1,0,20190410,SAS,DAL
Shot Chart Detail,0021801227,533,1717,Dirk Nowitzki,1610612742,Dallas Mavericks,4,7,48,Missed Shot,Jump Shot,2PT Field Goal,Mid-Range,Center(C),16-24 ft.,19,53,189,1,0,20190410,SAS,DAL
Shot Chart Detail,0021801227,556,1717,Dirk Nowitzki,1610612742,Dallas Mavericks,4,5,36,Made Shot,Jump Shot,2PT Field Goal,Mid-Range,Left Side(L),8-16 ft.,14,-141,27,1,1,20190410,SAS,DAL
Shot Chart Detail,0021801227,575,1717,Dirk Nowitzki,1610612742,Dallas Mavericks,4,4,11,Missed Shot,Jump Shot,2PT Field Goal,Mid-Range,Left Side Center(LC),16-24 ft.,18,-68,172,1,0,20190410,SAS,DAL
Shot Chart Detail,0021801227,600,1717,Dirk Nowitzki,1610612742,Dallas Mavericks,4,2,22,Made Shot,Jump Shot,2PT Field Goal,Mid-Range,Right Side Center(RC),16-24 ft.,20,73,188,1,1,20190410,SAS,DAL
Shot Chart Detail,0021801227,603,1717,Dirk Nowitzki,1610612742,Dallas Mavericks,4,1,59,Missed Shot,Jump Shot,2PT Field Goal,Mid-Range,Left Side Center(LC),16-24 ft.,20,-85,184,1,0,20190410,SAS,DAL
Shot Chart Detail,0021801227,616,1717,Dirk Nowitzki,1610612742,Dallas Mavericks,4,0,49,Made Shot,Jump Shot,2PT Field Goal,Mid-Range,Center(C),16-24 ft.,19,-13,197,1,1,20190410,SAS,DAL
