GRID_TYPE,GAME_ID,GAME_EVENT_ID,PLAYER_ID,PLAYER_NAME,TEAM_ID,TEAM_NAME,PERIOD,MINUTES_REMAINING,SECONDS_REMAINING,EVENT_TYPE,ACTION_TYPE,SHOT_TYPE,SHOT_ZONE_BASIC,SHOT_ZONE_AREA,SHOT_ZONE_RANGE,SHOT_DISTANCE,LOC_X,LOC_Y,SHOT_ATTEMPTED_FLAG,SHOT_MADE_FLAG,GAME_DATE,HTM,VTM
Shot Chart Detail,0021800131,165,200757,Thabo Sefolosha,1610612762,Utah Jazz,2,11,32,Missed Shot,Jump Shot,3PT Field Goal,Left Corner 3,Left Side(L),24+ ft.,23,-228,34,1,0,20181103,DEN,UTA
Shot Chart Detail,0021800131,170,200757,Thabo Sefolosha,1610612762,Utah Jazz,2,11,0,Missed Shot,Jump Shot,3PT Field Goal,Right Corner 3,Right Side(R),24+ ft.,23,236,21,1,0,20181103,DEN,UTA
Shot Chart Detail,0021800210,582,200757,Thabo Sefolosha,1610612762,Utah Jazz,4,6,9,Missed Shot,Jump Shot,3PT Field Goal,Above the Break 3,Right Side Center(RC),24+ ft.,27,193,189,1,0,20181114,DAL,UTA
Shot Chart Detail,0021800218,279,200757,Thabo Sefolosha,1610612762,Utah Jazz,2,6,8,Made Shot,Turnaround Fadeaway shot,2PT Field Goal,Mid-Range,Left Side(L),8-16 ft.,11,-116,11,1,1,20181116,PHI,UTA
Shot Chart Detail,0021800241,537,200757,Thabo Sefolosha,1610612762,Utah Jazz,4,7,46,Missed Shot,Jump Shot,2PT Field Goal,Mid-Range,Left Side Center(LC),16-24 ft.,20,-160,128,1,0,20181119,IND,UTA
Shot Chart Detail,0021800241,587,200757,Thabo Sefolosha,1610612762,Utah Jazz,4,4,20,Missed Shot,Turnaround Fadeaway shot,2PT Field Goal,Mid-Range,Left Side(L),8-16 ft.,11,-117,-2,1,0,20181119,IND,UTA
Shot Chart Detail,0021800278,206,200757,Thabo Sefolosha,1610612762,Utah Jazz,2,7,58,Made Shot,Jump Shot,3PT Field Goal,Right Corner 3,Right Side(R),24+ ft.,23,231,13,1,1,20181123,LAL,UTA
Shot Chart Detail,0021800278,212,200757,Thabo Sefolosha,1610612762,Utah Jazz,2,7,16,Made Shot,Pullup Jump shot,2PT Field Goal,Mid-Range,Left Side(L),8-16 ft.,12,-113,57,1,1,20181123,LAL,UTA
Shot Chart Detail,0021800292,602,200757,Thabo Sefolosha,1610612762,Utah Jazz,4,9,3,Missed Shot,Jump Shot,3PT Field Goal,Above the Break 3,Right Side Center(RC),24+ ft.,25,151,210,1,0,20181125,SAC,UTA
Shot Chart Detail,0021800292,634,200757,Thabo Sefolosha,1610612762,Utah Jazz,4,7,28,Missed Shot,Jump Shot,3PT Field Goal,Above the Break 3,Left Side Center(LC),24+ ft.,25,-158,196,1,0,20181125,SAC,UTA
Shot Chart Detail,0021800299,533,200757,Thabo Sefolosha,1610612762,Utah Jazz,4,9,10,Missed Shot,Jump Shot,3PT Field Goal,Right Corner 3,Right Side(R),24+ ft.,23,237,25,1,0,20181126,UTA,IND
Shot Chart Detail,0021800339,554,200757,Thabo Sefolosha,1610612762,Utah Jazz,4,7,21,Missed Shot,Jump Shot,3PT Field Goal,Left Corner 3,Left Side(L),24+ ft.,23,-231,65,1,0,20181202,MIA,UTA
Shot Chart Detail,0021800354,571,200757,Thabo Sefolosha,1610612762,Utah Jazz,4,7,53,Made Shot,Jump Shot,3PT Field Goal,Above the Break 3,Center(C),24+ ft.,25,-56,246,1,1,20181204,UTA,SAS
Shot Chart Detail,0021800354,581,200757,Thabo Sefolosha,1610612762,Utah Jazz,4,7,1,Made Shot,Driving Floating Bank Jump Shot,2PT Field Goal,Restricted Area,Center(C),Less Than 8 ft.,3,30,20,1,1,20181204,UTA,SAS
Shot Chart Detail,0021800354,583,200757,Thabo Sefolosha,1610612762,Utah Jazz,4,6,28,Missed Shot,Jump Shot,3PT Field Goal,Left Corner 3,Left Side(L),24+ ft.,23,-231,17,1,0,20181204,UTA,SAS
Shot Chart Detail,0021800354,644,200757,Thabo Sefolosha,1610612762,Utah Jazz,4,1,11,Made Shot,Driving Layup Shot,2PT Field Goal,Restricted Area,Center(C),Less Than 8 ft.,1,16,5,1,1,20181204,UTA,SAS
Shot Chart Detail,0021800367,220,200757,Thabo Sefolosha,1610612762,Utah Jazz,2,8,52,Missed Shot,Jump Shot,3PT Field Goal,Left Corner 3,Left Side(L),24+ ft.,23,-231,38,1,0,20181206,UTA,HOU
Shot Chart Detail,0021800367,462,200757,Thabo Sefolosha,1610612762,Utah Jazz,3,2,46,Made Shot,Jump Shot,3PT Field Goal,Right Corner 3,Right Side(R),24+ ft.,23,237,15,1,1,20181206,UTA,HOU
Shot Chart Detail,0021800367,550,200757,Thabo Sefolosha,1610612762,Utah Jazz,4,9,37,Made Shot,Layup Shot,2PT Field Goal,Restricted Area,Center(C),Less Than 8 ft.,2,17,16,1,1,20181206,UTA,HOU
Shot Chart Detail,0021800367,581,200757,Thabo Sefolosha,1610612762,Utah Jazz,4,7,58,Missed Shot,Pullup Jump shot,2PT Field Goal,Mid-Range,Left Side(L),16-24 ft.,20,-203,4,1,0,20181206,UTA,HOU
Shot Chart Detail,0021800390,192,200757,Thabo Sefolosha,1610612762,Utah Jazz,2,8,19,Made Shot,Cutting Layup Shot,2PT Field Goal,Restricted Area,Center(C),Less Than 8 ft.,1,16,2,1,1,20181209,SAS,UTA
Shot Chart Detail,0021800390,219,200757,Thabo Sefolosha,1610612762,Utah Jazz,2,7,10,Made Shot,Pullup Jump shot,3PT Field Goal,Above the Break 3,Left Side Center(LC),24+ ft.,26,-84,252,1,1,20181209,SAS,UTA
Shot Chart Detail,0021800390,232,200757,Thabo Sefolosha,1610612762,Utah Jazz,2,6,2,Made Shot,Pullup Jump shot,2PT Field Goal,Mid-Range,Center(C),16-24 ft.,19,-39,193,1,1,20181209,SAS,UTA
Shot Chart Detail,0021800390,250,200757,Thabo Sefolosha,1610612762,Utah Jazz,2,4,29,Made Shot,Pullup Jump shot,2PT Field Goal,Mid-Range,Center(C),16-24 ft.,17,-20,178,1,1,20181209,SAS,UTA
Shot Chart Detail,0021800396,294,200757,Thabo Sefolosha,1610612762,Utah Jazz,2,5,17,Made Shot,Jump Shot,3PT Field Goal,Right Corner 3,Right Side(R),24+ ft.,23,229,40,1,1,20181210,OKC,UTA
Shot Chart Detail,0021800396,726,200757,Thabo Sefolosha,1610612762,Utah Jazz,4,0,35,Made Shot,Running Dunk Shot,2PT Field Goal,Restricted Area,Center(C),Less Than 8 ft.,1,-1,10,1,1,20181210,OKC,UTA
Shot Chart Detail,0021800413,507,200757,Thabo Sefolosha,1610612762,Utah Jazz,4,10,17,Missed Shot,Driving Layup Shot,2PT Field Goal,Restricted Area,Center(C),Less Than 8 ft.,1,-14,13,1,0,20181212,UTA,MIA
Shot Chart Detail,0021800413,540,200757,Thabo Sefolosha,1610612762,Utah Jazz,4,7,21,Missed Shot,Turnaround Hook Shot,2PT Field Goal,In The Paint (Non-RA),Center(C),Less Than 8 ft.,7,74,-6,1,0,20181212,UTA,MIA
Shot Chart Detail,0021800429,491,200757,Thabo Sefolosha,1610612762,Utah Jazz,4,11,8,Missed Shot,Cutting Layup Shot,2PT Field Goal,Restricted Area,Center(C),Less Than 8 ft.,1,2,16,1,0,20181215,ORL,UTA
Shot Chart Detail,0021800445,152,200757,Thabo Sefolosha,1610612762,Utah Jazz,1,1,25,Missed Shot,Cutting Layup Shot,2PT Field Goal,Restricted Area,Center(C),Less Than 8 ft.,0,-5,7,1,0,20181217,HOU,UTA
Shot Chart Detail,0021800445,225,200757,Thabo Sefolosha,1610612762,Utah Jazz,2,8,28,Missed Shot,Layup Shot,2PT Field Goal,Restricted Area,Center(C),Less Than 8 ft.,1,10,-1,1,0,20181217,HOU,UTA
Shot Chart Detail,0021800445,227,200757,Thabo Sefolosha,1610612762,Utah Jazz,2,8,16,Missed Shot,Cutting Layup Shot,2PT Field Goal,Restricted Area,Center(C),Less Than 8 ft.,1,6,15,1,0,20181217,HOU,UTA
Shot Chart Detail,0021800445,242,200757,Thabo Sefolosha,1610612762,Utah Jazz,2,7,42,Missed Shot,Jump Shot,3PT Field Goal,Right Corner 3,Right Side(R),24+ ft.,23,230,57,1,0,20181217,HOU,UTA
Shot Chart Detail,0021800464,246,200757,Thabo Sefolosha,1610612762,Utah Jazz,2,6,3,Made Shot,Jump Shot,3PT Field Goal,Left Corner 3,Left Side(L),24+ ft.,22,-226,29,1,1,20181219,UTA,GSW
Shot Chart Detail,0021800476,195,200757,Thabo Sefolosha,1610612762,Utah Jazz,2,7,50,Made Shot,Jump Shot,3PT Field Goal,Right Corner 3,Right Side(R),24+ ft.,24,230,83,1,1,20181221,POR,UTA
Shot Chart Detail,0021800476,560,200757,Thabo Sefolosha,1610612762,Utah Jazz,4,5,47,Made Shot,Cutting Layup Shot,2PT Field Goal,Restricted Area,Center(C),Less Than 8 ft.,1,11,9,1,1,20181221,POR,UTA
Shot Chart Detail,0021800485,192,200757,Thabo Sefolosha,1610612762,Utah Jazz,2,9,31,Made Shot,Step Back Jump shot,3PT Field Goal,Right Corner 3,Right Side(R),24+ ft.,23,225,62,1,1,20181222,UTA,OKC
Shot Chart Detail,0021800485,222,200757,Thabo Sefolosha,1610612762,Utah Jazz,2,7,55,Made Shot,Jump Shot,3PT Field Goal,Right Corner 3,Right Side(R),24+ ft.,23,223,76,1,1,20181222,UTA,OKC
Shot Chart Detail,0021800485,517,200757,Thabo Sefolosha,1610612762,Utah Jazz,4,10,51,Made Shot,Pullup Jump shot,3PT Field Goal,Above the Break 3,Right Side Center(RC),24+ ft.,25,116,222,1,1,20181222,UTA,OKC
Shot Chart Detail,0021800501,242,200757,Thabo Sefolosha,1610612762,Utah Jazz,2,6,50,Made Shot,Cutting Finger Roll Layup Shot,2PT Field Goal,Restricted Area,Center(C),Less Than 8 ft.,2,0,22,1,1,20181225,UTA,POR
Shot Chart Detail,0021800501,545,200757,Thabo Sefolosha,1610612762,Utah Jazz,4,9,17,Missed Shot,Pullup Jump shot,2PT Field Goal,Mid-Range,Left Side(L),16-24 ft.,20,-198,57,1,0,20181225,UTA,POR
Shot Chart Detail,0021800515,578,200757,Thabo Sefolosha,1610612762,Utah Jazz,4,6,46,Made Shot,Pullup Jump shot,2PT Field Goal,In The Paint (Non-RA),Left Side(L),8-16 ft.,9,-74,63,1,1,20181227,UTA,PHI
Shot Chart Detail,0021800515,600,200757,Thabo Sefolosha,1610612762,Utah Jazz,4,5,7,Missed Shot,Dunk Shot,2PT Field Goal,Restricted Area,Center(C),Less Than 8 ft.,0,-4,8,1,0,20181227,UTA,PHI
Shot Chart Detail,0021800532,85,200757,Thabo Sefolosha,1610612762,Utah Jazz,1,5,20,Missed Shot,Jump Shot,3PT Field Goal,Right Corner 3,Right Side(R),24+ ft.,23,233,13,1,0,20181229,UTA,NYK
Shot Chart Detail,0021800532,130,200757,Thabo Sefolosha,1610612762,Utah Jazz,1,2,34,Missed Shot,Jump Shot,3PT Field Goal,Right Corner 3,Right Side(R),24+ ft.,23,228,52,1,0,20181229,UTA,NYK
Shot Chart Detail,0021800532,169,200757,Thabo Sefolosha,1610612762,Utah Jazz,1,0,0,Made Shot,Layup Shot,2PT Field Goal,Restricted Area,Center(C),Less Than 8 ft.,1,15,6,1,1,20181229,UTA,NYK
Shot Chart Detail,0021800532,420,200757,Thabo Sefolosha,1610612762,Utah Jazz,3,4,44,Made Shot,Running Dunk Shot,2PT Field Goal,Restricted Area,Center(C),Less Than 8 ft.,1,13,4,1,1,20181229,UTA,NYK
Shot Chart Detail,0021800532,441,200757,Thabo Sefolosha,1610612762,Utah Jazz,3,3,28,Made Shot,Jump Shot,3PT Field Goal,Above the Break 3,Left Side Center(LC),24+ ft.,24,-151,194,1,1,20181229,UTA,NYK
Shot Chart Detail,0021800532,515,200757,Thabo Sefolosha,1610612762,Utah Jazz,4,9,42,Made Shot,Jump Shot,3PT Field Goal,Right Corner 3,Right Side(R),24+ ft.,23,231,21,1,1,20181229,UTA,NYK
Shot Chart Detail,0021800549,175,200757,Thabo Sefolosha,1610612762,Utah Jazz,2,10,1,Made Shot,Jump Shot,3PT Field Goal,Above the Break 3,Center(C),24+ ft.,25,68,249,1,1,20190101,TOR,UTA
Shot Chart Detail,0021800549,239,200757,Thabo Sefolosha,1610612762,Utah Jazz,2,4,51,Missed Shot,Pullup Jump shot,2PT Field Goal,Mid-Range,Left Side(L),8-16 ft.,15,-152,42,1,0,20190101,TOR,UTA
Shot Chart Detail,0021800549,565,200757,Thabo Sefolosha,1610612762,Utah Jazz,4,5,6,Missed Shot,Jump Shot,3PT Field Goal,Left Corner 3,Left Side(L),24+ ft.,23,-236,-7,1,0,20190101,TOR,UTA
Shot Chart Detail,0021800567,232,200757,Thabo Sefolosha,1610612762,Utah Jazz,2,5,36,Missed Shot,Driving Layup Shot,2PT Field Goal,Restricted Area,Center(C),Less Than 8 ft.,1,10,6,1,0,20190104,CLE,UTA
Shot Chart Detail,0021800567,596,200757,Thabo Sefolosha,1610612762,Utah Jazz,4,1,1,Missed Shot,Jump Shot,3PT Field Goal,Left Corner 3,Left Side(L),24+ ft.,23,-230,-1,1,0,20190104,CLE,UTA
Shot Chart Detail,0021800577,215,200757,Thabo Sefolosha,1610612762,Utah Jazz,2,8,10,Missed Shot,Jump Shot,3PT Field Goal,Right Corner 3,Right Side(R),24+ ft.,23,233,18,1,0,20190105,DET,UTA
Shot Chart Detail,0021800577,248,200757,Thabo Sefolosha,1610612762,Utah Jazz,2,5,29,Made Shot,Cutting Layup Shot,2PT Field Goal,Restricted Area,Center(C),Less Than 8 ft.,3,-34,15,1,1,20190105,DET,UTA
Shot Chart Detail,0021800577,251,200757,Thabo Sefolosha,1610612762,Utah Jazz,2,4,49,Made Shot,Driving Hook Shot,2PT Field Goal,In The Paint (Non-RA),Center(C),Less Than 8 ft.,6,-57,27,1,1,20190105,DET,UTA
Shot Chart Detail,0021800577,267,200757,Thabo Sefolosha,1610612762,Utah Jazz,2,3,51,Missed Shot,Driving Reverse Layup Shot,2PT Field Goal,In The Paint (Non-RA),Center(C),Less Than 8 ft.,4,-19,37,1,0,20190105,DET,UTA
Shot Chart Detail,0021800825,625,200757,Thabo Sefolosha,1610612762,Utah Jazz,4,2,20,Missed Shot,Jump Shot,3PT Field Goal,Right Corner 3,Right Side(R),24+ ft.,22,223,2,1,0,20190209,UTA,SAS
Shot Chart Detail,0021800881,242,200757,Thabo Sefolosha,1610612762,Utah Jazz,2,7,38,Missed Shot,Jump Shot,2PT Field Goal,Mid-Range,Right Side(R),16-24 ft.,21,213,34,1,0,20190222,OKC,UTA
Shot Chart Detail,0021800893,232,200757,Thabo Sefolosha,1610612762,Utah Jazz,2,6,52,Made Shot,Jump Shot,3PT Field Goal,Left Corner 3,Left Side(L),24+ ft.,24,-235,71,1,1,20190223,UTA,DAL
Shot Chart Detail,0021800893,261,200757,Thabo Sefolosha,1610612762,Utah Jazz,2,4,42,Made Shot,Jump Shot,2PT Field Goal,Mid-Range,Left Side(L),16-24 ft.,18,-183,-25,1,1,20190223,UTA,DAL
Shot Chart Detail,0021800919,247,200757,Thabo Sefolosha,1610612762,Utah Jazz,2,7,46,Missed Shot,Jump Shot,3PT Field Goal,Above the Break 3,Left Side Center(LC),24+ ft.,25,-188,174,1,0,20190227,UTA,LAC
Shot Chart Detail,0021800926,211,200757,Thabo Sefolosha,1610612762,Utah Jazz,2,7,44,Missed Shot,Driving Finger Roll Layup Shot,2PT Field Goal,Restricted Area,Center(C),Less Than 8 ft.,3,-17,33,1,0,20190228,DEN,UTA
Shot Chart Detail,0021800926,250,200757,Thabo Sefolosha,1610612762,Utah Jazz,2,6,19,Made Shot,Jump Shot,3PT Field Goal,Above the Break 3,Right Side Center(RC),24+ ft.,24,136,206,1,1,20190228,DEN,UTA
Shot Chart Detail,0021800926,266,200757,Thabo Sefolosha,1610612762,Utah Jazz,2,5,3,Made Shot,Jump Shot,3PT Field Goal,Left Corner 3,Left Side(L),24+ ft.,22,-226,11,1,1,20190228,DEN,UTA
Shot Chart Detail,0021800926,271,200757,Thabo Sefolosha,1610612762,Utah Jazz,2,4,17,Made Shot,Jump Shot,3PT Field Goal,Right Corner 3,Right Side(R),24+ ft.,23,225,62,1,1,20190228,DEN,UTA
Shot Chart Detail,0021800943,222,200757,Thabo Sefolosha,1610612762,Utah Jazz,2,8,55,Made Shot,Jump Bank Shot,3PT Field Goal,Above the Break 3,Left Side Center(LC),24+ ft.,23,-149,187,1,1,20190302,UTA,MIL
Shot Chart Detail,0021800943,279,200757,Thabo Sefolosha,1610612762,Utah Jazz,2,5,49,Missed Shot,Jump Shot,3PT Field Goal,Left Corner 3,Left Side(L),24+ ft.,22,-228,10,1,0,20190302,UTA,MIL
Shot Chart Detail,0021800943,281,200757,Thabo Sefolosha,1610612762,Utah Jazz,2,5,42,Missed Shot,Layup Shot,2PT Field Goal,Restricted Area,Center(C),Less Than 8 ft.,1,-16,9,1,0,20190302,UTA,MIL
Shot Chart Detail,0021800943,561,200757,Thabo Sefolosha,1610612762,Utah Jazz,3,1,46,Missed Shot,Reverse Layup Shot,2PT Field Goal,Restricted Area,Center(C),Less Than 8 ft.,2,21,16,1,0,20190302,UTA,MIL
Shot Chart Detail,0021800943,571,200757,Thabo Sefolosha,1610612762,Utah Jazz,3,0,56,Made Shot,Driving Layup Shot,2PT Field Goal,Restricted Area,Center(C),Less Than 8 ft.,2,-27,10,1,1,20190302,UTA,MIL
Shot Chart Detail,0021800956,269,200757,Thabo Sefolosha,1610612762,Utah Jazz,2,5,49,Made Shot,Jump Shot,3PT Field Goal,Above the Break 3,Left Side Center(LC),24+ ft.,24,-163,188,1,1,20190304,UTA,NOP
Shot Chart Detail,0021800971,260,200757,Thabo Sefolosha,1610612762,Utah Jazz,2,5,44,Missed Shot,Jump Shot,3PT Field Goal,Above the Break 3,Right Side Center(RC),24+ ft.,25,163,199,1,0,20190306,NOP,UTA
Shot Chart Detail,0021800971,295,200757,Thabo Sefolosha,1610612762,Utah Jazz,2,3,22,Made Shot,Jump Shot,3PT Field Goal,Above the Break 3,Left Side Center(LC),24+ ft.,25,-169,196,1,1,20190306,NOP,UTA
Shot Chart Detail,0021800971,601,200757,Thabo Sefolosha,1610612762,Utah Jazz,4,5,10,Missed Shot,Jump Shot,3PT Field Goal,Right Corner 3,Right Side(R),24+ ft.,22,223,21,1,0,20190306,NOP,UTA
Shot Chart Detail,0021800982,211,200757,Thabo Sefolosha,1610612762,Utah Jazz,2,8,32,Made Shot,Jump Shot,3PT Field Goal,Left Corner 3,Left Side(L),24+ ft.,23,-228,72,1,1,20190308,MEM,UTA
Shot Chart Detail,0021800982,236,200757,Thabo Sefolosha,1610612762,Utah Jazz,2,6,5,Missed Shot,Jump Shot,3PT Field Goal,Left Corner 3,Left Side(L),24+ ft.,23,-232,29,1,0,20190308,MEM,UTA
Shot Chart Detail,0021800982,508,200757,Thabo Sefolosha,1610612762,Utah Jazz,4,11,30,Missed Shot,Jump Shot,3PT Field Goal,Left Corner 3,Left Side(L),24+ ft.,22,-228,-6,1,0,20190308,MEM,UTA
Shot Chart Detail,0021800982,514,200757,Thabo Sefolosha,1610612762,Utah Jazz,4,10,29,Missed Shot,Floating Jump shot,2PT Field Goal,Mid-Range,Right Side(R),8-16 ft.,8,86,-4,1,0,20190308,MEM,UTA
Shot Chart Detail,0021801005,233,200757,Thabo Sefolosha,1610612762,Utah Jazz,2,7,18,Missed Shot,Jump Shot,3PT Field Goal,Above the Break 3,Left Side Center(LC),24+ ft.,24,-152,195,1,0,20190311,UTA,OKC
Shot Chart Detail,0021801005,237,200757,Thabo Sefolosha,1610612762,Utah Jazz,2,6,57,Made Shot,Jump Shot,3PT Field Goal,Right Corner 3,Right Side(R),24+ ft.,23,222,64,1,1,20190311,UTA,OKC
Shot Chart Detail,0021801005,255,200757,Thabo Sefolosha,1610612762,Utah Jazz,2,5,38,Missed Shot,Step Back Jump shot,3PT Field Goal,Left Corner 3,Left Side(L),24+ ft.,23,-224,80,1,0,20190311,UTA,OKC
Shot Chart Detail,0021801019,220,200757,Thabo Sefolosha,1610612762,Utah Jazz,2,6,15,Made Shot,Jump Shot,3PT Field Goal,Right Corner 3,Right Side(R),24+ ft.,22,227,7,1,1,20190313,PHX,UTA
Shot Chart Detail,0021801019,235,200757,Thabo Sefolosha,1610612762,Utah Jazz,2,5,15,Missed Shot,Driving Dunk Shot,2PT Field Goal,Restricted Area,Center(C),Less Than 8 ft.,0,-2,4,1,0,20190313,PHX,UTA
Shot Chart Detail,0021801019,244,200757,Thabo Sefolosha,1610612762,Utah Jazz,2,4,27,Missed Shot,Jump Shot,3PT Field Goal,Left Corner 3,Left Side(L),24+ ft.,23,-230,0,1,0,20190313,PHX,UTA
Shot Chart Detail,0021801019,680,200757,Thabo Sefolosha,1610612762,Utah Jazz,4,1,10,Made Shot,Running Finger Roll Layup Shot,2PT Field Goal,Restricted Area,Center(C),Less Than 8 ft.,1,-10,6,1,1,20190313,PHX,UTA
Shot Chart Detail,0021801019,692,200757,Thabo Sefolosha,1610612762,Utah Jazz,4,0,20,Missed Shot,Jump Shot,3PT Field Goal,Above the Break 3,Right Side Center(RC),24+ ft.,24,215,116,1,0,20190313,PHX,UTA
Shot Chart Detail,0021801051,439,200757,Thabo Sefolosha,1610612762,Utah Jazz,3,1,21,Made Shot,Layup Shot,2PT Field Goal,In The Paint (Non-RA),Right Side(R),8-16 ft.,9,79,47,1,1,20190318,WAS,UTA
Shot Chart Detail,0021801051,480,200757,Thabo Sefolosha,1610612762,Utah Jazz,4,10,7,Missed Shot,Jump Shot,3PT Field Goal,Above the Break 3,Left Side Center(LC),24+ ft.,24,-218,122,1,0,20190318,WAS,UTA
Shot Chart Detail,0021801051,500,200757,Thabo Sefolosha,1610612762,Utah Jazz,4,9,6,Made Shot,Turnaround Jump Shot,2PT Field Goal,In The Paint (Non-RA),Center(C),Less Than 8 ft.,7,-4,78,1,1,20190318,WAS,UTA
Shot Chart Detail,0021801051,532,200757,Thabo Sefolosha,1610612762,Utah Jazz,4,6,33,Made Shot,Cutting Dunk Shot,2PT Field Goal,Restricted Area,Center(C),Less Than 8 ft.,0,0,-1,1,1,20190318,WAS,UTA
Shot Chart Detail,0021801051,638,200757,Thabo Sefolosha,1610612762,Utah Jazz,4,0,16,Missed Shot,Layup Shot,2PT Field Goal,Restricted Area,Center(C),Less Than 8 ft.,2,-5,20,1,0,20190318,WAS,UTA
Shot Chart Detail,0021801068,223,200757,Thabo Sefolosha,1610612762,Utah Jazz,2,6,14,Missed Shot,Jump Shot,3PT Field Goal,Left Corner 3,Left Side(L),24+ ft.,22,-224,-15,1,0,20190320,NYK,UTA
Shot Chart Detail,0021801068,239,200757,Thabo Sefolosha,1610612762,Utah Jazz,2,4,48,Missed Shot,Jump Shot,3PT Field Goal,Above the Break 3,Right Side Center(RC),24+ ft.,24,112,221,1,0,20190320,NYK,UTA
Shot Chart Detail,0021801068,597,200757,Thabo Sefolosha,1610612762,Utah Jazz,4,1,31,Made Shot,Driving Layup Shot,2PT Field Goal,Restricted Area,Center(C),Less Than 8 ft.,1,-5,9,1,1,20190320,NYK,UTA
Shot Chart Detail,0021801068,601,200757,Thabo Sefolosha,1610612762,Utah Jazz,4,1,18,Made Shot,Driving Layup Shot,2PT Field Goal,Restricted Area,Center(C),Less Than 8 ft.,1,-5,10,1,1,20190320,NYK,UTA
Shot Chart Detail,0021801068,603,200757,Thabo Sefolosha,1610612762,Utah Jazz,4,0,56,Missed Shot,Driving Layup Shot,2PT Field Goal,Restricted Area,Center(C),Less Than 8 ft.,1,-11,3,1,0,20190320,NYK,UTA
Shot Chart Detail,0021801076,251,200757,Thabo Sefolosha,1610612762,Utah Jazz,2,5,30,Missed Shot,Jump Shot,3PT Field Goal,Left Corner 3,Left Side(L),24+ ft.,22,-224,-17,1,0,20190321,ATL,UTA
Shot Chart Detail,0021801076,587,200757,Thabo Sefolosha,1610612762,Utah Jazz,4,8,5,Missed Shot,Jump Shot,3PT Field Goal,Left Corner 3,Left Side(L),24+ ft.,23,-231,17,1,0,20190321,ATL,UTA
Shot Chart Detail,0021801090,243,200757,Thabo Sefolosha,1610612762,Utah Jazz,2,5,56,Missed Shot,Layup Shot,2PT Field Goal,Restricted Area,Center(C),Less Than 8 ft.,2,22,6,1,0,20190323,CHI,UTA
Shot Chart Detail,0021801090,554,200757,Thabo Sefolosha,1610612762,Utah Jazz,4,7,17,Missed Shot,Layup Shot,2PT Field Goal,Restricted Area,Center(C),Less Than 8 ft.,1,9,13,1,0,20190323,CHI,UTA
Shot Chart Detail,0021801090,567,200757,Thabo Sefolosha,1610612762,Utah Jazz,4,6,17,Made Shot,Layup Shot,2PT Field Goal,Restricted Area,Center(C),Less Than 8 ft.,2,-13,23,1,1,20190323,CHI,UTA
Shot Chart Detail,0021801105,540,200757,Thabo Sefolosha,1610612762,Utah Jazz,4,8,5,Made Shot,Driving Layup Shot,2PT Field Goal,Restricted Area,Center(C),Less Than 8 ft.,1,-15,6,1,1,20190325,UTA,PHX
Shot Chart Detail,0021801105,570,200757,Thabo Sefolosha,1610612762,Utah Jazz,4,5,50,Missed Shot,Jump Shot,3PT Field Goal,Above the Break 3,Left Side Center(LC),24+ ft.,24,-143,197,1,0,20190325,UTA,PHX
Shot Chart Detail,0021801121,212,200757,Thabo Sefolosha,1610612762,Utah Jazz,2,8,48,Missed Shot,Jump Shot,3PT Field Goal,Above the Break 3,Right Side Center(RC),24+ ft.,25,122,220,1,0,20190327,UTA,LAL
Shot Chart Detail,0021801121,216,200757,Thabo Sefolosha,1610612762,Utah Jazz,2,8,20,Made Shot,Running Layup Shot,2PT Field Goal,Restricted Area,Center(C),Less Than 8 ft.,2,-3,25,1,1,20190327,UTA,LAL
Shot Chart Detail,0021801121,225,200757,Thabo Sefolosha,1610612762,Utah Jazz,2,7,47,Missed Shot,Jump Shot,3PT Field Goal,Above the Break 3,Left Side Center(LC),24+ ft.,24,-225,90,1,0,20190327,UTA,LAL
Shot Chart Detail,0021801121,274,200757,Thabo Sefolosha,1610612762,Utah Jazz,2,4,25,Made Shot,Jump Shot,3PT Field Goal,Above the Break 3,Left Side Center(LC),24+ ft.,25,-166,195,1,1,20190327,UTA,LAL
Shot Chart Detail,0021801121,632,200757,Thabo Sefolosha,1610612762,Utah Jazz,4,5,20,Made Shot,Jump Shot,3PT Field Goal,Left Corner 3,Left Side(L),24+ ft.,22,-223,-12,1,1,20190327,UTA,LAL
Shot Chart Detail,0021801134,247,200757,Thabo Sefolosha,1610612762,Utah Jazz,2,5,59,Made Shot,Cutting Layup Shot,2PT Field Goal,Restricted Area,Center(C),Less Than 8 ft.,3,-29,13,1,1,20190329,UTA,WAS
Shot Chart Detail,0021801134,269,200757,Thabo Sefolosha,1610612762,Utah Jazz,2,4,31,Made Shot,Reverse Dunk Shot,2PT Field Goal,Restricted Area,Center(C),Less Than 8 ft.,1,-16,10,1,1,20190329,UTA,WAS
Shot Chart Detail,0021801134,501,200757,Thabo Sefolosha,1610612762,Utah Jazz,4,10,45,Missed Shot,Pullup Jump shot,2PT Field Goal,In The Paint (Non-RA),Right Side(R),8-16 ft.,8,49,64,1,0,20190329,UTA,WAS
Shot Chart Detail,0021801134,526,200757,Thabo Sefolosha,1610612762,Utah Jazz,4,9,11,Missed Shot,Step Back Jump shot,3PT Field Goal,Above the Break 3,Left Side Center(LC),24+ ft.,24,-194,151,1,0,20190329,UTA,WAS
Shot Chart Detail,0021801159,245,200757,Thabo Sefolosha,1610612762,Utah Jazz,2,7,20,Made Shot,Jump Shot,3PT Field Goal,Left Corner 3,Left Side(L),24+ ft.,23,-230,31,1,1,20190401,UTA,CHA
Shot Chart Detail,0021801159,254,200757,Thabo Sefolosha,1610612762,Utah Jazz,2,6,31,Made Shot,Driving Layup Shot,2PT Field Goal,Restricted Area,Center(C),Less Than 8 ft.,2,-22,12,1,1,20190401,UTA,CHA
Shot Chart Detail,0021801159,279,200757,Thabo Sefolosha,1610612762,Utah Jazz,2,4,46,Missed Shot,Jump Shot,3PT Field Goal,Above the Break 3,Left Side Center(LC),24+ ft.,26,-132,225,1,0,20190401,UTA,CHA
Shot Chart Detail,0021801159,553,200757,Thabo Sefolosha,1610612762,Utah Jazz,4,9,13,Made Shot,Jump Shot,3PT Field Goal,Left Corner 3,Left Side(L),24+ ft.,23,-230,-6,1,1,20190401,UTA,CHA
Shot Chart Detail,0021801159,557,200757,Thabo Sefolosha,1610612762,Utah Jazz,4,8,43,Made Shot,Jump Shot,3PT Field Goal,Above the Break 3,Left Side Center(LC),24+ ft.,24,-209,126,1,1,20190401,UTA,CHA
Shot Chart Detail,0021801159,631,200757,Thabo Sefolosha,1610612762,Utah Jazz,4,3,26,Made Shot,Jump Shot,3PT Field Goal,Left Corner 3,Left Side(L),24+ ft.,23,-231,-5,1,1,20190401,UTA,CHA
Shot Chart Detail,0021801174,227,200757,Thabo Sefolosha,1610612762,Utah Jazz,2,6,57,Missed Shot,Pullup Jump shot,3PT Field Goal,Above the Break 3,Left Side Center(LC),24+ ft.,25,-175,184,1,0,20190403,PHX,UTA
Shot Chart Detail,0021801174,263,200757,Thabo Sefolosha,1610612762,Utah Jazz,2,4,20,Missed Shot,Jump Shot,3PT Field Goal,Left Corner 3,Left Side(L),24+ ft.,22,-226,-13,1,0,20190403,PHX,UTA
Shot Chart Detail,0021801174,326,200757,Thabo Sefolosha,1610612762,Utah Jazz,3,11,29,Made Shot,Cutting Layup Shot,2PT Field Goal,Restricted Area,Center(C),Less Than 8 ft.,0,6,4,1,1,20190403,PHX,UTA
Shot Chart Detail,0021801174,525,200757,Thabo Sefolosha,1610612762,Utah Jazz,4,8,24,Missed Shot,Jump Shot,3PT Field Goal,Right Corner 3,Right Side(R),24+ ft.,22,226,8,1,0,20190403,PHX,UTA
Shot Chart Detail,0021801188,67,200757,Thabo Sefolosha,1610612762,Utah Jazz,1,7,54,Missed Shot,Layup Shot,2PT Field Goal,Restricted Area,Center(C),Less Than 8 ft.,2,16,15,1,0,20190405,UTA,SAC
Shot Chart Detail,0021801188,132,200757,Thabo Sefolosha,1610612762,Utah Jazz,1,3,25,Made Shot,Jump Shot,3PT Field Goal,Right Corner 3,Right Side(R),24+ ft.,23,225,62,1,1,20190405,UTA,SAC
Shot Chart Detail,0021801188,151,200757,Thabo Sefolosha,1610612762,Utah Jazz,1,2,24,Missed Shot,Pullup Jump shot,2PT Field Goal,In The Paint (Non-RA),Right Side(R),8-16 ft.,11,69,91,1,0,20190405,UTA,SAC
Shot Chart Detail,0021801188,213,200757,Thabo Sefolosha,1610612762,Utah Jazz,2,9,35,Made Shot,Driving Finger Roll Layup Shot,2PT Field Goal,In The Paint (Non-RA),Center(C),8-16 ft.,8,19,81,1,1,20190405,UTA,SAC
Shot Chart Detail,0021801188,446,200757,Thabo Sefolosha,1610612762,Utah Jazz,3,3,31,Missed Shot,Jump Shot,3PT Field Goal,Right Corner 3,Right Side(R),24+ ft.,23,229,25,1,0,20190405,UTA,SAC
Shot Chart Detail,0021801188,452,200757,Thabo Sefolosha,1610612762,Utah Jazz,3,3,4,Missed Shot,Driving Layup Shot,2PT Field Goal,Restricted Area,Center(C),Less Than 8 ft.,3,-20,26,1,0,20190405,UTA,SAC
Shot Chart Detail,0021801208,7,200757,Thabo Sefolosha,1610612762,Utah Jazz,1,11,45,Made Shot,Reverse Layup Shot,2PT Field Goal,Restricted Area,Center(C),Less Than 8 ft.,1,16,11,1,1,20190407,LAL,UTA
Shot Chart Detail,0021801208,224,200757,Thabo Sefolosha,1610612762,Utah Jazz,2,7,29,Missed Shot,Step Back Jump shot,3PT Field Goal,Above the Break 3,Right Side Center(RC),24+ ft.,25,220,125,1,0,20190407,LAL,UTA
Shot Chart Detail,0021801208,244,200757,Thabo Sefolosha,1610612762,Utah Jazz,2,5,51,Made Shot,Jump Shot,3PT Field Goal,Above the Break 3,Right Side Center(RC),24+ ft.,27,212,182,1,1,20190407,LAL,UTA
Shot Chart Detail,0021801208,263,200757,Thabo Sefolosha,1610612762,Utah Jazz,2,5,10,Made Shot,Jump Shot,3PT Field Goal,Right Corner 3,Right Side(R),24+ ft.,23,229,31,1,1,20190407,LAL,UTA
Shot Chart Detail,0021801208,339,200757,Thabo Sefolosha,1610612762,Utah Jazz,3,10,28,Missed Shot,Driving Layup Shot,2PT Field Goal,Restricted Area,Center(C),Less Than 8 ft.,2,21,6,1,0,20190407,LAL,UTA
Shot Chart Detail,0021801208,368,200757,Thabo Sefolosha,1610612762,Utah Jazz,3,7,42,Made Shot,Jump Shot,3PT Field Goal,Left Corner 3,Left Side(L),24+ ft.,23,-230,36,1,1,20190407,LAL,UTA
Shot Chart Detail,0021801208,389,200757,Thabo Sefolosha,1610612762,Utah Jazz,3,6,8,Missed Shot,Jump Shot,3PT Field Goal,Above the Break 3,Right Side Center(RC),24+ ft.,23,201,130,1,0,20190407,LAL,UTA
Shot Chart Detail,0021801208,397,200757,Thabo Sefolosha,1610612762,Utah Jazz,3,5,27,Made Shot,Tip Layup Shot,2PT Field Goal,Restricted Area,Center(C),Less Than 8 ft.,0,0,-6,1,1,20190407,LAL,UTA
Shot Chart Detail,0021801208,582,200757,Thabo Sefolosha,1610612762,Utah Jazz,4,4,34,Missed Shot,Jump Shot,3PT Field Goal,Left Corner 3,Left Side(L),24+ ft.,23,-230,38,1,0,20190407,LAL,UTA
Shot Chart Detail,0021801217,571,200757,Thabo Sefolosha,1610612762,Utah Jazz,4,7,17,Missed Shot,Jump Shot,3PT Field Goal,Above the Break 3,Left Side Center(LC),24+ ft.,25,-147,214,1,0,20190409,UTA,DEN
Shot Chart Detail,0021801217,589,200757,Thabo Sefolosha,1610612762,Utah Jazz,4,5,58,Made Shot,Layup Shot,2PT Field Goal,Restricted Area,Center(C),Less Than 8 ft.,1,14,8,1,1,20190409,UTA,DEN
Shot Chart Detail,0021801229,120,200757,Thabo Sefolosha,1610612762,Utah Jazz,1,3,0,Missed Shot,Jump Shot,2PT Field Goal,Mid-Range,Left Side Center(LC),16-24 ft.,21,-102,185,1,0,20190410,LAC,UTA
Shot Chart Detail,0021801229,152,200757,Thabo Sefolosha,1610612762,Utah Jazz,1,1,36,Made Shot,Jump Shot,3PT Field Goal,Above the Break 3,Right Side Center(RC),24+ ft.,27,218,169,1,1,20190410,LAC,UTA
Shot Chart Detail,0021801229,166,200757,Thabo Sefolosha,1610612762,Utah Jazz,1,0,24,Missed Shot,Driving Layup Shot,2PT Field Goal,In The Paint (Non-RA),Center(C),Less Than 8 ft.,6,-25,61,1,0,20190410,LAC,UTA
Shot Chart Detail,0021801229,228,200757,Thabo Sefolosha,1610612762,Utah Jazz,2,8,25,Made Shot,Cutting Layup Shot,2PT Field Goal,Restricted Area,Center(C),Less Than 8 ft.,1,-4,17,1,1,20190410,LAC,UTA
Shot Chart Detail,0021801229,400,200757,Thabo Sefolosha,1610612762,Utah Jazz,3,9,6,Made Shot,Jump Shot,2PT Field Goal,Mid-Range,Left Side(L),16-24 ft.,16,-165,35,1,1,20190410,LAC,UTA
Shot Chart Detail,0021801229,415,200757,Thabo Sefolosha,1610612762,Utah Jazz,3,7,50,Missed Shot,Step Back Jump shot,2PT Field Goal,Mid-Range,Left Side(L),16-24 ft.,18,-163,80,1,0,20190410,LAC,UTA
Shot Chart Detail,0021801229,479,200757,Thabo Sefolosha,1610612762,Utah Jazz,3,3,31,Missed Shot,Turnaround Jump Shot,2PT Field Goal,In The Paint (Non-RA),Left Side(L),8-16 ft.,11,-67,94,1,0,20190410,LAC,UTA
Shot Chart Detail,0021801229,593,200757,Thabo Sefolosha,1610612762,Utah Jazz,4,8,23,Missed Shot,Turnaround Jump Shot,2PT Field Goal,In The Paint (Non-RA),Center(C),Less Than 8 ft.,5,26,49,1,0,20190410,LAC,UTA
