GRID_TYPE,GAME_ID,GAME_EVENT_ID,PLAYER_ID,PLAYER_NAME,TEAM_ID,TEAM_NAME,PERIOD,MINUTES_REMAINING,SECONDS_REMAINING,EVENT_TYPE,ACTION_TYPE,SHOT_TYPE,SHOT_ZONE_BASIC,SHOT_ZONE_AREA,SHOT_ZONE_RANGE,SHOT_DISTANCE,LOC_X,LOC_Y,SHOT_ATTEMPTED_FLAG,SHOT_MADE_FLAG,GAME_DATE,HTM,VTM
Shot Chart Detail,0021800004,51,201162,Jared Dudley,1610612751,Brooklyn Nets,1,8,21,Missed Shot,Jump Shot,3PT Field Goal,Above the Break 3,Right Side Center(RC),24+ ft.,27,158,222,1,0,20181017,DET,BKN
Shot Chart Detail,0021800004,367,201162,Jared Dudley,1610612751,Brooklyn Nets,3,9,1,Missed Shot,Jump Shot,3PT Field Goal,Above the Break 3,Right Side Center(RC),24+ ft.,28,148,239,1,0,20181017,DET,BKN
Shot Chart Detail,0021800004,400,201162,Jared Dudley,1610612751,Brooklyn Nets,3,6,41,Missed Shot,Jump Shot,3PT Field Goal,Above the Break 3,Left Side Center(LC),24+ ft.,26,-163,215,1,0,20181017,DET,BKN
Shot Chart Detail,0021800004,538,201162,Jared Dudley,1610612751,Brooklyn Nets,4,10,13,Missed Shot,Layup Shot,2PT Field Goal,Restricted Area,Center(C),Less Than 8 ft.,2,5,29,1,0,20181017,DET,BKN
Shot Chart Detail,0021800004,623,201162,Jared Dudley,1610612751,Brooklyn Nets,4,3,9,Missed Shot,Jump Shot,3PT Field Goal,Above the Break 3,Right Side Center(RC),24+ ft.,27,90,257,1,0,20181017,DET,BKN
Shot Chart Detail,0021800018,33,201162,Jared Dudley,1610612751,Brooklyn Nets,1,8,22,Made Shot,Pullup Jump shot,2PT Field Goal,In The Paint (Non-RA),Center(C),Less Than 8 ft.,7,70,25,1,1,20181019,BKN,NYK
Shot Chart Detail,0021800018,68,201162,Jared Dudley,1610612751,Brooklyn Nets,1,5,56,Made Shot,Cutting Layup Shot,2PT Field Goal,Restricted Area,Center(C),Less Than 8 ft.,1,-6,12,1,1,20181019,BKN,NYK
Shot Chart Detail,0021800018,300,201162,Jared Dudley,1610612751,Brooklyn Nets,2,0,2,Missed Shot,Jump Shot,3PT Field Goal,Above the Break 3,Right Side Center(RC),24+ ft.,25,134,214,1,0,20181019,BKN,NYK
Shot Chart Detail,0021800018,329,201162,Jared Dudley,1610612751,Brooklyn Nets,3,10,10,Missed Shot,Putback Layup Shot,2PT Field Goal,Restricted Area,Center(C),Less Than 8 ft.,0,0,-6,1,0,20181019,BKN,NYK
Shot Chart Detail,0021800018,561,201162,Jared Dudley,1610612751,Brooklyn Nets,4,4,56,Made Shot,Jump Shot,3PT Field Goal,Above the Break 3,Right Side Center(RC),24+ ft.,25,176,179,1,1,20181019,BKN,NYK
Shot Chart Detail,0021800026,34,201162,Jared Dudley,1610612751,Brooklyn Nets,1,8,50,Made Shot,Jump Shot,3PT Field Goal,Right Corner 3,Right Side(R),24+ ft.,23,230,48,1,1,20181020,IND,BKN
Shot Chart Detail,0021800026,309,201162,Jared Dudley,1610612751,Brooklyn Nets,2,1,35,Missed Shot,Jump Shot,3PT Field Goal,Above the Break 3,Right Side Center(RC),24+ ft.,25,190,169,1,0,20181020,IND,BKN
Shot Chart Detail,0021800026,362,201162,Jared Dudley,1610612751,Brooklyn Nets,3,11,2,Missed Shot,Jump Shot,3PT Field Goal,Above the Break 3,Center(C),24+ ft.,26,-9,266,1,0,20181020,IND,BKN
Shot Chart Detail,0021800053,18,201162,Jared Dudley,1610612751,Brooklyn Nets,1,10,20,Made Shot,Jump Shot,3PT Field Goal,Right Corner 3,Right Side(R),24+ ft.,23,230,4,1,1,20181024,CLE,BKN
Shot Chart Detail,0021800053,69,201162,Jared Dudley,1610612751,Brooklyn Nets,1,6,6,Missed Shot,Jump Shot,3PT Field Goal,Above the Break 3,Center(C),24+ ft.,25,78,243,1,0,20181024,CLE,BKN
Shot Chart Detail,0021800053,361,201162,Jared Dudley,1610612751,Brooklyn Nets,3,9,38,Made Shot,Jump Shot,3PT Field Goal,Above the Break 3,Right Side Center(RC),24+ ft.,30,150,264,1,1,20181024,CLE,BKN
Shot Chart Detail,0021800053,383,201162,Jared Dudley,1610612751,Brooklyn Nets,3,7,23,Made Shot,Jump Shot,3PT Field Goal,Right Corner 3,Right Side(R),24+ ft.,23,236,22,1,1,20181024,CLE,BKN
Shot Chart Detail,0021800053,396,201162,Jared Dudley,1610612751,Brooklyn Nets,3,6,12,Made Shot,Jump Shot,3PT Field Goal,Right Corner 3,Right Side(R),24+ ft.,23,234,34,1,1,20181024,CLE,BKN
Shot Chart Detail,0021800072,8,201162,Jared Dudley,1610612751,Brooklyn Nets,1,11,23,Missed Shot,Jump Shot,3PT Field Goal,Above the Break 3,Right Side Center(RC),24+ ft.,25,81,237,1,0,20181026,NOP,BKN
Shot Chart Detail,0021800072,68,201162,Jared Dudley,1610612751,Brooklyn Nets,1,6,28,Missed Shot,Jump Shot,3PT Field Goal,Right Corner 3,Right Side(R),24+ ft.,24,233,75,1,0,20181026,NOP,BKN
Shot Chart Detail,0021800072,277,201162,Jared Dudley,1610612751,Brooklyn Nets,2,4,38,Made Shot,Jump Shot,3PT Field Goal,Above the Break 3,Center(C),24+ ft.,25,22,257,1,1,20181026,NOP,BKN
Shot Chart Detail,0021800072,412,201162,Jared Dudley,1610612751,Brooklyn Nets,3,6,45,Made Shot,Jump Shot,3PT Field Goal,Above the Break 3,Left Side Center(LC),24+ ft.,25,-122,220,1,1,20181026,NOP,BKN
Shot Chart Detail,0021800072,620,201162,Jared Dudley,1610612751,Brooklyn Nets,4,6,42,Missed Shot,Jump Shot,3PT Field Goal,Above the Break 3,Right Side Center(RC),24+ ft.,24,226,103,1,0,20181026,NOP,BKN
Shot Chart Detail,0021800072,630,201162,Jared Dudley,1610612751,Brooklyn Nets,4,5,49,Missed Shot,Layup Shot,2PT Field Goal,In The Paint (Non-RA),Center(C),Less Than 8 ft.,5,-8,55,1,0,20181026,NOP,BKN
Shot Chart Detail,0021800072,666,201162,Jared Dudley,1610612751,Brooklyn Nets,4,3,31,Made Shot,Jump Shot,3PT Field Goal,Right Corner 3,Right Side(R),24+ ft.,23,235,35,1,1,20181026,NOP,BKN
Shot Chart Detail,0021800083,25,201162,Jared Dudley,1610612751,Brooklyn Nets,1,10,5,Missed Shot,Jump Shot,3PT Field Goal,Above the Break 3,Right Side Center(RC),24+ ft.,24,131,212,1,0,20181028,BKN,GSW
Shot Chart Detail,0021800083,340,201162,Jared Dudley,1610612751,Brooklyn Nets,3,10,22,Made Shot,Driving Layup Shot,2PT Field Goal,Restricted Area,Center(C),Less Than 8 ft.,2,-24,4,1,1,20181028,BKN,GSW
Shot Chart Detail,0021800083,345,201162,Jared Dudley,1610612751,Brooklyn Nets,3,9,51,Missed Shot,Jump Shot,3PT Field Goal,Above the Break 3,Left Side Center(LC),24+ ft.,25,-84,243,1,0,20181028,BKN,GSW
Shot Chart Detail,0021800083,351,201162,Jared Dudley,1610612751,Brooklyn Nets,3,9,12,Made Shot,Fadeaway Jump Shot,2PT Field Goal,Mid-Range,Right Side(R),8-16 ft.,13,134,5,1,1,20181028,BKN,GSW
Shot Chart Detail,0021800083,534,201162,Jared Dudley,1610612751,Brooklyn Nets,4,8,2,Made Shot,Cutting Layup Shot,2PT Field Goal,Restricted Area,Center(C),Less Than 8 ft.,1,-19,5,1,1,20181028,BKN,GSW
Shot Chart Detail,0021800090,24,201162,Jared Dudley,1610612751,Brooklyn Nets,1,9,45,Missed Shot,Jump Shot,3PT Field Goal,Above the Break 3,Center(C),24+ ft.,26,9,267,1,0,20181029,NYK,BKN
Shot Chart Detail,0021800090,59,201162,Jared Dudley,1610612751,Brooklyn Nets,1,7,11,Missed Shot,Jump Shot,3PT Field Goal,Right Corner 3,Right Side(R),24+ ft.,23,233,32,1,0,20181029,NYK,BKN
Shot Chart Detail,0021800090,189,201162,Jared Dudley,1610612751,Brooklyn Nets,2,8,26,Missed Shot,Jump Shot,3PT Field Goal,Left Corner 3,Left Side(L),24+ ft.,24,-236,52,1,0,20181029,NYK,BKN
Shot Chart Detail,0021800090,342,201162,Jared Dudley,1610612751,Brooklyn Nets,3,9,47,Missed Shot,Jump Shot,3PT Field Goal,Above the Break 3,Center(C),24+ ft.,24,68,235,1,0,20181029,NYK,BKN
Shot Chart Detail,0021800104,15,201162,Jared Dudley,1610612751,Brooklyn Nets,1,10,55,Missed Shot,Jump Shot,3PT Field Goal,Above the Break 3,Right Side Center(RC),24+ ft.,24,222,95,1,0,20181031,BKN,DET
Shot Chart Detail,0021800104,265,201162,Jared Dudley,1610612751,Brooklyn Nets,2,6,28,Missed Shot,Turnaround Hook Shot,2PT Field Goal,Restricted Area,Center(C),Less Than 8 ft.,1,-1,17,1,0,20181031,BKN,DET
Shot Chart Detail,0021800104,301,201162,Jared Dudley,1610612751,Brooklyn Nets,2,4,27,Made Shot,Driving Layup Shot,2PT Field Goal,Restricted Area,Center(C),Less Than 8 ft.,1,9,6,1,1,20181031,BKN,DET
Shot Chart Detail,0021800104,355,201162,Jared Dudley,1610612751,Brooklyn Nets,2,1,16,Missed Shot,Pullup Jump shot,2PT Field Goal,In The Paint (Non-RA),Center(C),Less Than 8 ft.,4,27,31,1,0,20181031,BKN,DET
Shot Chart Detail,0021800104,590,201162,Jared Dudley,1610612751,Brooklyn Nets,4,9,48,Missed Shot,Jump Shot,3PT Field Goal,Above the Break 3,Right Side Center(RC),24+ ft.,25,164,200,1,0,20181031,BKN,DET
Shot Chart Detail,0021800104,621,201162,Jared Dudley,1610612751,Brooklyn Nets,4,7,43,Missed Shot,Jump Shot,3PT Field Goal,Above the Break 3,Right Side Center(RC),24+ ft.,26,125,230,1,0,20181031,BKN,DET
Shot Chart Detail,0021800104,714,201162,Jared Dudley,1610612751,Brooklyn Nets,4,0,56,Missed Shot,Jump Shot,3PT Field Goal,Above the Break 3,Center(C),24+ ft.,25,54,248,1,0,20181031,BKN,DET
Shot Chart Detail,0021800104,720,201162,Jared Dudley,1610612751,Brooklyn Nets,4,0,30,Missed Shot,Jump Shot,3PT Field Goal,Right Corner 3,Right Side(R),24+ ft.,22,226,20,1,0,20181031,BKN,DET
Shot Chart Detail,0021800104,797,201162,Jared Dudley,1610612751,Brooklyn Nets,5,1,12,Made Shot,Jump Shot,3PT Field Goal,Right Corner 3,Right Side(R),24+ ft.,23,229,26,1,1,20181031,BKN,DET
Shot Chart Detail,0021800118,349,201162,Jared Dudley,1610612751,Brooklyn Nets,3,9,58,Missed Shot,Jump Shot,3PT Field Goal,Right Corner 3,Right Side(R),24+ ft.,24,241,35,1,0,20181102,BKN,HOU
Shot Chart Detail,0021800118,370,201162,Jared Dudley,1610612751,Brooklyn Nets,3,8,18,Made Shot,Jump Shot,3PT Field Goal,Above the Break 3,Right Side Center(RC),24+ ft.,28,157,242,1,1,20181102,BKN,HOU
Shot Chart Detail,0021800134,26,201162,Jared Dudley,1610612751,Brooklyn Nets,1,10,9,Made Shot,Driving Floating Bank Jump Shot,2PT Field Goal,In The Paint (Non-RA),Center(C),Less Than 8 ft.,5,52,16,1,1,20181104,BKN,PHI
Shot Chart Detail,0021800134,62,201162,Jared Dudley,1610612751,Brooklyn Nets,1,8,30,Missed Shot,Jump Shot,3PT Field Goal,Above the Break 3,Center(C),24+ ft.,24,52,239,1,0,20181104,BKN,PHI
Shot Chart Detail,0021800134,283,201162,Jared Dudley,1610612751,Brooklyn Nets,2,6,23,Made Shot,Pullup Jump shot,2PT Field Goal,Mid-Range,Center(C),16-24 ft.,21,32,210,1,1,20181104,BKN,PHI
Shot Chart Detail,0021800134,320,201162,Jared Dudley,1610612751,Brooklyn Nets,2,3,53,Missed Shot,Tip Layup Shot,2PT Field Goal,Restricted Area,Center(C),Less Than 8 ft.,0,0,-6,1,0,20181104,BKN,PHI
Shot Chart Detail,0021800151,46,201162,Jared Dudley,1610612751,Brooklyn Nets,1,8,5,Missed Shot,Jump Shot,3PT Field Goal,Above the Break 3,Center(C),24+ ft.,24,-51,244,1,0,20181106,PHX,BKN
Shot Chart Detail,0021800151,382,201162,Jared Dudley,1610612751,Brooklyn Nets,3,9,6,Missed Shot,Jump Shot,3PT Field Goal,Above the Break 3,Right Side Center(RC),24+ ft.,24,213,126,1,0,20181106,PHX,BKN
Shot Chart Detail,0021800151,384,201162,Jared Dudley,1610612751,Brooklyn Nets,3,9,0,Made Shot,Jump Shot,2PT Field Goal,Mid-Range,Right Side(R),16-24 ft.,19,189,51,1,1,20181106,PHX,BKN
Shot Chart Detail,0021800151,406,201162,Jared Dudley,1610612751,Brooklyn Nets,3,6,35,Missed Shot,Jump Shot,3PT Field Goal,Above the Break 3,Right Side Center(RC),24+ ft.,25,187,176,1,0,20181106,PHX,BKN
Shot Chart Detail,0021800151,428,201162,Jared Dudley,1610612751,Brooklyn Nets,3,5,13,Made Shot,Jump Shot,3PT Field Goal,Above the Break 3,Center(C),24+ ft.,24,17,241,1,1,20181106,PHX,BKN
Shot Chart Detail,0021800151,435,201162,Jared Dudley,1610612751,Brooklyn Nets,3,4,18,Missed Shot,Jump Shot,3PT Field Goal,Above the Break 3,Center(C),24+ ft.,24,17,248,1,0,20181106,PHX,BKN
Shot Chart Detail,0021800151,572,201162,Jared Dudley,1610612751,Brooklyn Nets,4,7,54,Missed Shot,Pullup Jump shot,2PT Field Goal,Mid-Range,Center(C),8-16 ft.,15,-41,147,1,0,20181106,PHX,BKN
Shot Chart Detail,0021800171,22,201162,Jared Dudley,1610612751,Brooklyn Nets,1,9,51,Made Shot,Jump Shot,3PT Field Goal,Above the Break 3,Right Side Center(RC),24+ ft.,25,158,194,1,1,20181109,DEN,BKN
Shot Chart Detail,0021800171,26,201162,Jared Dudley,1610612751,Brooklyn Nets,1,9,22,Missed Shot,Jump Shot,3PT Field Goal,Above the Break 3,Right Side Center(RC),24+ ft.,25,108,227,1,0,20181109,DEN,BKN
Shot Chart Detail,0021800171,219,201162,Jared Dudley,1610612751,Brooklyn Nets,2,5,29,Missed Shot,Jump Shot,3PT Field Goal,Above the Break 3,Right Side Center(RC),24+ ft.,24,180,162,1,0,20181109,DEN,BKN
Shot Chart Detail,0021800171,396,201162,Jared Dudley,1610612751,Brooklyn Nets,3,8,11,Missed Shot,Tip Layup Shot,2PT Field Goal,In The Paint (Non-RA),Center(C),Less Than 8 ft.,4,33,-26,1,0,20181109,DEN,BKN
Shot Chart Detail,0021800171,384,201162,Jared Dudley,1610612751,Brooklyn Nets,3,6,52,Missed Shot,Jump Shot,3PT Field Goal,Above the Break 3,Center(C),24+ ft.,24,-22,242,1,0,20181109,DEN,BKN
Shot Chart Detail,0021800195,36,201162,Jared Dudley,1610612751,Brooklyn Nets,1,8,45,Missed Shot,Jump Shot,2PT Field Goal,Mid-Range,Center(C),8-16 ft.,15,11,152,1,0,20181112,MIN,BKN
Shot Chart Detail,0021800195,230,201162,Jared Dudley,1610612751,Brooklyn Nets,2,7,41,Missed Shot,Driving Layup Shot,2PT Field Goal,Restricted Area,Center(C),Less Than 8 ft.,2,17,22,1,0,20181112,MIN,BKN
Shot Chart Detail,0021800195,237,201162,Jared Dudley,1610612751,Brooklyn Nets,2,7,4,Missed Shot,Jump Shot,3PT Field Goal,Above the Break 3,Right Side Center(RC),24+ ft.,25,122,221,1,0,20181112,MIN,BKN
Shot Chart Detail,0021800195,380,201162,Jared Dudley,1610612751,Brooklyn Nets,3,10,43,Missed Shot,Driving Layup Shot,2PT Field Goal,Restricted Area,Center(C),Less Than 8 ft.,2,18,13,1,0,20181112,MIN,BKN
Shot Chart Detail,0021800195,566,201162,Jared Dudley,1610612751,Brooklyn Nets,4,9,31,Made Shot,Jump Shot,3PT Field Goal,Above the Break 3,Left Side Center(LC),24+ ft.,25,-90,239,1,1,20181112,MIN,BKN
Shot Chart Detail,0021800195,609,201162,Jared Dudley,1610612751,Brooklyn Nets,4,6,13,Made Shot,Jump Shot,3PT Field Goal,Above the Break 3,Right Side Center(RC),24+ ft.,24,198,143,1,1,20181112,MIN,BKN
Shot Chart Detail,0021800195,654,201162,Jared Dudley,1610612751,Brooklyn Nets,4,3,20,Missed Shot,Jump Shot,3PT Field Goal,Above the Break 3,Center(C),24+ ft.,24,18,249,1,0,20181112,MIN,BKN
Shot Chart Detail,0021800195,659,201162,Jared Dudley,1610612751,Brooklyn Nets,4,3,8,Missed Shot,Jump Shot,3PT Field Goal,Above the Break 3,Right Side Center(RC),24+ ft.,24,155,190,1,0,20181112,MIN,BKN
Shot Chart Detail,0021800195,671,201162,Jared Dudley,1610612751,Brooklyn Nets,4,1,40,Made Shot,Driving Layup Shot,2PT Field Goal,Restricted Area,Center(C),Less Than 8 ft.,1,-3,11,1,1,20181112,MIN,BKN
Shot Chart Detail,0021800205,30,201162,Jared Dudley,1610612751,Brooklyn Nets,1,8,37,Missed Shot,Turnaround Fadeaway Bank Jump Shot,2PT Field Goal,In The Paint (Non-RA),Center(C),Less Than 8 ft.,7,42,62,1,0,20181114,BKN,MIA
Shot Chart Detail,0021800205,69,201162,Jared Dudley,1610612751,Brooklyn Nets,1,5,59,Missed Shot,Jump Shot,3PT Field Goal,Right Corner 3,Right Side(R),24+ ft.,23,226,70,1,0,20181114,BKN,MIA
Shot Chart Detail,0021800205,267,201162,Jared Dudley,1610612751,Brooklyn Nets,2,5,42,Made Shot,Jump Shot,3PT Field Goal,Above the Break 3,Right Side Center(RC),24+ ft.,24,113,222,1,1,20181114,BKN,MIA
Shot Chart Detail,0021800205,306,201162,Jared Dudley,1610612751,Brooklyn Nets,2,3,58,Made Shot,Driving Layup Shot,2PT Field Goal,Restricted Area,Center(C),Less Than 8 ft.,1,11,6,1,1,20181114,BKN,MIA
Shot Chart Detail,0021800205,324,201162,Jared Dudley,1610612751,Brooklyn Nets,2,2,57,Made Shot,Jump Shot,3PT Field Goal,Right Corner 3,Right Side(R),24+ ft.,22,227,31,1,1,20181114,BKN,MIA
Shot Chart Detail,0021800205,328,201162,Jared Dudley,1610612751,Brooklyn Nets,2,2,14,Made Shot,Driving Finger Roll Layup Shot,2PT Field Goal,Restricted Area,Center(C),Less Than 8 ft.,2,0,25,1,1,20181114,BKN,MIA
Shot Chart Detail,0021800205,410,201162,Jared Dudley,1610612751,Brooklyn Nets,3,8,30,Missed Shot,Driving Layup Shot,2PT Field Goal,Restricted Area,Center(C),Less Than 8 ft.,3,30,22,1,0,20181114,BKN,MIA
Shot Chart Detail,0021800205,412,201162,Jared Dudley,1610612751,Brooklyn Nets,3,8,27,Missed Shot,Tip Layup Shot,2PT Field Goal,Restricted Area,Center(C),Less Than 8 ft.,0,0,-6,1,0,20181114,BKN,MIA
Shot Chart Detail,0021800205,592,201162,Jared Dudley,1610612751,Brooklyn Nets,4,8,6,Missed Shot,Jump Shot,3PT Field Goal,Above the Break 3,Center(C),24+ ft.,25,-69,241,1,0,20181114,BKN,MIA
Shot Chart Detail,0021800219,293,201162,Jared Dudley,1610612751,Brooklyn Nets,2,2,1,Missed Shot,Jump Shot,3PT Field Goal,Above the Break 3,Right Side Center(RC),24+ ft.,25,151,202,1,0,20181116,WAS,BKN
Shot Chart Detail,0021800219,328,201162,Jared Dudley,1610612751,Brooklyn Nets,3,10,45,Missed Shot,Jump Shot,3PT Field Goal,Above the Break 3,Right Side Center(RC),24+ ft.,27,111,255,1,0,20181116,WAS,BKN
Shot Chart Detail,0021800219,363,201162,Jared Dudley,1610612751,Brooklyn Nets,3,8,19,Made Shot,Jump Shot,2PT Field Goal,Mid-Range,Right Side(R),16-24 ft.,18,172,67,1,1,20181116,WAS,BKN
Shot Chart Detail,0021800219,619,201162,Jared Dudley,1610612751,Brooklyn Nets,4,4,40,Made Shot,Jump Shot,3PT Field Goal,Above the Break 3,Right Side Center(RC),24+ ft.,25,133,215,1,1,20181116,WAS,BKN
Shot Chart Detail,0021800224,349,201162,Jared Dudley,1610612751,Brooklyn Nets,3,10,41,Made Shot,Jump Shot,3PT Field Goal,Above the Break 3,Right Side Center(RC),24+ ft.,26,116,240,1,1,20181117,BKN,LAC
Shot Chart Detail,0021800224,366,201162,Jared Dudley,1610612751,Brooklyn Nets,3,9,3,Made Shot,Cutting Layup Shot,2PT Field Goal,Restricted Area,Center(C),Less Than 8 ft.,2,25,11,1,1,20181117,BKN,LAC
Shot Chart Detail,0021800250,34,201162,Jared Dudley,1610612751,Brooklyn Nets,1,9,6,Missed Shot,Jump Shot,3PT Field Goal,Above the Break 3,Right Side Center(RC),24+ ft.,26,99,247,1,0,20181120,MIA,BKN
Shot Chart Detail,0021800250,255,201162,Jared Dudley,1610612751,Brooklyn Nets,2,7,44,Missed Shot,Jump Shot,3PT Field Goal,Right Corner 3,Right Side(R),24+ ft.,23,231,34,1,0,20181120,MIA,BKN
Shot Chart Detail,0021800250,266,201162,Jared Dudley,1610612751,Brooklyn Nets,2,6,6,Missed Shot,Jump Bank Shot,2PT Field Goal,In The Paint (Non-RA),Right Side(R),8-16 ft.,10,66,78,1,0,20181120,MIA,BKN
Shot Chart Detail,0021800250,389,201162,Jared Dudley,1610612751,Brooklyn Nets,3,8,40,Missed Shot,Cutting Layup Shot,2PT Field Goal,Restricted Area,Center(C),Less Than 8 ft.,1,10,7,1,0,20181120,MIA,BKN
Shot Chart Detail,0021800250,436,201162,Jared Dudley,1610612751,Brooklyn Nets,3,4,31,Missed Shot,Jump Shot,3PT Field Goal,Above the Break 3,Center(C),24+ ft.,25,6,259,1,0,20181120,MIA,BKN
Shot Chart Detail,0021800261,55,201162,Jared Dudley,1610612751,Brooklyn Nets,1,7,43,Made Shot,Driving Layup Shot,2PT Field Goal,Restricted Area,Center(C),Less Than 8 ft.,1,8,17,1,1,20181121,DAL,BKN
Shot Chart Detail,0021800261,76,201162,Jared Dudley,1610612751,Brooklyn Nets,1,5,32,Missed Shot,Pullup Jump shot,2PT Field Goal,Mid-Range,Center(C),16-24 ft.,16,-6,167,1,0,20181121,DAL,BKN
Shot Chart Detail,0021800261,482,201162,Jared Dudley,1610612751,Brooklyn Nets,3,0,30,Missed Shot,Jump Shot,3PT Field Goal,Right Corner 3,Right Side(R),24+ ft.,22,225,19,1,0,20181121,DAL,BKN
Shot Chart Detail,0021800265,9,201162,Jared Dudley,1610612751,Brooklyn Nets,1,11,18,Made Shot,Driving Floating Bank Jump Shot,2PT Field Goal,In The Paint (Non-RA),Center(C),Less Than 8 ft.,4,44,10,1,1,20181123,BKN,MIN
Shot Chart Detail,0021800265,17,201162,Jared Dudley,1610612751,Brooklyn Nets,1,10,10,Missed Shot,Jump Shot,3PT Field Goal,Above the Break 3,Right Side Center(RC),24+ ft.,25,173,193,1,0,20181123,BKN,MIN
Shot Chart Detail,0021800265,347,201162,Jared Dudley,1610612751,Brooklyn Nets,3,9,36,Made Shot,Driving Layup Shot,2PT Field Goal,Restricted Area,Center(C),Less Than 8 ft.,3,38,9,1,1,20181123,BKN,MIN
Shot Chart Detail,0021800289,195,201162,Jared Dudley,1610612751,Brooklyn Nets,2,9,31,Made Shot,Jump Shot,3PT Field Goal,Above the Break 3,Right Side Center(RC),24+ ft.,25,156,205,1,1,20181125,BKN,PHI
Shot Chart Detail,0021800308,99,201162,Jared Dudley,1610612751,Brooklyn Nets,1,3,49,Missed Shot,Jump Shot,3PT Field Goal,Above the Break 3,Right Side Center(RC),24+ ft.,25,89,239,1,0,20181128,BKN,UTA
Shot Chart Detail,0021800308,539,201162,Jared Dudley,1610612751,Brooklyn Nets,4,9,48,Missed Shot,Jump Shot,3PT Field Goal,Right Corner 3,Right Side(R),24+ ft.,22,227,26,1,0,20181128,BKN,UTA
Shot Chart Detail,0021800323,114,201162,Jared Dudley,1610612751,Brooklyn Nets,1,2,41,Missed Shot,Jump Shot,3PT Field Goal,Left Corner 3,Left Side(L),24+ ft.,24,-239,25,1,0,20181130,BKN,MEM
Shot Chart Detail,0021800323,513,201162,Jared Dudley,1610612751,Brooklyn Nets,4,8,2,Missed Shot,Jump Shot,3PT Field Goal,Left Corner 3,Left Side(L),24+ ft.,22,-223,6,1,0,20181130,BKN,MEM
Shot Chart Detail,0021800333,129,201162,Jared Dudley,1610612751,Brooklyn Nets,1,0,24,Made Shot,Driving Layup Shot,2PT Field Goal,Restricted Area,Center(C),Less Than 8 ft.,2,-13,23,1,1,20181201,WAS,BKN
Shot Chart Detail,0021800333,143,201162,Jared Dudley,1610612751,Brooklyn Nets,2,10,48,Missed Shot,Driving Layup Shot,2PT Field Goal,Restricted Area,Center(C),Less Than 8 ft.,2,13,25,1,0,20181201,WAS,BKN
Shot Chart Detail,0021800333,150,201162,Jared Dudley,1610612751,Brooklyn Nets,2,10,30,Missed Shot,Jump Shot,3PT Field Goal,Above the Break 3,Right Side Center(RC),24+ ft.,25,216,134,1,0,20181201,WAS,BKN
Shot Chart Detail,0021800345,180,201162,Jared Dudley,1610612751,Brooklyn Nets,2,9,5,Made Shot,Driving Finger Roll Layup Shot,2PT Field Goal,Restricted Area,Center(C),Less Than 8 ft.,1,11,12,1,1,20181203,BKN,CLE
Shot Chart Detail,0021800345,199,201162,Jared Dudley,1610612751,Brooklyn Nets,2,7,50,Missed Shot,Driving Floating Jump Shot,2PT Field Goal,In The Paint (Non-RA),Center(C),Less Than 8 ft.,7,6,75,1,0,20181203,BKN,CLE
Shot Chart Detail,0021800345,449,201162,Jared Dudley,1610612751,Brooklyn Nets,3,1,10,Missed Shot,Putback Layup Shot,2PT Field Goal,Restricted Area,Center(C),Less Than 8 ft.,1,9,5,1,0,20181203,BKN,CLE
Shot Chart Detail,0021800358,135,201162,Jared Dudley,1610612751,Brooklyn Nets,1,2,48,Missed Shot,Step Back Jump shot,2PT Field Goal,Mid-Range,Right Side Center(RC),16-24 ft.,16,51,154,1,0,20181205,BKN,OKC
Shot Chart Detail,0021800358,166,201162,Jared Dudley,1610612751,Brooklyn Nets,1,0,0,Missed Shot,Jump Shot,3PT Field Goal,Above the Break 3,Right Side Center(RC),24+ ft.,34,136,319,1,0,20181205,BKN,OKC
Shot Chart Detail,0021800358,180,201162,Jared Dudley,1610612751,Brooklyn Nets,2,11,22,Missed Shot,Jump Shot,3PT Field Goal,Above the Break 3,Center(C),24+ ft.,24,60,241,1,0,20181205,BKN,OKC
Shot Chart Detail,0021800358,199,201162,Jared Dudley,1610612751,Brooklyn Nets,2,10,2,Made Shot,Running Layup Shot,2PT Field Goal,Restricted Area,Center(C),Less Than 8 ft.,1,-7,13,1,1,20181205,BKN,OKC
Shot Chart Detail,0021800358,239,201162,Jared Dudley,1610612751,Brooklyn Nets,2,7,35,Made Shot,Driving Layup Shot,2PT Field Goal,Restricted Area,Center(C),Less Than 8 ft.,1,-5,15,1,1,20181205,BKN,OKC
Shot Chart Detail,0021800371,196,201162,Jared Dudley,1610612751,Brooklyn Nets,2,9,8,Made Shot,Jump Bank Shot,3PT Field Goal,Above the Break 3,Right Side Center(RC),24+ ft.,25,183,176,1,1,20181207,BKN,TOR
Shot Chart Detail,0021800382,174,201162,Jared Dudley,1610612751,Brooklyn Nets,2,10,20,Missed Shot,Jump Shot,3PT Field Goal,Above the Break 3,Center(C),24+ ft.,25,31,254,1,0,20181208,NYK,BKN
Shot Chart Detail,0021800382,178,201162,Jared Dudley,1610612751,Brooklyn Nets,2,10,7,Made Shot,Layup Shot,2PT Field Goal,Restricted Area,Center(C),Less Than 8 ft.,0,-2,7,1,1,20181208,NYK,BKN
Shot Chart Detail,0021800382,243,201162,Jared Dudley,1610612751,Brooklyn Nets,2,5,33,Made Shot,Jump Shot,2PT Field Goal,Mid-Range,Right Side Center(RC),16-24 ft.,20,160,121,1,1,20181208,NYK,BKN
Shot Chart Detail,0021800408,236,201162,Jared Dudley,1610612751,Brooklyn Nets,2,6,50,Made Shot,Jump Shot,3PT Field Goal,Above the Break 3,Right Side Center(RC),24+ ft.,26,123,230,1,1,20181212,PHI,BKN
Shot Chart Detail,0021800408,560,201162,Jared Dudley,1610612751,Brooklyn Nets,4,8,1,Missed Shot,Jump Shot,3PT Field Goal,Above the Break 3,Left Side Center(LC),24+ ft.,26,-179,193,1,0,20181212,PHI,BKN
Shot Chart Detail,0021800422,155,201162,Jared Dudley,1610612751,Brooklyn Nets,1,0,23,Made Shot,Driving Reverse Layup Shot,2PT Field Goal,Restricted Area,Center(C),Less Than 8 ft.,1,11,1,1,1,20181214,BKN,WAS
Shot Chart Detail,0021800422,193,201162,Jared Dudley,1610612751,Brooklyn Nets,2,9,12,Made Shot,Jump Shot,3PT Field Goal,Above the Break 3,Right Side Center(RC),24+ ft.,24,123,215,1,1,20181214,BKN,WAS
Shot Chart Detail,0021800422,459,201162,Jared Dudley,1610612751,Brooklyn Nets,3,1,56,Missed Shot,Jump Shot,3PT Field Goal,Right Corner 3,Right Side(R),24+ ft.,23,231,19,1,0,20181214,BKN,WAS
Shot Chart Detail,0021800422,501,201162,Jared Dudley,1610612751,Brooklyn Nets,4,10,48,Made Shot,Layup Shot,2PT Field Goal,Restricted Area,Center(C),Less Than 8 ft.,1,13,15,1,1,20181214,BKN,WAS
Shot Chart Detail,0021800422,512,201162,Jared Dudley,1610612751,Brooklyn Nets,4,9,19,Missed Shot,Jump Shot,3PT Field Goal,Above the Break 3,Right Side Center(RC),24+ ft.,24,94,225,1,0,20181214,BKN,WAS
Shot Chart Detail,0021800422,528,201162,Jared Dudley,1610612751,Brooklyn Nets,4,8,30,Missed Shot,Cutting Layup Shot,2PT Field Goal,Restricted Area,Center(C),Less Than 8 ft.,2,25,9,1,0,20181214,BKN,WAS
Shot Chart Detail,0021800436,198,201162,Jared Dudley,1610612751,Brooklyn Nets,2,9,5,Missed Shot,Jump Shot,3PT Field Goal,Above the Break 3,Right Side Center(RC),24+ ft.,24,174,179,1,0,20181216,BKN,ATL
Shot Chart Detail,0021800436,247,201162,Jared Dudley,1610612751,Brooklyn Nets,2,6,37,Made Shot,Driving Layup Shot,2PT Field Goal,Restricted Area,Center(C),Less Than 8 ft.,1,11,15,1,1,20181216,BKN,ATL
Shot Chart Detail,0021800436,471,201162,Jared Dudley,1610612751,Brooklyn Nets,3,3,16,Missed Shot,Jump Shot,3PT Field Goal,Above the Break 3,Center(C),24+ ft.,25,-47,248,1,0,20181216,BKN,ATL
Shot Chart Detail,0021800436,521,201162,Jared Dudley,1610612751,Brooklyn Nets,3,0,14,Made Shot,Jump Shot,3PT Field Goal,Above the Break 3,Right Side Center(RC),24+ ft.,26,125,235,1,1,20181216,BKN,ATL
Shot Chart Detail,0021800436,564,201162,Jared Dudley,1610612751,Brooklyn Nets,4,9,31,Missed Shot,Jump Shot,3PT Field Goal,Right Corner 3,Right Side(R),24+ ft.,22,226,3,1,0,20181216,BKN,ATL
Shot Chart Detail,0021800436,583,201162,Jared Dudley,1610612751,Brooklyn Nets,4,8,42,Made Shot,Jump Shot,3PT Field Goal,Above the Break 3,Right Side Center(RC),24+ ft.,27,133,237,1,1,20181216,BKN,ATL
Shot Chart Detail,0021800436,597,201162,Jared Dudley,1610612751,Brooklyn Nets,4,7,26,Made Shot,Jump Shot,3PT Field Goal,Right Corner 3,Right Side(R),24+ ft.,22,225,17,1,1,20181216,BKN,ATL
Shot Chart Detail,0021800436,630,201162,Jared Dudley,1610612751,Brooklyn Nets,4,5,19,Missed Shot,Jump Shot,3PT Field Goal,Above the Break 3,Right Side Center(RC),24+ ft.,28,142,248,1,0,20181216,BKN,ATL
Shot Chart Detail,0021800436,666,201162,Jared Dudley,1610612751,Brooklyn Nets,4,3,14,Made Shot,Cutting Layup Shot,2PT Field Goal,Restricted Area,Center(C),Less Than 8 ft.,2,24,10,1,1,20181216,BKN,ATL
Shot Chart Detail,0021800453,152,201162,Jared Dudley,1610612751,Brooklyn Nets,1,1,47,Missed Shot,Jump Shot,3PT Field Goal,Left Corner 3,Left Side(L),24+ ft.,23,-224,79,1,0,20181218,BKN,LAL
Shot Chart Detail,0021800453,226,201162,Jared Dudley,1610612751,Brooklyn Nets,2,8,14,Made Shot,Jump Shot,3PT Field Goal,Above the Break 3,Right Side Center(RC),24+ ft.,25,98,230,1,1,20181218,BKN,LAL
Shot Chart Detail,0021800453,544,201162,Jared Dudley,1610612751,Brooklyn Nets,4,9,36,Made Shot,Driving Layup Shot,2PT Field Goal,Restricted Area,Center(C),Less Than 8 ft.,1,18,4,1,1,20181218,BKN,LAL
Shot Chart Detail,0021800453,565,201162,Jared Dudley,1610612751,Brooklyn Nets,4,7,30,Made Shot,Driving Layup Shot,2PT Field Goal,Restricted Area,Center(C),Less Than 8 ft.,3,24,19,1,1,20181218,BKN,LAL
Shot Chart Detail,0021800453,585,201162,Jared Dudley,1610612751,Brooklyn Nets,4,5,22,Made Shot,Driving Finger Roll Layup Shot,2PT Field Goal,Restricted Area,Center(C),Less Than 8 ft.,2,23,8,1,1,20181218,BKN,LAL
Shot Chart Detail,0021800453,600,201162,Jared Dudley,1610612751,Brooklyn Nets,4,3,12,Missed Shot,Jump Shot,3PT Field Goal,Above the Break 3,Right Side Center(RC),24+ ft.,25,166,189,1,0,20181218,BKN,LAL
Shot Chart Detail,0021800453,604,201162,Jared Dudley,1610612751,Brooklyn Nets,4,2,42,Made Shot,Driving Layup Shot,2PT Field Goal,Restricted Area,Center(C),Less Than 8 ft.,1,14,9,1,1,20181218,BKN,LAL
Shot Chart Detail,0021800453,620,201162,Jared Dudley,1610612751,Brooklyn Nets,4,0,53,Made Shot,Pullup Jump shot,2PT Field Goal,Mid-Range,Left Side Center(LC),16-24 ft.,22,-141,172,1,1,20181218,BKN,LAL
Shot Chart Detail,0021800460,150,201162,Jared Dudley,1610612751,Brooklyn Nets,2,10,23,Missed Shot,Jump Shot,3PT Field Goal,Above the Break 3,Right Side Center(RC),24+ ft.,25,85,240,1,0,20181219,CHI,BKN
Shot Chart Detail,0021800460,403,201162,Jared Dudley,1610612751,Brooklyn Nets,3,2,17,Made Shot,Driving Layup Shot,2PT Field Goal,Restricted Area,Center(C),Less Than 8 ft.,1,3,12,1,1,20181219,CHI,BKN
Shot Chart Detail,0021800471,186,201162,Jared Dudley,1610612751,Brooklyn Nets,2,8,55,Made Shot,Jump Shot,3PT Field Goal,Right Corner 3,Right Side(R),24+ ft.,23,230,21,1,1,20181221,BKN,IND
Shot Chart Detail,0021800471,400,201162,Jared Dudley,1610612751,Brooklyn Nets,3,5,3,Made Shot,Jump Shot,3PT Field Goal,Left Corner 3,Left Side(L),24+ ft.,23,-233,8,1,1,20181221,BKN,IND
Shot Chart Detail,0021800471,404,201162,Jared Dudley,1610612751,Brooklyn Nets,3,4,30,Made Shot,Jump Shot,3PT Field Goal,Above the Break 3,Left Side Center(LC),24+ ft.,26,-122,236,1,1,20181221,BKN,IND
Shot Chart Detail,0021800471,466,201162,Jared Dudley,1610612751,Brooklyn Nets,3,0,0,Missed Shot,Jump Shot,2PT Field Goal,Mid-Range,Left Side Center(LC),16-24 ft.,20,-149,147,1,0,20181221,BKN,IND
Shot Chart Detail,0021800471,494,201162,Jared Dudley,1610612751,Brooklyn Nets,4,9,51,Missed Shot,Driving Floating Bank Jump Shot,2PT Field Goal,In The Paint (Non-RA),Center(C),Less Than 8 ft.,5,-51,29,1,0,20181221,BKN,IND
Shot Chart Detail,0021800471,560,201162,Jared Dudley,1610612751,Brooklyn Nets,4,5,58,Missed Shot,Jump Shot,3PT Field Goal,Above the Break 3,Right Side Center(RC),24+ ft.,30,153,260,1,0,20181221,BKN,IND
Shot Chart Detail,0021800489,136,201162,Jared Dudley,1610612751,Brooklyn Nets,1,2,11,Made Shot,Jump Shot,3PT Field Goal,Above the Break 3,Center(C),24+ ft.,25,30,258,1,1,20181223,BKN,PHX
Shot Chart Detail,0021800489,430,201162,Jared Dudley,1610612751,Brooklyn Nets,3,5,14,Missed Shot,Jump Shot,3PT Field Goal,Above the Break 3,Right Side Center(RC),24+ ft.,25,134,222,1,0,20181223,BKN,PHX
Shot Chart Detail,0021800489,446,201162,Jared Dudley,1610612751,Brooklyn Nets,3,4,50,Made Shot,Jump Shot,3PT Field Goal,Above the Break 3,Center(C),24+ ft.,25,51,250,1,1,20181223,BKN,PHX
Shot Chart Detail,0021800489,455,201162,Jared Dudley,1610612751,Brooklyn Nets,3,4,6,Missed Shot,Jump Shot,3PT Field Goal,Above the Break 3,Left Side Center(LC),24+ ft.,26,-112,242,1,0,20181223,BKN,PHX
Shot Chart Detail,0021800489,484,201162,Jared Dudley,1610612751,Brooklyn Nets,3,1,53,Made Shot,Driving Finger Roll Layup Shot,2PT Field Goal,Restricted Area,Center(C),Less Than 8 ft.,1,5,16,1,1,20181223,BKN,PHX
Shot Chart Detail,0021800505,121,201162,Jared Dudley,1610612751,Brooklyn Nets,1,2,51,Missed Shot,Jump Shot,3PT Field Goal,Above the Break 3,Right Side Center(RC),24+ ft.,24,101,227,1,0,20181226,BKN,CHA
Shot Chart Detail,0021800505,142,201162,Jared Dudley,1610612751,Brooklyn Nets,1,0,59,Missed Shot,Driving Floating Jump Shot,2PT Field Goal,Restricted Area,Center(C),Less Than 8 ft.,2,20,13,1,0,20181226,BKN,CHA
Shot Chart Detail,0021800505,558,201162,Jared Dudley,1610612751,Brooklyn Nets,4,6,58,Missed Shot,Jump Shot,3PT Field Goal,Above the Break 3,Right Side Center(RC),24+ ft.,24,134,209,1,0,20181226,BKN,CHA
Shot Chart Detail,0021800505,577,201162,Jared Dudley,1610612751,Brooklyn Nets,4,5,55,Made Shot,Jump Shot,3PT Field Goal,Above the Break 3,Left Side Center(LC),24+ ft.,24,-78,234,1,1,20181226,BKN,CHA
Shot Chart Detail,0021800505,793,201162,Jared Dudley,1610612751,Brooklyn Nets,6,3,27,Made Shot,Jump Shot,3PT Field Goal,Right Corner 3,Right Side(R),24+ ft.,23,236,21,1,1,20181226,BKN,CHA
Shot Chart Detail,0021800517,128,201162,Jared Dudley,1610612751,Brooklyn Nets,1,3,7,Missed Shot,Floating Jump shot,2PT Field Goal,In The Paint (Non-RA),Center(C),Less Than 8 ft.,6,-6,64,1,0,20181228,CHA,BKN
Shot Chart Detail,0021800517,244,201162,Jared Dudley,1610612751,Brooklyn Nets,2,6,4,Missed Shot,Jump Shot,3PT Field Goal,Above the Break 3,Center(C),24+ ft.,27,-7,277,1,0,20181228,CHA,BKN
Shot Chart Detail,0021800517,259,201162,Jared Dudley,1610612751,Brooklyn Nets,2,5,36,Missed Shot,Jump Shot,3PT Field Goal,Above the Break 3,Left Side Center(LC),24+ ft.,27,-103,252,1,0,20181228,CHA,BKN
Shot Chart Detail,0021800517,272,201162,Jared Dudley,1610612751,Brooklyn Nets,2,4,33,Made Shot,Driving Layup Shot,2PT Field Goal,Restricted Area,Center(C),Less Than 8 ft.,3,4,31,1,1,20181228,CHA,BKN
Shot Chart Detail,0021800517,475,201162,Jared Dudley,1610612751,Brooklyn Nets,3,1,38,Missed Shot,Layup Shot,2PT Field Goal,Restricted Area,Center(C),Less Than 8 ft.,1,5,14,1,0,20181228,CHA,BKN
Shot Chart Detail,0021800517,510,201162,Jared Dudley,1610612751,Brooklyn Nets,4,11,20,Missed Shot,Jump Shot,3PT Field Goal,Above the Break 3,Right Side Center(RC),24+ ft.,25,114,231,1,0,20181228,CHA,BKN
Shot Chart Detail,0021800517,574,201162,Jared Dudley,1610612751,Brooklyn Nets,4,6,21,Missed Shot,Jump Shot,3PT Field Goal,Above the Break 3,Right Side Center(RC),24+ ft.,26,185,193,1,0,20181228,CHA,BKN
Shot Chart Detail,0021800527,77,201162,Jared Dudley,1610612751,Brooklyn Nets,1,5,59,Missed Shot,Jump Shot,3PT Field Goal,Above the Break 3,Right Side Center(RC),24+ ft.,27,225,161,1,0,20181229,MIL,BKN
Shot Chart Detail,0021800527,290,201162,Jared Dudley,1610612751,Brooklyn Nets,2,3,42,Made Shot,Jump Shot,3PT Field Goal,Above the Break 3,Center(C),24+ ft.,27,45,272,1,1,20181229,MIL,BKN
Shot Chart Detail,0021800527,401,201162,Jared Dudley,1610612751,Brooklyn Nets,3,8,0,Missed Shot,Jump Shot,3PT Field Goal,Above the Break 3,Right Side Center(RC),24+ ft.,25,101,238,1,0,20181229,MIL,BKN
Shot Chart Detail,0021800527,484,201162,Jared Dudley,1610612751,Brooklyn Nets,3,2,22,Missed Shot,Jump Shot,3PT Field Goal,Above the Break 3,Center(C),24+ ft.,26,71,252,1,0,20181229,MIL,BKN
Shot Chart Detail,0021800527,620,201162,Jared Dudley,1610612751,Brooklyn Nets,4,5,34,Missed Shot,Jump Shot,3PT Field Goal,Above the Break 3,Right Side Center(RC),24+ ft.,25,102,232,1,0,20181229,MIL,BKN
Shot Chart Detail,0021800557,17,201162,Jared Dudley,1610612751,Brooklyn Nets,1,10,21,Made Shot,Jump Shot,3PT Field Goal,Above the Break 3,Right Side Center(RC),24+ ft.,24,116,216,1,1,20190102,BKN,NOP
Shot Chart Detail,0021800557,47,201162,Jared Dudley,1610612751,Brooklyn Nets,1,7,45,Made Shot,Driving Layup Shot,2PT Field Goal,Restricted Area,Center(C),Less Than 8 ft.,1,18,7,1,1,20190102,BKN,NOP
Shot Chart Detail,0021800557,324,201162,Jared Dudley,1610612751,Brooklyn Nets,3,10,16,Made Shot,Jump Shot,3PT Field Goal,Above the Break 3,Center(C),24+ ft.,25,-10,253,1,1,20190102,BKN,NOP
Shot Chart Detail,0021800557,357,201162,Jared Dudley,1610612751,Brooklyn Nets,3,7,30,Missed Shot,Driving Reverse Layup Shot,2PT Field Goal,Restricted Area,Center(C),Less Than 8 ft.,1,-9,16,1,0,20190102,BKN,NOP
Shot Chart Detail,0021800557,603,201162,Jared Dudley,1610612751,Brooklyn Nets,4,1,31,Missed Shot,Jump Shot,3PT Field Goal,Above the Break 3,Right Side Center(RC),24+ ft.,25,128,221,1,0,20190102,BKN,NOP
Shot Chart Detail,0021800570,23,201162,Jared Dudley,1610612751,Brooklyn Nets,1,10,16,Missed Shot,Cutting Layup Shot,2PT Field Goal,Restricted Area,Center(C),Less Than 8 ft.,0,-6,6,1,0,20190104,MEM,BKN
Shot Chart Detail,0021800570,46,201162,Jared Dudley,1610612751,Brooklyn Nets,1,7,28,Missed Shot,Driving Layup Shot,2PT Field Goal,Restricted Area,Center(C),Less Than 8 ft.,2,16,16,1,0,20190104,MEM,BKN
Shot Chart Detail,0021800570,374,201162,Jared Dudley,1610612751,Brooklyn Nets,3,7,32,Missed Shot,Jump Shot,3PT Field Goal,Above the Break 3,Right Side Center(RC),24+ ft.,25,145,211,1,0,20190104,MEM,BKN
Shot Chart Detail,0021800570,557,201162,Jared Dudley,1610612751,Brooklyn Nets,4,7,11,Missed Shot,Jump Shot,3PT Field Goal,Above the Break 3,Left Side Center(LC),24+ ft.,26,-122,232,1,0,20190104,MEM,BKN
Shot Chart Detail,0021800584,31,201162,Jared Dudley,1610612751,Brooklyn Nets,1,9,37,Made Shot,Jump Shot,3PT Field Goal,Above the Break 3,Left Side Center(LC),24+ ft.,25,-139,213,1,1,20190106,CHI,BKN
Shot Chart Detail,0021800584,42,201162,Jared Dudley,1610612751,Brooklyn Nets,1,8,12,Missed Shot,Jump Shot,3PT Field Goal,Right Corner 3,Right Side(R),24+ ft.,23,235,1,1,0,20190106,CHI,BKN
Shot Chart Detail,0021800584,276,201162,Jared Dudley,1610612751,Brooklyn Nets,2,2,25,Made Shot,Jump Shot,2PT Field Goal,Mid-Range,Right Side(R),16-24 ft.,20,206,5,1,1,20190106,CHI,BKN
Shot Chart Detail,0021800584,337,201162,Jared Dudley,1610612751,Brooklyn Nets,3,10,15,Made Shot,Jump Shot,3PT Field Goal,Above the Break 3,Center(C),24+ ft.,25,76,247,1,1,20190106,CHI,BKN
Shot Chart Detail,0021800584,593,201162,Jared Dudley,1610612751,Brooklyn Nets,4,1,12,Made Shot,Driving Finger Roll Layup Shot,2PT Field Goal,Restricted Area,Center(C),Less Than 8 ft.,1,4,17,1,1,20190106,CHI,BKN
Shot Chart Detail,0021800592,73,201162,Jared Dudley,1610612751,Brooklyn Nets,1,5,48,Missed Shot,Fadeaway Jump Shot,2PT Field Goal,Mid-Range,Left Side Center(LC),16-24 ft.,21,-148,157,1,0,20190107,BOS,BKN
Shot Chart Detail,0021800592,258,201162,Jared Dudley,1610612751,Brooklyn Nets,2,4,34,Missed Shot,Jump Shot,3PT Field Goal,Above the Break 3,Right Side Center(RC),24+ ft.,25,122,221,1,0,20190107,BOS,BKN
Shot Chart Detail,0021800592,313,201162,Jared Dudley,1610612751,Brooklyn Nets,2,0,44,Missed Shot,Jump Shot,3PT Field Goal,Above the Break 3,Right Side Center(RC),24+ ft.,25,196,163,1,0,20190107,BOS,BKN
Shot Chart Detail,0021800609,7,201162,Jared Dudley,1610612751,Brooklyn Nets,1,11,40,Missed Shot,Jump Shot,3PT Field Goal,Above the Break 3,Center(C),24+ ft.,25,62,243,1,0,20190109,BKN,ATL
Shot Chart Detail,0021800609,46,201162,Jared Dudley,1610612751,Brooklyn Nets,1,9,2,Missed Shot,Jump Shot,3PT Field Goal,Right Corner 3,Right Side(R),24+ ft.,23,232,1,1,0,20190109,BKN,ATL
Shot Chart Detail,0021800914,426,201162,Jared Dudley,1610612751,Brooklyn Nets,3,7,2,Missed Shot,Jump Shot,3PT Field Goal,Left Corner 3,Left Side(L),24+ ft.,23,-232,-13,1,0,20190227,BKN,WAS
Shot Chart Detail,0021800914,455,201162,Jared Dudley,1610612751,Brooklyn Nets,3,5,35,Made Shot,Pullup Jump shot,2PT Field Goal,In The Paint (Non-RA),Center(C),Less Than 8 ft.,6,16,67,1,1,20190227,BKN,WAS
Shot Chart Detail,0021800914,701,201162,Jared Dudley,1610612751,Brooklyn Nets,4,2,17,Made Shot,Pullup Jump shot,3PT Field Goal,Above the Break 3,Right Side Center(RC),24+ ft.,24,179,171,1,1,20190227,BKN,WAS
Shot Chart Detail,0021800937,501,201162,Jared Dudley,1610612751,Brooklyn Nets,4,11,37,Missed Shot,Driving Layup Shot,2PT Field Goal,Restricted Area,Center(C),Less Than 8 ft.,1,10,8,1,0,20190302,MIA,BKN
Shot Chart Detail,0021801003,475,201162,Jared Dudley,1610612751,Brooklyn Nets,3,1,5,Missed Shot,Jump Shot,3PT Field Goal,Above the Break 3,Right Side Center(RC),24+ ft.,25,115,229,1,0,20190311,BKN,DET
Shot Chart Detail,0021801003,640,201162,Jared Dudley,1610612751,Brooklyn Nets,4,1,2,Missed Shot,Jump Shot,3PT Field Goal,Above the Break 3,Right Side Center(RC),24+ ft.,25,109,227,1,0,20190311,BKN,DET
Shot Chart Detail,0021801017,167,201162,Jared Dudley,1610612751,Brooklyn Nets,2,10,37,Made Shot,Running Jump Shot,3PT Field Goal,Above the Break 3,Right Side Center(RC),24+ ft.,24,128,214,1,1,20190313,OKC,BKN
Shot Chart Detail,0021801017,231,201162,Jared Dudley,1610612751,Brooklyn Nets,2,5,36,Missed Shot,Driving Layup Shot,2PT Field Goal,Restricted Area,Center(C),Less Than 8 ft.,3,-14,37,1,0,20190313,OKC,BKN
Shot Chart Detail,0021801017,473,201162,Jared Dudley,1610612751,Brooklyn Nets,3,2,1,Made Shot,Jump Shot,3PT Field Goal,Right Corner 3,Right Side(R),24+ ft.,23,230,5,1,1,20190313,OKC,BKN
Shot Chart Detail,0021801063,586,201162,Jared Dudley,1610612751,Brooklyn Nets,4,6,37,Missed Shot,Driving Layup Shot,2PT Field Goal,Restricted Area,Center(C),Less Than 8 ft.,3,21,28,1,0,20190319,SAC,BKN
Shot Chart Detail,0021801063,601,201162,Jared Dudley,1610612751,Brooklyn Nets,4,5,59,Made Shot,Jump Shot,3PT Field Goal,Above the Break 3,Left Side Center(LC),24+ ft.,25,-101,239,1,1,20190319,SAC,BKN
Shot Chart Detail,0021801063,648,201162,Jared Dudley,1610612751,Brooklyn Nets,4,2,23,Missed Shot,Running Layup Shot,2PT Field Goal,Restricted Area,Center(C),Less Than 8 ft.,1,-3,17,1,0,20190319,SAC,BKN
Shot Chart Detail,0021801063,668,201162,Jared Dudley,1610612751,Brooklyn Nets,4,1,11,Made Shot,Jump Shot,3PT Field Goal,Above the Break 3,Center(C),24+ ft.,25,8,257,1,1,20190319,SAC,BKN
Shot Chart Detail,0021801086,583,201162,Jared Dudley,1610612751,Brooklyn Nets,4,9,15,Missed Shot,Jump Shot,3PT Field Goal,Above the Break 3,Right Side Center(RC),24+ ft.,26,123,233,1,0,20190322,LAL,BKN
Shot Chart Detail,0021801106,115,201162,Jared Dudley,1610612751,Brooklyn Nets,1,3,10,Missed Shot,Jump Shot,2PT Field Goal,Mid-Range,Left Side(L),16-24 ft.,20,-201,21,1,0,20190325,POR,BKN
Shot Chart Detail,0021801106,122,201162,Jared Dudley,1610612751,Brooklyn Nets,1,2,15,Made Shot,Driving Layup Shot,2PT Field Goal,Restricted Area,Center(C),Less Than 8 ft.,0,0,4,1,1,20190325,POR,BKN
Shot Chart Detail,0021801106,136,201162,Jared Dudley,1610612751,Brooklyn Nets,1,1,21,Made Shot,Driving Layup Shot,2PT Field Goal,Restricted Area,Center(C),Less Than 8 ft.,0,3,0,1,1,20190325,POR,BKN
Shot Chart Detail,0021801106,172,201162,Jared Dudley,1610612751,Brooklyn Nets,2,11,17,Made Shot,Jump Shot,3PT Field Goal,Above the Break 3,Right Side Center(RC),24+ ft.,25,206,143,1,1,20190325,POR,BKN
Shot Chart Detail,0021801106,431,201162,Jared Dudley,1610612751,Brooklyn Nets,3,4,1,Made Shot,Jump Shot,3PT Field Goal,Above the Break 3,Right Side Center(RC),24+ ft.,25,138,214,1,1,20190325,POR,BKN
Shot Chart Detail,0021801106,502,201162,Jared Dudley,1610612751,Brooklyn Nets,4,10,11,Made Shot,Jump Shot,2PT Field Goal,Mid-Range,Center(C),8-16 ft.,15,1,152,1,1,20190325,POR,BKN
Shot Chart Detail,0021801106,689,201162,Jared Dudley,1610612751,Brooklyn Nets,5,2,35,Missed Shot,Jump Shot,3PT Field Goal,Above the Break 3,Center(C),24+ ft.,26,63,256,1,0,20190325,POR,BKN
Shot Chart Detail,0021801106,788,201162,Jared Dudley,1610612751,Brooklyn Nets,6,0,57,Made Shot,Cutting Layup Shot,2PT Field Goal,Restricted Area,Center(C),Less Than 8 ft.,0,-3,5,1,1,20190325,POR,BKN
Shot Chart Detail,0021801123,499,201162,Jared Dudley,1610612751,Brooklyn Nets,3,1,34,Made Shot,Jump Shot,3PT Field Goal,Above the Break 3,Center(C),24+ ft.,26,71,259,1,1,20190328,PHI,BKN
Shot Chart Detail,0021801137,84,201162,Jared Dudley,1610612751,Brooklyn Nets,1,5,44,Made Shot,Jump Shot,3PT Field Goal,Left Corner 3,Left Side(L),24+ ft.,22,-226,-17,1,1,20190330,BKN,BOS
Shot Chart Detail,0021801137,170,201162,Jared Dudley,1610612751,Brooklyn Nets,1,0,1,Missed Shot,Jump Shot,3PT Field Goal,Above the Break 3,Center(C),24+ ft.,25,30,251,1,0,20190330,BKN,BOS
Shot Chart Detail,0021801137,453,201162,Jared Dudley,1610612751,Brooklyn Nets,3,3,2,Missed Shot,Jump Shot,3PT Field Goal,Left Corner 3,Left Side(L),24+ ft.,22,-229,-1,1,0,20190330,BKN,BOS
Shot Chart Detail,0021801137,566,201162,Jared Dudley,1610612751,Brooklyn Nets,4,8,7,Made Shot,Jump Shot,3PT Field Goal,Above the Break 3,Center(C),24+ ft.,26,-79,248,1,1,20190330,BKN,BOS
Shot Chart Detail,0021801154,115,201162,Jared Dudley,1610612751,Brooklyn Nets,1,3,49,Missed Shot,Driving Layup Shot,2PT Field Goal,Restricted Area,Center(C),Less Than 8 ft.,3,39,5,1,0,20190401,BKN,MIL
Shot Chart Detail,0021801154,266,201162,Jared Dudley,1610612751,Brooklyn Nets,2,6,51,Missed Shot,Driving Reverse Layup Shot,2PT Field Goal,Restricted Area,Center(C),Less Than 8 ft.,3,-32,21,1,0,20190401,BKN,MIL
Shot Chart Detail,0021801154,526,201162,Jared Dudley,1610612751,Brooklyn Nets,3,5,33,Made Shot,Jump Shot,2PT Field Goal,Mid-Range,Right Side(R),8-16 ft.,15,120,94,1,1,20190401,BKN,MIL
Shot Chart Detail,0021801154,586,201162,Jared Dudley,1610612751,Brooklyn Nets,3,1,56,Missed Shot,Jump Shot,3PT Field Goal,Above the Break 3,Right Side Center(RC),24+ ft.,25,108,227,1,0,20190401,BKN,MIL
Shot Chart Detail,0021801154,632,201162,Jared Dudley,1610612751,Brooklyn Nets,4,10,46,Missed Shot,Jump Shot,3PT Field Goal,Above the Break 3,Right Side Center(RC),24+ ft.,26,182,190,1,0,20190401,BKN,MIL
Shot Chart Detail,0021801154,637,201162,Jared Dudley,1610612751,Brooklyn Nets,4,10,28,Missed Shot,Jump Shot,3PT Field Goal,Right Corner 3,Right Side(R),24+ ft.,24,239,68,1,0,20190401,BKN,MIL
Shot Chart Detail,0021801169,159,201162,Jared Dudley,1610612751,Brooklyn Nets,1,0,33,Made Shot,Tip Layup Shot,2PT Field Goal,Restricted Area,Center(C),Less Than 8 ft.,0,0,-6,1,1,20190403,BKN,TOR
Shot Chart Detail,0021801169,557,201162,Jared Dudley,1610612751,Brooklyn Nets,4,5,29,Made Shot,Pullup Jump shot,2PT Field Goal,Mid-Range,Center(C),16-24 ft.,19,-9,197,1,1,20190403,BKN,TOR
Shot Chart Detail,0021801193,107,201162,Jared Dudley,1610612751,Brooklyn Nets,1,4,2,Missed Shot,Jump Shot,3PT Field Goal,Above the Break 3,Right Side Center(RC),24+ ft.,26,139,230,1,0,20190406,MIL,BKN
Shot Chart Detail,0021801193,315,201162,Jared Dudley,1610612751,Brooklyn Nets,2,0,57,Missed Shot,Putback Layup Shot,2PT Field Goal,Restricted Area,Center(C),Less Than 8 ft.,1,3,11,1,0,20190406,MIL,BKN
Shot Chart Detail,0021801193,422,201162,Jared Dudley,1610612751,Brooklyn Nets,3,6,48,Made Shot,Jump Shot,3PT Field Goal,Left Corner 3,Left Side(L),24+ ft.,23,-237,12,1,1,20190406,MIL,BKN
Shot Chart Detail,0021801193,447,201162,Jared Dudley,1610612751,Brooklyn Nets,3,5,19,Made Shot,Jump Shot,3PT Field Goal,Above the Break 3,Right Side Center(RC),24+ ft.,25,105,236,1,1,20190406,MIL,BKN
Shot Chart Detail,0021801193,481,201162,Jared Dudley,1610612751,Brooklyn Nets,3,2,58,Made Shot,Tip Layup Shot,2PT Field Goal,Restricted Area,Center(C),Less Than 8 ft.,0,0,-6,1,1,20190406,MIL,BKN
Shot Chart Detail,0021801193,637,201162,Jared Dudley,1610612751,Brooklyn Nets,4,3,21,Made Shot,Reverse Layup Shot,2PT Field Goal,Restricted Area,Center(C),Less Than 8 ft.,2,3,27,1,1,20190406,MIL,BKN
Shot Chart Detail,0021801193,642,201162,Jared Dudley,1610612751,Brooklyn Nets,4,2,49,Missed Shot,Jump Shot,3PT Field Goal,Above the Break 3,Right Side Center(RC),24+ ft.,26,157,215,1,0,20190406,MIL,BKN
Shot Chart Detail,0021801193,658,201162,Jared Dudley,1610612751,Brooklyn Nets,4,1,40,Missed Shot,Jump Shot,2PT Field Goal,Mid-Range,Right Side(R),16-24 ft.,19,196,33,1,0,20190406,MIL,BKN
Shot Chart Detail,0021801199,143,201162,Jared Dudley,1610612751,Brooklyn Nets,1,0,37,Made Shot,Jump Shot,3PT Field Goal,Above the Break 3,Left Side Center(LC),24+ ft.,28,-104,265,1,1,20190407,IND,BKN
Shot Chart Detail,0021801199,159,201162,Jared Dudley,1610612751,Brooklyn Nets,2,11,11,Missed Shot,Jump Shot,3PT Field Goal,Above the Break 3,Center(C),24+ ft.,28,-2,284,1,0,20190407,IND,BKN
Shot Chart Detail,0021801199,201,201162,Jared Dudley,1610612751,Brooklyn Nets,2,7,59,Missed Shot,Jump Shot,3PT Field Goal,Above the Break 3,Center(C),24+ ft.,29,-12,293,1,0,20190407,IND,BKN
Shot Chart Detail,0021801199,423,201162,Jared Dudley,1610612751,Brooklyn Nets,3,3,34,Missed Shot,Jump Shot,3PT Field Goal,Above the Break 3,Right Side Center(RC),24+ ft.,26,172,198,1,0,20190407,IND,BKN
Shot Chart Detail,0021801199,446,201162,Jared Dudley,1610612751,Brooklyn Nets,3,1,38,Made Shot,Jump Shot,3PT Field Goal,Above the Break 3,Center(C),24+ ft.,25,-20,253,1,1,20190407,IND,BKN
Shot Chart Detail,0021801199,449,201162,Jared Dudley,1610612751,Brooklyn Nets,3,1,4,Missed Shot,Jump Shot,3PT Field Goal,Above the Break 3,Right Side Center(RC),24+ ft.,27,133,240,1,0,20190407,IND,BKN
