GRID_TYPE,GAME_ID,GAME_EVENT_ID,PLAYER_ID,PLAYER_NAME,TEAM_ID,TEAM_NAME,PERIOD,MINUTES_REMAINING,SECONDS_REMAINING,EVENT_TYPE,ACTION_TYPE,SHOT_TYPE,SHOT_ZONE_BASIC,SHOT_ZONE_AREA,SHOT_ZONE_RANGE,SHOT_DISTANCE,LOC_X,LOC_Y,SHOT_ATTEMPTED_FLAG,SHOT_MADE_FLAG,GAME_DATE,HTM,VTM
Shot Chart Detail,0021800010,552,201229,Anthony Tolliver,1610612750,Minnesota Timberwolves,4,8,17,Missed Shot,Layup Shot,2PT Field Goal,Restricted Area,Center(C),Less Than 8 ft.,1,0,16,1,0,20181017,SAS,MIN
Shot Chart Detail,0021800021,117,201229,Anthony Tolliver,1610612750,Minnesota Timberwolves,1,1,14,Made Shot,Jump Shot,3PT Field Goal,Above the Break 3,Left Side Center(LC),24+ ft.,24,-169,174,1,1,20181019,MIN,CLE
Shot Chart Detail,0021800021,162,201229,Anthony Tolliver,1610612750,Minnesota Timberwolves,2,10,53,Missed Shot,Jump Shot,3PT Field Goal,Above the Break 3,Right Side Center(RC),24+ ft.,26,155,209,1,0,20181019,MIN,CLE
Shot Chart Detail,0021800021,197,201229,Anthony Tolliver,1610612750,Minnesota Timberwolves,2,7,41,Missed Shot,Jump Shot,3PT Field Goal,Above the Break 3,Right Side Center(RC),24+ ft.,24,157,192,1,0,20181019,MIN,CLE
Shot Chart Detail,0021800021,236,201229,Anthony Tolliver,1610612750,Minnesota Timberwolves,2,5,22,Missed Shot,Jump Shot,3PT Field Goal,Left Corner 3,Left Side(L),24+ ft.,22,-221,5,1,0,20181019,MIN,CLE
Shot Chart Detail,0021800021,244,201229,Anthony Tolliver,1610612750,Minnesota Timberwolves,2,4,30,Missed Shot,Jump Shot,3PT Field Goal,Above the Break 3,Right Side Center(RC),24+ ft.,26,147,220,1,0,20181019,MIN,CLE
Shot Chart Detail,0021800021,247,201229,Anthony Tolliver,1610612750,Minnesota Timberwolves,2,4,15,Made Shot,Jump Shot,3PT Field Goal,Above the Break 3,Right Side Center(RC),24+ ft.,25,179,179,1,1,20181019,MIN,CLE
Shot Chart Detail,0021800021,478,201229,Anthony Tolliver,1610612750,Minnesota Timberwolves,3,1,28,Made Shot,Jump Shot,3PT Field Goal,Above the Break 3,Left Side Center(LC),24+ ft.,28,-99,263,1,1,20181019,MIN,CLE
Shot Chart Detail,0021800032,193,201229,Anthony Tolliver,1610612750,Minnesota Timberwolves,2,10,52,Missed Shot,Jump Shot,3PT Field Goal,Above the Break 3,Right Side Center(RC),24+ ft.,25,143,213,1,0,20181020,DAL,MIN
Shot Chart Detail,0021800032,242,201229,Anthony Tolliver,1610612750,Minnesota Timberwolves,2,8,21,Made Shot,Jump Shot,3PT Field Goal,Right Corner 3,Right Side(R),24+ ft.,22,226,17,1,1,20181020,DAL,MIN
Shot Chart Detail,0021800032,581,201229,Anthony Tolliver,1610612750,Minnesota Timberwolves,4,11,35,Made Shot,Running Pull-Up Jump Shot,3PT Field Goal,Right Corner 3,Right Side(R),24+ ft.,24,231,74,1,1,20181020,DAL,MIN
Shot Chart Detail,0021800032,585,201229,Anthony Tolliver,1610612750,Minnesota Timberwolves,4,11,3,Missed Shot,Jump Shot,3PT Field Goal,Right Corner 3,Right Side(R),24+ ft.,24,230,83,1,0,20181020,DAL,MIN
Shot Chart Detail,0021800043,123,201229,Anthony Tolliver,1610612750,Minnesota Timberwolves,1,3,4,Missed Shot,Jump Shot,3PT Field Goal,Above the Break 3,Center(C),24+ ft.,24,-47,241,1,0,20181022,MIN,IND
Shot Chart Detail,0021800043,146,201229,Anthony Tolliver,1610612750,Minnesota Timberwolves,1,1,58,Missed Shot,Jump Shot,3PT Field Goal,Above the Break 3,Right Side Center(RC),24+ ft.,25,100,235,1,0,20181022,MIN,IND
Shot Chart Detail,0021800043,485,201229,Anthony Tolliver,1610612750,Minnesota Timberwolves,3,1,16,Missed Shot,Jump Shot,3PT Field Goal,Above the Break 3,Right Side Center(RC),24+ ft.,25,118,223,1,0,20181022,MIN,IND
Shot Chart Detail,0021800043,540,201229,Anthony Tolliver,1610612750,Minnesota Timberwolves,4,9,12,Made Shot,Jump Shot,3PT Field Goal,Above the Break 3,Right Side Center(RC),24+ ft.,24,125,215,1,1,20181022,MIN,IND
Shot Chart Detail,0021800055,146,201229,Anthony Tolliver,1610612750,Minnesota Timberwolves,1,0,51,Made Shot,Jump Shot,3PT Field Goal,Above the Break 3,Right Side Center(RC),24+ ft.,25,139,210,1,1,20181024,TOR,MIN
Shot Chart Detail,0021800055,166,201229,Anthony Tolliver,1610612750,Minnesota Timberwolves,2,11,20,Made Shot,Jump Shot,3PT Field Goal,Above the Break 3,Right Side Center(RC),24+ ft.,25,160,199,1,1,20181024,TOR,MIN
Shot Chart Detail,0021800055,459,201229,Anthony Tolliver,1610612750,Minnesota Timberwolves,3,2,5,Missed Shot,Jump Shot,3PT Field Goal,Right Corner 3,Right Side(R),24+ ft.,22,228,2,1,0,20181024,TOR,MIN
Shot Chart Detail,0021800055,593,201229,Anthony Tolliver,1610612750,Minnesota Timberwolves,4,3,15,Made Shot,Jump Shot,3PT Field Goal,Left Corner 3,Left Side(L),24+ ft.,22,-229,4,1,1,20181024,TOR,MIN
Shot Chart Detail,0021800055,602,201229,Anthony Tolliver,1610612750,Minnesota Timberwolves,4,2,24,Missed Shot,Jump Shot,3PT Field Goal,Above the Break 3,Center(C),24+ ft.,27,74,268,1,0,20181024,TOR,MIN
Shot Chart Detail,0021800071,87,201229,Anthony Tolliver,1610612750,Minnesota Timberwolves,1,5,30,Missed Shot,Jump Shot,3PT Field Goal,Above the Break 3,Right Side Center(RC),24+ ft.,24,173,173,1,0,20181026,MIN,MIL
Shot Chart Detail,0021800071,132,201229,Anthony Tolliver,1610612750,Minnesota Timberwolves,1,1,52,Missed Shot,Jump Shot,3PT Field Goal,Above the Break 3,Right Side Center(RC),24+ ft.,25,214,133,1,0,20181026,MIN,MIL
Shot Chart Detail,0021800071,166,201229,Anthony Tolliver,1610612750,Minnesota Timberwolves,2,11,37,Made Shot,Jump Shot,3PT Field Goal,Above the Break 3,Center(C),24+ ft.,29,-84,278,1,1,20181026,MIN,MIL
Shot Chart Detail,0021800071,170,201229,Anthony Tolliver,1610612750,Minnesota Timberwolves,2,11,11,Made Shot,Jump Shot,2PT Field Goal,Mid-Range,Right Side(R),16-24 ft.,22,199,104,1,1,20181026,MIN,MIL
Shot Chart Detail,0021800071,275,201229,Anthony Tolliver,1610612750,Minnesota Timberwolves,2,3,39,Made Shot,Jump Shot,3PT Field Goal,Above the Break 3,Right Side Center(RC),24+ ft.,27,107,249,1,1,20181026,MIN,MIL
Shot Chart Detail,0021800071,306,201229,Anthony Tolliver,1610612750,Minnesota Timberwolves,2,1,40,Missed Shot,Jump Shot,3PT Field Goal,Left Corner 3,Left Side(L),24+ ft.,23,-231,26,1,0,20181026,MIN,MIL
Shot Chart Detail,0021800071,565,201229,Anthony Tolliver,1610612750,Minnesota Timberwolves,4,7,43,Made Shot,Jump Shot,3PT Field Goal,Above the Break 3,Left Side Center(LC),24+ ft.,25,-178,179,1,1,20181026,MIN,MIL
Shot Chart Detail,0021800071,571,201229,Anthony Tolliver,1610612750,Minnesota Timberwolves,4,7,22,Missed Shot,Tip Layup Shot,2PT Field Goal,Restricted Area,Center(C),Less Than 8 ft.,0,0,-6,1,0,20181026,MIN,MIL
Shot Chart Detail,0021800071,620,201229,Anthony Tolliver,1610612750,Minnesota Timberwolves,4,4,29,Missed Shot,Jump Shot,3PT Field Goal,Above the Break 3,Left Side Center(LC),24+ ft.,24,-169,177,1,0,20181026,MIN,MIL
Shot Chart Detail,0021800093,219,201229,Anthony Tolliver,1610612750,Minnesota Timberwolves,2,9,31,Made Shot,Jump Shot,3PT Field Goal,Right Corner 3,Right Side(R),24+ ft.,22,226,-3,1,1,20181029,MIN,LAL
Shot Chart Detail,0021800093,243,201229,Anthony Tolliver,1610612750,Minnesota Timberwolves,2,7,48,Made Shot,Running Dunk Shot,2PT Field Goal,Restricted Area,Center(C),Less Than 8 ft.,0,1,8,1,1,20181029,MIN,LAL
Shot Chart Detail,0021800093,538,201229,Anthony Tolliver,1610612750,Minnesota Timberwolves,3,2,2,Made Shot,Dunk Shot,2PT Field Goal,Restricted Area,Center(C),Less Than 8 ft.,1,3,15,1,1,20181029,MIN,LAL
Shot Chart Detail,0021800093,569,201229,Anthony Tolliver,1610612750,Minnesota Timberwolves,4,11,21,Made Shot,Pullup Jump shot,3PT Field Goal,Above the Break 3,Right Side Center(RC),24+ ft.,25,166,189,1,1,20181029,MIN,LAL
Shot Chart Detail,0021800107,226,201229,Anthony Tolliver,1610612750,Minnesota Timberwolves,2,6,51,Missed Shot,Jump Shot,3PT Field Goal,Above the Break 3,Right Side Center(RC),24+ ft.,23,220,90,1,0,20181031,MIN,UTA
Shot Chart Detail,0021800107,316,201229,Anthony Tolliver,1610612750,Minnesota Timberwolves,2,2,24,Made Shot,Jump Shot,3PT Field Goal,Above the Break 3,Right Side Center(RC),24+ ft.,23,188,149,1,1,20181031,MIN,UTA
Shot Chart Detail,0021800124,144,201229,Anthony Tolliver,1610612750,Minnesota Timberwolves,1,0,27,Missed Shot,Jump Shot,3PT Field Goal,Right Corner 3,Right Side(R),24+ ft.,22,224,4,1,0,20181102,GSW,MIN
Shot Chart Detail,0021800124,181,201229,Anthony Tolliver,1610612750,Minnesota Timberwolves,2,10,36,Missed Shot,Jump Shot,3PT Field Goal,Right Corner 3,Right Side(R),24+ ft.,22,224,20,1,0,20181102,GSW,MIN
Shot Chart Detail,0021800124,243,201229,Anthony Tolliver,1610612750,Minnesota Timberwolves,2,5,37,Missed Shot,Jump Shot,3PT Field Goal,Right Corner 3,Right Side(R),24+ ft.,23,235,8,1,0,20181102,GSW,MIN
Shot Chart Detail,0021800124,424,201229,Anthony Tolliver,1610612750,Minnesota Timberwolves,3,3,55,Made Shot,Jump Shot,3PT Field Goal,Above the Break 3,Left Side Center(LC),24+ ft.,27,-132,237,1,1,20181102,GSW,MIN
Shot Chart Detail,0021800124,552,201229,Anthony Tolliver,1610612750,Minnesota Timberwolves,4,7,13,Missed Shot,Jump Shot,3PT Field Goal,Above the Break 3,Left Side Center(LC),24+ ft.,27,-188,196,1,0,20181102,GSW,MIN
Shot Chart Detail,0021800138,150,201229,Anthony Tolliver,1610612750,Minnesota Timberwolves,1,1,7,Made Shot,Tip Layup Shot,2PT Field Goal,Restricted Area,Center(C),Less Than 8 ft.,0,0,-6,1,1,20181104,POR,MIN
Shot Chart Detail,0021800138,169,201229,Anthony Tolliver,1610612750,Minnesota Timberwolves,1,0,0,Missed Shot,Jump Shot,3PT Field Goal,Left Corner 3,Left Side(L),24+ ft.,22,-225,3,1,0,20181104,POR,MIN
Shot Chart Detail,0021800138,447,201229,Anthony Tolliver,1610612750,Minnesota Timberwolves,3,3,37,Missed Shot,Jump Shot,3PT Field Goal,Right Corner 3,Right Side(R),24+ ft.,23,227,58,1,0,20181104,POR,MIN
Shot Chart Detail,0021800138,470,201229,Anthony Tolliver,1610612750,Minnesota Timberwolves,3,1,35,Missed Shot,Jump Shot,3PT Field Goal,Right Corner 3,Right Side(R),24+ ft.,23,228,37,1,0,20181104,POR,MIN
Shot Chart Detail,0021800138,474,201229,Anthony Tolliver,1610612750,Minnesota Timberwolves,3,1,3,Missed Shot,Jump Shot,3PT Field Goal,Right Corner 3,Right Side(R),24+ ft.,22,227,34,1,0,20181104,POR,MIN
Shot Chart Detail,0021800138,525,201229,Anthony Tolliver,1610612750,Minnesota Timberwolves,4,9,51,Made Shot,Jump Shot,3PT Field Goal,Above the Break 3,Left Side Center(LC),24+ ft.,26,-160,207,1,1,20181104,POR,MIN
Shot Chart Detail,0021800162,144,201229,Anthony Tolliver,1610612750,Minnesota Timberwolves,1,1,21,Missed Shot,Jump Shot,3PT Field Goal,Left Corner 3,Left Side(L),24+ ft.,23,-236,28,1,0,20181107,LAL,MIN
Shot Chart Detail,0021800162,450,201229,Anthony Tolliver,1610612750,Minnesota Timberwolves,3,0,10,Made Shot,Jump Shot,3PT Field Goal,Left Corner 3,Left Side(L),24+ ft.,22,-227,30,1,1,20181107,LAL,MIN
Shot Chart Detail,0021800173,176,201229,Anthony Tolliver,1610612750,Minnesota Timberwolves,2,11,5,Missed Shot,Jump Shot,3PT Field Goal,Left Corner 3,Left Side(L),24+ ft.,22,-224,26,1,0,20181109,SAC,MIN
Shot Chart Detail,0021800173,575,201229,Anthony Tolliver,1610612750,Minnesota Timberwolves,4,9,53,Missed Shot,Jump Shot,3PT Field Goal,Above the Break 3,Left Side Center(LC),24+ ft.,24,-223,101,1,0,20181109,SAC,MIN
Shot Chart Detail,0021800173,592,201229,Anthony Tolliver,1610612750,Minnesota Timberwolves,4,8,39,Made Shot,Jump Shot,3PT Field Goal,Left Corner 3,Left Side(L),24+ ft.,22,-228,0,1,1,20181109,SAC,MIN
Shot Chart Detail,0021800173,650,201229,Anthony Tolliver,1610612750,Minnesota Timberwolves,4,4,31,Made Shot,Jump Shot,3PT Field Goal,Above the Break 3,Left Side Center(LC),24+ ft.,24,-215,120,1,1,20181109,SAC,MIN
Shot Chart Detail,0021800173,708,201229,Anthony Tolliver,1610612750,Minnesota Timberwolves,4,0,30,Missed Shot,Jump Shot,3PT Field Goal,Above the Break 3,Left Side Center(LC),24+ ft.,24,-143,201,1,0,20181109,SAC,MIN
Shot Chart Detail,0021800195,133,201229,Anthony Tolliver,1610612750,Minnesota Timberwolves,1,2,14,Missed Shot,Jump Shot,3PT Field Goal,Above the Break 3,Right Side Center(RC),24+ ft.,25,96,232,1,0,20181112,MIN,BKN
Shot Chart Detail,0021800195,530,201229,Anthony Tolliver,1610612750,Minnesota Timberwolves,4,11,43,Missed Shot,Jump Shot,3PT Field Goal,Right Corner 3,Right Side(R),24+ ft.,24,235,57,1,0,20181112,MIN,BKN
Shot Chart Detail,0021800195,554,201229,Anthony Tolliver,1610612750,Minnesota Timberwolves,4,10,9,Missed Shot,Jump Shot,3PT Field Goal,Above the Break 3,Left Side Center(LC),24+ ft.,24,-93,226,1,0,20181112,MIN,BKN
Shot Chart Detail,0021800195,585,201229,Anthony Tolliver,1610612750,Minnesota Timberwolves,4,8,12,Made Shot,Jump Shot,3PT Field Goal,Above the Break 3,Center(C),24+ ft.,25,30,250,1,1,20181112,MIN,BKN
Shot Chart Detail,0021800311,595,201229,Anthony Tolliver,1610612750,Minnesota Timberwolves,4,2,54,Missed Shot,Jump Shot,3PT Field Goal,Above the Break 3,Left Side Center(LC),24+ ft.,24,-158,187,1,0,20181128,MIN,SAS
Shot Chart Detail,0021800311,617,201229,Anthony Tolliver,1610612750,Minnesota Timberwolves,4,1,44,Made Shot,Jump Shot,3PT Field Goal,Above the Break 3,Right Side Center(RC),24+ ft.,27,192,201,1,1,20181128,MIN,SAS
Shot Chart Detail,0021800435,160,201229,Anthony Tolliver,1610612750,Minnesota Timberwolves,1,1,9,Missed Shot,Running Jump Shot,3PT Field Goal,Above the Break 3,Center(C),24+ ft.,24,-49,245,1,0,20181215,PHX,MIN
Shot Chart Detail,0021800446,631,201229,Anthony Tolliver,1610612750,Minnesota Timberwolves,4,5,20,Missed Shot,Layup Shot,2PT Field Goal,Restricted Area,Center(C),Less Than 8 ft.,2,-18,15,1,0,20181217,MIN,SAC
Shot Chart Detail,0021800446,648,201229,Anthony Tolliver,1610612750,Minnesota Timberwolves,4,4,9,Missed Shot,Jump Shot,3PT Field Goal,Above the Break 3,Right Side Center(RC),24+ ft.,24,216,112,1,0,20181217,MIN,SAC
Shot Chart Detail,0021800446,678,201229,Anthony Tolliver,1610612750,Minnesota Timberwolves,4,2,7,Made Shot,Jump Shot,2PT Field Goal,Mid-Range,Right Side Center(RC),16-24 ft.,18,67,172,1,1,20181217,MIN,SAC
Shot Chart Detail,0021800446,690,201229,Anthony Tolliver,1610612750,Minnesota Timberwolves,4,1,8,Missed Shot,Jump Shot,3PT Field Goal,Above the Break 3,Right Side Center(RC),24+ ft.,24,193,153,1,0,20181217,MIN,SAC
Shot Chart Detail,0021800446,696,201229,Anthony Tolliver,1610612750,Minnesota Timberwolves,4,0,51,Made Shot,Dunk Shot,2PT Field Goal,Restricted Area,Center(C),Less Than 8 ft.,1,2,17,1,1,20181217,MIN,SAC
Shot Chart Detail,0021800446,702,201229,Anthony Tolliver,1610612750,Minnesota Timberwolves,4,0,25,Made Shot,Jump Shot,3PT Field Goal,Above the Break 3,Center(C),24+ ft.,27,-6,274,1,1,20181217,MIN,SAC
Shot Chart Detail,0021800463,735,201229,Anthony Tolliver,1610612750,Minnesota Timberwolves,5,0,7,Missed Shot,Turnaround Jump Shot,3PT Field Goal,Above the Break 3,Center(C),24+ ft.,26,-39,264,1,0,20181219,MIN,DET
Shot Chart Detail,0021800475,644,201229,Anthony Tolliver,1610612750,Minnesota Timberwolves,4,0,44,Missed Shot,Jump Shot,3PT Field Goal,Above the Break 3,Left Side Center(LC),24+ ft.,27,-161,220,1,0,20181221,SAS,MIN
Shot Chart Detail,0021800558,135,201229,Anthony Tolliver,1610612750,Minnesota Timberwolves,1,0,33,Made Shot,Jump Shot,3PT Field Goal,Above the Break 3,Right Side Center(RC),24+ ft.,26,195,173,1,1,20190102,BOS,MIN
Shot Chart Detail,0021800558,153,201229,Anthony Tolliver,1610612750,Minnesota Timberwolves,2,10,57,Missed Shot,Jump Shot,3PT Field Goal,Above the Break 3,Left Side Center(LC),24+ ft.,25,-162,198,1,0,20190102,BOS,MIN
Shot Chart Detail,0021800558,250,201229,Anthony Tolliver,1610612750,Minnesota Timberwolves,2,4,19,Missed Shot,Jump Shot,3PT Field Goal,Above the Break 3,Right Side Center(RC),24+ ft.,25,218,132,1,0,20190102,BOS,MIN
Shot Chart Detail,0021800558,479,201229,Anthony Tolliver,1610612750,Minnesota Timberwolves,4,9,29,Missed Shot,Jump Shot,3PT Field Goal,Left Corner 3,Left Side(L),24+ ft.,24,-240,59,1,0,20190102,BOS,MIN
Shot Chart Detail,0021800558,505,201229,Anthony Tolliver,1610612750,Minnesota Timberwolves,4,7,5,Missed Shot,Jump Shot,3PT Field Goal,Right Corner 3,Right Side(R),24+ ft.,22,226,18,1,0,20190102,BOS,MIN
Shot Chart Detail,0021800558,542,201229,Anthony Tolliver,1610612750,Minnesota Timberwolves,4,4,13,Missed Shot,Jump Shot,3PT Field Goal,Right Corner 3,Right Side(R),24+ ft.,24,232,73,1,0,20190102,BOS,MIN
Shot Chart Detail,0021800558,575,201229,Anthony Tolliver,1610612750,Minnesota Timberwolves,4,2,26,Made Shot,Jump Shot,3PT Field Goal,Right Corner 3,Right Side(R),24+ ft.,22,223,20,1,1,20190102,BOS,MIN
Shot Chart Detail,0021800558,583,201229,Anthony Tolliver,1610612750,Minnesota Timberwolves,4,1,41,Made Shot,Jump Shot,3PT Field Goal,Right Corner 3,Right Side(R),24+ ft.,23,230,25,1,1,20190102,BOS,MIN
Shot Chart Detail,0021800571,203,201229,Anthony Tolliver,1610612750,Minnesota Timberwolves,2,8,13,Made Shot,Driving Dunk Shot,2PT Field Goal,Restricted Area,Center(C),Less Than 8 ft.,1,1,11,1,1,20190104,MIN,ORL
Shot Chart Detail,0021800571,263,201229,Anthony Tolliver,1610612750,Minnesota Timberwolves,2,5,2,Made Shot,Jump Shot,3PT Field Goal,Left Corner 3,Left Side(L),24+ ft.,22,-222,19,1,1,20190104,MIN,ORL
Shot Chart Detail,0021800571,268,201229,Anthony Tolliver,1610612750,Minnesota Timberwolves,2,4,43,Made Shot,Jump Shot,3PT Field Goal,Above the Break 3,Right Side Center(RC),24+ ft.,24,210,122,1,1,20190104,MIN,ORL
Shot Chart Detail,0021800571,276,201229,Anthony Tolliver,1610612750,Minnesota Timberwolves,2,4,11,Missed Shot,Jump Shot,3PT Field Goal,Right Corner 3,Right Side(R),24+ ft.,23,228,31,1,0,20190104,MIN,ORL
Shot Chart Detail,0021800571,326,201229,Anthony Tolliver,1610612750,Minnesota Timberwolves,2,0,0,Missed Shot,Driving Layup Shot,2PT Field Goal,Restricted Area,Center(C),Less Than 8 ft.,0,-2,8,1,0,20190104,MIN,ORL
Shot Chart Detail,0021800571,492,201229,Anthony Tolliver,1610612750,Minnesota Timberwolves,4,11,44,Made Shot,Jump Shot,3PT Field Goal,Above the Break 3,Center(C),24+ ft.,26,-34,259,1,1,20190104,MIN,ORL
Shot Chart Detail,0021800571,637,201229,Anthony Tolliver,1610612750,Minnesota Timberwolves,4,1,2,Missed Shot,Jump Shot,3PT Field Goal,Above the Break 3,Left Side Center(LC),24+ ft.,26,-100,244,1,0,20190104,MIN,ORL
Shot Chart Detail,0021800585,525,201229,Anthony Tolliver,1610612750,Minnesota Timberwolves,3,0,20,Missed Shot,Jump Shot,3PT Field Goal,Left Corner 3,Left Side(L),24+ ft.,22,-229,0,1,0,20190106,MIN,LAL
Shot Chart Detail,0021800585,674,201229,Anthony Tolliver,1610612750,Minnesota Timberwolves,4,2,3,Made Shot,Jump Shot,3PT Field Goal,Right Corner 3,Right Side(R),24+ ft.,23,226,53,1,1,20190106,MIN,LAL
Shot Chart Detail,0021800603,173,201229,Anthony Tolliver,1610612750,Minnesota Timberwolves,2,11,3,Made Shot,Jump Shot,2PT Field Goal,Mid-Range,Center(C),16-24 ft.,18,-24,185,1,1,20190108,OKC,MIN
Shot Chart Detail,0021800603,194,201229,Anthony Tolliver,1610612750,Minnesota Timberwolves,2,9,42,Missed Shot,Jump Shot,3PT Field Goal,Left Corner 3,Left Side(L),24+ ft.,23,-237,10,1,0,20190108,OKC,MIN
Shot Chart Detail,0021800603,489,201229,Anthony Tolliver,1610612750,Minnesota Timberwolves,3,2,21,Made Shot,Jump Shot,3PT Field Goal,Above the Break 3,Right Side Center(RC),24+ ft.,25,106,229,1,1,20190108,OKC,MIN
Shot Chart Detail,0021800603,570,201229,Anthony Tolliver,1610612750,Minnesota Timberwolves,4,8,26,Missed Shot,Jump Shot,3PT Field Goal,Left Corner 3,Left Side(L),24+ ft.,22,-228,22,1,0,20190108,OKC,MIN
Shot Chart Detail,0021800603,585,201229,Anthony Tolliver,1610612750,Minnesota Timberwolves,4,7,40,Made Shot,Jump Shot,3PT Field Goal,Right Corner 3,Right Side(R),24+ ft.,24,239,53,1,1,20190108,OKC,MIN
Shot Chart Detail,0021800603,614,201229,Anthony Tolliver,1610612750,Minnesota Timberwolves,4,5,31,Missed Shot,Jump Shot,3PT Field Goal,Right Corner 3,Right Side(R),24+ ft.,23,230,32,1,0,20190108,OKC,MIN
Shot Chart Detail,0021800633,139,201229,Anthony Tolliver,1610612750,Minnesota Timberwolves,1,2,42,Missed Shot,Jump Shot,3PT Field Goal,Left Corner 3,Left Side(L),24+ ft.,23,-220,83,1,0,20190112,MIN,NOP
Shot Chart Detail,0021800633,210,201229,Anthony Tolliver,1610612750,Minnesota Timberwolves,2,9,53,Missed Shot,Jump Shot,3PT Field Goal,Above the Break 3,Right Side Center(RC),24+ ft.,27,171,221,1,0,20190112,MIN,NOP
Shot Chart Detail,0021800633,215,201229,Anthony Tolliver,1610612750,Minnesota Timberwolves,2,9,28,Missed Shot,Jump Shot,3PT Field Goal,Right Corner 3,Right Side(R),24+ ft.,23,234,4,1,0,20190112,MIN,NOP
Shot Chart Detail,0021800633,493,201229,Anthony Tolliver,1610612750,Minnesota Timberwolves,3,1,30,Missed Shot,Jump Shot,3PT Field Goal,Above the Break 3,Right Side Center(RC),24+ ft.,26,193,185,1,0,20190112,MIN,NOP
Shot Chart Detail,0021800652,189,201229,Anthony Tolliver,1610612750,Minnesota Timberwolves,2,9,55,Made Shot,Jump Shot,3PT Field Goal,Above the Break 3,Right Side Center(RC),24+ ft.,26,196,176,1,1,20190115,PHI,MIN
Shot Chart Detail,0021800652,524,201229,Anthony Tolliver,1610612750,Minnesota Timberwolves,3,2,2,Made Shot,Jump Shot,3PT Field Goal,Above the Break 3,Right Side Center(RC),24+ ft.,25,176,188,1,1,20190115,PHI,MIN
Shot Chart Detail,0021800674,294,201229,Anthony Tolliver,1610612750,Minnesota Timberwolves,2,3,59,Missed Shot,Jump Shot,3PT Field Goal,Left Corner 3,Left Side(L),24+ ft.,23,-232,29,1,0,20190118,MIN,SAS
Shot Chart Detail,0021800674,560,201229,Anthony Tolliver,1610612750,Minnesota Timberwolves,4,10,53,Missed Shot,Jump Shot,3PT Field Goal,Above the Break 3,Right Side Center(RC),24+ ft.,26,209,155,1,0,20190118,MIN,SAS
Shot Chart Detail,0021800689,109,201229,Anthony Tolliver,1610612750,Minnesota Timberwolves,1,4,19,Missed Shot,Jump Shot,3PT Field Goal,Above the Break 3,Right Side Center(RC),24+ ft.,24,154,194,1,0,20190120,MIN,PHX
Shot Chart Detail,0021800689,126,201229,Anthony Tolliver,1610612750,Minnesota Timberwolves,1,3,37,Missed Shot,Jump Shot,3PT Field Goal,Above the Break 3,Center(C),24+ ft.,25,-3,258,1,0,20190120,MIN,PHX
Shot Chart Detail,0021800689,596,201229,Anthony Tolliver,1610612750,Minnesota Timberwolves,4,11,20,Made Shot,Jump Shot,3PT Field Goal,Above the Break 3,Left Side Center(LC),24+ ft.,27,-153,228,1,1,20190120,MIN,PHX
Shot Chart Detail,0021800689,665,201229,Anthony Tolliver,1610612750,Minnesota Timberwolves,4,5,22,Missed Shot,Jump Shot,3PT Field Goal,Above the Break 3,Center(C),24+ ft.,26,-38,263,1,0,20190120,MIN,PHX
Shot Chart Detail,0021800705,125,201229,Anthony Tolliver,1610612750,Minnesota Timberwolves,1,1,35,Missed Shot,Jump Shot,3PT Field Goal,Above the Break 3,Right Side Center(RC),24+ ft.,25,175,184,1,0,20190122,PHX,MIN
Shot Chart Detail,0021800705,546,201229,Anthony Tolliver,1610612750,Minnesota Timberwolves,4,10,27,Missed Shot,Jump Shot,3PT Field Goal,Left Corner 3,Left Side(L),24+ ft.,22,-229,12,1,0,20190122,PHX,MIN
Shot Chart Detail,0021800705,627,201229,Anthony Tolliver,1610612750,Minnesota Timberwolves,4,4,17,Missed Shot,Layup Shot,2PT Field Goal,Restricted Area,Center(C),Less Than 8 ft.,0,-8,4,1,0,20190122,PHX,MIN
Shot Chart Detail,0021800705,662,201229,Anthony Tolliver,1610612750,Minnesota Timberwolves,4,1,48,Made Shot,Jump Shot,3PT Field Goal,Above the Break 3,Left Side Center(LC),24+ ft.,26,-111,244,1,1,20190122,PHX,MIN
Shot Chart Detail,0021800729,622,201229,Anthony Tolliver,1610612750,Minnesota Timberwolves,4,5,25,Missed Shot,Jump Shot,3PT Field Goal,Right Corner 3,Right Side(R),24+ ft.,22,227,-17,1,0,20190125,UTA,MIN
Shot Chart Detail,0021800729,647,201229,Anthony Tolliver,1610612750,Minnesota Timberwolves,4,4,3,Made Shot,Jump Shot,3PT Field Goal,Above the Break 3,Left Side Center(LC),24+ ft.,30,-150,268,1,1,20190125,UTA,MIN
Shot Chart Detail,0021800729,678,201229,Anthony Tolliver,1610612750,Minnesota Timberwolves,4,1,5,Made Shot,Jump Shot,3PT Field Goal,Above the Break 3,Right Side Center(RC),24+ ft.,27,105,249,1,1,20190125,UTA,MIN
Shot Chart Detail,0021800729,696,201229,Anthony Tolliver,1610612750,Minnesota Timberwolves,4,0,3,Missed Shot,Jump Shot,3PT Field Goal,Above the Break 3,Right Side Center(RC),24+ ft.,26,158,214,1,0,20190125,UTA,MIN
Shot Chart Detail,0021800760,526,201229,Anthony Tolliver,1610612750,Minnesota Timberwolves,4,11,41,Made Shot,Jump Shot,3PT Field Goal,Right Corner 3,Right Side(R),24+ ft.,23,236,-19,1,1,20190130,MIN,MEM
Shot Chart Detail,0021800760,540,201229,Anthony Tolliver,1610612750,Minnesota Timberwolves,4,10,1,Missed Shot,Jump Shot,3PT Field Goal,Above the Break 3,Left Side Center(LC),24+ ft.,28,-150,241,1,0,20190130,MIN,MEM
Shot Chart Detail,0021800760,555,201229,Anthony Tolliver,1610612750,Minnesota Timberwolves,4,9,15,Made Shot,Jump Shot,3PT Field Goal,Right Corner 3,Right Side(R),24+ ft.,23,230,-15,1,1,20190130,MIN,MEM
Shot Chart Detail,0021800760,568,201229,Anthony Tolliver,1610612750,Minnesota Timberwolves,4,8,13,Missed Shot,Jump Shot,3PT Field Goal,Left Corner 3,Left Side(L),24+ ft.,23,-231,-16,1,0,20190130,MIN,MEM
Shot Chart Detail,0021800760,583,201229,Anthony Tolliver,1610612750,Minnesota Timberwolves,4,7,35,Made Shot,Driving Layup Shot,2PT Field Goal,Restricted Area,Center(C),Less Than 8 ft.,0,-7,-3,1,1,20190130,MIN,MEM
Shot Chart Detail,0021800760,646,201229,Anthony Tolliver,1610612750,Minnesota Timberwolves,4,1,41,Missed Shot,Jump Shot,3PT Field Goal,Above the Break 3,Left Side Center(LC),24+ ft.,25,-209,143,1,0,20190130,MIN,MEM
Shot Chart Detail,0021800760,710,201229,Anthony Tolliver,1610612750,Minnesota Timberwolves,5,1,59,Missed Shot,Jump Shot,3PT Field Goal,Above the Break 3,Right Side Center(RC),24+ ft.,24,215,117,1,0,20190130,MIN,MEM
Shot Chart Detail,0021800783,215,201229,Anthony Tolliver,1610612750,Minnesota Timberwolves,2,7,30,Made Shot,Jump Shot,3PT Field Goal,Left Corner 3,Left Side(L),24+ ft.,22,-227,10,1,1,20190202,MIN,DEN
Shot Chart Detail,0021800801,517,201229,Anthony Tolliver,1610612750,Minnesota Timberwolves,4,11,25,Missed Shot,Driving Floating Bank Jump Shot,2PT Field Goal,In The Paint (Non-RA),Center(C),Less Than 8 ft.,7,43,57,1,0,20190205,MEM,MIN
Shot Chart Detail,0021800801,543,201229,Anthony Tolliver,1610612750,Minnesota Timberwolves,4,8,57,Missed Shot,Jump Shot,3PT Field Goal,Right Corner 3,Right Side(R),24+ ft.,23,235,35,1,0,20190205,MEM,MIN
Shot Chart Detail,0021800812,170,201229,Anthony Tolliver,1610612750,Minnesota Timberwolves,2,11,23,Missed Shot,Jump Shot,3PT Field Goal,Right Corner 3,Right Side(R),24+ ft.,24,241,11,1,0,20190207,ORL,MIN
Shot Chart Detail,0021800812,231,201229,Anthony Tolliver,1610612750,Minnesota Timberwolves,2,6,4,Missed Shot,Hook Shot,2PT Field Goal,In The Paint (Non-RA),Center(C),Less Than 8 ft.,5,29,48,1,0,20190207,ORL,MIN
Shot Chart Detail,0021800812,561,201229,Anthony Tolliver,1610612750,Minnesota Timberwolves,4,4,0,Missed Shot,Jump Shot,3PT Field Goal,Above the Break 3,Left Side Center(LC),24+ ft.,26,-125,231,1,0,20190207,ORL,MIN
Shot Chart Detail,0021800861,529,201229,Anthony Tolliver,1610612750,Minnesota Timberwolves,4,8,52,Missed Shot,Jump Shot,3PT Field Goal,Above the Break 3,Right Side Center(RC),24+ ft.,25,103,232,1,0,20190213,MIN,HOU
Shot Chart Detail,0021800878,156,201229,Anthony Tolliver,1610612750,Minnesota Timberwolves,1,0,22,Missed Shot,Driving Layup Shot,2PT Field Goal,Restricted Area,Center(C),Less Than 8 ft.,2,6,21,1,0,20190222,NYK,MIN
Shot Chart Detail,0021800878,203,201229,Anthony Tolliver,1610612750,Minnesota Timberwolves,2,9,37,Made Shot,Jump Shot,3PT Field Goal,Above the Break 3,Left Side Center(LC),24+ ft.,25,-203,146,1,1,20190222,NYK,MIN
Shot Chart Detail,0021800878,212,201229,Anthony Tolliver,1610612750,Minnesota Timberwolves,2,8,46,Missed Shot,Driving Layup Shot,2PT Field Goal,Restricted Area,Center(C),Less Than 8 ft.,2,11,25,1,0,20190222,NYK,MIN
Shot Chart Detail,0021800878,229,201229,Anthony Tolliver,1610612750,Minnesota Timberwolves,2,7,53,Made Shot,Jump Shot,3PT Field Goal,Above the Break 3,Right Side Center(RC),24+ ft.,26,120,232,1,1,20190222,NYK,MIN
Shot Chart Detail,0021800878,237,201229,Anthony Tolliver,1610612750,Minnesota Timberwolves,2,7,9,Made Shot,Jump Shot,3PT Field Goal,Above the Break 3,Left Side Center(LC),24+ ft.,24,-111,216,1,1,20190222,NYK,MIN
Shot Chart Detail,0021800878,544,201229,Anthony Tolliver,1610612750,Minnesota Timberwolves,4,10,48,Made Shot,Jump Shot,3PT Field Goal,Above the Break 3,Left Side Center(LC),24+ ft.,26,-181,188,1,1,20190222,NYK,MIN
Shot Chart Detail,0021800878,564,201229,Anthony Tolliver,1610612750,Minnesota Timberwolves,4,9,18,Made Shot,Driving Layup Shot,2PT Field Goal,Restricted Area,Center(C),Less Than 8 ft.,0,6,-1,1,1,20190222,NYK,MIN
Shot Chart Detail,0021800878,579,201229,Anthony Tolliver,1610612750,Minnesota Timberwolves,4,8,7,Missed Shot,Jump Shot,3PT Field Goal,Above the Break 3,Center(C),24+ ft.,25,-77,247,1,0,20190222,NYK,MIN
Shot Chart Detail,0021800878,605,201229,Anthony Tolliver,1610612750,Minnesota Timberwolves,4,6,23,Missed Shot,Turnaround Hook Shot,2PT Field Goal,Restricted Area,Center(C),Less Than 8 ft.,1,-11,8,1,0,20190222,NYK,MIN
Shot Chart Detail,0021800891,118,201229,Anthony Tolliver,1610612750,Minnesota Timberwolves,1,3,20,Made Shot,Jump Shot,3PT Field Goal,Above the Break 3,Left Side Center(LC),24+ ft.,27,-229,147,1,1,20190223,MIL,MIN
Shot Chart Detail,0021800891,132,201229,Anthony Tolliver,1610612750,Minnesota Timberwolves,1,1,24,Made Shot,Jump Shot,3PT Field Goal,Above the Break 3,Right Side Center(RC),24+ ft.,25,124,221,1,1,20190223,MIL,MIN
Shot Chart Detail,0021800891,146,201229,Anthony Tolliver,1610612750,Minnesota Timberwolves,1,0,47,Made Shot,Driving Layup Shot,2PT Field Goal,In The Paint (Non-RA),Center(C),8-16 ft.,9,-11,90,1,1,20190223,MIL,MIN
Shot Chart Detail,0021800891,164,201229,Anthony Tolliver,1610612750,Minnesota Timberwolves,2,11,17,Made Shot,Jump Shot,3PT Field Goal,Above the Break 3,Center(C),24+ ft.,27,-68,270,1,1,20190223,MIL,MIN
Shot Chart Detail,0021800891,184,201229,Anthony Tolliver,1610612750,Minnesota Timberwolves,2,10,17,Missed Shot,Jump Shot,3PT Field Goal,Above the Break 3,Right Side Center(RC),24+ ft.,26,120,236,1,0,20190223,MIL,MIN
Shot Chart Detail,0021800891,205,201229,Anthony Tolliver,1610612750,Minnesota Timberwolves,2,8,57,Made Shot,Jump Shot,3PT Field Goal,Above the Break 3,Right Side Center(RC),24+ ft.,25,178,188,1,1,20190223,MIL,MIN
Shot Chart Detail,0021800891,436,201229,Anthony Tolliver,1610612750,Minnesota Timberwolves,3,6,10,Made Shot,Jump Shot,3PT Field Goal,Above the Break 3,Center(C),24+ ft.,28,62,276,1,1,20190223,MIL,MIN
Shot Chart Detail,0021800891,461,201229,Anthony Tolliver,1610612750,Minnesota Timberwolves,3,3,44,Missed Shot,Jump Shot,3PT Field Goal,Above the Break 3,Right Side Center(RC),24+ ft.,27,163,222,1,0,20190223,MIL,MIN
Shot Chart Detail,0021800905,136,201229,Anthony Tolliver,1610612750,Minnesota Timberwolves,1,2,42,Missed Shot,Jump Shot,3PT Field Goal,Above the Break 3,Center(C),24+ ft.,24,-19,240,1,0,20190225,MIN,SAC
Shot Chart Detail,0021800905,204,201229,Anthony Tolliver,1610612750,Minnesota Timberwolves,2,9,41,Missed Shot,Jump Shot,3PT Field Goal,Above the Break 3,Center(C),24+ ft.,25,-16,251,1,0,20190225,MIN,SAC
Shot Chart Detail,0021800905,236,201229,Anthony Tolliver,1610612750,Minnesota Timberwolves,2,7,50,Missed Shot,Jump Shot,3PT Field Goal,Above the Break 3,Center(C),24+ ft.,24,12,246,1,0,20190225,MIN,SAC
Shot Chart Detail,0021800905,577,201229,Anthony Tolliver,1610612750,Minnesota Timberwolves,4,11,21,Made Shot,Cutting Layup Shot,2PT Field Goal,Restricted Area,Center(C),Less Than 8 ft.,0,5,6,1,1,20190225,MIN,SAC
Shot Chart Detail,0021800912,124,201229,Anthony Tolliver,1610612750,Minnesota Timberwolves,1,3,12,Made Shot,Jump Shot,3PT Field Goal,Above the Break 3,Center(C),24+ ft.,26,77,253,1,1,20190227,ATL,MIN
Shot Chart Detail,0021800912,157,201229,Anthony Tolliver,1610612750,Minnesota Timberwolves,1,0,33,Missed Shot,Jump Shot,3PT Field Goal,Above the Break 3,Left Side Center(LC),24+ ft.,24,-79,234,1,0,20190227,ATL,MIN
Shot Chart Detail,0021800912,485,201229,Anthony Tolliver,1610612750,Minnesota Timberwolves,3,3,32,Missed Shot,Jump Shot,3PT Field Goal,Right Corner 3,Right Side(R),24+ ft.,22,228,13,1,0,20190227,ATL,MIN
Shot Chart Detail,0021800912,558,201229,Anthony Tolliver,1610612750,Minnesota Timberwolves,4,11,46,Missed Shot,Driving Floating Jump Shot,2PT Field Goal,In The Paint (Non-RA),Center(C),Less Than 8 ft.,4,14,41,1,0,20190227,ATL,MIN
Shot Chart Detail,0021800912,569,201229,Anthony Tolliver,1610612750,Minnesota Timberwolves,4,10,39,Made Shot,Jump Shot,3PT Field Goal,Above the Break 3,Right Side Center(RC),24+ ft.,25,177,178,1,1,20190227,ATL,MIN
Shot Chart Detail,0021800922,201,201229,Anthony Tolliver,1610612750,Minnesota Timberwolves,2,9,28,Made Shot,Jump Shot,3PT Field Goal,Above the Break 3,Right Side Center(RC),24+ ft.,28,145,241,1,1,20190228,IND,MIN
Shot Chart Detail,0021800922,256,201229,Anthony Tolliver,1610612750,Minnesota Timberwolves,2,5,48,Made Shot,Step Back Jump shot,3PT Field Goal,Above the Break 3,Center(C),24+ ft.,26,-3,261,1,1,20190228,IND,MIN
Shot Chart Detail,0021800922,265,201229,Anthony Tolliver,1610612750,Minnesota Timberwolves,2,5,15,Missed Shot,Jump Shot,3PT Field Goal,Above the Break 3,Right Side Center(RC),24+ ft.,31,209,229,1,0,20190228,IND,MIN
Shot Chart Detail,0021800922,499,201229,Anthony Tolliver,1610612750,Minnesota Timberwolves,3,0,35,Missed Shot,Jump Shot,3PT Field Goal,Above the Break 3,Right Side Center(RC),24+ ft.,26,234,121,1,0,20190228,IND,MIN
Shot Chart Detail,0021800922,541,201229,Anthony Tolliver,1610612750,Minnesota Timberwolves,4,9,0,Missed Shot,Jump Shot,3PT Field Goal,Above the Break 3,Left Side Center(LC),24+ ft.,29,-147,251,1,0,20190228,IND,MIN
Shot Chart Detail,0021800922,580,201229,Anthony Tolliver,1610612750,Minnesota Timberwolves,4,6,48,Made Shot,Jump Shot,3PT Field Goal,Left Corner 3,Left Side(L),24+ ft.,23,-237,20,1,1,20190228,IND,MIN
Shot Chart Detail,0021800922,584,201229,Anthony Tolliver,1610612750,Minnesota Timberwolves,4,6,10,Missed Shot,Jump Shot,3PT Field Goal,Above the Break 3,Left Side Center(LC),24+ ft.,26,-220,146,1,0,20190228,IND,MIN
Shot Chart Detail,0021800922,586,201229,Anthony Tolliver,1610612750,Minnesota Timberwolves,4,6,2,Missed Shot,Dunk Shot,2PT Field Goal,Restricted Area,Center(C),Less Than 8 ft.,1,-18,5,1,0,20190228,IND,MIN
Shot Chart Detail,0021800922,678,201229,Anthony Tolliver,1610612750,Minnesota Timberwolves,4,0,26,Made Shot,Jump Shot,3PT Field Goal,Above the Break 3,Right Side Center(RC),24+ ft.,25,203,158,1,1,20190228,IND,MIN
Shot Chart Detail,0021800950,157,201229,Anthony Tolliver,1610612750,Minnesota Timberwolves,1,0,45,Missed Shot,Jump Shot,3PT Field Goal,Above the Break 3,Center(C),24+ ft.,25,-60,252,1,0,20190303,WAS,MIN
Shot Chart Detail,0021800950,167,201229,Anthony Tolliver,1610612750,Minnesota Timberwolves,1,0,9,Missed Shot,Jump Shot,3PT Field Goal,Above the Break 3,Left Side Center(LC),24+ ft.,26,-155,210,1,0,20190303,WAS,MIN
Shot Chart Detail,0021800950,185,201229,Anthony Tolliver,1610612750,Minnesota Timberwolves,2,10,53,Missed Shot,Jump Shot,3PT Field Goal,Above the Break 3,Right Side Center(RC),24+ ft.,26,126,235,1,0,20190303,WAS,MIN
Shot Chart Detail,0021800950,199,201229,Anthony Tolliver,1610612750,Minnesota Timberwolves,2,9,21,Missed Shot,Jump Shot,3PT Field Goal,Above the Break 3,Right Side Center(RC),24+ ft.,26,98,248,1,0,20190303,WAS,MIN
Shot Chart Detail,0021800950,222,201229,Anthony Tolliver,1610612750,Minnesota Timberwolves,2,7,45,Missed Shot,Driving Layup Shot,2PT Field Goal,Restricted Area,Center(C),Less Than 8 ft.,2,-22,5,1,0,20190303,WAS,MIN
Shot Chart Detail,0021800950,642,201229,Anthony Tolliver,1610612750,Minnesota Timberwolves,4,2,58,Made Shot,Jump Shot,3PT Field Goal,Above the Break 3,Right Side Center(RC),24+ ft.,27,158,228,1,1,20190303,WAS,MIN
Shot Chart Detail,0021800950,657,201229,Anthony Tolliver,1610612750,Minnesota Timberwolves,4,2,4,Made Shot,Driving Layup Shot,2PT Field Goal,Restricted Area,Center(C),Less Than 8 ft.,1,6,12,1,1,20190303,WAS,MIN
Shot Chart Detail,0021800963,569,201229,Anthony Tolliver,1610612750,Minnesota Timberwolves,4,8,51,Missed Shot,Turnaround Fadeaway shot,2PT Field Goal,Mid-Range,Left Side Center(LC),16-24 ft.,16,-122,115,1,0,20190305,MIN,OKC
Shot Chart Detail,0021800963,573,201229,Anthony Tolliver,1610612750,Minnesota Timberwolves,4,8,26,Missed Shot,Jump Shot,3PT Field Goal,Above the Break 3,Right Side Center(RC),24+ ft.,25,209,147,1,0,20190305,MIN,OKC
Shot Chart Detail,0021800966,134,201229,Anthony Tolliver,1610612750,Minnesota Timberwolves,1,1,15,Made Shot,Jump Shot,3PT Field Goal,Above the Break 3,Center(C),24+ ft.,26,14,267,1,1,20190306,DET,MIN
Shot Chart Detail,0021800966,177,201229,Anthony Tolliver,1610612750,Minnesota Timberwolves,2,9,47,Made Shot,Tip Layup Shot,2PT Field Goal,Restricted Area,Center(C),Less Than 8 ft.,0,0,-6,1,1,20190306,DET,MIN
Shot Chart Detail,0021800966,184,201229,Anthony Tolliver,1610612750,Minnesota Timberwolves,2,8,47,Made Shot,Turnaround Jump Shot,2PT Field Goal,Mid-Range,Right Side(R),16-24 ft.,19,165,110,1,1,20190306,DET,MIN
Shot Chart Detail,0021800966,217,201229,Anthony Tolliver,1610612750,Minnesota Timberwolves,2,5,38,Missed Shot,Jump Shot,3PT Field Goal,Above the Break 3,Center(C),24+ ft.,25,43,253,1,0,20190306,DET,MIN
Shot Chart Detail,0021800966,401,201229,Anthony Tolliver,1610612750,Minnesota Timberwolves,3,3,16,Missed Shot,Jump Shot,3PT Field Goal,Left Corner 3,Left Side(L),24+ ft.,23,-239,15,1,0,20190306,DET,MIN
Shot Chart Detail,0021800966,572,201229,Anthony Tolliver,1610612750,Minnesota Timberwolves,4,3,47,Missed Shot,Jump Shot,3PT Field Goal,Above the Break 3,Left Side Center(LC),24+ ft.,28,-153,243,1,0,20190306,DET,MIN
Shot Chart Detail,0021800966,617,201229,Anthony Tolliver,1610612750,Minnesota Timberwolves,4,1,26,Made Shot,Jump Shot,3PT Field Goal,Above the Break 3,Left Side Center(LC),24+ ft.,28,-210,188,1,1,20190306,DET,MIN
Shot Chart Detail,0021800966,636,201229,Anthony Tolliver,1610612750,Minnesota Timberwolves,4,0,2,Missed Shot,Jump Shot,3PT Field Goal,Above the Break 3,Center(C),24+ ft.,27,-71,270,1,0,20190306,DET,MIN
Shot Chart Detail,0021800988,260,201229,Anthony Tolliver,1610612750,Minnesota Timberwolves,2,5,11,Missed Shot,Jump Shot,3PT Field Goal,Above the Break 3,Left Side Center(LC),24+ ft.,25,-149,203,1,0,20190309,MIN,WAS
Shot Chart Detail,0021800988,524,201229,Anthony Tolliver,1610612750,Minnesota Timberwolves,4,10,40,Made Shot,Jump Shot,3PT Field Goal,Above the Break 3,Center(C),24+ ft.,25,32,252,1,1,20190309,MIN,WAS
Shot Chart Detail,0021800988,534,201229,Anthony Tolliver,1610612750,Minnesota Timberwolves,4,9,53,Missed Shot,Step Back Jump shot,3PT Field Goal,Above the Break 3,Right Side Center(RC),24+ ft.,25,128,218,1,0,20190309,MIN,WAS
Shot Chart Detail,0021800988,734,201229,Anthony Tolliver,1610612750,Minnesota Timberwolves,5,1,45,Missed Shot,Jump Shot,3PT Field Goal,Above the Break 3,Right Side Center(RC),24+ ft.,25,182,173,1,0,20190309,MIN,WAS
Shot Chart Detail,0021800998,129,201229,Anthony Tolliver,1610612750,Minnesota Timberwolves,1,1,42,Missed Shot,Jump Shot,3PT Field Goal,Above the Break 3,Center(C),24+ ft.,24,6,246,1,0,20190310,MIN,NYK
Shot Chart Detail,0021800998,157,201229,Anthony Tolliver,1610612750,Minnesota Timberwolves,2,10,58,Missed Shot,Jump Shot,3PT Field Goal,Right Corner 3,Right Side(R),24+ ft.,23,228,45,1,0,20190310,MIN,NYK
Shot Chart Detail,0021800998,203,201229,Anthony Tolliver,1610612750,Minnesota Timberwolves,2,7,48,Made Shot,Jump Shot,3PT Field Goal,Above the Break 3,Left Side Center(LC),24+ ft.,24,-207,126,1,1,20190310,MIN,NYK
Shot Chart Detail,0021800998,287,201229,Anthony Tolliver,1610612750,Minnesota Timberwolves,2,1,55,Missed Shot,Jump Shot,3PT Field Goal,Above the Break 3,Right Side Center(RC),24+ ft.,24,191,157,1,0,20190310,MIN,NYK
Shot Chart Detail,0021800998,450,201229,Anthony Tolliver,1610612750,Minnesota Timberwolves,3,0,58,Missed Shot,Jump Shot,3PT Field Goal,Above the Break 3,Left Side Center(LC),24+ ft.,25,-107,232,1,0,20190310,MIN,NYK
Shot Chart Detail,0021800998,530,201229,Anthony Tolliver,1610612750,Minnesota Timberwolves,4,7,4,Missed Shot,Hook Shot,2PT Field Goal,In The Paint (Non-RA),Center(C),8-16 ft.,9,-5,91,1,0,20190310,MIN,NYK
Shot Chart Detail,0021800998,561,201229,Anthony Tolliver,1610612750,Minnesota Timberwolves,4,4,30,Missed Shot,Jump Shot,3PT Field Goal,Above the Break 3,Center(C),24+ ft.,25,-49,254,1,0,20190310,MIN,NYK
Shot Chart Detail,0021801012,158,201229,Anthony Tolliver,1610612750,Minnesota Timberwolves,1,0,6,Missed Shot,Step Back Jump shot,2PT Field Goal,Above the Break 3,Center(C),24+ ft.,23,-63,229,1,0,20190312,DEN,MIN
Shot Chart Detail,0021801012,240,201229,Anthony Tolliver,1610612750,Minnesota Timberwolves,2,6,5,Missed Shot,Jump Shot,3PT Field Goal,Above the Break 3,Right Side Center(RC),24+ ft.,24,119,219,1,0,20190312,DEN,MIN
Shot Chart Detail,0021801012,470,201229,Anthony Tolliver,1610612750,Minnesota Timberwolves,3,1,36,Missed Shot,Jump Shot,3PT Field Goal,Left Corner 3,Left Side(L),24+ ft.,22,-226,33,1,0,20190312,DEN,MIN
Shot Chart Detail,0021801024,138,201229,Anthony Tolliver,1610612750,Minnesota Timberwolves,1,0,34,Missed Shot,Jump Shot,3PT Field Goal,Above the Break 3,Left Side Center(LC),24+ ft.,25,-78,239,1,0,20190314,UTA,MIN
Shot Chart Detail,0021801024,223,201229,Anthony Tolliver,1610612750,Minnesota Timberwolves,2,6,44,Made Shot,Jump Shot,3PT Field Goal,Above the Break 3,Left Side Center(LC),24+ ft.,27,-195,195,1,1,20190314,UTA,MIN
Shot Chart Detail,0021801024,320,201229,Anthony Tolliver,1610612750,Minnesota Timberwolves,2,0,6,Made Shot,Driving Finger Roll Layup Shot,2PT Field Goal,Restricted Area,Center(C),Less Than 8 ft.,2,22,16,1,1,20190314,UTA,MIN
Shot Chart Detail,0021801024,532,201229,Anthony Tolliver,1610612750,Minnesota Timberwolves,4,11,16,Missed Shot,Jump Shot,2PT Field Goal,In The Paint (Non-RA),Left Side(L),8-16 ft.,9,-56,79,1,0,20190314,UTA,MIN
Shot Chart Detail,0021801024,569,201229,Anthony Tolliver,1610612750,Minnesota Timberwolves,4,8,12,Missed Shot,Jump Shot,3PT Field Goal,Right Corner 3,Right Side(R),24+ ft.,22,228,-22,1,0,20190314,UTA,MIN
Shot Chart Detail,0021801048,184,201229,Anthony Tolliver,1610612750,Minnesota Timberwolves,2,9,32,Missed Shot,Pullup Jump shot,2PT Field Goal,Mid-Range,Right Side(R),8-16 ft.,12,98,77,1,0,20190317,HOU,MIN
Shot Chart Detail,0021801048,422,201229,Anthony Tolliver,1610612750,Minnesota Timberwolves,3,3,15,Made Shot,Jump Shot,3PT Field Goal,Above the Break 3,Right Side Center(RC),24+ ft.,26,131,228,1,1,20190317,HOU,MIN
Shot Chart Detail,0021801048,450,201229,Anthony Tolliver,1610612750,Minnesota Timberwolves,3,1,35,Missed Shot,Jump Shot,3PT Field Goal,Above the Break 3,Left Side Center(LC),24+ ft.,26,-141,225,1,0,20190317,HOU,MIN
Shot Chart Detail,0021801048,511,201229,Anthony Tolliver,1610612750,Minnesota Timberwolves,4,9,10,Missed Shot,Jump Shot,3PT Field Goal,Above the Break 3,Left Side Center(LC),24+ ft.,28,-203,202,1,0,20190317,HOU,MIN
Shot Chart Detail,0021801062,190,201229,Anthony Tolliver,1610612750,Minnesota Timberwolves,2,10,42,Missed Shot,Jump Shot,3PT Field Goal,Above the Break 3,Left Side Center(LC),24+ ft.,25,-96,231,1,0,20190319,MIN,GSW
Shot Chart Detail,0021801062,450,201229,Anthony Tolliver,1610612750,Minnesota Timberwolves,3,4,34,Missed Shot,Jump Shot,3PT Field Goal,Above the Break 3,Center(C),24+ ft.,27,-65,269,1,0,20190319,MIN,GSW
Shot Chart Detail,0021801062,497,201229,Anthony Tolliver,1610612750,Minnesota Timberwolves,3,0,46,Missed Shot,Jump Shot,3PT Field Goal,Above the Break 3,Center(C),24+ ft.,25,-3,254,1,0,20190319,MIN,GSW
Shot Chart Detail,0021801062,548,201229,Anthony Tolliver,1610612750,Minnesota Timberwolves,4,9,0,Made Shot,Pullup Jump shot,3PT Field Goal,Left Corner 3,Left Side(L),24+ ft.,24,-239,63,1,1,20190319,MIN,GSW
Shot Chart Detail,0021801074,209,201229,Anthony Tolliver,1610612750,Minnesota Timberwolves,2,9,13,Missed Shot,Jump Shot,3PT Field Goal,Above the Break 3,Center(C),24+ ft.,25,-59,247,1,0,20190321,CHA,MIN
Shot Chart Detail,0021801074,490,201229,Anthony Tolliver,1610612750,Minnesota Timberwolves,3,3,8,Made Shot,Jump Shot,3PT Field Goal,Above the Break 3,Left Side Center(LC),24+ ft.,26,-141,226,1,1,20190321,CHA,MIN
Shot Chart Detail,0021801074,493,201229,Anthony Tolliver,1610612750,Minnesota Timberwolves,3,2,33,Made Shot,Jump Shot,3PT Field Goal,Above the Break 3,Center(C),24+ ft.,26,-30,259,1,1,20190321,CHA,MIN
Shot Chart Detail,0021801074,497,201229,Anthony Tolliver,1610612750,Minnesota Timberwolves,3,1,56,Missed Shot,Jump Shot,3PT Field Goal,Above the Break 3,Left Side Center(LC),24+ ft.,30,-98,290,1,0,20190321,CHA,MIN
Shot Chart Detail,0021801074,545,201229,Anthony Tolliver,1610612750,Minnesota Timberwolves,4,11,0,Missed Shot,Jump Shot,3PT Field Goal,Above the Break 3,Center(C),24+ ft.,27,-7,272,1,0,20190321,CHA,MIN
Shot Chart Detail,0021801091,147,201229,Anthony Tolliver,1610612750,Minnesota Timberwolves,1,1,27,Made Shot,Jump Shot,3PT Field Goal,Above the Break 3,Left Side Center(LC),24+ ft.,25,-214,132,1,1,20190323,MEM,MIN
Shot Chart Detail,0021801091,237,201229,Anthony Tolliver,1610612750,Minnesota Timberwolves,2,7,57,Made Shot,Jump Shot,3PT Field Goal,Above the Break 3,Center(C),24+ ft.,25,18,257,1,1,20190323,MEM,MIN
Shot Chart Detail,0021801091,292,201229,Anthony Tolliver,1610612750,Minnesota Timberwolves,2,5,49,Missed Shot,Jump Shot,3PT Field Goal,Left Corner 3,Left Side(L),24+ ft.,23,-228,54,1,0,20190323,MEM,MIN
Shot Chart Detail,0021801091,510,201229,Anthony Tolliver,1610612750,Minnesota Timberwolves,3,1,17,Missed Shot,Jump Shot,3PT Field Goal,Left Corner 3,Left Side(L),24+ ft.,23,-234,5,1,0,20190323,MEM,MIN
Shot Chart Detail,0021801091,521,201229,Anthony Tolliver,1610612750,Minnesota Timberwolves,3,0,32,Missed Shot,Jump Shot,3PT Field Goal,Above the Break 3,Center(C),24+ ft.,26,-62,262,1,0,20190323,MEM,MIN
Shot Chart Detail,0021801091,590,201229,Anthony Tolliver,1610612750,Minnesota Timberwolves,4,7,38,Missed Shot,Jump Shot,3PT Field Goal,Above the Break 3,Left Side Center(LC),24+ ft.,26,-123,234,1,0,20190323,MEM,MIN
Shot Chart Detail,0021801112,114,201229,Anthony Tolliver,1610612750,Minnesota Timberwolves,1,3,59,Missed Shot,Jump Shot,3PT Field Goal,Above the Break 3,Left Side Center(LC),24+ ft.,24,-221,104,1,0,20190326,MIN,LAC
Shot Chart Detail,0021801112,493,201229,Anthony Tolliver,1610612750,Minnesota Timberwolves,3,2,17,Missed Shot,Jump Shot,3PT Field Goal,Above the Break 3,Left Side Center(LC),24+ ft.,25,-93,242,1,0,20190326,MIN,LAC
Shot Chart Detail,0021801112,557,201229,Anthony Tolliver,1610612750,Minnesota Timberwolves,4,8,57,Missed Shot,Jump Shot,3PT Field Goal,Above the Break 3,Left Side Center(LC),24+ ft.,25,-179,181,1,0,20190326,MIN,LAC
Shot Chart Detail,0021801112,686,201229,Anthony Tolliver,1610612750,Minnesota Timberwolves,4,0,27,Missed Shot,Driving Floating Bank Jump Shot,2PT Field Goal,In The Paint (Non-RA),Left Side(L),8-16 ft.,9,-52,81,1,0,20190326,MIN,LAC
Shot Chart Detail,0021801132,190,201229,Anthony Tolliver,1610612750,Minnesota Timberwolves,2,9,55,Missed Shot,Hook Shot,2PT Field Goal,In The Paint (Non-RA),Center(C),Less Than 8 ft.,5,2,58,1,0,20190329,MIN,GSW
Shot Chart Detail,0021801132,215,201229,Anthony Tolliver,1610612750,Minnesota Timberwolves,2,8,50,Made Shot,Jump Shot,3PT Field Goal,Above the Break 3,Center(C),24+ ft.,26,71,253,1,1,20190329,MIN,GSW
Shot Chart Detail,0021801132,518,201229,Anthony Tolliver,1610612750,Minnesota Timberwolves,4,11,41,Made Shot,Jump Shot,3PT Field Goal,Above the Break 3,Center(C),24+ ft.,26,-79,254,1,1,20190329,MIN,GSW
Shot Chart Detail,0021801132,555,201229,Anthony Tolliver,1610612750,Minnesota Timberwolves,4,8,39,Missed Shot,Jump Shot,3PT Field Goal,Above the Break 3,Right Side Center(RC),24+ ft.,24,173,179,1,0,20190329,MIN,GSW
Shot Chart Detail,0021801132,582,201229,Anthony Tolliver,1610612750,Minnesota Timberwolves,4,6,40,Missed Shot,Pullup Jump shot,2PT Field Goal,Mid-Range,Left Side Center(LC),16-24 ft.,20,-96,181,1,0,20190329,MIN,GSW
Shot Chart Detail,0021801132,695,201229,Anthony Tolliver,1610612750,Minnesota Timberwolves,5,3,37,Made Shot,Pullup Jump shot,3PT Field Goal,Above the Break 3,Left Side Center(LC),24+ ft.,26,-149,217,1,1,20190329,MIN,GSW
Shot Chart Detail,0021801143,408,201229,Anthony Tolliver,1610612750,Minnesota Timberwolves,3,5,7,Made Shot,Jump Shot,3PT Field Goal,Left Corner 3,Left Side(L),24+ ft.,23,-231,47,1,1,20190330,MIN,PHI
Shot Chart Detail,0021801143,462,201229,Anthony Tolliver,1610612750,Minnesota Timberwolves,3,0,30,Made Shot,Jump Shot,3PT Field Goal,Above the Break 3,Center(C),24+ ft.,24,-11,246,1,1,20190330,MIN,PHI
Shot Chart Detail,0021801143,477,201229,Anthony Tolliver,1610612750,Minnesota Timberwolves,4,11,29,Made Shot,Jump Shot,3PT Field Goal,Above the Break 3,Left Side Center(LC),24+ ft.,26,-143,223,1,1,20190330,MIN,PHI
Shot Chart Detail,0021801157,127,201229,Anthony Tolliver,1610612750,Minnesota Timberwolves,1,1,20,Missed Shot,Jump Shot,3PT Field Goal,Above the Break 3,Left Side Center(LC),24+ ft.,25,-149,211,1,0,20190401,MIN,POR
Shot Chart Detail,0021801157,146,201229,Anthony Tolliver,1610612750,Minnesota Timberwolves,1,0,8,Missed Shot,Driving Reverse Layup Shot,2PT Field Goal,Restricted Area,Center(C),Less Than 8 ft.,1,15,7,1,0,20190401,MIN,POR
Shot Chart Detail,0021801157,202,201229,Anthony Tolliver,1610612750,Minnesota Timberwolves,2,8,9,Missed Shot,Jump Shot,3PT Field Goal,Above the Break 3,Right Side Center(RC),24+ ft.,24,111,222,1,0,20190401,MIN,POR
Shot Chart Detail,0021801157,216,201229,Anthony Tolliver,1610612750,Minnesota Timberwolves,2,6,22,Missed Shot,Jump Shot,3PT Field Goal,Above the Break 3,Left Side Center(LC),24+ ft.,27,-166,222,1,0,20190401,MIN,POR
Shot Chart Detail,0021801157,465,201229,Anthony Tolliver,1610612750,Minnesota Timberwolves,3,1,14,Made Shot,Jump Shot,3PT Field Goal,Above the Break 3,Left Side Center(LC),24+ ft.,25,-120,224,1,1,20190401,MIN,POR
Shot Chart Detail,0021801157,558,201229,Anthony Tolliver,1610612750,Minnesota Timberwolves,4,6,58,Missed Shot,Jump Shot,3PT Field Goal,Above the Break 3,Left Side Center(LC),24+ ft.,25,-116,229,1,0,20190401,MIN,POR
Shot Chart Detail,0021801157,566,201229,Anthony Tolliver,1610612750,Minnesota Timberwolves,4,6,14,Made Shot,Jump Shot,3PT Field Goal,Left Corner 3,Left Side(L),24+ ft.,23,-220,73,1,1,20190401,MIN,POR
Shot Chart Detail,0021801172,173,201229,Anthony Tolliver,1610612750,Minnesota Timberwolves,2,10,58,Missed Shot,Jump Shot,3PT Field Goal,Above the Break 3,Center(C),24+ ft.,24,17,248,1,0,20190403,DAL,MIN
Shot Chart Detail,0021801172,508,201229,Anthony Tolliver,1610612750,Minnesota Timberwolves,4,10,33,Missed Shot,Jump Shot,3PT Field Goal,Left Corner 3,Left Side(L),24+ ft.,23,-226,49,1,0,20190403,DAL,MIN
Shot Chart Detail,0021801172,511,201229,Anthony Tolliver,1610612750,Minnesota Timberwolves,4,10,6,Missed Shot,Jump Shot,3PT Field Goal,Left Corner 3,Left Side(L),24+ ft.,24,-231,85,1,0,20190403,DAL,MIN
Shot Chart Detail,0021801185,135,201229,Anthony Tolliver,1610612750,Minnesota Timberwolves,1,2,21,Made Shot,Tip Layup Shot,2PT Field Goal,Restricted Area,Center(C),Less Than 8 ft.,0,0,-6,1,1,20190405,MIN,MIA
Shot Chart Detail,0021801185,194,201229,Anthony Tolliver,1610612750,Minnesota Timberwolves,2,9,59,Missed Shot,Jump Shot,3PT Field Goal,Above the Break 3,Right Side Center(RC),24+ ft.,29,166,239,1,0,20190405,MIN,MIA
Shot Chart Detail,0021801185,499,201229,Anthony Tolliver,1610612750,Minnesota Timberwolves,4,11,15,Missed Shot,Cutting Layup Shot,2PT Field Goal,Restricted Area,Center(C),Less Than 8 ft.,3,26,15,1,0,20190405,MIN,MIA
Shot Chart Detail,0021801185,503,201229,Anthony Tolliver,1610612750,Minnesota Timberwolves,4,10,40,Missed Shot,Jump Shot,2PT Field Goal,Mid-Range,Right Side(R),8-16 ft.,12,123,-34,1,0,20190405,MIN,MIA
Shot Chart Detail,0021801185,509,201229,Anthony Tolliver,1610612750,Minnesota Timberwolves,4,10,14,Made Shot,Jump Shot,3PT Field Goal,Right Corner 3,Right Side(R),24+ ft.,23,230,-13,1,1,20190405,MIN,MIA
Shot Chart Detail,0021801197,191,201229,Anthony Tolliver,1610612750,Minnesota Timberwolves,2,9,33,Missed Shot,Jump Shot,3PT Field Goal,Above the Break 3,Right Side Center(RC),24+ ft.,25,116,232,1,0,20190407,MIN,OKC
Shot Chart Detail,0021801197,224,201229,Anthony Tolliver,1610612750,Minnesota Timberwolves,2,6,51,Made Shot,Jump Shot,3PT Field Goal,Left Corner 3,Left Side(L),24+ ft.,22,-222,48,1,1,20190407,MIN,OKC
Shot Chart Detail,0021801197,258,201229,Anthony Tolliver,1610612750,Minnesota Timberwolves,2,5,36,Missed Shot,Driving Layup Shot,2PT Field Goal,Restricted Area,Center(C),Less Than 8 ft.,1,6,19,1,0,20190407,MIN,OKC
Shot Chart Detail,0021801197,262,201229,Anthony Tolliver,1610612750,Minnesota Timberwolves,2,5,12,Made Shot,Turnaround Jump Shot,2PT Field Goal,In The Paint (Non-RA),Center(C),Less Than 8 ft.,7,67,32,1,1,20190407,MIN,OKC
Shot Chart Detail,0021801197,589,201229,Anthony Tolliver,1610612750,Minnesota Timberwolves,4,8,37,Missed Shot,Jump Shot,3PT Field Goal,Above the Break 3,Left Side Center(LC),24+ ft.,27,-136,241,1,0,20190407,MIN,OKC
Shot Chart Detail,0021801214,171,201229,Anthony Tolliver,1610612750,Minnesota Timberwolves,2,11,0,Missed Shot,Jump Shot,2PT Field Goal,Mid-Range,Left Side(L),8-16 ft.,12,-111,48,1,0,20190409,MIN,TOR
Shot Chart Detail,0021801214,404,201229,Anthony Tolliver,1610612750,Minnesota Timberwolves,3,5,54,Made Shot,Jump Shot,3PT Field Goal,Above the Break 3,Left Side Center(LC),24+ ft.,26,-198,174,1,1,20190409,MIN,TOR
Shot Chart Detail,0021801214,416,201229,Anthony Tolliver,1610612750,Minnesota Timberwolves,3,4,20,Made Shot,Jump Shot,3PT Field Goal,Right Corner 3,Right Side(R),24+ ft.,24,238,54,1,1,20190409,MIN,TOR
Shot Chart Detail,0021801214,532,201229,Anthony Tolliver,1610612750,Minnesota Timberwolves,4,8,19,Missed Shot,Jump Shot,3PT Field Goal,Above the Break 3,Right Side Center(RC),24+ ft.,24,203,132,1,0,20190409,MIN,TOR
Shot Chart Detail,0021801214,546,201229,Anthony Tolliver,1610612750,Minnesota Timberwolves,4,7,34,Missed Shot,Jump Shot,3PT Field Goal,Above the Break 3,Left Side Center(LC),24+ ft.,26,-126,233,1,0,20190409,MIN,TOR
Shot Chart Detail,0021801228,83,201229,Anthony Tolliver,1610612750,Minnesota Timberwolves,1,4,34,Missed Shot,Jump Shot,3PT Field Goal,Above the Break 3,Right Side Center(RC),24+ ft.,25,172,190,1,0,20190410,DEN,MIN
Shot Chart Detail,0021801228,91,201229,Anthony Tolliver,1610612750,Minnesota Timberwolves,1,3,54,Missed Shot,Jump Shot,3PT Field Goal,Above the Break 3,Left Side Center(LC),24+ ft.,24,-101,221,1,0,20190410,DEN,MIN
Shot Chart Detail,0021801228,227,201229,Anthony Tolliver,1610612750,Minnesota Timberwolves,2,5,48,Made Shot,Jump Shot,3PT Field Goal,Above the Break 3,Right Side Center(RC),24+ ft.,24,85,234,1,1,20190410,DEN,MIN
Shot Chart Detail,0021801228,234,201229,Anthony Tolliver,1610612750,Minnesota Timberwolves,2,4,48,Missed Shot,Jump Shot,3PT Field Goal,Above the Break 3,Center(C),24+ ft.,26,54,261,1,0,20190410,DEN,MIN
Shot Chart Detail,0021801228,357,201229,Anthony Tolliver,1610612750,Minnesota Timberwolves,3,6,7,Missed Shot,Jump Shot,3PT Field Goal,Right Corner 3,Right Side(R),24+ ft.,23,232,37,1,0,20190410,DEN,MIN
