GRID_TYPE,GAME_ID,GAME_EVENT_ID,PLAYER_ID,PLAYER_NAME,TEAM_ID,TEAM_NAME,PERIOD,MINUTES_REMAINING,SECONDS_REMAINING,EVENT_TYPE,ACTION_TYPE,SHOT_TYPE,SHOT_ZONE_BASIC,SHOT_ZONE_AREA,SHOT_ZONE_RANGE,SHOT_DISTANCE,LOC_X,LOC_Y,SHOT_ATTEMPTED_FLAG,SHOT_MADE_FLAG,GAME_DATE,HTM,VTM
Shot Chart Detail,0021800089,211,201585,Kosta Koufos,1610612758,Sacramento Kings,2,9,54,Made Shot,Tip Layup Shot,2PT Field Goal,Restricted Area,Center(C),Less Than 8 ft.,0,0,-6,1,1,20181029,MIA,SAC
Shot Chart Detail,0021800089,516,201585,Kosta Koufos,1610612758,Sacramento Kings,3,0,14,Missed Shot,Alley Oop Dunk Shot,2PT Field Goal,Restricted Area,Center(C),Less Than 8 ft.,1,12,8,1,0,20181029,MIA,SAC
Shot Chart Detail,0021800089,520,201585,Kosta Koufos,1610612758,Sacramento Kings,3,0,9,Made Shot,Dunk Shot,2PT Field Goal,Restricted Area,Center(C),Less Than 8 ft.,1,11,6,1,1,20181029,MIA,SAC
Shot Chart Detail,0021800089,538,201585,Kosta Koufos,1610612758,Sacramento Kings,4,11,6,Made Shot,Cutting Layup Shot,2PT Field Goal,Restricted Area,Center(C),Less Than 8 ft.,1,-4,15,1,1,20181029,MIA,SAC
Shot Chart Detail,0021800098,57,201585,Kosta Koufos,1610612758,Sacramento Kings,1,6,49,Missed Shot,Driving Floating Jump Shot,2PT Field Goal,In The Paint (Non-RA),Center(C),8-16 ft.,10,-12,106,1,0,20181030,ORL,SAC
Shot Chart Detail,0021800098,121,201585,Kosta Koufos,1610612758,Sacramento Kings,1,2,9,Made Shot,Hook Shot,2PT Field Goal,In The Paint (Non-RA),Center(C),Less Than 8 ft.,5,-16,57,1,1,20181030,ORL,SAC
Shot Chart Detail,0021800098,482,201585,Kosta Koufos,1610612758,Sacramento Kings,3,0,31,Made Shot,Hook Shot,2PT Field Goal,In The Paint (Non-RA),Center(C),Less Than 8 ft.,7,51,58,1,1,20181030,ORL,SAC
Shot Chart Detail,0021800114,113,201585,Kosta Koufos,1610612758,Sacramento Kings,1,3,38,Missed Shot,Cutting Layup Shot,2PT Field Goal,Restricted Area,Center(C),Less Than 8 ft.,1,0,14,1,0,20181101,ATL,SAC
Shot Chart Detail,0021800114,133,201585,Kosta Koufos,1610612758,Sacramento Kings,1,2,29,Missed Shot,Hook Shot,2PT Field Goal,In The Paint (Non-RA),Center(C),Less Than 8 ft.,5,56,16,1,0,20181101,ATL,SAC
Shot Chart Detail,0021800114,135,201585,Kosta Koufos,1610612758,Sacramento Kings,1,2,23,Made Shot,Tip Layup Shot,2PT Field Goal,Restricted Area,Center(C),Less Than 8 ft.,0,0,-6,1,1,20181101,ATL,SAC
Shot Chart Detail,0021800114,138,201585,Kosta Koufos,1610612758,Sacramento Kings,1,2,2,Made Shot,Hook Shot,2PT Field Goal,In The Paint (Non-RA),Center(C),8-16 ft.,10,5,100,1,1,20181101,ATL,SAC
Shot Chart Detail,0021800114,159,201585,Kosta Koufos,1610612758,Sacramento Kings,1,0,40,Made Shot,Hook Shot,2PT Field Goal,In The Paint (Non-RA),Center(C),8-16 ft.,9,5,93,1,1,20181101,ATL,SAC
Shot Chart Detail,0021800114,188,201585,Kosta Koufos,1610612758,Sacramento Kings,2,11,26,Made Shot,Hook Shot,2PT Field Goal,Restricted Area,Center(C),Less Than 8 ft.,3,-9,37,1,1,20181101,ATL,SAC
Shot Chart Detail,0021800114,536,201585,Kosta Koufos,1610612758,Sacramento Kings,3,2,7,Missed Shot,Jump Shot,2PT Field Goal,In The Paint (Non-RA),Center(C),8-16 ft.,11,-44,101,1,0,20181101,ATL,SAC
Shot Chart Detail,0021800133,467,201585,Kosta Koufos,1610612758,Sacramento Kings,3,6,3,Made Shot,Putback Layup Shot,2PT Field Goal,Restricted Area,Center(C),Less Than 8 ft.,0,-4,-1,1,1,20181104,MIL,SAC
Shot Chart Detail,0021800133,534,201585,Kosta Koufos,1610612758,Sacramento Kings,3,1,19,Missed Shot,Hook Shot,2PT Field Goal,In The Paint (Non-RA),Center(C),Less Than 8 ft.,5,45,31,1,0,20181104,MIL,SAC
Shot Chart Detail,0021800161,124,201585,Kosta Koufos,1610612758,Sacramento Kings,1,2,5,Missed Shot,Tip Layup Shot,2PT Field Goal,Restricted Area,Center(C),Less Than 8 ft.,0,0,-6,1,0,20181107,SAC,TOR
Shot Chart Detail,0021800161,131,201585,Kosta Koufos,1610612758,Sacramento Kings,1,1,23,Made Shot,Hook Shot,2PT Field Goal,Mid-Range,Right Side(R),8-16 ft.,8,81,17,1,1,20181107,SAC,TOR
Shot Chart Detail,0021800161,169,201585,Kosta Koufos,1610612758,Sacramento Kings,2,11,32,Missed Shot,Hook Shot,2PT Field Goal,In The Paint (Non-RA),Center(C),Less Than 8 ft.,7,2,73,1,0,20181107,SAC,TOR
Shot Chart Detail,0021800161,397,201585,Kosta Koufos,1610612758,Sacramento Kings,2,11,30,Missed Shot,Hook Shot,2PT Field Goal,Restricted Area,Center(C),Less Than 8 ft.,3,-4,36,1,0,20181107,SAC,TOR
Shot Chart Detail,0021800161,474,201585,Kosta Koufos,1610612758,Sacramento Kings,3,2,43,Missed Shot,Hook Shot,2PT Field Goal,In The Paint (Non-RA),Center(C),8-16 ft.,11,27,112,1,0,20181107,SAC,TOR
Shot Chart Detail,0021800161,488,201585,Kosta Koufos,1610612758,Sacramento Kings,3,1,24,Missed Shot,Layup Shot,2PT Field Goal,In The Paint (Non-RA),Center(C),Less Than 8 ft.,5,-30,46,1,0,20181107,SAC,TOR
Shot Chart Detail,0021800173,160,201585,Kosta Koufos,1610612758,Sacramento Kings,1,0,0,Made Shot,Hook Shot,2PT Field Goal,Mid-Range,Center(C),16-24 ft.,18,-10,188,1,1,20181109,SAC,MIN
Shot Chart Detail,0021800173,171,201585,Kosta Koufos,1610612758,Sacramento Kings,2,11,37,Made Shot,Hook Shot,2PT Field Goal,In The Paint (Non-RA),Center(C),8-16 ft.,11,1,119,1,1,20181109,SAC,MIN
Shot Chart Detail,0021800173,230,201585,Kosta Koufos,1610612758,Sacramento Kings,2,7,47,Missed Shot,Reverse Layup Shot,2PT Field Goal,Restricted Area,Center(C),Less Than 8 ft.,3,34,19,1,0,20181109,SAC,MIN
Shot Chart Detail,0021800173,667,201585,Kosta Koufos,1610612758,Sacramento Kings,4,2,56,Made Shot,Dunk Shot,2PT Field Goal,Restricted Area,Center(C),Less Than 8 ft.,0,-8,5,1,1,20181109,SAC,MIN
Shot Chart Detail,0021800183,451,201585,Kosta Koufos,1610612758,Sacramento Kings,3,3,3,Missed Shot,Hook Shot,2PT Field Goal,In The Paint (Non-RA),Left Side(L),8-16 ft.,10,-67,79,1,0,20181110,SAC,LAL
Shot Chart Detail,0021800336,120,201585,Kosta Koufos,1610612758,Sacramento Kings,1,2,9,Missed Shot,Layup Shot,2PT Field Goal,Restricted Area,Center(C),Less Than 8 ft.,2,-22,1,1,0,20181201,SAC,IND
Shot Chart Detail,0021800336,600,201585,Kosta Koufos,1610612758,Sacramento Kings,4,3,59,Missed Shot,Hook Shot,2PT Field Goal,In The Paint (Non-RA),Left Side(L),8-16 ft.,8,-65,49,1,0,20181201,SAC,IND
Shot Chart Detail,0021800336,604,201585,Kosta Koufos,1610612758,Sacramento Kings,4,3,26,Missed Shot,Layup Shot,2PT Field Goal,Restricted Area,Center(C),Less Than 8 ft.,2,-17,15,1,0,20181201,SAC,IND
Shot Chart Detail,0021800353,128,201585,Kosta Koufos,1610612758,Sacramento Kings,1,2,43,Missed Shot,Turnaround Hook Shot,2PT Field Goal,Restricted Area,Center(C),Less Than 8 ft.,2,8,24,1,0,20181204,PHX,SAC
Shot Chart Detail,0021800353,130,201585,Kosta Koufos,1610612758,Sacramento Kings,1,2,41,Made Shot,Floating Jump shot,2PT Field Goal,Restricted Area,Center(C),Less Than 8 ft.,0,2,9,1,1,20181204,PHX,SAC
Shot Chart Detail,0021800353,133,201585,Kosta Koufos,1610612758,Sacramento Kings,1,2,14,Made Shot,Floating Jump shot,2PT Field Goal,In The Paint (Non-RA),Center(C),8-16 ft.,10,12,105,1,1,20181204,PHX,SAC
Shot Chart Detail,0021800353,286,201585,Kosta Koufos,1610612758,Sacramento Kings,2,3,44,Made Shot,Driving Hook Shot,2PT Field Goal,In The Paint (Non-RA),Center(C),Less Than 8 ft.,5,1,58,1,1,20181204,PHX,SAC
Shot Chart Detail,0021800353,300,201585,Kosta Koufos,1610612758,Sacramento Kings,2,2,36,Made Shot,Running Pull-Up Jump Shot,2PT Field Goal,Mid-Range,Center(C),8-16 ft.,14,12,146,1,1,20181204,PHX,SAC
Shot Chart Detail,0021800353,304,201585,Kosta Koufos,1610612758,Sacramento Kings,2,2,11,Made Shot,Cutting Layup Shot,2PT Field Goal,Restricted Area,Center(C),Less Than 8 ft.,0,-3,5,1,1,20181204,PHX,SAC
Shot Chart Detail,0021800353,418,201585,Kosta Koufos,1610612758,Sacramento Kings,3,5,40,Missed Shot,Hook Shot,2PT Field Goal,Restricted Area,Center(C),Less Than 8 ft.,1,-1,10,1,0,20181204,PHX,SAC
Shot Chart Detail,0021800372,303,201585,Kosta Koufos,1610612758,Sacramento Kings,2,0,31,Missed Shot,Alley Oop Layup shot,2PT Field Goal,Restricted Area,Center(C),Less Than 8 ft.,1,1,13,1,0,20181207,CLE,SAC
Shot Chart Detail,0021800372,305,201585,Kosta Koufos,1610612758,Sacramento Kings,2,0,29,Missed Shot,Tip Layup Shot,2PT Field Goal,Restricted Area,Center(C),Less Than 8 ft.,0,0,-6,1,0,20181207,CLE,SAC
Shot Chart Detail,0021800372,307,201585,Kosta Koufos,1610612758,Sacramento Kings,2,0,26,Made Shot,Tip Layup Shot,2PT Field Goal,Restricted Area,Center(C),Less Than 8 ft.,0,0,-6,1,1,20181207,CLE,SAC
Shot Chart Detail,0021800372,580,201585,Kosta Koufos,1610612758,Sacramento Kings,4,3,12,Made Shot,Jump Shot,2PT Field Goal,Mid-Range,Left Side(L),16-24 ft.,16,-150,60,1,1,20181207,CLE,SAC
Shot Chart Detail,0021800372,594,201585,Kosta Koufos,1610612758,Sacramento Kings,4,2,10,Made Shot,Jump Shot,2PT Field Goal,In The Paint (Non-RA),Center(C),8-16 ft.,11,13,117,1,1,20181207,CLE,SAC
Shot Chart Detail,0021800379,437,201585,Kosta Koufos,1610612758,Sacramento Kings,3,3,6,Missed Shot,Hook Shot,2PT Field Goal,Mid-Range,Right Side(R),8-16 ft.,9,92,-6,1,0,20181208,IND,SAC
Shot Chart Detail,0021800379,446,201585,Kosta Koufos,1610612758,Sacramento Kings,3,2,30,Missed Shot,Hook Shot,2PT Field Goal,Restricted Area,Center(C),Less Than 8 ft.,2,-5,26,1,0,20181208,IND,SAC
Shot Chart Detail,0021800379,463,201585,Kosta Koufos,1610612758,Sacramento Kings,3,1,12,Missed Shot,Hook Shot,2PT Field Goal,In The Paint (Non-RA),Center(C),Less Than 8 ft.,5,-53,4,1,0,20181208,IND,SAC
Shot Chart Detail,0021800394,154,201585,Kosta Koufos,1610612758,Sacramento Kings,1,1,9,Missed Shot,Driving Hook Shot,2PT Field Goal,In The Paint (Non-RA),Center(C),Less Than 8 ft.,7,3,78,1,0,20181210,CHI,SAC
Shot Chart Detail,0021800394,180,201585,Kosta Koufos,1610612758,Sacramento Kings,2,11,6,Made Shot,Hook Shot,2PT Field Goal,In The Paint (Non-RA),Center(C),8-16 ft.,9,-11,96,1,1,20181210,CHI,SAC
Shot Chart Detail,0021800394,512,201585,Kosta Koufos,1610612758,Sacramento Kings,4,7,52,Missed Shot,Driving Hook Shot,2PT Field Goal,In The Paint (Non-RA),Center(C),8-16 ft.,9,38,87,1,0,20181210,CHI,SAC
Shot Chart Detail,0021800414,118,201585,Kosta Koufos,1610612758,Sacramento Kings,1,2,30,Made Shot,Driving Bank Hook Shot,2PT Field Goal,In The Paint (Non-RA),Center(C),8-16 ft.,8,33,78,1,1,20181212,SAC,MIN
Shot Chart Detail,0021800414,131,201585,Kosta Koufos,1610612758,Sacramento Kings,1,1,26,Made Shot,Dunk Shot,2PT Field Goal,Restricted Area,Center(C),Less Than 8 ft.,0,8,4,1,1,20181212,SAC,MIN
Shot Chart Detail,0021800414,158,201585,Kosta Koufos,1610612758,Sacramento Kings,2,11,18,Missed Shot,Hook Shot,2PT Field Goal,In The Paint (Non-RA),Center(C),8-16 ft.,8,16,85,1,0,20181212,SAC,MIN
Shot Chart Detail,0021800440,136,201585,Kosta Koufos,1610612758,Sacramento Kings,1,2,18,Made Shot,Cutting Layup Shot,2PT Field Goal,In The Paint (Non-RA),Center(C),Less Than 8 ft.,4,29,36,1,1,20181216,DAL,SAC
Shot Chart Detail,0021800440,149,201585,Kosta Koufos,1610612758,Sacramento Kings,1,1,19,Made Shot,Tip Layup Shot,2PT Field Goal,Restricted Area,Center(C),Less Than 8 ft.,0,0,-6,1,1,20181216,DAL,SAC
Shot Chart Detail,0021800440,467,201585,Kosta Koufos,1610612758,Sacramento Kings,3,2,16,Made Shot,Turnaround Hook Shot,2PT Field Goal,In The Paint (Non-RA),Center(C),8-16 ft.,10,-1,105,1,1,20181216,DAL,SAC
Shot Chart Detail,0021800440,483,201585,Kosta Koufos,1610612758,Sacramento Kings,3,1,1,Missed Shot,Floating Jump shot,2PT Field Goal,In The Paint (Non-RA),Center(C),Less Than 8 ft.,5,27,49,1,0,20181216,DAL,SAC
Shot Chart Detail,0021800440,485,201585,Kosta Koufos,1610612758,Sacramento Kings,3,0,59,Made Shot,Putback Layup Shot,2PT Field Goal,Restricted Area,Center(C),Less Than 8 ft.,3,-7,37,1,1,20181216,DAL,SAC
Shot Chart Detail,0021800440,511,201585,Kosta Koufos,1610612758,Sacramento Kings,4,11,24,Missed Shot,Tip Layup Shot,2PT Field Goal,In The Paint (Non-RA),Center(C),Less Than 8 ft.,4,-6,48,1,0,20181216,DAL,SAC
Shot Chart Detail,0021800446,109,201585,Kosta Koufos,1610612758,Sacramento Kings,1,4,20,Missed Shot,Jump Shot,2PT Field Goal,In The Paint (Non-RA),Center(C),Less Than 8 ft.,5,32,49,1,0,20181217,MIN,SAC
Shot Chart Detail,0021800446,178,201585,Kosta Koufos,1610612758,Sacramento Kings,2,11,36,Missed Shot,Hook Shot,2PT Field Goal,In The Paint (Non-RA),Center(C),8-16 ft.,9,4,91,1,0,20181217,MIN,SAC
Shot Chart Detail,0021800446,318,201585,Kosta Koufos,1610612758,Sacramento Kings,2,2,18,Made Shot,Reverse Layup Shot,2PT Field Goal,Restricted Area,Center(C),Less Than 8 ft.,1,-6,13,1,1,20181217,MIN,SAC
Shot Chart Detail,0021800446,361,201585,Kosta Koufos,1610612758,Sacramento Kings,3,11,11,Missed Shot,Driving Layup Shot,2PT Field Goal,In The Paint (Non-RA),Center(C),Less Than 8 ft.,4,-40,3,1,0,20181217,MIN,SAC
Shot Chart Detail,0021800446,365,201585,Kosta Koufos,1610612758,Sacramento Kings,3,11,6,Missed Shot,Jump Shot,2PT Field Goal,In The Paint (Non-RA),Center(C),8-16 ft.,11,-21,113,1,0,20181217,MIN,SAC
Shot Chart Detail,0021800446,413,201585,Kosta Koufos,1610612758,Sacramento Kings,3,7,26,Missed Shot,Jump Shot,2PT Field Goal,In The Paint (Non-RA),Center(C),Less Than 8 ft.,6,9,62,1,0,20181217,MIN,SAC
Shot Chart Detail,0021800446,544,201585,Kosta Koufos,1610612758,Sacramento Kings,4,11,5,Made Shot,Layup Shot,2PT Field Goal,Restricted Area,Center(C),Less Than 8 ft.,1,-2,15,1,1,20181217,MIN,SAC
Shot Chart Detail,0021800446,571,201585,Kosta Koufos,1610612758,Sacramento Kings,4,8,38,Missed Shot,Hook Shot,2PT Field Goal,In The Paint (Non-RA),Center(C),Less Than 8 ft.,6,67,13,1,0,20181217,MIN,SAC
Shot Chart Detail,0021800466,163,201585,Kosta Koufos,1610612758,Sacramento Kings,1,0,54,Missed Shot,Running Finger Roll Layup Shot,2PT Field Goal,In The Paint (Non-RA),Center(C),8-16 ft.,8,14,79,1,0,20181219,SAC,OKC
Shot Chart Detail,0021800466,205,201585,Kosta Koufos,1610612758,Sacramento Kings,2,10,38,Made Shot,Hook Shot,2PT Field Goal,In The Paint (Non-RA),Center(C),Less Than 8 ft.,6,38,48,1,1,20181219,SAC,OKC
Shot Chart Detail,0021800477,8,201585,Kosta Koufos,1610612758,Sacramento Kings,1,11,40,Missed Shot,Hook Shot,2PT Field Goal,In The Paint (Non-RA),Center(C),8-16 ft.,12,7,120,1,0,20181221,SAC,MEM
Shot Chart Detail,0021800477,22,201585,Kosta Koufos,1610612758,Sacramento Kings,1,10,21,Missed Shot,Layup Shot,2PT Field Goal,Restricted Area,Center(C),Less Than 8 ft.,1,16,9,1,0,20181221,SAC,MEM
Shot Chart Detail,0021800477,39,201585,Kosta Koufos,1610612758,Sacramento Kings,1,8,31,Missed Shot,Dunk Shot,2PT Field Goal,Restricted Area,Center(C),Less Than 8 ft.,1,19,-4,1,0,20181221,SAC,MEM
Shot Chart Detail,0021800477,152,201585,Kosta Koufos,1610612758,Sacramento Kings,1,0,0,Made Shot,Hook Shot,2PT Field Goal,In The Paint (Non-RA),Center(C),8-16 ft.,9,29,94,1,1,20181221,SAC,MEM
Shot Chart Detail,0021800477,468,201585,Kosta Koufos,1610612758,Sacramento Kings,3,1,59,Missed Shot,Hook Shot,2PT Field Goal,In The Paint (Non-RA),Left Side(L),8-16 ft.,8,-55,67,1,0,20181221,SAC,MEM
Shot Chart Detail,0021800477,475,201585,Kosta Koufos,1610612758,Sacramento Kings,3,1,37,Missed Shot,Hook Shot,2PT Field Goal,In The Paint (Non-RA),Center(C),Less Than 8 ft.,5,-14,57,1,0,20181221,SAC,MEM
Shot Chart Detail,0021800477,518,201585,Kosta Koufos,1610612758,Sacramento Kings,4,10,11,Made Shot,Layup Shot,2PT Field Goal,Restricted Area,Center(C),Less Than 8 ft.,1,14,10,1,1,20181221,SAC,MEM
Shot Chart Detail,0021800492,107,201585,Kosta Koufos,1610612758,Sacramento Kings,1,3,56,Missed Shot,Hook Shot,2PT Field Goal,In The Paint (Non-RA),Center(C),Less Than 8 ft.,7,72,3,1,0,20181223,SAC,NOP
Shot Chart Detail,0021800511,137,201585,Kosta Koufos,1610612758,Sacramento Kings,1,2,21,Made Shot,Hook Shot,2PT Field Goal,In The Paint (Non-RA),Center(C),8-16 ft.,9,-6,96,1,1,20181226,LAC,SAC
Shot Chart Detail,0021800511,154,201585,Kosta Koufos,1610612758,Sacramento Kings,1,1,12,Made Shot,Alley Oop Layup shot,2PT Field Goal,Restricted Area,Center(C),Less Than 8 ft.,0,6,2,1,1,20181226,LAC,SAC
Shot Chart Detail,0021800511,184,201585,Kosta Koufos,1610612758,Sacramento Kings,2,11,21,Made Shot,Alley Oop Layup shot,2PT Field Goal,Restricted Area,Center(C),Less Than 8 ft.,1,-13,5,1,1,20181226,LAC,SAC
Shot Chart Detail,0021800511,192,201585,Kosta Koufos,1610612758,Sacramento Kings,2,10,49,Missed Shot,Floating Jump shot,2PT Field Goal,In The Paint (Non-RA),Center(C),8-16 ft.,8,-25,85,1,0,20181226,LAC,SAC
Shot Chart Detail,0021800511,476,201585,Kosta Koufos,1610612758,Sacramento Kings,3,2,6,Missed Shot,Hook Shot,2PT Field Goal,Restricted Area,Center(C),Less Than 8 ft.,3,0,30,1,0,20181226,LAC,SAC
Shot Chart Detail,0021800511,530,201585,Kosta Koufos,1610612758,Sacramento Kings,4,11,9,Made Shot,Reverse Layup Shot,2PT Field Goal,Restricted Area,Center(C),Less Than 8 ft.,1,1,16,1,1,20181226,LAC,SAC
Shot Chart Detail,0021800514,136,201585,Kosta Koufos,1610612758,Sacramento Kings,1,2,55,Missed Shot,Tip Layup Shot,2PT Field Goal,Restricted Area,Center(C),Less Than 8 ft.,0,0,-6,1,0,20181227,SAC,LAL
Shot Chart Detail,0021800514,138,201585,Kosta Koufos,1610612758,Sacramento Kings,1,2,54,Made Shot,Tip Layup Shot,2PT Field Goal,Restricted Area,Center(C),Less Than 8 ft.,0,0,-6,1,1,20181227,SAC,LAL
Shot Chart Detail,0021800514,161,201585,Kosta Koufos,1610612758,Sacramento Kings,1,0,59,Missed Shot,Hook Shot,2PT Field Goal,In The Paint (Non-RA),Center(C),Less Than 8 ft.,7,14,75,1,0,20181227,SAC,LAL
Shot Chart Detail,0021800541,116,201585,Kosta Koufos,1610612758,Sacramento Kings,1,3,4,Made Shot,Hook Shot,2PT Field Goal,In The Paint (Non-RA),Center(C),Less Than 8 ft.,4,-14,43,1,1,20181230,LAL,SAC
Shot Chart Detail,0021800541,129,201585,Kosta Koufos,1610612758,Sacramento Kings,1,2,9,Made Shot,Turnaround Hook Shot,2PT Field Goal,In The Paint (Non-RA),Center(C),Less Than 8 ft.,7,15,69,1,1,20181230,LAL,SAC
Shot Chart Detail,0021800541,147,201585,Kosta Koufos,1610612758,Sacramento Kings,1,0,32,Missed Shot,Layup Shot,2PT Field Goal,Restricted Area,Center(C),Less Than 8 ft.,1,9,8,1,0,20181230,LAL,SAC
Shot Chart Detail,0021800552,81,201585,Kosta Koufos,1610612758,Sacramento Kings,1,6,18,Missed Shot,Hook Shot,2PT Field Goal,In The Paint (Non-RA),Right Side(R),8-16 ft.,11,76,80,1,0,20190101,SAC,POR
Shot Chart Detail,0021800552,134,201585,Kosta Koufos,1610612758,Sacramento Kings,1,2,40,Made Shot,Cutting Layup Shot,2PT Field Goal,Restricted Area,Center(C),Less Than 8 ft.,3,4,39,1,1,20190101,SAC,POR
Shot Chart Detail,0021800564,232,201585,Kosta Koufos,1610612758,Sacramento Kings,2,7,22,Missed Shot,Hook Shot,2PT Field Goal,Mid-Range,Right Side(R),8-16 ft.,10,84,63,1,0,20190103,SAC,DEN
Shot Chart Detail,0021800564,266,201585,Kosta Koufos,1610612758,Sacramento Kings,2,5,10,Made Shot,Reverse Layup Shot,2PT Field Goal,Restricted Area,Center(C),Less Than 8 ft.,1,-5,14,1,1,20190103,SAC,DEN
Shot Chart Detail,0021800598,161,201585,Kosta Koufos,1610612758,Sacramento Kings,1,0,3,Made Shot,Hook Shot,2PT Field Goal,Restricted Area,Center(C),Less Than 8 ft.,3,8,29,1,1,20190107,SAC,ORL
Shot Chart Detail,0021800598,173,201585,Kosta Koufos,1610612758,Sacramento Kings,2,11,13,Made Shot,Hook Shot,2PT Field Goal,In The Paint (Non-RA),Center(C),Less Than 8 ft.,4,3,40,1,1,20190107,SAC,ORL
Shot Chart Detail,0021800598,189,201585,Kosta Koufos,1610612758,Sacramento Kings,2,9,56,Missed Shot,Hook Shot,2PT Field Goal,In The Paint (Non-RA),Center(C),8-16 ft.,8,-18,79,1,0,20190107,SAC,ORL
Shot Chart Detail,0021800598,496,201585,Kosta Koufos,1610612758,Sacramento Kings,4,11,8,Missed Shot,Fadeaway Jump Shot,2PT Field Goal,Restricted Area,Center(C),Less Than 8 ft.,3,-24,25,1,0,20190107,SAC,ORL
Shot Chart Detail,0021800604,184,201585,Kosta Koufos,1610612758,Sacramento Kings,2,10,17,Made Shot,Floating Jump shot,2PT Field Goal,In The Paint (Non-RA),Center(C),8-16 ft.,12,38,114,1,1,20190108,PHX,SAC
Shot Chart Detail,0021800604,225,201585,Kosta Koufos,1610612758,Sacramento Kings,2,6,35,Made Shot,Hook Shot,2PT Field Goal,Restricted Area,Center(C),Less Than 8 ft.,0,-3,6,1,1,20190108,PHX,SAC
Shot Chart Detail,0021800604,252,201585,Kosta Koufos,1610612758,Sacramento Kings,2,4,22,Missed Shot,Driving Hook Shot,2PT Field Goal,In The Paint (Non-RA),Center(C),8-16 ft.,8,35,79,1,0,20190108,PHX,SAC
Shot Chart Detail,0021800604,486,201585,Kosta Koufos,1610612758,Sacramento Kings,3,1,13,Made Shot,Floating Jump shot,2PT Field Goal,In The Paint (Non-RA),Center(C),8-16 ft.,9,32,85,1,1,20190108,PHX,SAC
Shot Chart Detail,0021800604,494,201585,Kosta Koufos,1610612758,Sacramento Kings,3,0,28,Missed Shot,Hook Shot,2PT Field Goal,Restricted Area,Center(C),Less Than 8 ft.,2,-12,21,1,0,20190108,PHX,SAC
Shot Chart Detail,0021800680,201,201585,Kosta Koufos,1610612758,Sacramento Kings,2,8,43,Missed Shot,Turnaround Hook Shot,2PT Field Goal,In The Paint (Non-RA),Center(C),Less Than 8 ft.,6,30,61,1,0,20190119,DET,SAC
Shot Chart Detail,0021800702,174,201585,Kosta Koufos,1610612758,Sacramento Kings,2,11,8,Made Shot,Floating Jump shot,2PT Field Goal,Mid-Range,Right Side(R),8-16 ft.,11,100,58,1,1,20190122,TOR,SAC
Shot Chart Detail,0021800702,218,201585,Kosta Koufos,1610612758,Sacramento Kings,2,8,50,Missed Shot,Tip Layup Shot,2PT Field Goal,Restricted Area,Center(C),Less Than 8 ft.,0,0,-6,1,0,20190122,TOR,SAC
Shot Chart Detail,0021800702,238,201585,Kosta Koufos,1610612758,Sacramento Kings,2,6,51,Made Shot,Floating Jump shot,2PT Field Goal,In The Paint (Non-RA),Center(C),Less Than 8 ft.,7,29,72,1,1,20190122,TOR,SAC
Shot Chart Detail,0021800762,649,201585,Kosta Koufos,1610612758,Sacramento Kings,4,2,58,Made Shot,Hook Shot,2PT Field Goal,In The Paint (Non-RA),Center(C),Less Than 8 ft.,6,59,28,1,1,20190130,SAC,ATL
Shot Chart Detail,0021800762,652,201585,Kosta Koufos,1610612758,Sacramento Kings,4,2,28,Made Shot,Reverse Layup Shot,2PT Field Goal,Restricted Area,Center(C),Less Than 8 ft.,1,-9,11,1,1,20190130,SAC,ATL
Shot Chart Detail,0021800762,684,201585,Kosta Koufos,1610612758,Sacramento Kings,4,0,47,Made Shot,Dunk Shot,2PT Field Goal,Restricted Area,Center(C),Less Than 8 ft.,1,4,13,1,1,20190130,SAC,ATL
Shot Chart Detail,0021800809,659,201585,Kosta Koufos,1610612758,Sacramento Kings,4,1,3,Missed Shot,Hook Shot,2PT Field Goal,In The Paint (Non-RA),Center(C),Less Than 8 ft.,7,22,76,1,0,20190206,SAC,HOU
Shot Chart Detail,0021800809,664,201585,Kosta Koufos,1610612758,Sacramento Kings,4,0,32,Missed Shot,Hook Shot,2PT Field Goal,In The Paint (Non-RA),Center(C),8-16 ft.,9,8,91,1,0,20190206,SAC,HOU
Shot Chart Detail,0021801047,579,201585,Kosta Koufos,1610612758,Sacramento Kings,4,6,42,Missed Shot,Layup Shot,2PT Field Goal,In The Paint (Non-RA),Center(C),Less Than 8 ft.,5,-4,51,1,0,20190317,SAC,CHI
Shot Chart Detail,0021801047,581,201585,Kosta Koufos,1610612758,Sacramento Kings,4,6,39,Made Shot,Putback Layup Shot,2PT Field Goal,Restricted Area,Center(C),Less Than 8 ft.,2,17,12,1,1,20190317,SAC,CHI
Shot Chart Detail,0021801047,621,201585,Kosta Koufos,1610612758,Sacramento Kings,4,3,3,Missed Shot,Floating Jump shot,2PT Field Goal,Restricted Area,Center(C),Less Than 8 ft.,2,-9,26,1,0,20190317,SAC,CHI
Shot Chart Detail,0021801047,624,201585,Kosta Koufos,1610612758,Sacramento Kings,4,2,34,Missed Shot,Hook Shot,2PT Field Goal,In The Paint (Non-RA),Center(C),Less Than 8 ft.,6,28,55,1,0,20190317,SAC,CHI
Shot Chart Detail,0021801047,634,201585,Kosta Koufos,1610612758,Sacramento Kings,4,1,49,Missed Shot,Hook Shot,2PT Field Goal,In The Paint (Non-RA),Center(C),Less Than 8 ft.,5,24,51,1,0,20190317,SAC,CHI
Shot Chart Detail,0021801047,643,201585,Kosta Koufos,1610612758,Sacramento Kings,4,1,21,Made Shot,Hook Shot,2PT Field Goal,In The Paint (Non-RA),Center(C),8-16 ft.,11,-16,113,1,1,20190317,SAC,CHI
Shot Chart Detail,0021801047,652,201585,Kosta Koufos,1610612758,Sacramento Kings,4,0,29,Made Shot,Floating Jump shot,2PT Field Goal,In The Paint (Non-RA),Center(C),8-16 ft.,10,-18,100,1,1,20190317,SAC,CHI
Shot Chart Detail,0021801094,180,201585,Kosta Koufos,1610612758,Sacramento Kings,2,11,27,Made Shot,Tip Layup Shot,2PT Field Goal,Restricted Area,Center(C),Less Than 8 ft.,0,0,-6,1,1,20190323,SAC,PHX
Shot Chart Detail,0021801094,211,201585,Kosta Koufos,1610612758,Sacramento Kings,2,8,20,Missed Shot,Jump Shot,2PT Field Goal,In The Paint (Non-RA),Center(C),8-16 ft.,10,1,103,1,0,20190323,SAC,PHX
Shot Chart Detail,0021801094,250,201585,Kosta Koufos,1610612758,Sacramento Kings,2,5,58,Missed Shot,Floating Jump shot,2PT Field Goal,In The Paint (Non-RA),Center(C),8-16 ft.,11,-6,110,1,0,20190323,SAC,PHX
Shot Chart Detail,0021801094,473,201585,Kosta Koufos,1610612758,Sacramento Kings,3,2,59,Missed Shot,Turnaround Jump Shot,2PT Field Goal,In The Paint (Non-RA),Center(C),Less Than 8 ft.,7,-55,44,1,0,20190323,SAC,PHX
Shot Chart Detail,0021801094,483,201585,Kosta Koufos,1610612758,Sacramento Kings,3,2,4,Made Shot,Hook Shot,2PT Field Goal,In The Paint (Non-RA),Center(C),8-16 ft.,10,-2,102,1,1,20190323,SAC,PHX
Shot Chart Detail,0021801102,132,201585,Kosta Koufos,1610612758,Sacramento Kings,1,3,43,Missed Shot,Floating Jump shot,2PT Field Goal,In The Paint (Non-RA),Center(C),Less Than 8 ft.,6,-3,65,1,0,20190324,LAL,SAC
Shot Chart Detail,0021801102,140,201585,Kosta Koufos,1610612758,Sacramento Kings,1,3,16,Missed Shot,Hook Shot,2PT Field Goal,In The Paint (Non-RA),Center(C),Less Than 8 ft.,5,-6,54,1,0,20190324,LAL,SAC
Shot Chart Detail,0021801102,178,201585,Kosta Koufos,1610612758,Sacramento Kings,1,0,0,Missed Shot,Driving Floating Bank Jump Shot,2PT Field Goal,In The Paint (Non-RA),Left Side(L),8-16 ft.,8,-63,52,1,0,20190324,LAL,SAC
Shot Chart Detail,0021801102,209,201585,Kosta Koufos,1610612758,Sacramento Kings,2,9,31,Missed Shot,Floating Jump shot,2PT Field Goal,In The Paint (Non-RA),Right Side(R),8-16 ft.,11,59,102,1,0,20190324,LAL,SAC
Shot Chart Detail,0021801114,196,201585,Kosta Koufos,1610612758,Sacramento Kings,2,7,45,Made Shot,Running Dunk Shot,2PT Field Goal,Restricted Area,Center(C),Less Than 8 ft.,0,2,-1,1,1,20190326,DAL,SAC
Shot Chart Detail,0021801128,105,201585,Kosta Koufos,1610612758,Sacramento Kings,1,2,48,Missed Shot,Floating Jump shot,2PT Field Goal,In The Paint (Non-RA),Center(C),Less Than 8 ft.,4,-49,1,1,0,20190328,NOP,SAC
Shot Chart Detail,0021801128,111,201585,Kosta Koufos,1610612758,Sacramento Kings,1,2,21,Missed Shot,Layup Shot,2PT Field Goal,Restricted Area,Center(C),Less Than 8 ft.,3,27,27,1,0,20190328,NOP,SAC
Shot Chart Detail,0021801128,164,201585,Kosta Koufos,1610612758,Sacramento Kings,2,9,29,Missed Shot,Hook Shot,2PT Field Goal,Restricted Area,Center(C),Less Than 8 ft.,3,-31,19,1,0,20190328,NOP,SAC
Shot Chart Detail,0021801128,401,201585,Kosta Koufos,1610612758,Sacramento Kings,3,6,19,Made Shot,Putback Layup Shot,2PT Field Goal,Restricted Area,Center(C),Less Than 8 ft.,2,19,12,1,1,20190328,NOP,SAC
Shot Chart Detail,0021801138,164,201585,Kosta Koufos,1610612758,Sacramento Kings,2,11,46,Made Shot,Jump Bank Shot,2PT Field Goal,In The Paint (Non-RA),Right Side(R),8-16 ft.,9,51,77,1,1,20190330,HOU,SAC
Shot Chart Detail,0021801138,188,201585,Kosta Koufos,1610612758,Sacramento Kings,2,9,54,Missed Shot,Driving Hook Shot,2PT Field Goal,Restricted Area,Center(C),Less Than 8 ft.,3,35,15,1,0,20190330,HOU,SAC
Shot Chart Detail,0021801138,201,201585,Kosta Koufos,1610612758,Sacramento Kings,2,8,49,Made Shot,Cutting Finger Roll Layup Shot,2PT Field Goal,Restricted Area,Center(C),Less Than 8 ft.,2,-3,24,1,1,20190330,HOU,SAC
Shot Chart Detail,0021801138,469,201585,Kosta Koufos,1610612758,Sacramento Kings,4,11,15,Missed Shot,Driving Hook Shot,2PT Field Goal,In The Paint (Non-RA),Center(C),8-16 ft.,9,-41,85,1,0,20190330,HOU,SAC
Shot Chart Detail,0021801149,120,201585,Kosta Koufos,1610612758,Sacramento Kings,1,2,19,Made Shot,Turnaround Hook Shot,2PT Field Goal,In The Paint (Non-RA),Center(C),Less Than 8 ft.,7,-59,51,1,1,20190331,SAS,SAC
Shot Chart Detail,0021801149,180,201585,Kosta Koufos,1610612758,Sacramento Kings,2,9,30,Missed Shot,Floating Jump shot,2PT Field Goal,In The Paint (Non-RA),Center(C),8-16 ft.,8,-20,87,1,0,20190331,SAS,SAC
Shot Chart Detail,0021801149,184,201585,Kosta Koufos,1610612758,Sacramento Kings,2,9,4,Missed Shot,Hook Shot,2PT Field Goal,In The Paint (Non-RA),Center(C),8-16 ft.,10,11,106,1,0,20190331,SAS,SAC
Shot Chart Detail,0021801163,133,201585,Kosta Koufos,1610612758,Sacramento Kings,1,2,32,Missed Shot,Hook Shot,2PT Field Goal,In The Paint (Non-RA),Center(C),8-16 ft.,9,38,88,1,0,20190402,SAC,HOU
Shot Chart Detail,0021801163,578,201585,Kosta Koufos,1610612758,Sacramento Kings,4,4,11,Made Shot,Hook Shot,2PT Field Goal,In The Paint (Non-RA),Center(C),Less Than 8 ft.,6,-28,54,1,1,20190402,SAC,HOU
Shot Chart Detail,0021801163,590,201585,Kosta Koufos,1610612758,Sacramento Kings,4,2,29,Made Shot,Layup Shot,2PT Field Goal,Restricted Area,Center(C),Less Than 8 ft.,1,3,17,1,1,20190402,SAC,HOU
Shot Chart Detail,0021801163,600,201585,Kosta Koufos,1610612758,Sacramento Kings,4,1,55,Missed Shot,Hook Shot,2PT Field Goal,In The Paint (Non-RA),Center(C),Less Than 8 ft.,6,4,64,1,0,20190402,SAC,HOU
Shot Chart Detail,0021801163,630,201585,Kosta Koufos,1610612758,Sacramento Kings,4,0,9,Made Shot,Jump Bank Shot,2PT Field Goal,In The Paint (Non-RA),Center(C),8-16 ft.,9,8,90,1,1,20190402,SAC,HOU
Shot Chart Detail,0021801178,99,201585,Kosta Koufos,1610612758,Sacramento Kings,1,3,6,Made Shot,Turnaround Hook Shot,2PT Field Goal,In The Paint (Non-RA),Center(C),Less Than 8 ft.,4,4,44,1,1,20190404,SAC,CLE
Shot Chart Detail,0021801178,134,201585,Kosta Koufos,1610612758,Sacramento Kings,1,0,40,Missed Shot,Hook Shot,2PT Field Goal,In The Paint (Non-RA),Center(C),8-16 ft.,10,8,106,1,0,20190404,SAC,CLE
Shot Chart Detail,0021801178,356,201585,Kosta Koufos,1610612758,Sacramento Kings,3,6,53,Made Shot,Floating Jump shot,2PT Field Goal,In The Paint (Non-RA),Center(C),Less Than 8 ft.,4,36,20,1,1,20190404,SAC,CLE
Shot Chart Detail,0021801178,379,201585,Kosta Koufos,1610612758,Sacramento Kings,3,4,55,Missed Shot,Hook Shot,2PT Field Goal,In The Paint (Non-RA),Center(C),Less Than 8 ft.,6,8,61,1,0,20190404,SAC,CLE
Shot Chart Detail,0021801178,421,201585,Kosta Koufos,1610612758,Sacramento Kings,3,2,0,Made Shot,Hook Shot,2PT Field Goal,In The Paint (Non-RA),Center(C),8-16 ft.,12,24,121,1,1,20190404,SAC,CLE
Shot Chart Detail,0021801178,513,201585,Kosta Koufos,1610612758,Sacramento Kings,4,6,23,Missed Shot,Hook Shot,2PT Field Goal,In The Paint (Non-RA),Center(C),Less Than 8 ft.,6,19,58,1,0,20190404,SAC,CLE
Shot Chart Detail,0021801178,528,201585,Kosta Koufos,1610612758,Sacramento Kings,4,4,44,Made Shot,Floating Jump shot,2PT Field Goal,In The Paint (Non-RA),Center(C),8-16 ft.,11,2,110,1,1,20190404,SAC,CLE
Shot Chart Detail,0021801188,130,201585,Kosta Koufos,1610612758,Sacramento Kings,1,3,39,Made Shot,Jump Shot,2PT Field Goal,In The Paint (Non-RA),Center(C),8-16 ft.,10,-2,109,1,1,20190405,UTA,SAC
Shot Chart Detail,0021801188,159,201585,Kosta Koufos,1610612758,Sacramento Kings,1,1,34,Made Shot,Reverse Layup Shot,2PT Field Goal,In The Paint (Non-RA),Center(C),Less Than 8 ft.,4,38,17,1,1,20190405,UTA,SAC
Shot Chart Detail,0021801188,309,201585,Kosta Koufos,1610612758,Sacramento Kings,2,1,54,Missed Shot,Driving Layup Shot,2PT Field Goal,Restricted Area,Center(C),Less Than 8 ft.,3,18,32,1,0,20190405,UTA,SAC
Shot Chart Detail,0021801188,323,201585,Kosta Koufos,1610612758,Sacramento Kings,2,0,58,Made Shot,Layup Shot,2PT Field Goal,Restricted Area,Center(C),Less Than 8 ft.,1,14,9,1,1,20190405,UTA,SAC
