GRID_TYPE,GAME_ID,GAME_EVENT_ID,PLAYER_ID,PLAYER_NAME,TEAM_ID,TEAM_NAME,PERIOD,MINUTES_REMAINING,SECONDS_REMAINING,EVENT_TYPE,ACTION_TYPE,SHOT_TYPE,SHOT_ZONE_BASIC,SHOT_ZONE_AREA,SHOT_ZONE_RANGE,SHOT_DISTANCE,LOC_X,LOC_Y,SHOT_ATTEMPTED_FLAG,SHOT_MADE_FLAG,GAME_DATE,HTM,VTM
Shot Chart Detail,0021800006,30,201609,Goran Dragic,1610612748,Miami Heat,1,9,22,Made Shot,Driving Layup Shot,2PT Field Goal,Restricted Area,Center(C),Less Than 8 ft.,2,-14,20,1,1,20181017,ORL,MIA
Shot Chart Detail,0021800006,40,201609,Goran Dragic,1610612748,Miami Heat,1,8,37,Made Shot,Pullup Jump shot,2PT Field Goal,In The Paint (Non-RA),Center(C),8-16 ft.,10,-18,105,1,1,20181017,ORL,MIA
Shot Chart Detail,0021800006,61,201609,Goran Dragic,1610612748,Miami Heat,1,7,47,Missed Shot,Pullup Jump shot,3PT Field Goal,Above the Break 3,Right Side Center(RC),24+ ft.,25,129,225,1,0,20181017,ORL,MIA
Shot Chart Detail,0021800006,88,201609,Goran Dragic,1610612748,Miami Heat,1,6,4,Made Shot,Pullup Jump shot,3PT Field Goal,Above the Break 3,Right Side Center(RC),24+ ft.,25,105,231,1,1,20181017,ORL,MIA
Shot Chart Detail,0021800006,329,201609,Goran Dragic,1610612748,Miami Heat,2,1,59,Made Shot,Driving Floating Bank Jump Shot,2PT Field Goal,In The Paint (Non-RA),Center(C),Less Than 8 ft.,4,-22,34,1,1,20181017,ORL,MIA
Shot Chart Detail,0021800006,353,201609,Goran Dragic,1610612748,Miami Heat,2,0,50,Made Shot,Driving Floating Bank Jump Shot,2PT Field Goal,In The Paint (Non-RA),Left Side(L),8-16 ft.,9,-51,79,1,1,20181017,ORL,MIA
Shot Chart Detail,0021800006,386,201609,Goran Dragic,1610612748,Miami Heat,3,10,57,Made Shot,Pullup Jump shot,2PT Field Goal,Mid-Range,Left Side(L),8-16 ft.,9,-92,32,1,1,20181017,ORL,MIA
Shot Chart Detail,0021800006,447,201609,Goran Dragic,1610612748,Miami Heat,3,6,2,Missed Shot,Jump Shot,3PT Field Goal,Above the Break 3,Left Side Center(LC),24+ ft.,25,-144,213,1,0,20181017,ORL,MIA
Shot Chart Detail,0021800006,459,201609,Goran Dragic,1610612748,Miami Heat,3,5,29,Made Shot,Jump Shot,3PT Field Goal,Above the Break 3,Center(C),24+ ft.,25,66,247,1,1,20181017,ORL,MIA
Shot Chart Detail,0021800006,635,201609,Goran Dragic,1610612748,Miami Heat,4,5,28,Made Shot,Jump Shot,3PT Field Goal,Above the Break 3,Right Side Center(RC),24+ ft.,27,170,215,1,1,20181017,ORL,MIA
Shot Chart Detail,0021800006,637,201609,Goran Dragic,1610612748,Miami Heat,4,4,56,Missed Shot,Driving Layup Shot,2PT Field Goal,Restricted Area,Center(C),Less Than 8 ft.,1,-5,19,1,0,20181017,ORL,MIA
Shot Chart Detail,0021800006,650,201609,Goran Dragic,1610612748,Miami Heat,4,3,41,Missed Shot,Pullup Jump shot,3PT Field Goal,Above the Break 3,Right Side Center(RC),24+ ft.,26,198,169,1,0,20181017,ORL,MIA
Shot Chart Detail,0021800006,690,201609,Goran Dragic,1610612748,Miami Heat,4,0,40,Missed Shot,Jump Shot,3PT Field Goal,Above the Break 3,Right Side Center(RC),24+ ft.,26,127,232,1,0,20181017,ORL,MIA
Shot Chart Detail,0021800006,707,201609,Goran Dragic,1610612748,Miami Heat,4,0,21,Made Shot,Driving Layup Shot,2PT Field Goal,Restricted Area,Center(C),Less Than 8 ft.,1,6,15,1,1,20181017,ORL,MIA
Shot Chart Detail,0021800015,25,201609,Goran Dragic,1610612748,Miami Heat,1,9,16,Missed Shot,Pullup Jump shot,3PT Field Goal,Above the Break 3,Center(C),24+ ft.,26,18,264,1,0,20181018,WAS,MIA
Shot Chart Detail,0021800015,45,201609,Goran Dragic,1610612748,Miami Heat,1,8,10,Missed Shot,Reverse Layup Shot,2PT Field Goal,In The Paint (Non-RA),Center(C),Less Than 8 ft.,4,17,47,1,0,20181018,WAS,MIA
Shot Chart Detail,0021800015,62,201609,Goran Dragic,1610612748,Miami Heat,1,7,22,Made Shot,Driving Layup Shot,2PT Field Goal,Restricted Area,Center(C),Less Than 8 ft.,0,-2,9,1,1,20181018,WAS,MIA
Shot Chart Detail,0021800015,67,201609,Goran Dragic,1610612748,Miami Heat,1,6,50,Missed Shot,Jump Shot,3PT Field Goal,Above the Break 3,Right Side Center(RC),24+ ft.,25,163,200,1,0,20181018,WAS,MIA
Shot Chart Detail,0021800015,274,201609,Goran Dragic,1610612748,Miami Heat,2,5,6,Missed Shot,Reverse Layup Shot,2PT Field Goal,Restricted Area,Center(C),Less Than 8 ft.,1,7,17,1,0,20181018,WAS,MIA
Shot Chart Detail,0021800015,307,201609,Goran Dragic,1610612748,Miami Heat,2,3,24,Missed Shot,Jump Shot,3PT Field Goal,Above the Break 3,Right Side Center(RC),24+ ft.,25,78,240,1,0,20181018,WAS,MIA
Shot Chart Detail,0021800015,338,201609,Goran Dragic,1610612748,Miami Heat,2,1,44,Missed Shot,Driving Layup Shot,2PT Field Goal,In The Paint (Non-RA),Center(C),Less Than 8 ft.,4,-3,48,1,0,20181018,WAS,MIA
Shot Chart Detail,0021800015,348,201609,Goran Dragic,1610612748,Miami Heat,2,0,57,Missed Shot,Jump Shot,2PT Field Goal,In The Paint (Non-RA),Center(C),8-16 ft.,13,-9,136,1,0,20181018,WAS,MIA
Shot Chart Detail,0021800015,390,201609,Goran Dragic,1610612748,Miami Heat,3,11,45,Missed Shot,Driving Floating Bank Jump Shot,2PT Field Goal,In The Paint (Non-RA),Center(C),8-16 ft.,8,-23,86,1,0,20181018,WAS,MIA
Shot Chart Detail,0021800015,433,201609,Goran Dragic,1610612748,Miami Heat,3,9,2,Made Shot,Jump Shot,3PT Field Goal,Above the Break 3,Right Side Center(RC),24+ ft.,27,136,237,1,1,20181018,WAS,MIA
Shot Chart Detail,0021800015,440,201609,Goran Dragic,1610612748,Miami Heat,3,8,16,Missed Shot,Running Layup Shot,2PT Field Goal,Restricted Area,Center(C),Less Than 8 ft.,3,21,26,1,0,20181018,WAS,MIA
Shot Chart Detail,0021800015,447,201609,Goran Dragic,1610612748,Miami Heat,3,7,56,Made Shot,Driving Layup Shot,2PT Field Goal,Restricted Area,Center(C),Less Than 8 ft.,3,-30,11,1,1,20181018,WAS,MIA
Shot Chart Detail,0021800015,461,201609,Goran Dragic,1610612748,Miami Heat,3,7,18,Missed Shot,Pullup Jump shot,2PT Field Goal,In The Paint (Non-RA),Center(C),8-16 ft.,11,43,104,1,0,20181018,WAS,MIA
Shot Chart Detail,0021800015,493,201609,Goran Dragic,1610612748,Miami Heat,3,5,3,Missed Shot,Jump Shot,3PT Field Goal,Above the Break 3,Left Side Center(LC),24+ ft.,25,-160,200,1,0,20181018,WAS,MIA
Shot Chart Detail,0021800015,513,201609,Goran Dragic,1610612748,Miami Heat,3,4,16,Missed Shot,Pullup Jump shot,2PT Field Goal,In The Paint (Non-RA),Center(C),8-16 ft.,13,55,122,1,0,20181018,WAS,MIA
Shot Chart Detail,0021800015,520,201609,Goran Dragic,1610612748,Miami Heat,3,3,29,Missed Shot,Driving Layup Shot,2PT Field Goal,Restricted Area,Center(C),Less Than 8 ft.,3,-18,31,1,0,20181018,WAS,MIA
Shot Chart Detail,0021800015,717,201609,Goran Dragic,1610612748,Miami Heat,4,3,3,Missed Shot,Jump Shot,3PT Field Goal,Left Corner 3,Left Side(L),24+ ft.,25,-241,76,1,0,20181018,WAS,MIA
Shot Chart Detail,0021800015,743,201609,Goran Dragic,1610612748,Miami Heat,4,1,10,Missed Shot,Turnaround Jump Shot,2PT Field Goal,In The Paint (Non-RA),Center(C),8-16 ft.,14,47,132,1,0,20181018,WAS,MIA
Shot Chart Detail,0021800030,13,201609,Goran Dragic,1610612748,Miami Heat,1,11,19,Missed Shot,Running Layup Shot,2PT Field Goal,Restricted Area,Center(C),Less Than 8 ft.,1,10,10,1,0,20181020,MIA,CHA
Shot Chart Detail,0021800030,21,201609,Goran Dragic,1610612748,Miami Heat,1,10,21,Missed Shot,Jump Shot,3PT Field Goal,Right Corner 3,Right Side(R),24+ ft.,23,228,49,1,0,20181020,MIA,CHA
Shot Chart Detail,0021800030,60,201609,Goran Dragic,1610612748,Miami Heat,1,6,44,Made Shot,Driving Layup Shot,2PT Field Goal,Restricted Area,Center(C),Less Than 8 ft.,1,-12,10,1,1,20181020,MIA,CHA
Shot Chart Detail,0021800030,74,201609,Goran Dragic,1610612748,Miami Heat,1,5,32,Missed Shot,Layup Shot,2PT Field Goal,Restricted Area,Center(C),Less Than 8 ft.,1,10,7,1,0,20181020,MIA,CHA
Shot Chart Detail,0021800030,84,201609,Goran Dragic,1610612748,Miami Heat,1,4,57,Missed Shot,Jump Shot,3PT Field Goal,Above the Break 3,Right Side Center(RC),24+ ft.,25,118,223,1,0,20181020,MIA,CHA
Shot Chart Detail,0021800030,253,201609,Goran Dragic,1610612748,Miami Heat,2,6,19,Missed Shot,Driving Layup Shot,2PT Field Goal,Restricted Area,Center(C),Less Than 8 ft.,1,8,16,1,0,20181020,MIA,CHA
Shot Chart Detail,0021800030,264,201609,Goran Dragic,1610612748,Miami Heat,2,5,43,Missed Shot,Running Layup Shot,2PT Field Goal,Restricted Area,Center(C),Less Than 8 ft.,1,-12,13,1,0,20181020,MIA,CHA
Shot Chart Detail,0021800030,379,201609,Goran Dragic,1610612748,Miami Heat,3,8,57,Missed Shot,Jump Shot,2PT Field Goal,Mid-Range,Right Side Center(RC),16-24 ft.,20,127,166,1,0,20181020,MIA,CHA
Shot Chart Detail,0021800030,438,201609,Goran Dragic,1610612748,Miami Heat,3,5,4,Made Shot,Jump Shot,3PT Field Goal,Above the Break 3,Right Side Center(RC),24+ ft.,25,176,178,1,1,20181020,MIA,CHA
Shot Chart Detail,0021800030,466,201609,Goran Dragic,1610612748,Miami Heat,3,2,58,Made Shot,Step Back Jump shot,2PT Field Goal,Mid-Range,Right Side Center(RC),16-24 ft.,16,73,151,1,1,20181020,MIA,CHA
Shot Chart Detail,0021800030,477,201609,Goran Dragic,1610612748,Miami Heat,3,1,55,Made Shot,Jump Shot,3PT Field Goal,Above the Break 3,Right Side Center(RC),24+ ft.,25,171,185,1,1,20181020,MIA,CHA
Shot Chart Detail,0021800030,486,201609,Goran Dragic,1610612748,Miami Heat,3,1,30,Made Shot,Driving Floating Bank Jump Shot,2PT Field Goal,Restricted Area,Center(C),Less Than 8 ft.,2,-21,16,1,1,20181020,MIA,CHA
Shot Chart Detail,0021800030,501,201609,Goran Dragic,1610612748,Miami Heat,3,0,28,Made Shot,Running Layup Shot,2PT Field Goal,Restricted Area,Center(C),Less Than 8 ft.,1,2,14,1,1,20181020,MIA,CHA
Shot Chart Detail,0021800030,533,201609,Goran Dragic,1610612748,Miami Heat,4,11,24,Missed Shot,Jump Shot,3PT Field Goal,Above the Break 3,Center(C),24+ ft.,25,0,258,1,0,20181020,MIA,CHA
Shot Chart Detail,0021800030,563,201609,Goran Dragic,1610612748,Miami Heat,4,8,56,Missed Shot,Jump Shot,2PT Field Goal,In The Paint (Non-RA),Center(C),Less Than 8 ft.,4,-43,11,1,0,20181020,MIA,CHA
Shot Chart Detail,0021800030,568,201609,Goran Dragic,1610612748,Miami Heat,4,8,29,Made Shot,Driving Layup Shot,2PT Field Goal,Restricted Area,Center(C),Less Than 8 ft.,1,-8,8,1,1,20181020,MIA,CHA
Shot Chart Detail,0021800030,618,201609,Goran Dragic,1610612748,Miami Heat,4,6,12,Missed Shot,Jump Shot,3PT Field Goal,Above the Break 3,Right Side Center(RC),24+ ft.,24,107,224,1,0,20181020,MIA,CHA
Shot Chart Detail,0021800054,20,201609,Goran Dragic,1610612748,Miami Heat,1,10,2,Made Shot,Turnaround Jump Shot,2PT Field Goal,In The Paint (Non-RA),Center(C),8-16 ft.,11,33,106,1,1,20181024,MIA,NYK
Shot Chart Detail,0021800054,52,201609,Goran Dragic,1610612748,Miami Heat,1,6,43,Missed Shot,Driving Layup Shot,2PT Field Goal,Restricted Area,Center(C),Less Than 8 ft.,2,-20,0,1,0,20181024,MIA,NYK
Shot Chart Detail,0021800054,232,201609,Goran Dragic,1610612748,Miami Heat,2,6,16,Missed Shot,Step Back Jump shot,2PT Field Goal,Mid-Range,Right Side Center(RC),16-24 ft.,17,84,159,1,0,20181024,MIA,NYK
Shot Chart Detail,0021800054,253,201609,Goran Dragic,1610612748,Miami Heat,2,4,34,Missed Shot,Step Back Jump shot,3PT Field Goal,Right Corner 3,Right Side(R),24+ ft.,23,232,22,1,0,20181024,MIA,NYK
Shot Chart Detail,0021800054,289,201609,Goran Dragic,1610612748,Miami Heat,2,2,17,Missed Shot,Running Layup Shot,2PT Field Goal,Restricted Area,Center(C),Less Than 8 ft.,1,6,17,1,0,20181024,MIA,NYK
Shot Chart Detail,0021800054,388,201609,Goran Dragic,1610612748,Miami Heat,3,7,29,Made Shot,Jump Shot,3PT Field Goal,Above the Break 3,Left Side Center(LC),24+ ft.,25,-128,223,1,1,20181024,MIA,NYK
Shot Chart Detail,0021800054,391,201609,Goran Dragic,1610612748,Miami Heat,3,7,0,Made Shot,Running Jump Shot,3PT Field Goal,Above the Break 3,Right Side Center(RC),24+ ft.,24,87,232,1,1,20181024,MIA,NYK
Shot Chart Detail,0021800054,444,201609,Goran Dragic,1610612748,Miami Heat,3,4,9,Made Shot,Cutting Layup Shot,2PT Field Goal,Restricted Area,Center(C),Less Than 8 ft.,2,-19,15,1,1,20181024,MIA,NYK
Shot Chart Detail,0021800054,452,201609,Goran Dragic,1610612748,Miami Heat,3,3,43,Missed Shot,Turnaround Jump Shot,2PT Field Goal,In The Paint (Non-RA),Center(C),8-16 ft.,11,-43,109,1,0,20181024,MIA,NYK
Shot Chart Detail,0021800079,57,201609,Goran Dragic,1610612748,Miami Heat,1,11,14,Missed Shot,Jump Shot,3PT Field Goal,Above the Break 3,Left Side Center(LC),24+ ft.,25,-130,225,1,0,20181027,MIA,POR
Shot Chart Detail,0021800079,35,201609,Goran Dragic,1610612748,Miami Heat,1,7,44,Made Shot,Jump Shot,3PT Field Goal,Above the Break 3,Center(C),24+ ft.,25,-52,249,1,1,20181027,MIA,POR
Shot Chart Detail,0021800079,40,201609,Goran Dragic,1610612748,Miami Heat,1,7,12,Made Shot,Fadeaway Jump Shot,2PT Field Goal,Mid-Range,Right Side(R),8-16 ft.,9,96,7,1,1,20181027,MIA,POR
Shot Chart Detail,0021800079,62,201609,Goran Dragic,1610612748,Miami Heat,1,5,43,Missed Shot,Pullup Jump shot,2PT Field Goal,In The Paint (Non-RA),Center(C),8-16 ft.,12,-16,125,1,0,20181027,MIA,POR
Shot Chart Detail,0021800079,109,201609,Goran Dragic,1610612748,Miami Heat,1,2,52,Missed Shot,Jump Shot,2PT Field Goal,In The Paint (Non-RA),Center(C),Less Than 8 ft.,7,70,10,1,0,20181027,MIA,POR
Shot Chart Detail,0021800079,242,201609,Goran Dragic,1610612748,Miami Heat,2,7,6,Made Shot,Running Layup Shot,2PT Field Goal,Restricted Area,Center(C),Less Than 8 ft.,1,-7,12,1,1,20181027,MIA,POR
Shot Chart Detail,0021800079,268,201609,Goran Dragic,1610612748,Miami Heat,2,5,20,Missed Shot,Driving Layup Shot,2PT Field Goal,Restricted Area,Center(C),Less Than 8 ft.,1,-8,6,1,0,20181027,MIA,POR
Shot Chart Detail,0021800079,296,201609,Goran Dragic,1610612748,Miami Heat,2,3,12,Missed Shot,Jump Shot,3PT Field Goal,Above the Break 3,Center(C),24+ ft.,25,4,252,1,0,20181027,MIA,POR
Shot Chart Detail,0021800079,308,201609,Goran Dragic,1610612748,Miami Heat,2,1,56,Made Shot,Driving Layup Shot,2PT Field Goal,Restricted Area,Center(C),Less Than 8 ft.,1,10,13,1,1,20181027,MIA,POR
Shot Chart Detail,0021800079,311,201609,Goran Dragic,1610612748,Miami Heat,2,1,37,Missed Shot,Jump Shot,3PT Field Goal,Above the Break 3,Left Side Center(LC),24+ ft.,26,-147,221,1,0,20181027,MIA,POR
Shot Chart Detail,0021800079,346,201609,Goran Dragic,1610612748,Miami Heat,3,10,48,Made Shot,Driving Layup Shot,2PT Field Goal,Restricted Area,Center(C),Less Than 8 ft.,1,-9,9,1,1,20181027,MIA,POR
Shot Chart Detail,0021800079,371,201609,Goran Dragic,1610612748,Miami Heat,3,8,51,Missed Shot,Pullup Jump shot,2PT Field Goal,In The Paint (Non-RA),Center(C),8-16 ft.,11,34,106,1,0,20181027,MIA,POR
Shot Chart Detail,0021800079,384,201609,Goran Dragic,1610612748,Miami Heat,3,7,51,Made Shot,Driving Layup Shot,2PT Field Goal,Restricted Area,Center(C),Less Than 8 ft.,0,3,5,1,1,20181027,MIA,POR
Shot Chart Detail,0021800079,397,201609,Goran Dragic,1610612748,Miami Heat,3,6,32,Missed Shot,Jump Shot,3PT Field Goal,Above the Break 3,Right Side Center(RC),24+ ft.,25,148,204,1,0,20181027,MIA,POR
Shot Chart Detail,0021800079,463,201609,Goran Dragic,1610612748,Miami Heat,3,3,33,Made Shot,Step Back Jump shot,3PT Field Goal,Above the Break 3,Left Side Center(LC),24+ ft.,24,-89,231,1,1,20181027,MIA,POR
Shot Chart Detail,0021800079,610,201609,Goran Dragic,1610612748,Miami Heat,4,4,55,Made Shot,Running Layup Shot,2PT Field Goal,Restricted Area,Center(C),Less Than 8 ft.,0,-6,4,1,1,20181027,MIA,POR
Shot Chart Detail,0021800079,627,201609,Goran Dragic,1610612748,Miami Heat,4,3,42,Missed Shot,Jump Shot,3PT Field Goal,Above the Break 3,Right Side Center(RC),24+ ft.,25,148,204,1,0,20181027,MIA,POR
Shot Chart Detail,0021800079,650,201609,Goran Dragic,1610612748,Miami Heat,4,2,34,Made Shot,Jump Shot,3PT Field Goal,Above the Break 3,Left Side Center(LC),24+ ft.,24,-200,148,1,1,20181027,MIA,POR
Shot Chart Detail,0021800079,670,201609,Goran Dragic,1610612748,Miami Heat,4,0,56,Made Shot,Pullup Jump shot,3PT Field Goal,Above the Break 3,Center(C),24+ ft.,26,72,257,1,1,20181027,MIA,POR
Shot Chart Detail,0021800089,10,201609,Goran Dragic,1610612748,Miami Heat,1,11,28,Made Shot,Jump Shot,3PT Field Goal,Above the Break 3,Left Side Center(LC),24+ ft.,25,-102,232,1,1,20181029,MIA,SAC
Shot Chart Detail,0021800089,30,201609,Goran Dragic,1610612748,Miami Heat,1,9,58,Missed Shot,Driving Layup Shot,2PT Field Goal,Restricted Area,Center(C),Less Than 8 ft.,2,17,13,1,0,20181029,MIA,SAC
Shot Chart Detail,0021800089,68,201609,Goran Dragic,1610612748,Miami Heat,1,6,56,Missed Shot,Jump Shot,3PT Field Goal,Above the Break 3,Left Side Center(LC),24+ ft.,24,-125,213,1,0,20181029,MIA,SAC
Shot Chart Detail,0021800089,100,201609,Goran Dragic,1610612748,Miami Heat,1,5,1,Missed Shot,Cutting Layup Shot,2PT Field Goal,Restricted Area,Center(C),Less Than 8 ft.,1,-6,17,1,0,20181029,MIA,SAC
Shot Chart Detail,0021800089,263,201609,Goran Dragic,1610612748,Miami Heat,2,7,0,Made Shot,Cutting Layup Shot,2PT Field Goal,Restricted Area,Center(C),Less Than 8 ft.,1,-3,11,1,1,20181029,MIA,SAC
Shot Chart Detail,0021800089,301,201609,Goran Dragic,1610612748,Miami Heat,2,4,7,Made Shot,Driving Reverse Layup Shot,2PT Field Goal,Restricted Area,Center(C),Less Than 8 ft.,0,-3,8,1,1,20181029,MIA,SAC
Shot Chart Detail,0021800089,336,201609,Goran Dragic,1610612748,Miami Heat,2,0,46,Made Shot,Jump Shot,3PT Field Goal,Above the Break 3,Left Side Center(LC),24+ ft.,24,-163,183,1,1,20181029,MIA,SAC
Shot Chart Detail,0021800089,357,201609,Goran Dragic,1610612748,Miami Heat,3,11,16,Made Shot,Jump Shot,2PT Field Goal,Mid-Range,Right Side Center(RC),16-24 ft.,22,133,178,1,1,20181029,MIA,SAC
Shot Chart Detail,0021800089,360,201609,Goran Dragic,1610612748,Miami Heat,3,10,50,Missed Shot,Step Back Jump shot,3PT Field Goal,Above the Break 3,Left Side Center(LC),24+ ft.,26,-132,227,1,0,20181029,MIA,SAC
Shot Chart Detail,0021800089,444,201609,Goran Dragic,1610612748,Miami Heat,3,5,43,Missed Shot,Cutting Layup Shot,2PT Field Goal,Restricted Area,Center(C),Less Than 8 ft.,1,-14,13,1,0,20181029,MIA,SAC
Shot Chart Detail,0021800089,448,201609,Goran Dragic,1610612748,Miami Heat,3,5,17,Made Shot,Jump Shot,3PT Field Goal,Right Corner 3,Right Side(R),24+ ft.,22,223,28,1,1,20181029,MIA,SAC
Shot Chart Detail,0021800089,452,201609,Goran Dragic,1610612748,Miami Heat,3,5,0,Missed Shot,Jump Shot,3PT Field Goal,Above the Break 3,Right Side Center(RC),24+ ft.,24,143,202,1,0,20181029,MIA,SAC
Shot Chart Detail,0021800089,467,201609,Goran Dragic,1610612748,Miami Heat,3,3,57,Missed Shot,Driving Layup Shot,2PT Field Goal,Restricted Area,Center(C),Less Than 8 ft.,1,9,12,1,0,20181029,MIA,SAC
Shot Chart Detail,0021800089,638,201609,Goran Dragic,1610612748,Miami Heat,4,4,15,Made Shot,Jump Shot,3PT Field Goal,Left Corner 3,Left Side(L),24+ ft.,23,-231,27,1,1,20181029,MIA,SAC
Shot Chart Detail,0021800089,687,201609,Goran Dragic,1610612748,Miami Heat,4,1,41,Missed Shot,Jump Shot,3PT Field Goal,Left Corner 3,Left Side(L),24+ ft.,23,-230,8,1,0,20181029,MIA,SAC
Shot Chart Detail,0021800089,710,201609,Goran Dragic,1610612748,Miami Heat,4,0,53,Missed Shot,Step Back Jump shot,3PT Field Goal,Above the Break 3,Left Side Center(LC),24+ ft.,26,-137,222,1,0,20181029,MIA,SAC
Shot Chart Detail,0021800096,16,201609,Goran Dragic,1610612748,Miami Heat,1,10,38,Missed Shot,Running Finger Roll Layup Shot,2PT Field Goal,Restricted Area,Center(C),Less Than 8 ft.,3,-29,13,1,0,20181030,CHA,MIA
Shot Chart Detail,0021800096,22,201609,Goran Dragic,1610612748,Miami Heat,1,9,42,Made Shot,Jump Shot,3PT Field Goal,Right Corner 3,Right Side(R),24+ ft.,23,230,40,1,1,20181030,CHA,MIA
Shot Chart Detail,0021800096,31,201609,Goran Dragic,1610612748,Miami Heat,1,8,48,Missed Shot,Layup Shot,2PT Field Goal,In The Paint (Non-RA),Center(C),8-16 ft.,9,11,95,1,0,20181030,CHA,MIA
Shot Chart Detail,0021800096,50,201609,Goran Dragic,1610612748,Miami Heat,1,7,19,Missed Shot,Jump Shot,3PT Field Goal,Above the Break 3,Right Side Center(RC),24+ ft.,24,93,227,1,0,20181030,CHA,MIA
Shot Chart Detail,0021800096,257,201609,Goran Dragic,1610612748,Miami Heat,2,4,56,Missed Shot,Jump Shot,3PT Field Goal,Left Corner 3,Left Side(L),24+ ft.,23,-233,55,1,0,20181030,CHA,MIA
Shot Chart Detail,0021800096,309,201609,Goran Dragic,1610612748,Miami Heat,2,1,36,Made Shot,Driving Reverse Layup Shot,2PT Field Goal,Restricted Area,Center(C),Less Than 8 ft.,1,-6,13,1,1,20181030,CHA,MIA
Shot Chart Detail,0021800096,312,201609,Goran Dragic,1610612748,Miami Heat,2,1,7,Missed Shot,Jump Shot,3PT Field Goal,Above the Break 3,Right Side Center(RC),24+ ft.,24,209,135,1,0,20181030,CHA,MIA
Shot Chart Detail,0021800096,380,201609,Goran Dragic,1610612748,Miami Heat,3,9,26,Missed Shot,Running Layup Shot,2PT Field Goal,Restricted Area,Center(C),Less Than 8 ft.,2,-7,20,1,0,20181030,CHA,MIA
Shot Chart Detail,0021800096,399,201609,Goran Dragic,1610612748,Miami Heat,3,8,6,Missed Shot,Jump Shot,3PT Field Goal,Above the Break 3,Center(C),24+ ft.,25,3,258,1,0,20181030,CHA,MIA
Shot Chart Detail,0021800096,403,201609,Goran Dragic,1610612748,Miami Heat,3,7,48,Missed Shot,Jump Shot,3PT Field Goal,Above the Break 3,Left Side Center(LC),24+ ft.,26,-99,246,1,0,20181030,CHA,MIA
Shot Chart Detail,0021800096,418,201609,Goran Dragic,1610612748,Miami Heat,3,7,12,Made Shot,Jump Shot,2PT Field Goal,Mid-Range,Left Side Center(LC),16-24 ft.,18,-87,158,1,1,20181030,CHA,MIA
Shot Chart Detail,0021800140,23,201609,Goran Dragic,1610612748,Miami Heat,1,10,25,Missed Shot,Jump Shot,3PT Field Goal,Above the Break 3,Left Side Center(LC),24+ ft.,24,-173,178,1,0,20181105,DET,MIA
Shot Chart Detail,0021800140,31,201609,Goran Dragic,1610612748,Miami Heat,1,9,39,Made Shot,Running Jump Shot,2PT Field Goal,In The Paint (Non-RA),Center(C),Less Than 8 ft.,7,36,69,1,1,20181105,DET,MIA
Shot Chart Detail,0021800140,37,201609,Goran Dragic,1610612748,Miami Heat,1,9,20,Made Shot,Jump Shot,3PT Field Goal,Above the Break 3,Center(C),24+ ft.,25,11,253,1,1,20181105,DET,MIA
Shot Chart Detail,0021800140,41,201609,Goran Dragic,1610612748,Miami Heat,1,8,46,Missed Shot,Driving Layup Shot,2PT Field Goal,Restricted Area,Center(C),Less Than 8 ft.,2,-13,24,1,0,20181105,DET,MIA
Shot Chart Detail,0021800140,92,201609,Goran Dragic,1610612748,Miami Heat,1,5,34,Missed Shot,Jump Shot,3PT Field Goal,Left Corner 3,Left Side(L),24+ ft.,22,-226,-15,1,0,20181105,DET,MIA
Shot Chart Detail,0021800140,298,201609,Goran Dragic,1610612748,Miami Heat,2,4,39,Made Shot,Driving Layup Shot,2PT Field Goal,Restricted Area,Center(C),Less Than 8 ft.,1,13,15,1,1,20181105,DET,MIA
Shot Chart Detail,0021800140,300,201609,Goran Dragic,1610612748,Miami Heat,2,4,18,Missed Shot,Pullup Jump shot,2PT Field Goal,Mid-Range,Left Side(L),8-16 ft.,14,-134,50,1,0,20181105,DET,MIA
Shot Chart Detail,0021800140,336,201609,Goran Dragic,1610612748,Miami Heat,2,2,23,Missed Shot,Finger Roll Layup Shot,2PT Field Goal,In The Paint (Non-RA),Center(C),Less Than 8 ft.,5,-58,9,1,0,20181105,DET,MIA
Shot Chart Detail,0021800140,338,201609,Goran Dragic,1610612748,Miami Heat,2,2,19,Missed Shot,Layup Shot,2PT Field Goal,Restricted Area,Center(C),Less Than 8 ft.,1,-11,6,1,0,20181105,DET,MIA
Shot Chart Detail,0021800140,382,201609,Goran Dragic,1610612748,Miami Heat,2,0,1,Made Shot,Driving Layup Shot,2PT Field Goal,Restricted Area,Center(C),Less Than 8 ft.,0,0,6,1,1,20181105,DET,MIA
Shot Chart Detail,0021800140,423,201609,Goran Dragic,1610612748,Miami Heat,3,10,36,Missed Shot,Jump Shot,3PT Field Goal,Above the Break 3,Left Side Center(LC),24+ ft.,26,-111,243,1,0,20181105,DET,MIA
Shot Chart Detail,0021800140,429,201609,Goran Dragic,1610612748,Miami Heat,3,10,6,Made Shot,Layup Shot,2PT Field Goal,Restricted Area,Center(C),Less Than 8 ft.,2,-28,1,1,1,20181105,DET,MIA
Shot Chart Detail,0021800140,481,201609,Goran Dragic,1610612748,Miami Heat,3,6,29,Made Shot,Layup Shot,2PT Field Goal,Restricted Area,Center(C),Less Than 8 ft.,2,3,28,1,1,20181105,DET,MIA
Shot Chart Detail,0021800140,486,201609,Goran Dragic,1610612748,Miami Heat,3,5,59,Made Shot,Layup Shot,2PT Field Goal,Restricted Area,Center(C),Less Than 8 ft.,0,-3,4,1,1,20181105,DET,MIA
Shot Chart Detail,0021800140,525,201609,Goran Dragic,1610612748,Miami Heat,3,3,13,Missed Shot,Jump Shot,3PT Field Goal,Right Corner 3,Right Side(R),24+ ft.,22,228,-15,1,0,20181105,DET,MIA
Shot Chart Detail,0021800140,664,201609,Goran Dragic,1610612748,Miami Heat,4,5,24,Missed Shot,Driving Layup Shot,2PT Field Goal,In The Paint (Non-RA),Left Side(L),8-16 ft.,9,-70,64,1,0,20181105,DET,MIA
Shot Chart Detail,0021800140,721,201609,Goran Dragic,1610612748,Miami Heat,4,0,52,Missed Shot,Jump Shot,3PT Field Goal,Right Corner 3,Right Side(R),24+ ft.,23,239,8,1,0,20181105,DET,MIA
Shot Chart Detail,0021800140,790,201609,Goran Dragic,1610612748,Miami Heat,5,3,20,Missed Shot,Driving Layup Shot,2PT Field Goal,In The Paint (Non-RA),Center(C),Less Than 8 ft.,5,-41,34,1,0,20181105,DET,MIA
Shot Chart Detail,0021800177,38,201609,Goran Dragic,1610612748,Miami Heat,1,8,48,Missed Shot,Layup Shot,2PT Field Goal,Restricted Area,Center(C),Less Than 8 ft.,1,-10,14,1,0,20181110,MIA,WAS
Shot Chart Detail,0021800177,40,201609,Goran Dragic,1610612748,Miami Heat,1,8,43,Missed Shot,Jump Shot,2PT Field Goal,Mid-Range,Left Side(L),16-24 ft.,16,-166,-4,1,0,20181110,MIA,WAS
Shot Chart Detail,0021800177,53,201609,Goran Dragic,1610612748,Miami Heat,1,7,28,Missed Shot,Driving Layup Shot,2PT Field Goal,Restricted Area,Center(C),Less Than 8 ft.,1,-9,8,1,0,20181110,MIA,WAS
Shot Chart Detail,0021800177,72,201609,Goran Dragic,1610612748,Miami Heat,1,5,44,Missed Shot,Pullup Jump shot,2PT Field Goal,In The Paint (Non-RA),Center(C),8-16 ft.,12,5,129,1,0,20181110,MIA,WAS
Shot Chart Detail,0021800177,371,201609,Goran Dragic,1610612748,Miami Heat,3,11,49,Missed Shot,Jump Bank Shot,2PT Field Goal,Restricted Area,Center(C),Less Than 8 ft.,3,-29,23,1,0,20181110,MIA,WAS
Shot Chart Detail,0021800177,410,201609,Goran Dragic,1610612748,Miami Heat,3,8,54,Missed Shot,Fadeaway Jump Shot,2PT Field Goal,Mid-Range,Right Side(R),16-24 ft.,16,167,-10,1,0,20181110,MIA,WAS
Shot Chart Detail,0021800177,428,201609,Goran Dragic,1610612748,Miami Heat,3,7,29,Missed Shot,Driving Floating Jump Shot,2PT Field Goal,In The Paint (Non-RA),Center(C),Less Than 8 ft.,4,-40,17,1,0,20181110,MIA,WAS
Shot Chart Detail,0021800191,32,201609,Goran Dragic,1610612748,Miami Heat,1,9,18,Made Shot,Running Layup Shot,2PT Field Goal,Restricted Area,Center(C),Less Than 8 ft.,0,1,4,1,1,20181112,MIA,PHI
Shot Chart Detail,0021800191,40,201609,Goran Dragic,1610612748,Miami Heat,1,8,46,Missed Shot,Pullup Jump shot,3PT Field Goal,Above the Break 3,Right Side Center(RC),24+ ft.,25,177,178,1,0,20181112,MIA,PHI
Shot Chart Detail,0021800191,61,201609,Goran Dragic,1610612748,Miami Heat,1,6,46,Made Shot,Driving Finger Roll Layup Shot,2PT Field Goal,Restricted Area,Center(C),Less Than 8 ft.,1,5,15,1,1,20181112,MIA,PHI
Shot Chart Detail,0021800191,63,201609,Goran Dragic,1610612748,Miami Heat,1,6,17,Missed Shot,Step Back Jump shot,3PT Field Goal,Above the Break 3,Left Side Center(LC),24+ ft.,25,-112,229,1,0,20181112,MIA,PHI
Shot Chart Detail,0021800191,253,201609,Goran Dragic,1610612748,Miami Heat,2,5,23,Missed Shot,Driving Hook Shot,2PT Field Goal,Restricted Area,Center(C),Less Than 8 ft.,1,-14,10,1,0,20181112,MIA,PHI
Shot Chart Detail,0021800191,295,201609,Goran Dragic,1610612748,Miami Heat,2,2,36,Made Shot,Running Layup Shot,2PT Field Goal,Restricted Area,Center(C),Less Than 8 ft.,0,9,3,1,1,20181112,MIA,PHI
Shot Chart Detail,0021800191,310,201609,Goran Dragic,1610612748,Miami Heat,2,1,45,Made Shot,Pullup Jump shot,2PT Field Goal,In The Paint (Non-RA),Center(C),8-16 ft.,10,5,105,1,1,20181112,MIA,PHI
Shot Chart Detail,0021800191,312,201609,Goran Dragic,1610612748,Miami Heat,2,1,5,Made Shot,Jump Shot,3PT Field Goal,Right Corner 3,Right Side(R),24+ ft.,23,230,10,1,1,20181112,MIA,PHI
Shot Chart Detail,0021800191,355,201609,Goran Dragic,1610612748,Miami Heat,3,11,24,Missed Shot,Turnaround Fadeaway shot,2PT Field Goal,In The Paint (Non-RA),Center(C),8-16 ft.,11,-1,112,1,0,20181112,MIA,PHI
Shot Chart Detail,0021800191,410,201609,Goran Dragic,1610612748,Miami Heat,3,7,27,Missed Shot,Jump Shot,3PT Field Goal,Left Corner 3,Left Side(L),24+ ft.,23,-235,33,1,0,20181112,MIA,PHI
Shot Chart Detail,0021800191,493,201609,Goran Dragic,1610612748,Miami Heat,3,2,20,Made Shot,Driving Layup Shot,2PT Field Goal,Restricted Area,Center(C),Less Than 8 ft.,1,-17,5,1,1,20181112,MIA,PHI
Shot Chart Detail,0021800191,502,201609,Goran Dragic,1610612748,Miami Heat,3,1,54,Missed Shot,Pullup Jump shot,2PT Field Goal,Mid-Range,Left Side(L),8-16 ft.,15,-84,133,1,0,20181112,MIA,PHI
Shot Chart Detail,0021800191,657,201609,Goran Dragic,1610612748,Miami Heat,4,2,17,Missed Shot,Step Back Jump shot,2PT Field Goal,Mid-Range,Center(C),8-16 ft.,15,-9,151,1,0,20181112,MIA,PHI
Shot Chart Detail,0021800191,694,201609,Goran Dragic,1610612748,Miami Heat,4,0,43,Made Shot,Driving Layup Shot,2PT Field Goal,Restricted Area,Center(C),Less Than 8 ft.,1,-9,11,1,1,20181112,MIA,PHI
Shot Chart Detail,0021800191,697,201609,Goran Dragic,1610612748,Miami Heat,4,0,31,Made Shot,Running Finger Roll Layup Shot,2PT Field Goal,Restricted Area,Center(C),Less Than 8 ft.,1,-8,7,1,1,20181112,MIA,PHI
Shot Chart Detail,0021800205,11,201609,Goran Dragic,1610612748,Miami Heat,1,11,21,Made Shot,Driving Finger Roll Layup Shot,2PT Field Goal,In The Paint (Non-RA),Center(C),Less Than 8 ft.,5,-32,47,1,1,20181114,BKN,MIA
Shot Chart Detail,0021800205,16,201609,Goran Dragic,1610612748,Miami Heat,1,10,16,Made Shot,Pullup Jump shot,2PT Field Goal,Mid-Range,Right Side Center(RC),16-24 ft.,16,81,145,1,1,20181114,BKN,MIA
Shot Chart Detail,0021800205,100,201609,Goran Dragic,1610612748,Miami Heat,1,4,32,Made Shot,Pullup Jump shot,3PT Field Goal,Above the Break 3,Left Side Center(LC),24+ ft.,24,-114,219,1,1,20181114,BKN,MIA
Shot Chart Detail,0021800205,105,201609,Goran Dragic,1610612748,Miami Heat,1,4,4,Missed Shot,Jump Shot,3PT Field Goal,Above the Break 3,Left Side Center(LC),24+ ft.,25,-103,230,1,0,20181114,BKN,MIA
Shot Chart Detail,0021800205,245,201609,Goran Dragic,1610612748,Miami Heat,2,7,27,Missed Shot,Jump Shot,3PT Field Goal,Above the Break 3,Right Side Center(RC),24+ ft.,27,131,241,1,0,20181114,BKN,MIA
Shot Chart Detail,0021800205,250,201609,Goran Dragic,1610612748,Miami Heat,2,6,58,Missed Shot,Driving Finger Roll Layup Shot,2PT Field Goal,Restricted Area,Center(C),Less Than 8 ft.,3,23,26,1,0,20181114,BKN,MIA
Shot Chart Detail,0021800205,254,201609,Goran Dragic,1610612748,Miami Heat,2,6,38,Made Shot,Layup Shot,2PT Field Goal,Restricted Area,Center(C),Less Than 8 ft.,2,18,11,1,1,20181114,BKN,MIA
Shot Chart Detail,0021800205,320,201609,Goran Dragic,1610612748,Miami Heat,2,3,15,Made Shot,Running Layup Shot,2PT Field Goal,Restricted Area,Center(C),Less Than 8 ft.,2,16,16,1,1,20181114,BKN,MIA
Shot Chart Detail,0021800205,340,201609,Goran Dragic,1610612748,Miami Heat,2,1,46,Missed Shot,Driving Finger Roll Layup Shot,2PT Field Goal,Restricted Area,Center(C),Less Than 8 ft.,2,13,16,1,0,20181114,BKN,MIA
Shot Chart Detail,0021800205,390,201609,Goran Dragic,1610612748,Miami Heat,3,10,13,Made Shot,Pullup Jump shot,2PT Field Goal,In The Paint (Non-RA),Center(C),8-16 ft.,13,-3,134,1,1,20181114,BKN,MIA
Shot Chart Detail,0021800205,395,201609,Goran Dragic,1610612748,Miami Heat,3,9,19,Missed Shot,Driving Floating Jump Shot,2PT Field Goal,In The Paint (Non-RA),Center(C),8-16 ft.,13,-56,126,1,0,20181114,BKN,MIA
Shot Chart Detail,0021800205,497,201609,Goran Dragic,1610612748,Miami Heat,3,4,2,Missed Shot,Layup Shot,2PT Field Goal,In The Paint (Non-RA),Center(C),Less Than 8 ft.,4,-23,38,1,0,20181114,BKN,MIA
Shot Chart Detail,0021800205,649,201609,Goran Dragic,1610612748,Miami Heat,4,4,42,Made Shot,Driving Layup Shot,2PT Field Goal,Restricted Area,Center(C),Less Than 8 ft.,3,-18,26,1,1,20181114,BKN,MIA
Shot Chart Detail,0021800205,692,201609,Goran Dragic,1610612748,Miami Heat,4,2,24,Missed Shot,Jump Shot,3PT Field Goal,Above the Break 3,Left Side Center(LC),24+ ft.,25,-120,225,1,0,20181114,BKN,MIA
Shot Chart Detail,0021800205,704,201609,Goran Dragic,1610612748,Miami Heat,4,1,18,Made Shot,Driving Layup Shot,2PT Field Goal,Restricted Area,Center(C),Less Than 8 ft.,2,-19,8,1,1,20181114,BKN,MIA
Shot Chart Detail,0021800217,24,201609,Goran Dragic,1610612748,Miami Heat,1,9,27,Missed Shot,Pullup Jump shot,3PT Field Goal,Above the Break 3,Right Side Center(RC),24+ ft.,27,209,172,1,0,20181116,IND,MIA
Shot Chart Detail,0021800217,53,201609,Goran Dragic,1610612748,Miami Heat,1,7,1,Made Shot,Turnaround Jump Shot,2PT Field Goal,Mid-Range,Right Side(R),8-16 ft.,12,89,85,1,1,20181116,IND,MIA
Shot Chart Detail,0021800217,225,201609,Goran Dragic,1610612748,Miami Heat,2,5,48,Missed Shot,Jump Shot,3PT Field Goal,Above the Break 3,Right Side Center(RC),24+ ft.,27,130,245,1,0,20181116,IND,MIA
Shot Chart Detail,0021800217,284,201609,Goran Dragic,1610612748,Miami Heat,2,2,46,Missed Shot,Step Back Jump shot,2PT Field Goal,In The Paint (Non-RA),Center(C),8-16 ft.,12,-6,122,1,0,20181116,IND,MIA
Shot Chart Detail,0021800217,323,201609,Goran Dragic,1610612748,Miami Heat,3,11,47,Made Shot,Driving Finger Roll Layup Shot,2PT Field Goal,Restricted Area,Center(C),Less Than 8 ft.,0,6,4,1,1,20181116,IND,MIA
Shot Chart Detail,0021800217,520,201609,Goran Dragic,1610612748,Miami Heat,4,6,41,Made Shot,Running Layup Shot,2PT Field Goal,Restricted Area,Center(C),Less Than 8 ft.,1,-2,17,1,1,20181116,IND,MIA
Shot Chart Detail,0021800217,523,201609,Goran Dragic,1610612748,Miami Heat,4,6,11,Missed Shot,Pullup Jump shot,2PT Field Goal,Mid-Range,Left Side(L),8-16 ft.,12,-121,33,1,0,20181116,IND,MIA
Shot Chart Detail,0021800217,571,201609,Goran Dragic,1610612748,Miami Heat,4,2,18,Missed Shot,Jump Shot,3PT Field Goal,Above the Break 3,Left Side Center(LC),24+ ft.,26,-209,167,1,0,20181116,IND,MIA
Shot Chart Detail,0021800376,27,201609,Goran Dragic,1610612748,Miami Heat,1,9,27,Missed Shot,Driving Layup Shot,2PT Field Goal,Restricted Area,Center(C),Less Than 8 ft.,0,-4,9,1,0,20181207,PHX,MIA
Shot Chart Detail,0021800376,52,201609,Goran Dragic,1610612748,Miami Heat,1,7,48,Missed Shot,Pullup Jump shot,2PT Field Goal,In The Paint (Non-RA),Center(C),8-16 ft.,13,-41,127,1,0,20181207,PHX,MIA
Shot Chart Detail,0021800376,256,201609,Goran Dragic,1610612748,Miami Heat,2,5,14,Made Shot,Step Back Jump shot,2PT Field Goal,In The Paint (Non-RA),Center(C),8-16 ft.,13,68,121,1,1,20181207,PHX,MIA
Shot Chart Detail,0021800376,261,201609,Goran Dragic,1610612748,Miami Heat,2,4,37,Missed Shot,Jump Shot,3PT Field Goal,Left Corner 3,Left Side(L),24+ ft.,23,-232,-10,1,0,20181207,PHX,MIA
Shot Chart Detail,0021800376,265,201609,Goran Dragic,1610612748,Miami Heat,2,4,16,Missed Shot,Step Back Jump shot,2PT Field Goal,Mid-Range,Right Side(R),8-16 ft.,11,117,-12,1,0,20181207,PHX,MIA
Shot Chart Detail,0021800376,285,201609,Goran Dragic,1610612748,Miami Heat,2,3,13,Made Shot,Floating Jump shot,2PT Field Goal,In The Paint (Non-RA),Center(C),Less Than 8 ft.,6,62,11,1,1,20181207,PHX,MIA
Shot Chart Detail,0021800376,296,201609,Goran Dragic,1610612748,Miami Heat,2,2,33,Made Shot,Running Layup Shot,2PT Field Goal,Restricted Area,Center(C),Less Than 8 ft.,1,-4,10,1,1,20181207,PHX,MIA
Shot Chart Detail,0021800376,314,201609,Goran Dragic,1610612748,Miami Heat,2,0,53,Missed Shot,Driving Floating Jump Shot,2PT Field Goal,Restricted Area,Center(C),Less Than 8 ft.,3,-5,31,1,0,20181207,PHX,MIA
Shot Chart Detail,0021800376,338,201609,Goran Dragic,1610612748,Miami Heat,3,11,11,Missed Shot,Jump Shot,3PT Field Goal,Above the Break 3,Right Side Center(RC),24+ ft.,25,95,232,1,0,20181207,PHX,MIA
Shot Chart Detail,0021800376,342,201609,Goran Dragic,1610612748,Miami Heat,3,10,51,Made Shot,Running Layup Shot,2PT Field Goal,Restricted Area,Center(C),Less Than 8 ft.,0,4,7,1,1,20181207,PHX,MIA
Shot Chart Detail,0021800376,348,201609,Goran Dragic,1610612748,Miami Heat,3,10,13,Made Shot,Jump Shot,3PT Field Goal,Above the Break 3,Center(C),24+ ft.,25,0,253,1,1,20181207,PHX,MIA
Shot Chart Detail,0021800376,353,201609,Goran Dragic,1610612748,Miami Heat,3,9,48,Missed Shot,Turnaround Hook Shot,2PT Field Goal,In The Paint (Non-RA),Center(C),8-16 ft.,8,-29,79,1,0,20181207,PHX,MIA
Shot Chart Detail,0021800401,22,201609,Goran Dragic,1610612748,Miami Heat,1,10,34,Made Shot,Driving Floating Jump Shot,2PT Field Goal,In The Paint (Non-RA),Center(C),Less Than 8 ft.,6,-3,69,1,1,20181210,LAL,MIA
Shot Chart Detail,0021800401,25,201609,Goran Dragic,1610612748,Miami Heat,1,10,14,Missed Shot,Jump Shot,3PT Field Goal,Above the Break 3,Right Side Center(RC),24+ ft.,27,149,230,1,0,20181210,LAL,MIA
Shot Chart Detail,0021800401,41,201609,Goran Dragic,1610612748,Miami Heat,1,9,10,Made Shot,Cutting Layup Shot,2PT Field Goal,Restricted Area,Center(C),Less Than 8 ft.,2,-12,16,1,1,20181210,LAL,MIA
Shot Chart Detail,0021800401,61,201609,Goran Dragic,1610612748,Miami Heat,1,7,35,Missed Shot,Running Layup Shot,2PT Field Goal,In The Paint (Non-RA),Center(C),Less Than 8 ft.,4,-30,28,1,0,20181210,LAL,MIA
Shot Chart Detail,0021800401,88,201609,Goran Dragic,1610612748,Miami Heat,1,6,15,Missed Shot,Cutting Layup Shot,2PT Field Goal,Restricted Area,Center(C),Less Than 8 ft.,2,0,28,1,0,20181210,LAL,MIA
Shot Chart Detail,0021800401,274,201609,Goran Dragic,1610612748,Miami Heat,2,4,1,Made Shot,Jump Shot,3PT Field Goal,Above the Break 3,Left Side Center(LC),24+ ft.,26,-161,211,1,1,20181210,LAL,MIA
Shot Chart Detail,0021800401,289,201609,Goran Dragic,1610612748,Miami Heat,2,2,23,Missed Shot,Step Back Bank Jump Shot,2PT Field Goal,Mid-Range,Right Side(R),8-16 ft.,14,105,104,1,0,20181210,LAL,MIA
Shot Chart Detail,0021800401,323,201609,Goran Dragic,1610612748,Miami Heat,2,0,0,Missed Shot,Jump Shot,3PT Field Goal,Above the Break 3,Right Side Center(RC),24+ ft.,26,182,188,1,0,20181210,LAL,MIA
Shot Chart Detail,0021800401,371,201609,Goran Dragic,1610612748,Miami Heat,3,9,3,Missed Shot,Jump Shot,3PT Field Goal,Right Corner 3,Right Side(R),24+ ft.,22,223,-1,1,0,20181210,LAL,MIA
Shot Chart Detail,0021800888,136,201609,Goran Dragic,1610612748,Miami Heat,1,1,43,Made Shot,Running Layup Shot,2PT Field Goal,Restricted Area,Center(C),Less Than 8 ft.,0,-6,6,1,1,20190223,MIA,DET
Shot Chart Detail,0021800888,144,201609,Goran Dragic,1610612748,Miami Heat,1,1,14,Made Shot,Pullup Jump shot,2PT Field Goal,Mid-Range,Left Side Center(LC),16-24 ft.,16,-74,147,1,1,20190223,MIA,DET
Shot Chart Detail,0021800888,183,201609,Goran Dragic,1610612748,Miami Heat,2,9,57,Missed Shot,Pullup Jump shot,2PT Field Goal,Mid-Range,Center(C),16-24 ft.,16,6,161,1,0,20190223,MIA,DET
Shot Chart Detail,0021800888,215,201609,Goran Dragic,1610612748,Miami Heat,2,7,3,Missed Shot,Jump Shot,2PT Field Goal,In The Paint (Non-RA),Center(C),8-16 ft.,14,67,126,1,0,20190223,MIA,DET
Shot Chart Detail,0021800888,507,201609,Goran Dragic,1610612748,Miami Heat,4,11,1,Missed Shot,Jump Shot,3PT Field Goal,Above the Break 3,Left Side Center(LC),24+ ft.,26,-175,197,1,0,20190223,MIA,DET
Shot Chart Detail,0021800888,522,201609,Goran Dragic,1610612748,Miami Heat,4,9,6,Missed Shot,Pullup Jump shot,2PT Field Goal,In The Paint (Non-RA),Center(C),Less Than 8 ft.,4,-46,11,1,0,20190223,MIA,DET
Shot Chart Detail,0021800901,154,201609,Goran Dragic,1610612748,Miami Heat,1,1,11,Missed Shot,Jump Shot,3PT Field Goal,Right Corner 3,Right Side(R),24+ ft.,23,231,14,1,0,20190225,MIA,PHX
Shot Chart Detail,0021800901,230,201609,Goran Dragic,1610612748,Miami Heat,2,8,15,Missed Shot,Driving Layup Shot,2PT Field Goal,In The Paint (Non-RA),Center(C),Less Than 8 ft.,5,-35,38,1,0,20190225,MIA,PHX
Shot Chart Detail,0021800901,235,201609,Goran Dragic,1610612748,Miami Heat,2,8,1,Made Shot,Layup Shot,2PT Field Goal,Restricted Area,Center(C),Less Than 8 ft.,2,-26,4,1,1,20190225,MIA,PHX
Shot Chart Detail,0021800901,340,201609,Goran Dragic,1610612748,Miami Heat,2,1,30,Missed Shot,Jump Shot,3PT Field Goal,Above the Break 3,Right Side Center(RC),24+ ft.,25,192,172,1,0,20190225,MIA,PHX
Shot Chart Detail,0021800901,344,201609,Goran Dragic,1610612748,Miami Heat,2,1,18,Missed Shot,Running Layup Shot,2PT Field Goal,Restricted Area,Center(C),Less Than 8 ft.,2,-27,9,1,0,20190225,MIA,PHX
Shot Chart Detail,0021800901,356,201609,Goran Dragic,1610612748,Miami Heat,2,0,53,Made Shot,Jump Shot,2PT Field Goal,Mid-Range,Left Side(L),8-16 ft.,10,-101,-5,1,1,20190225,MIA,PHX
Shot Chart Detail,0021800901,363,201609,Goran Dragic,1610612748,Miami Heat,2,0,2,Missed Shot,Driving Layup Shot,2PT Field Goal,In The Paint (Non-RA),Center(C),Less Than 8 ft.,4,-37,21,1,0,20190225,MIA,PHX
Shot Chart Detail,0021800901,503,201609,Goran Dragic,1610612748,Miami Heat,3,2,29,Made Shot,Driving Finger Roll Layup Shot,2PT Field Goal,In The Paint (Non-RA),Center(C),Less Than 8 ft.,4,-38,15,1,1,20190225,MIA,PHX
Shot Chart Detail,0021800901,521,201609,Goran Dragic,1610612748,Miami Heat,3,0,6,Missed Shot,Jump Shot,3PT Field Goal,Above the Break 3,Right Side Center(RC),24+ ft.,26,156,210,1,0,20190225,MIA,PHX
Shot Chart Detail,0021800901,531,201609,Goran Dragic,1610612748,Miami Heat,4,11,9,Made Shot,Pullup Jump shot,2PT Field Goal,Mid-Range,Right Side(R),8-16 ft.,14,106,96,1,1,20190225,MIA,PHX
Shot Chart Detail,0021800901,543,201609,Goran Dragic,1610612748,Miami Heat,4,9,35,Made Shot,Cutting Layup Shot,2PT Field Goal,In The Paint (Non-RA),Center(C),Less Than 8 ft.,4,-28,31,1,1,20190225,MIA,PHX
Shot Chart Detail,0021800901,560,201609,Goran Dragic,1610612748,Miami Heat,4,7,53,Missed Shot,Pullup Jump shot,2PT Field Goal,Mid-Range,Left Side(L),8-16 ft.,11,-110,28,1,0,20190225,MIA,PHX
Shot Chart Detail,0021800915,136,201609,Goran Dragic,1610612748,Miami Heat,1,1,39,Missed Shot,Driving Layup Shot,2PT Field Goal,Restricted Area,Center(C),Less Than 8 ft.,1,-11,10,1,0,20190227,MIA,GSW
Shot Chart Detail,0021800915,154,201609,Goran Dragic,1610612748,Miami Heat,1,0,50,Made Shot,Jump Shot,3PT Field Goal,Above the Break 3,Right Side Center(RC),24+ ft.,25,169,195,1,1,20190227,MIA,GSW
Shot Chart Detail,0021800915,180,201609,Goran Dragic,1610612748,Miami Heat,2,11,3,Made Shot,Jump Shot,3PT Field Goal,Above the Break 3,Right Side Center(RC),24+ ft.,25,132,220,1,1,20190227,MIA,GSW
Shot Chart Detail,0021800915,213,201609,Goran Dragic,1610612748,Miami Heat,2,7,22,Made Shot,Pullup Jump shot,2PT Field Goal,Mid-Range,Left Side(L),16-24 ft.,17,-165,57,1,1,20190227,MIA,GSW
Shot Chart Detail,0021800915,216,201609,Goran Dragic,1610612748,Miami Heat,2,7,3,Made Shot,Pullup Jump shot,3PT Field Goal,Above the Break 3,Left Side Center(LC),24+ ft.,25,-204,155,1,1,20190227,MIA,GSW
Shot Chart Detail,0021800915,219,201609,Goran Dragic,1610612748,Miami Heat,2,6,37,Made Shot,Jump Shot,3PT Field Goal,Above the Break 3,Left Side Center(LC),24+ ft.,25,-149,210,1,1,20190227,MIA,GSW
Shot Chart Detail,0021800915,244,201609,Goran Dragic,1610612748,Miami Heat,2,5,49,Missed Shot,Step Back Jump shot,3PT Field Goal,Above the Break 3,Right Side Center(RC),24+ ft.,26,155,215,1,0,20190227,MIA,GSW
Shot Chart Detail,0021800915,277,201609,Goran Dragic,1610612748,Miami Heat,2,4,2,Missed Shot,Jump Shot,3PT Field Goal,Above the Break 3,Center(C),24+ ft.,26,23,262,1,0,20190227,MIA,GSW
Shot Chart Detail,0021800915,311,201609,Goran Dragic,1610612748,Miami Heat,2,1,36,Made Shot,Driving Finger Roll Layup Shot,2PT Field Goal,In The Paint (Non-RA),Center(C),Less Than 8 ft.,4,41,15,1,1,20190227,MIA,GSW
Shot Chart Detail,0021800915,503,201609,Goran Dragic,1610612748,Miami Heat,3,1,15,Missed Shot,Jump Shot,3PT Field Goal,Right Corner 3,Right Side(R),24+ ft.,22,220,52,1,0,20190227,MIA,GSW
Shot Chart Detail,0021800915,546,201609,Goran Dragic,1610612748,Miami Heat,4,10,53,Made Shot,Driving Hook Shot,2PT Field Goal,Restricted Area,Center(C),Less Than 8 ft.,3,8,38,1,1,20190227,MIA,GSW
Shot Chart Detail,0021800925,123,201609,Goran Dragic,1610612748,Miami Heat,1,1,8,Made Shot,Driving Layup Shot,2PT Field Goal,Restricted Area,Center(C),Less Than 8 ft.,0,0,4,1,1,20190228,HOU,MIA
Shot Chart Detail,0021800925,126,201609,Goran Dragic,1610612748,Miami Heat,1,0,48,Missed Shot,Pullup Jump shot,2PT Field Goal,Mid-Range,Center(C),8-16 ft.,14,-14,142,1,0,20190228,HOU,MIA
Shot Chart Detail,0021800925,176,201609,Goran Dragic,1610612748,Miami Heat,2,9,1,Missed Shot,Step Back Jump shot,3PT Field Goal,Above the Break 3,Left Side Center(LC),24+ ft.,25,-91,239,1,0,20190228,HOU,MIA
Shot Chart Detail,0021800925,199,201609,Goran Dragic,1610612748,Miami Heat,2,7,24,Made Shot,Jump Shot,3PT Field Goal,Above the Break 3,Right Side Center(RC),24+ ft.,24,166,179,1,1,20190228,HOU,MIA
Shot Chart Detail,0021800925,282,201609,Goran Dragic,1610612748,Miami Heat,2,2,29,Missed Shot,Turnaround Jump Shot,2PT Field Goal,In The Paint (Non-RA),Center(C),Less Than 8 ft.,5,25,52,1,0,20190228,HOU,MIA
Shot Chart Detail,0021800925,429,201609,Goran Dragic,1610612748,Miami Heat,3,2,34,Missed Shot,Jump Shot,3PT Field Goal,Above the Break 3,Center(C),24+ ft.,25,31,257,1,0,20190228,HOU,MIA
Shot Chart Detail,0021800925,482,201609,Goran Dragic,1610612748,Miami Heat,4,10,58,Made Shot,Driving Reverse Layup Shot,2PT Field Goal,Restricted Area,Center(C),Less Than 8 ft.,1,0,11,1,1,20190228,HOU,MIA
Shot Chart Detail,0021800925,498,201609,Goran Dragic,1610612748,Miami Heat,4,9,20,Missed Shot,Turnaround Fadeaway shot,2PT Field Goal,In The Paint (Non-RA),Center(C),8-16 ft.,11,-38,105,1,0,20190228,HOU,MIA
Shot Chart Detail,0021800925,517,201609,Goran Dragic,1610612748,Miami Heat,4,7,57,Made Shot,Jump Shot,3PT Field Goal,Left Corner 3,Left Side(L),24+ ft.,23,-230,23,1,1,20190228,HOU,MIA
Shot Chart Detail,0021800925,539,201609,Goran Dragic,1610612748,Miami Heat,4,6,18,Made Shot,Jump Shot,3PT Field Goal,Above the Break 3,Left Side Center(LC),24+ ft.,26,-198,176,1,1,20190228,HOU,MIA
Shot Chart Detail,0021800925,556,201609,Goran Dragic,1610612748,Miami Heat,4,5,13,Missed Shot,Jump Shot,3PT Field Goal,Above the Break 3,Center(C),24+ ft.,29,8,291,1,0,20190228,HOU,MIA
Shot Chart Detail,0021800925,560,201609,Goran Dragic,1610612748,Miami Heat,4,4,44,Missed Shot,Driving Layup Shot,2PT Field Goal,Restricted Area,Center(C),Less Than 8 ft.,2,-18,15,1,0,20190228,HOU,MIA
Shot Chart Detail,0021800979,108,201609,Goran Dragic,1610612748,Miami Heat,1,2,22,Made Shot,Jump Shot,3PT Field Goal,Above the Break 3,Center(C),24+ ft.,25,-30,257,1,1,20190308,MIA,CLE
Shot Chart Detail,0021800979,121,201609,Goran Dragic,1610612748,Miami Heat,1,1,24,Missed Shot,Jump Shot,3PT Field Goal,Above the Break 3,Center(C),24+ ft.,25,-6,258,1,0,20190308,MIA,CLE
Shot Chart Detail,0021800979,157,201609,Goran Dragic,1610612748,Miami Heat,2,10,33,Made Shot,Step Back Jump shot,2PT Field Goal,Mid-Range,Left Side(L),8-16 ft.,14,-95,113,1,1,20190308,MIA,CLE
Shot Chart Detail,0021800979,163,201609,Goran Dragic,1610612748,Miami Heat,2,9,37,Made Shot,Pullup Jump shot,2PT Field Goal,In The Paint (Non-RA),Center(C),8-16 ft.,11,-33,105,1,1,20190308,MIA,CLE
Shot Chart Detail,0021800979,191,201609,Goran Dragic,1610612748,Miami Heat,2,8,12,Made Shot,Driving Layup Shot,2PT Field Goal,Restricted Area,Center(C),Less Than 8 ft.,2,-18,21,1,1,20190308,MIA,CLE
Shot Chart Detail,0021800979,427,201609,Goran Dragic,1610612748,Miami Heat,3,2,37,Missed Shot,Jump Shot,3PT Field Goal,Above the Break 3,Center(C),24+ ft.,25,-18,250,1,0,20190308,MIA,CLE
Shot Chart Detail,0021800979,448,201609,Goran Dragic,1610612748,Miami Heat,3,0,55,Made Shot,Finger Roll Layup Shot,2PT Field Goal,Restricted Area,Center(C),Less Than 8 ft.,2,-21,3,1,1,20190308,MIA,CLE
Shot Chart Detail,0021800979,473,201609,Goran Dragic,1610612748,Miami Heat,4,11,9,Missed Shot,Pullup Jump shot,2PT Field Goal,In The Paint (Non-RA),Center(C),8-16 ft.,12,-18,121,1,0,20190308,MIA,CLE
Shot Chart Detail,0021800979,499,201609,Goran Dragic,1610612748,Miami Heat,4,8,54,Missed Shot,Jump Shot,2PT Field Goal,Restricted Area,Center(C),Less Than 8 ft.,3,-27,25,1,0,20190308,MIA,CLE
Shot Chart Detail,0021800993,131,201609,Goran Dragic,1610612748,Miami Heat,1,2,5,Missed Shot,Jump Shot,3PT Field Goal,Above the Break 3,Right Side Center(RC),24+ ft.,25,139,215,1,0,20190310,MIA,TOR
Shot Chart Detail,0021800993,211,201609,Goran Dragic,1610612748,Miami Heat,2,8,6,Made Shot,Cutting Layup Shot,2PT Field Goal,Restricted Area,Center(C),Less Than 8 ft.,1,0,16,1,1,20190310,MIA,TOR
Shot Chart Detail,0021800993,229,201609,Goran Dragic,1610612748,Miami Heat,2,7,11,Missed Shot,Driving Layup Shot,2PT Field Goal,Restricted Area,Center(C),Less Than 8 ft.,1,-14,-2,1,0,20190310,MIA,TOR
Shot Chart Detail,0021800993,473,201609,Goran Dragic,1610612748,Miami Heat,3,2,11,Made Shot,Running Layup Shot,2PT Field Goal,Restricted Area,Center(C),Less Than 8 ft.,1,-7,8,1,1,20190310,MIA,TOR
Shot Chart Detail,0021800993,509,201609,Goran Dragic,1610612748,Miami Heat,4,11,45,Made Shot,Jump Shot,3PT Field Goal,Above the Break 3,Left Side Center(LC),24+ ft.,27,-164,223,1,1,20190310,MIA,TOR
Shot Chart Detail,0021800993,525,201609,Goran Dragic,1610612748,Miami Heat,4,10,47,Missed Shot,Driving Layup Shot,2PT Field Goal,Restricted Area,Center(C),Less Than 8 ft.,1,-9,11,1,0,20190310,MIA,TOR
Shot Chart Detail,0021800993,589,201609,Goran Dragic,1610612748,Miami Heat,4,6,54,Missed Shot,Jump Shot,3PT Field Goal,Above the Break 3,Left Side Center(LC),24+ ft.,24,-197,152,1,0,20190310,MIA,TOR
Shot Chart Detail,0021800993,593,201609,Goran Dragic,1610612748,Miami Heat,4,6,24,Made Shot,Cutting Layup Shot,2PT Field Goal,Restricted Area,Center(C),Less Than 8 ft.,1,-6,12,1,1,20190310,MIA,TOR
Shot Chart Detail,0021801014,123,201609,Goran Dragic,1610612748,Miami Heat,1,2,26,Missed Shot,Jump Shot,3PT Field Goal,Above the Break 3,Right Side Center(RC),24+ ft.,25,161,201,1,0,20190313,MIA,DET
Shot Chart Detail,0021801014,146,201609,Goran Dragic,1610612748,Miami Heat,1,1,0,Missed Shot,Driving Finger Roll Layup Shot,2PT Field Goal,Restricted Area,Center(C),Less Than 8 ft.,1,-9,17,1,0,20190313,MIA,DET
Shot Chart Detail,0021801014,175,201609,Goran Dragic,1610612748,Miami Heat,2,10,26,Missed Shot,Pullup Jump shot,2PT Field Goal,Mid-Range,Left Side Center(LC),16-24 ft.,16,-62,155,1,0,20190313,MIA,DET
Shot Chart Detail,0021801014,204,201609,Goran Dragic,1610612748,Miami Heat,2,8,10,Missed Shot,Layup Shot,2PT Field Goal,Restricted Area,Center(C),Less Than 8 ft.,1,-4,15,1,0,20190313,MIA,DET
Shot Chart Detail,0021801014,230,201609,Goran Dragic,1610612748,Miami Heat,2,6,14,Made Shot,Layup Shot,2PT Field Goal,Restricted Area,Center(C),Less Than 8 ft.,0,-3,6,1,1,20190313,MIA,DET
Shot Chart Detail,0021801014,464,201609,Goran Dragic,1610612748,Miami Heat,3,2,32,Made Shot,Jump Shot,3PT Field Goal,Above the Break 3,Center(C),24+ ft.,25,-24,252,1,1,20190313,MIA,DET
Shot Chart Detail,0021801014,484,201609,Goran Dragic,1610612748,Miami Heat,3,0,0,Made Shot,Fadeaway Jump Shot,2PT Field Goal,In The Paint (Non-RA),Center(C),8-16 ft.,13,24,136,1,1,20190313,MIA,DET
Shot Chart Detail,0021801014,538,201609,Goran Dragic,1610612748,Miami Heat,4,7,36,Missed Shot,Jump Shot,3PT Field Goal,Above the Break 3,Center(C),24+ ft.,25,63,247,1,0,20190313,MIA,DET
Shot Chart Detail,0021801014,554,201609,Goran Dragic,1610612748,Miami Heat,4,6,47,Made Shot,Step Back Jump shot,3PT Field Goal,Above the Break 3,Left Side Center(LC),24+ ft.,26,-137,227,1,1,20190313,MIA,DET
Shot Chart Detail,0021801029,97,201609,Goran Dragic,1610612748,Miami Heat,1,4,7,Made Shot,Cutting Layup Shot,2PT Field Goal,Restricted Area,Center(C),Less Than 8 ft.,0,4,6,1,1,20190315,MIA,MIL
Shot Chart Detail,0021801029,128,201609,Goran Dragic,1610612748,Miami Heat,1,1,21,Missed Shot,Jump Shot,3PT Field Goal,Above the Break 3,Center(C),24+ ft.,25,-76,243,1,0,20190315,MIA,MIL
Shot Chart Detail,0021801029,145,201609,Goran Dragic,1610612748,Miami Heat,1,1,0,Made Shot,Driving Layup Shot,2PT Field Goal,Restricted Area,Center(C),Less Than 8 ft.,2,-16,17,1,1,20190315,MIA,MIL
Shot Chart Detail,0021801029,156,201609,Goran Dragic,1610612748,Miami Heat,1,0,0,Missed Shot,Fadeaway Jump Shot,2PT Field Goal,Mid-Range,Right Side(R),8-16 ft.,13,135,6,1,0,20190315,MIA,MIL
Shot Chart Detail,0021801029,172,201609,Goran Dragic,1610612748,Miami Heat,2,11,4,Missed Shot,Jump Shot,3PT Field Goal,Above the Break 3,Left Side Center(LC),24+ ft.,25,-133,215,1,0,20190315,MIA,MIL
Shot Chart Detail,0021801029,202,201609,Goran Dragic,1610612748,Miami Heat,2,8,7,Missed Shot,Pullup Jump shot,2PT Field Goal,Mid-Range,Left Side Center(LC),16-24 ft.,18,-70,167,1,0,20190315,MIA,MIL
Shot Chart Detail,0021801029,240,201609,Goran Dragic,1610612748,Miami Heat,2,5,56,Missed Shot,Jump Shot,2PT Field Goal,Mid-Range,Right Side Center(RC),16-24 ft.,18,91,162,1,0,20190315,MIA,MIL
Shot Chart Detail,0021801029,491,201609,Goran Dragic,1610612748,Miami Heat,3,3,7,Missed Shot,Jump Shot,2PT Field Goal,Mid-Range,Right Side Center(RC),16-24 ft.,16,83,143,1,0,20190315,MIA,MIL
Shot Chart Detail,0021801029,587,201609,Goran Dragic,1610612748,Miami Heat,4,9,50,Missed Shot,Floating Jump shot,2PT Field Goal,In The Paint (Non-RA),Center(C),8-16 ft.,12,-14,120,1,0,20190315,MIA,MIL
Shot Chart Detail,0021801045,139,201609,Goran Dragic,1610612748,Miami Heat,1,1,50,Made Shot,Jump Shot,3PT Field Goal,Left Corner 3,Left Side(L),24+ ft.,23,-228,38,1,1,20190317,MIA,CHA
Shot Chart Detail,0021801045,150,201609,Goran Dragic,1610612748,Miami Heat,1,0,42,Missed Shot,Driving Layup Shot,2PT Field Goal,Restricted Area,Center(C),Less Than 8 ft.,0,-3,5,1,0,20190317,MIA,CHA
Shot Chart Detail,0021801045,164,201609,Goran Dragic,1610612748,Miami Heat,2,11,29,Made Shot,Driving Layup Shot,2PT Field Goal,Restricted Area,Center(C),Less Than 8 ft.,2,-18,11,1,1,20190317,MIA,CHA
Shot Chart Detail,0021801045,191,201609,Goran Dragic,1610612748,Miami Heat,2,8,55,Missed Shot,Jump Shot,3PT Field Goal,Above the Break 3,Center(C),24+ ft.,25,-29,253,1,0,20190317,MIA,CHA
Shot Chart Detail,0021801045,489,201609,Goran Dragic,1610612748,Miami Heat,3,2,25,Made Shot,Jump Shot,3PT Field Goal,Above the Break 3,Left Side Center(LC),24+ ft.,26,-106,244,1,1,20190317,MIA,CHA
Shot Chart Detail,0021801045,505,201609,Goran Dragic,1610612748,Miami Heat,3,1,4,Missed Shot,Driving Floating Jump Shot,2PT Field Goal,In The Paint (Non-RA),Center(C),Less Than 8 ft.,5,49,17,1,0,20190317,MIA,CHA
Shot Chart Detail,0021801045,560,201609,Goran Dragic,1610612748,Miami Heat,4,9,9,Made Shot,Jump Shot,3PT Field Goal,Above the Break 3,Right Side Center(RC),24+ ft.,25,203,147,1,1,20190317,MIA,CHA
Shot Chart Detail,0021801045,571,201609,Goran Dragic,1610612748,Miami Heat,4,8,35,Missed Shot,Jump Shot,3PT Field Goal,Right Corner 3,Right Side(R),24+ ft.,23,230,23,1,0,20190317,MIA,CHA
Shot Chart Detail,0021801045,625,201609,Goran Dragic,1610612748,Miami Heat,4,5,19,Made Shot,Pullup Jump shot,2PT Field Goal,Mid-Range,Left Side Center(LC),16-24 ft.,19,-111,157,1,1,20190317,MIA,CHA
Shot Chart Detail,0021801045,635,201609,Goran Dragic,1610612748,Miami Heat,4,4,9,Made Shot,Driving Floating Jump Shot,2PT Field Goal,In The Paint (Non-RA),Left Side(L),8-16 ft.,11,-65,94,1,1,20190317,MIA,CHA
Shot Chart Detail,0021801045,645,201609,Goran Dragic,1610612748,Miami Heat,4,3,6,Made Shot,Jump Shot,3PT Field Goal,Above the Break 3,Right Side Center(RC),24+ ft.,24,130,212,1,1,20190317,MIA,CHA
Shot Chart Detail,0021801054,106,201609,Goran Dragic,1610612748,Miami Heat,1,4,8,Made Shot,Jump Shot,3PT Field Goal,Above the Break 3,Left Side Center(LC),24+ ft.,25,-139,215,1,1,20190318,OKC,MIA
Shot Chart Detail,0021801054,140,201609,Goran Dragic,1610612748,Miami Heat,1,2,12,Made Shot,Pullup Jump shot,3PT Field Goal,Above the Break 3,Center(C),24+ ft.,25,2,258,1,1,20190318,OKC,MIA
Shot Chart Detail,0021801054,145,201609,Goran Dragic,1610612748,Miami Heat,1,1,22,Made Shot,Driving Floating Bank Jump Shot,2PT Field Goal,In The Paint (Non-RA),Center(C),Less Than 8 ft.,5,-54,18,1,1,20190318,OKC,MIA
Shot Chart Detail,0021801054,151,201609,Goran Dragic,1610612748,Miami Heat,1,0,59,Made Shot,Jump Shot,3PT Field Goal,Above the Break 3,Center(C),24+ ft.,24,-14,249,1,1,20190318,OKC,MIA
Shot Chart Detail,0021801054,162,201609,Goran Dragic,1610612748,Miami Heat,1,0,28,Missed Shot,Cutting Layup Shot,2PT Field Goal,Restricted Area,Center(C),Less Than 8 ft.,1,-2,15,1,0,20190318,OKC,MIA
Shot Chart Detail,0021801054,172,201609,Goran Dragic,1610612748,Miami Heat,2,11,40,Made Shot,Jump Shot,3PT Field Goal,Above the Break 3,Left Side Center(LC),24+ ft.,25,-183,184,1,1,20190318,OKC,MIA
Shot Chart Detail,0021801054,194,201609,Goran Dragic,1610612748,Miami Heat,2,10,2,Missed Shot,Running Pull-Up Jump Shot,2PT Field Goal,Mid-Range,Center(C),16-24 ft.,22,-19,227,1,0,20190318,OKC,MIA
Shot Chart Detail,0021801054,247,201609,Goran Dragic,1610612748,Miami Heat,2,6,43,Made Shot,Jump Shot,3PT Field Goal,Above the Break 3,Center(C),24+ ft.,26,-56,254,1,1,20190318,OKC,MIA
Shot Chart Detail,0021801054,255,201609,Goran Dragic,1610612748,Miami Heat,2,5,33,Missed Shot,Driving Layup Shot,2PT Field Goal,Restricted Area,Center(C),Less Than 8 ft.,0,4,8,1,0,20190318,OKC,MIA
Shot Chart Detail,0021801054,327,201609,Goran Dragic,1610612748,Miami Heat,2,0,0,Missed Shot,Running Layup Shot,2PT Field Goal,Restricted Area,Center(C),Less Than 8 ft.,2,20,2,1,0,20190318,OKC,MIA
Shot Chart Detail,0021801054,481,201609,Goran Dragic,1610612748,Miami Heat,3,1,30,Made Shot,Pullup Jump shot,2PT Field Goal,In The Paint (Non-RA),Right Side(R),8-16 ft.,10,58,93,1,1,20190318,OKC,MIA
Shot Chart Detail,0021801054,484,201609,Goran Dragic,1610612748,Miami Heat,3,0,56,Missed Shot,Jump Shot,3PT Field Goal,Above the Break 3,Center(C),24+ ft.,25,-59,243,1,0,20190318,OKC,MIA
Shot Chart Detail,0021801054,555,201609,Goran Dragic,1610612748,Miami Heat,4,7,49,Made Shot,Driving Layup Shot,2PT Field Goal,Restricted Area,Center(C),Less Than 8 ft.,1,9,13,1,1,20190318,OKC,MIA
Shot Chart Detail,0021801054,577,201609,Goran Dragic,1610612748,Miami Heat,4,6,21,Missed Shot,Pullup Jump shot,3PT Field Goal,Above the Break 3,Center(C),24+ ft.,25,30,253,1,0,20190318,OKC,MIA
Shot Chart Detail,0021801054,588,201609,Goran Dragic,1610612748,Miami Heat,4,5,21,Made Shot,Jump Shot,3PT Field Goal,Above the Break 3,Left Side Center(LC),24+ ft.,24,-152,194,1,1,20190318,OKC,MIA
Shot Chart Detail,0021801054,622,201609,Goran Dragic,1610612748,Miami Heat,4,2,40,Missed Shot,Pullup Jump shot,2PT Field Goal,In The Paint (Non-RA),Center(C),8-16 ft.,13,-58,125,1,0,20190318,OKC,MIA
Shot Chart Detail,0021801054,631,201609,Goran Dragic,1610612748,Miami Heat,4,1,35,Missed Shot,Pullup Jump shot,3PT Field Goal,Above the Break 3,Center(C),24+ ft.,24,-49,240,1,0,20190318,OKC,MIA
Shot Chart Detail,0021801071,116,201609,Goran Dragic,1610612748,Miami Heat,1,2,32,Made Shot,Pullup Jump shot,2PT Field Goal,In The Paint (Non-RA),Left Side(L),8-16 ft.,10,-63,87,1,1,20190320,SAS,MIA
Shot Chart Detail,0021801071,119,201609,Goran Dragic,1610612748,Miami Heat,1,1,53,Made Shot,Pullup Jump shot,3PT Field Goal,Above the Break 3,Right Side Center(RC),24+ ft.,25,188,179,1,1,20190320,SAS,MIA
Shot Chart Detail,0021801071,142,201609,Goran Dragic,1610612748,Miami Heat,1,0,53,Missed Shot,Pullup Jump shot,3PT Field Goal,Above the Break 3,Center(C),24+ ft.,24,-3,248,1,0,20190320,SAS,MIA
Shot Chart Detail,0021801071,179,201609,Goran Dragic,1610612748,Miami Heat,2,10,7,Made Shot,Pullup Jump shot,2PT Field Goal,In The Paint (Non-RA),Left Side(L),8-16 ft.,14,-73,125,1,1,20190320,SAS,MIA
Shot Chart Detail,0021801071,182,201609,Goran Dragic,1610612748,Miami Heat,2,9,43,Made Shot,Jump Shot,3PT Field Goal,Above the Break 3,Right Side Center(RC),24+ ft.,24,210,132,1,1,20190320,SAS,MIA
Shot Chart Detail,0021801071,235,201609,Goran Dragic,1610612748,Miami Heat,2,7,21,Made Shot,Jump Shot,3PT Field Goal,Above the Break 3,Left Side Center(LC),24+ ft.,26,-173,195,1,1,20190320,SAS,MIA
Shot Chart Detail,0021801071,248,201609,Goran Dragic,1610612748,Miami Heat,2,6,30,Made Shot,Jump Shot,3PT Field Goal,Above the Break 3,Right Side Center(RC),24+ ft.,26,87,252,1,1,20190320,SAS,MIA
Shot Chart Detail,0021801071,276,201609,Goran Dragic,1610612748,Miami Heat,2,4,11,Made Shot,Cutting Finger Roll Layup Shot,2PT Field Goal,Restricted Area,Center(C),Less Than 8 ft.,1,-4,15,1,1,20190320,SAS,MIA
Shot Chart Detail,0021801071,461,201609,Goran Dragic,1610612748,Miami Heat,3,0,43,Missed Shot,Step Back Jump shot,3PT Field Goal,Above the Break 3,Center(C),24+ ft.,26,24,264,1,0,20190320,SAS,MIA
Shot Chart Detail,0021801071,523,201609,Goran Dragic,1610612748,Miami Heat,4,7,32,Missed Shot,Step Back Jump shot,3PT Field Goal,Above the Break 3,Right Side Center(RC),24+ ft.,26,184,196,1,0,20190320,SAS,MIA
Shot Chart Detail,0021801071,565,201609,Goran Dragic,1610612748,Miami Heat,4,4,2,Missed Shot,Floating Jump shot,2PT Field Goal,In The Paint (Non-RA),Center(C),8-16 ft.,10,4,100,1,0,20190320,SAS,MIA
Shot Chart Detail,0021801071,573,201609,Goran Dragic,1610612748,Miami Heat,4,3,18,Missed Shot,Floating Jump shot,2PT Field Goal,In The Paint (Non-RA),Center(C),Less Than 8 ft.,5,-50,18,1,0,20190320,SAS,MIA
Shot Chart Detail,0021801071,575,201609,Goran Dragic,1610612748,Miami Heat,4,3,14,Made Shot,Reverse Layup Shot,2PT Field Goal,Restricted Area,Center(C),Less Than 8 ft.,2,-7,26,1,1,20190320,SAS,MIA
Shot Chart Detail,0021801085,136,201609,Goran Dragic,1610612748,Miami Heat,1,0,49,Missed Shot,Jump Shot,2PT Field Goal,Mid-Range,Right Side(R),8-16 ft.,13,133,36,1,0,20190322,MIL,MIA
Shot Chart Detail,0021801085,147,201609,Goran Dragic,1610612748,Miami Heat,1,0,22,Missed Shot,Running Jump Shot,3PT Field Goal,Above the Break 3,Right Side Center(RC),24+ ft.,26,125,231,1,0,20190322,MIL,MIA
Shot Chart Detail,0021801085,174,201609,Goran Dragic,1610612748,Miami Heat,2,9,43,Missed Shot,Driving Layup Shot,2PT Field Goal,Restricted Area,Center(C),Less Than 8 ft.,1,4,12,1,0,20190322,MIL,MIA
Shot Chart Detail,0021801085,203,201609,Goran Dragic,1610612748,Miami Heat,2,7,36,Missed Shot,Jump Shot,2PT Field Goal,Mid-Range,Center(C),16-24 ft.,20,-8,206,1,0,20190322,MIL,MIA
Shot Chart Detail,0021801085,212,201609,Goran Dragic,1610612748,Miami Heat,2,6,59,Missed Shot,Jump Shot,3PT Field Goal,Right Corner 3,Right Side(R),24+ ft.,23,227,38,1,0,20190322,MIL,MIA
Shot Chart Detail,0021801085,491,201609,Goran Dragic,1610612748,Miami Heat,3,1,27,Missed Shot,Jump Shot,2PT Field Goal,Mid-Range,Center(C),16-24 ft.,20,35,203,1,0,20190322,MIL,MIA
Shot Chart Detail,0021801085,526,201609,Goran Dragic,1610612748,Miami Heat,3,0,19,Missed Shot,Jump Shot,2PT Field Goal,In The Paint (Non-RA),Left Side(L),8-16 ft.,11,-79,83,1,0,20190322,MIL,MIA
Shot Chart Detail,0021801085,583,201609,Goran Dragic,1610612748,Miami Heat,4,8,12,Missed Shot,Jump Shot,2PT Field Goal,Mid-Range,Center(C),8-16 ft.,15,11,153,1,0,20190322,MIL,MIA
Shot Chart Detail,0021801085,598,201609,Goran Dragic,1610612748,Miami Heat,4,7,7,Missed Shot,Jump Shot,3PT Field Goal,Right Corner 3,Right Side(R),24+ ft.,23,230,32,1,0,20190322,MIL,MIA
Shot Chart Detail,0021801089,134,201609,Goran Dragic,1610612748,Miami Heat,1,0,53,Missed Shot,Jump Shot,3PT Field Goal,Above the Break 3,Right Side Center(RC),24+ ft.,26,213,150,1,0,20190323,WAS,MIA
Shot Chart Detail,0021801089,159,201609,Goran Dragic,1610612748,Miami Heat,2,11,15,Missed Shot,Jump Shot,3PT Field Goal,Above the Break 3,Left Side Center(LC),24+ ft.,26,-237,115,1,0,20190323,WAS,MIA
Shot Chart Detail,0021801089,230,201609,Goran Dragic,1610612748,Miami Heat,2,7,32,Missed Shot,Jump Shot,3PT Field Goal,Above the Break 3,Center(C),24+ ft.,27,-54,266,1,0,20190323,WAS,MIA
Shot Chart Detail,0021801089,244,201609,Goran Dragic,1610612748,Miami Heat,2,6,23,Made Shot,Layup Shot,2PT Field Goal,Restricted Area,Center(C),Less Than 8 ft.,1,-6,16,1,1,20190323,WAS,MIA
Shot Chart Detail,0021801089,259,201609,Goran Dragic,1610612748,Miami Heat,2,4,44,Made Shot,Pullup Jump shot,2PT Field Goal,Mid-Range,Right Side Center(RC),16-24 ft.,16,62,156,1,1,20190323,WAS,MIA
Shot Chart Detail,0021801089,298,201609,Goran Dragic,1610612748,Miami Heat,2,2,27,Missed Shot,Jump Shot,2PT Field Goal,Mid-Range,Center(C),8-16 ft.,15,-58,146,1,0,20190323,WAS,MIA
Shot Chart Detail,0021801089,502,201609,Goran Dragic,1610612748,Miami Heat,4,11,38,Made Shot,Jump Shot,3PT Field Goal,Above the Break 3,Right Side Center(RC),24+ ft.,25,196,160,1,1,20190323,WAS,MIA
Shot Chart Detail,0021801089,533,201609,Goran Dragic,1610612748,Miami Heat,4,8,29,Missed Shot,Running Layup Shot,2PT Field Goal,Restricted Area,Center(C),Less Than 8 ft.,2,-9,25,1,0,20190323,WAS,MIA
Shot Chart Detail,0021801089,547,201609,Goran Dragic,1610612748,Miami Heat,4,7,25,Missed Shot,Jump Shot,3PT Field Goal,Left Corner 3,Left Side(L),24+ ft.,22,-223,28,1,0,20190323,WAS,MIA
Shot Chart Detail,0021801109,131,201609,Goran Dragic,1610612748,Miami Heat,1,2,46,Made Shot,Cutting Layup Shot,2PT Field Goal,Restricted Area,Center(C),Less Than 8 ft.,1,-8,10,1,1,20190326,MIA,ORL
Shot Chart Detail,0021801109,186,201609,Goran Dragic,1610612748,Miami Heat,2,8,58,Missed Shot,Jump Shot,3PT Field Goal,Right Corner 3,Right Side(R),24+ ft.,25,242,74,1,0,20190326,MIA,ORL
Shot Chart Detail,0021801109,238,201609,Goran Dragic,1610612748,Miami Heat,2,5,32,Missed Shot,Step Back Jump shot,2PT Field Goal,Mid-Range,Right Side Center(RC),16-24 ft.,16,123,113,1,0,20190326,MIA,ORL
Shot Chart Detail,0021801109,422,201609,Goran Dragic,1610612748,Miami Heat,3,3,31,Missed Shot,Jump Shot,3PT Field Goal,Above the Break 3,Right Side Center(RC),24+ ft.,25,200,160,1,0,20190326,MIA,ORL
Shot Chart Detail,0021801109,462,201609,Goran Dragic,1610612748,Miami Heat,3,0,41,Missed Shot,Jump Shot,2PT Field Goal,In The Paint (Non-RA),Right Side(R),8-16 ft.,11,63,92,1,0,20190326,MIA,ORL
Shot Chart Detail,0021801109,548,201609,Goran Dragic,1610612748,Miami Heat,4,6,43,Missed Shot,Pullup Jump shot,2PT Field Goal,Mid-Range,Left Side(L),8-16 ft.,11,-95,58,1,0,20190326,MIA,ORL
Shot Chart Detail,0021801124,53,201609,Goran Dragic,1610612748,Miami Heat,1,7,24,Made Shot,Hook Shot,2PT Field Goal,Restricted Area,Center(C),Less Than 8 ft.,2,22,1,1,1,20190328,MIA,DAL
Shot Chart Detail,0021801124,55,201609,Goran Dragic,1610612748,Miami Heat,1,6,57,Missed Shot,Pullup Jump shot,2PT Field Goal,Mid-Range,Right Side(R),8-16 ft.,9,94,4,1,0,20190328,MIA,DAL
Shot Chart Detail,0021801124,63,201609,Goran Dragic,1610612748,Miami Heat,1,6,14,Missed Shot,Pullup Jump shot,2PT Field Goal,Mid-Range,Center(C),8-16 ft.,14,47,142,1,0,20190328,MIA,DAL
Shot Chart Detail,0021801124,101,201609,Goran Dragic,1610612748,Miami Heat,1,2,55,Missed Shot,Jump Shot,2PT Field Goal,Mid-Range,Right Side(R),8-16 ft.,14,141,-13,1,0,20190328,MIA,DAL
Shot Chart Detail,0021801124,108,201609,Goran Dragic,1610612748,Miami Heat,1,1,57,Made Shot,Turnaround Fadeaway shot,2PT Field Goal,In The Paint (Non-RA),Center(C),8-16 ft.,12,17,124,1,1,20190328,MIA,DAL
Shot Chart Detail,0021801124,244,201609,Goran Dragic,1610612748,Miami Heat,2,4,49,Made Shot,Driving Floating Bank Jump Shot,2PT Field Goal,Restricted Area,Center(C),Less Than 8 ft.,3,-32,14,1,1,20190328,MIA,DAL
Shot Chart Detail,0021801124,300,201609,Goran Dragic,1610612748,Miami Heat,2,1,58,Missed Shot,Running Layup Shot,2PT Field Goal,Restricted Area,Center(C),Less Than 8 ft.,1,9,6,1,0,20190328,MIA,DAL
Shot Chart Detail,0021801124,349,201609,Goran Dragic,1610612748,Miami Heat,3,11,1,Missed Shot,Pullup Jump shot,2PT Field Goal,Mid-Range,Left Side Center(LC),16-24 ft.,22,-105,196,1,0,20190328,MIA,DAL
Shot Chart Detail,0021801124,383,201609,Goran Dragic,1610612748,Miami Heat,3,7,13,Made Shot,Driving Floating Jump Shot,2PT Field Goal,In The Paint (Non-RA),Center(C),8-16 ft.,13,4,133,1,1,20190328,MIA,DAL
Shot Chart Detail,0021801124,391,201609,Goran Dragic,1610612748,Miami Heat,3,6,18,Missed Shot,Pullup Jump shot,3PT Field Goal,Above the Break 3,Left Side Center(LC),24+ ft.,25,-112,225,1,0,20190328,MIA,DAL
Shot Chart Detail,0021801124,439,201609,Goran Dragic,1610612748,Miami Heat,3,3,10,Made Shot,Layup Shot,2PT Field Goal,Restricted Area,Center(C),Less Than 8 ft.,1,10,8,1,1,20190328,MIA,DAL
Shot Chart Detail,0021801124,501,201609,Goran Dragic,1610612748,Miami Heat,4,11,27,Made Shot,Driving Floating Jump Shot,2PT Field Goal,Restricted Area,Center(C),Less Than 8 ft.,3,5,38,1,1,20190328,MIA,DAL
Shot Chart Detail,0021801124,549,201609,Goran Dragic,1610612748,Miami Heat,4,7,54,Made Shot,Floating Jump shot,2PT Field Goal,In The Paint (Non-RA),Center(C),Less Than 8 ft.,5,-27,52,1,1,20190328,MIA,DAL
Shot Chart Detail,0021801124,552,201609,Goran Dragic,1610612748,Miami Heat,4,7,24,Made Shot,Reverse Layup Shot,2PT Field Goal,Restricted Area,Center(C),Less Than 8 ft.,1,0,10,1,1,20190328,MIA,DAL
Shot Chart Detail,0021801124,600,201609,Goran Dragic,1610612748,Miami Heat,4,4,40,Missed Shot,Jump Shot,2PT Field Goal,In The Paint (Non-RA),Center(C),8-16 ft.,11,-13,113,1,0,20190328,MIA,DAL
Shot Chart Detail,0021801124,602,201609,Goran Dragic,1610612748,Miami Heat,4,4,31,Missed Shot,Step Back Jump shot,3PT Field Goal,Above the Break 3,Left Side Center(LC),24+ ft.,25,-94,241,1,0,20190328,MIA,DAL
Shot Chart Detail,0021801124,637,201609,Goran Dragic,1610612748,Miami Heat,4,1,15,Made Shot,Finger Roll Layup Shot,2PT Field Goal,Restricted Area,Center(C),Less Than 8 ft.,1,-1,16,1,1,20190328,MIA,DAL
Shot Chart Detail,0021801141,20,201609,Goran Dragic,1610612748,Miami Heat,1,10,18,Missed Shot,Layup Shot,2PT Field Goal,Restricted Area,Center(C),Less Than 8 ft.,1,3,10,1,0,20190330,NYK,MIA
Shot Chart Detail,0021801141,52,201609,Goran Dragic,1610612748,Miami Heat,1,7,33,Missed Shot,Jump Shot,3PT Field Goal,Left Corner 3,Left Side(L),24+ ft.,22,-227,-5,1,0,20190330,NYK,MIA
Shot Chart Detail,0021801141,66,201609,Goran Dragic,1610612748,Miami Heat,1,6,34,Made Shot,Driving Layup Shot,2PT Field Goal,Restricted Area,Center(C),Less Than 8 ft.,1,-3,-10,1,1,20190330,NYK,MIA
Shot Chart Detail,0021801141,78,201609,Goran Dragic,1610612748,Miami Heat,1,5,15,Missed Shot,Layup Shot,2PT Field Goal,Restricted Area,Center(C),Less Than 8 ft.,2,-15,15,1,0,20190330,NYK,MIA
Shot Chart Detail,0021801141,156,201609,Goran Dragic,1610612748,Miami Heat,1,1,12,Missed Shot,Jump Shot,3PT Field Goal,Above the Break 3,Center(C),24+ ft.,24,16,246,1,0,20190330,NYK,MIA
Shot Chart Detail,0021801141,203,201609,Goran Dragic,1610612748,Miami Heat,2,10,7,Made Shot,Pullup Jump shot,2PT Field Goal,Mid-Range,Center(C),8-16 ft.,15,-9,155,1,1,20190330,NYK,MIA
Shot Chart Detail,0021801141,302,201609,Goran Dragic,1610612748,Miami Heat,2,3,0,Missed Shot,Jump Shot,3PT Field Goal,Above the Break 3,Right Side Center(RC),24+ ft.,25,121,225,1,0,20190330,NYK,MIA
Shot Chart Detail,0021801141,304,201609,Goran Dragic,1610612748,Miami Heat,2,2,52,Made Shot,Jump Shot,3PT Field Goal,Right Corner 3,Right Side(R),24+ ft.,23,230,67,1,1,20190330,NYK,MIA
Shot Chart Detail,0021801141,327,201609,Goran Dragic,1610612748,Miami Heat,2,1,19,Missed Shot,Driving Layup Shot,2PT Field Goal,Restricted Area,Center(C),Less Than 8 ft.,1,-9,15,1,0,20190330,NYK,MIA
Shot Chart Detail,0021801141,411,201609,Goran Dragic,1610612748,Miami Heat,3,7,38,Made Shot,Jump Shot,3PT Field Goal,Above the Break 3,Right Side Center(RC),24+ ft.,25,92,236,1,1,20190330,NYK,MIA
Shot Chart Detail,0021801141,416,201609,Goran Dragic,1610612748,Miami Heat,3,7,3,Missed Shot,Jump Shot,3PT Field Goal,Above the Break 3,Right Side Center(RC),24+ ft.,25,81,246,1,0,20190330,NYK,MIA
Shot Chart Detail,0021801141,517,201609,Goran Dragic,1610612748,Miami Heat,4,9,54,Missed Shot,Jump Shot,2PT Field Goal,Mid-Range,Center(C),16-24 ft.,19,-49,191,1,0,20190330,NYK,MIA
Shot Chart Detail,0021801141,562,201609,Goran Dragic,1610612748,Miami Heat,4,6,48,Missed Shot,Jump Shot,3PT Field Goal,Above the Break 3,Right Side Center(RC),24+ ft.,26,82,248,1,0,20190330,NYK,MIA
Shot Chart Detail,0021801141,606,201609,Goran Dragic,1610612748,Miami Heat,4,3,51,Missed Shot,Turnaround Hook Shot,2PT Field Goal,Restricted Area,Center(C),Less Than 8 ft.,3,26,22,1,0,20190330,NYK,MIA
Shot Chart Detail,0021801153,38,201609,Goran Dragic,1610612748,Miami Heat,1,8,18,Missed Shot,Pullup Jump shot,3PT Field Goal,Above the Break 3,Right Side Center(RC),24+ ft.,25,214,137,1,0,20190401,BOS,MIA
Shot Chart Detail,0021801153,57,201609,Goran Dragic,1610612748,Miami Heat,1,6,47,Missed Shot,Jump Shot,3PT Field Goal,Left Corner 3,Left Side(L),24+ ft.,23,-231,3,1,0,20190401,BOS,MIA
Shot Chart Detail,0021801153,79,201609,Goran Dragic,1610612748,Miami Heat,1,5,11,Missed Shot,Driving Layup Shot,2PT Field Goal,Restricted Area,Center(C),Less Than 8 ft.,2,-25,4,1,0,20190401,BOS,MIA
Shot Chart Detail,0021801153,92,201609,Goran Dragic,1610612748,Miami Heat,1,4,14,Made Shot,Driving Finger Roll Layup Shot,2PT Field Goal,Restricted Area,Center(C),Less Than 8 ft.,3,23,21,1,1,20190401,BOS,MIA
Shot Chart Detail,0021801153,123,201609,Goran Dragic,1610612748,Miami Heat,1,2,14,Made Shot,Running Layup Shot,2PT Field Goal,Restricted Area,Center(C),Less Than 8 ft.,0,-2,8,1,1,20190401,BOS,MIA
Shot Chart Detail,0021801153,170,201609,Goran Dragic,1610612748,Miami Heat,2,10,51,Missed Shot,Jump Shot,3PT Field Goal,Above the Break 3,Right Side Center(RC),24+ ft.,25,145,209,1,0,20190401,BOS,MIA
Shot Chart Detail,0021801153,302,201609,Goran Dragic,1610612748,Miami Heat,2,2,9,Made Shot,Layup Shot,2PT Field Goal,Restricted Area,Center(C),Less Than 8 ft.,1,-4,11,1,1,20190401,BOS,MIA
Shot Chart Detail,0021801153,317,201609,Goran Dragic,1610612748,Miami Heat,2,1,19,Made Shot,Running Layup Shot,2PT Field Goal,Restricted Area,Center(C),Less Than 8 ft.,1,-13,5,1,1,20190401,BOS,MIA
Shot Chart Detail,0021801153,348,201609,Goran Dragic,1610612748,Miami Heat,3,11,49,Made Shot,Jump Shot,3PT Field Goal,Above the Break 3,Center(C),24+ ft.,25,58,247,1,1,20190401,BOS,MIA
Shot Chart Detail,0021801153,355,201609,Goran Dragic,1610612748,Miami Heat,3,10,42,Missed Shot,Driving Layup Shot,2PT Field Goal,Restricted Area,Center(C),Less Than 8 ft.,2,-20,-4,1,0,20190401,BOS,MIA
Shot Chart Detail,0021801153,368,201609,Goran Dragic,1610612748,Miami Heat,3,9,25,Made Shot,Running Layup Shot,2PT Field Goal,Restricted Area,Center(C),Less Than 8 ft.,0,4,-1,1,1,20190401,BOS,MIA
Shot Chart Detail,0021801153,376,201609,Goran Dragic,1610612748,Miami Heat,3,8,42,Made Shot,Driving Layup Shot,2PT Field Goal,Restricted Area,Center(C),Less Than 8 ft.,1,-12,-6,1,1,20190401,BOS,MIA
Shot Chart Detail,0021801153,384,201609,Goran Dragic,1610612748,Miami Heat,3,8,18,Made Shot,Driving Layup Shot,2PT Field Goal,Restricted Area,Center(C),Less Than 8 ft.,0,-1,0,1,1,20190401,BOS,MIA
Shot Chart Detail,0021801153,397,201609,Goran Dragic,1610612748,Miami Heat,3,7,42,Made Shot,Jump Shot,3PT Field Goal,Above the Break 3,Right Side Center(RC),24+ ft.,24,169,184,1,1,20190401,BOS,MIA
Shot Chart Detail,0021801153,477,201609,Goran Dragic,1610612748,Miami Heat,3,1,32,Missed Shot,Jump Shot,3PT Field Goal,Above the Break 3,Center(C),24+ ft.,26,-44,263,1,0,20190401,BOS,MIA
Shot Chart Detail,0021801153,515,201609,Goran Dragic,1610612748,Miami Heat,4,10,28,Made Shot,Jump Shot,3PT Field Goal,Left Corner 3,Left Side(L),24+ ft.,23,-225,74,1,1,20190401,BOS,MIA
Shot Chart Detail,0021801153,527,201609,Goran Dragic,1610612748,Miami Heat,4,9,15,Missed Shot,Step Back Jump shot,3PT Field Goal,Above the Break 3,Left Side Center(LC),24+ ft.,25,-85,243,1,0,20190401,BOS,MIA
Shot Chart Detail,0021801153,547,201609,Goran Dragic,1610612748,Miami Heat,4,8,1,Made Shot,Driving Layup Shot,2PT Field Goal,Restricted Area,Center(C),Less Than 8 ft.,1,-11,-6,1,1,20190401,BOS,MIA
Shot Chart Detail,0021801153,612,201609,Goran Dragic,1610612748,Miami Heat,4,2,33,Made Shot,Driving Floating Jump Shot,2PT Field Goal,In The Paint (Non-RA),Center(C),Less Than 8 ft.,7,-16,78,1,1,20190401,BOS,MIA
Shot Chart Detail,0021801153,633,201609,Goran Dragic,1610612748,Miami Heat,4,1,0,Missed Shot,Step Back Jump shot,3PT Field Goal,Above the Break 3,Right Side Center(RC),24+ ft.,26,116,233,1,0,20190401,BOS,MIA
Shot Chart Detail,0021801170,49,201609,Goran Dragic,1610612748,Miami Heat,1,8,6,Made Shot,Jump Shot,3PT Field Goal,Left Corner 3,Left Side(L),24+ ft.,23,-234,16,1,1,20190403,MIA,BOS
Shot Chart Detail,0021801170,63,201609,Goran Dragic,1610612748,Miami Heat,1,7,4,Missed Shot,Floating Jump shot,2PT Field Goal,Mid-Range,Right Side(R),8-16 ft.,8,81,-1,1,0,20190403,MIA,BOS
Shot Chart Detail,0021801170,65,201609,Goran Dragic,1610612748,Miami Heat,1,7,3,Made Shot,Tip Layup Shot,2PT Field Goal,Restricted Area,Center(C),Less Than 8 ft.,3,24,28,1,1,20190403,MIA,BOS
Shot Chart Detail,0021801170,74,201609,Goran Dragic,1610612748,Miami Heat,1,5,56,Missed Shot,Running Layup Shot,2PT Field Goal,Restricted Area,Center(C),Less Than 8 ft.,2,-19,18,1,0,20190403,MIA,BOS
Shot Chart Detail,0021801170,239,201609,Goran Dragic,1610612748,Miami Heat,2,6,39,Missed Shot,Jump Shot,3PT Field Goal,Above the Break 3,Right Side Center(RC),24+ ft.,24,207,138,1,0,20190403,MIA,BOS
Shot Chart Detail,0021801170,273,201609,Goran Dragic,1610612748,Miami Heat,2,4,1,Missed Shot,Turnaround Fadeaway shot,2PT Field Goal,Mid-Range,Left Side(L),8-16 ft.,9,-98,6,1,0,20190403,MIA,BOS
Shot Chart Detail,0021801170,363,201609,Goran Dragic,1610612748,Miami Heat,3,11,20,Missed Shot,Driving Layup Shot,2PT Field Goal,Restricted Area,Center(C),Less Than 8 ft.,1,-19,5,1,0,20190403,MIA,BOS
Shot Chart Detail,0021801170,378,201609,Goran Dragic,1610612748,Miami Heat,3,9,43,Missed Shot,Driving Layup Shot,2PT Field Goal,Restricted Area,Center(C),Less Than 8 ft.,2,-20,15,1,0,20190403,MIA,BOS
Shot Chart Detail,0021801170,398,201609,Goran Dragic,1610612748,Miami Heat,3,8,17,Made Shot,Pullup Jump shot,2PT Field Goal,Mid-Range,Left Side Center(LC),16-24 ft.,17,-106,145,1,1,20190403,MIA,BOS
Shot Chart Detail,0021801170,413,201609,Goran Dragic,1610612748,Miami Heat,3,6,25,Missed Shot,Floating Jump shot,2PT Field Goal,In The Paint (Non-RA),Center(C),8-16 ft.,10,-42,93,1,0,20190403,MIA,BOS
Shot Chart Detail,0021801170,456,201609,Goran Dragic,1610612748,Miami Heat,3,3,23,Missed Shot,Jump Shot,3PT Field Goal,Right Corner 3,Right Side(R),24+ ft.,23,234,46,1,0,20190403,MIA,BOS
Shot Chart Detail,0021801170,555,201609,Goran Dragic,1610612748,Miami Heat,4,9,46,Missed Shot,Pullup Jump shot,2PT Field Goal,Mid-Range,Center(C),16-24 ft.,22,0,229,1,0,20190403,MIA,BOS
Shot Chart Detail,0021801170,565,201609,Goran Dragic,1610612748,Miami Heat,4,9,12,Missed Shot,Hook Shot,2PT Field Goal,In The Paint (Non-RA),Center(C),Less Than 8 ft.,5,-48,31,1,0,20190403,MIA,BOS
Shot Chart Detail,0021801170,618,201609,Goran Dragic,1610612748,Miami Heat,4,5,2,Missed Shot,Jump Shot,3PT Field Goal,Above the Break 3,Left Side Center(LC),24+ ft.,25,-118,221,1,0,20190403,MIA,BOS
Shot Chart Detail,0021801170,684,201609,Goran Dragic,1610612748,Miami Heat,4,0,32,Missed Shot,Driving Layup Shot,2PT Field Goal,Restricted Area,Center(C),Less Than 8 ft.,1,-13,13,1,0,20190403,MIA,BOS
Shot Chart Detail,0021801185,33,201609,Goran Dragic,1610612748,Miami Heat,1,9,36,Made Shot,Driving Reverse Layup Shot,2PT Field Goal,Restricted Area,Center(C),Less Than 8 ft.,1,-5,11,1,1,20190405,MIN,MIA
Shot Chart Detail,0021801185,44,201609,Goran Dragic,1610612748,Miami Heat,1,8,44,Made Shot,Pullup Jump shot,2PT Field Goal,Mid-Range,Left Side(L),8-16 ft.,13,-128,33,1,1,20190405,MIN,MIA
Shot Chart Detail,0021801185,199,201609,Goran Dragic,1610612748,Miami Heat,2,9,51,Made Shot,Driving Layup Shot,2PT Field Goal,Restricted Area,Center(C),Less Than 8 ft.,1,-11,0,1,1,20190405,MIN,MIA
Shot Chart Detail,0021801185,214,201609,Goran Dragic,1610612748,Miami Heat,2,8,59,Made Shot,Jump Shot,3PT Field Goal,Above the Break 3,Right Side Center(RC),24+ ft.,26,160,206,1,1,20190405,MIN,MIA
Shot Chart Detail,0021801185,236,201609,Goran Dragic,1610612748,Miami Heat,2,6,47,Missed Shot,Jump Shot,3PT Field Goal,Above the Break 3,Right Side Center(RC),24+ ft.,24,220,104,1,0,20190405,MIN,MIA
Shot Chart Detail,0021801185,303,201609,Goran Dragic,1610612748,Miami Heat,2,2,36,Made Shot,Driving Layup Shot,2PT Field Goal,Restricted Area,Center(C),Less Than 8 ft.,1,-9,10,1,1,20190405,MIN,MIA
Shot Chart Detail,0021801185,328,201609,Goran Dragic,1610612748,Miami Heat,2,0,10,Made Shot,Pullup Jump shot,2PT Field Goal,Mid-Range,Right Side(R),8-16 ft.,14,108,91,1,1,20190405,MIN,MIA
Shot Chart Detail,0021801185,351,201609,Goran Dragic,1610612748,Miami Heat,3,10,54,Missed Shot,Floating Jump shot,2PT Field Goal,In The Paint (Non-RA),Center(C),Less Than 8 ft.,7,-4,78,1,0,20190405,MIN,MIA
Shot Chart Detail,0021801185,360,201609,Goran Dragic,1610612748,Miami Heat,3,10,5,Missed Shot,Floating Jump shot,2PT Field Goal,In The Paint (Non-RA),Center(C),Less Than 8 ft.,5,-55,6,1,0,20190405,MIN,MIA
Shot Chart Detail,0021801185,373,201609,Goran Dragic,1610612748,Miami Heat,3,8,49,Missed Shot,Step Back Jump shot,2PT Field Goal,Mid-Range,Right Side Center(RC),16-24 ft.,17,127,122,1,0,20190405,MIN,MIA
Shot Chart Detail,0021801185,532,201609,Goran Dragic,1610612748,Miami Heat,4,7,38,Missed Shot,Step Back Jump shot,3PT Field Goal,Right Corner 3,Right Side(R),24+ ft.,23,229,56,1,0,20190405,MIN,MIA
Shot Chart Detail,0021801185,597,201609,Goran Dragic,1610612748,Miami Heat,4,3,4,Missed Shot,Jump Shot,3PT Field Goal,Above the Break 3,Center(C),24+ ft.,26,41,257,1,0,20190405,MIN,MIA
Shot Chart Detail,0021801185,617,201609,Goran Dragic,1610612748,Miami Heat,4,1,6,Missed Shot,Layup Shot,2PT Field Goal,Restricted Area,Center(C),Less Than 8 ft.,1,-11,6,1,0,20190405,MIN,MIA
Shot Chart Detail,0021801195,37,201609,Goran Dragic,1610612748,Miami Heat,1,9,22,Made Shot,Driving Finger Roll Layup Shot,2PT Field Goal,Restricted Area,Center(C),Less Than 8 ft.,2,19,14,1,1,20190407,TOR,MIA
Shot Chart Detail,0021801195,39,201609,Goran Dragic,1610612748,Miami Heat,1,9,10,Missed Shot,Pullup Jump shot,2PT Field Goal,In The Paint (Non-RA),Center(C),Less Than 8 ft.,7,73,30,1,0,20190407,TOR,MIA
Shot Chart Detail,0021801195,51,201609,Goran Dragic,1610612748,Miami Heat,1,7,56,Missed Shot,Fadeaway Jump Shot,2PT Field Goal,In The Paint (Non-RA),Center(C),Less Than 8 ft.,7,24,72,1,0,20190407,TOR,MIA
Shot Chart Detail,0021801195,172,201609,Goran Dragic,1610612748,Miami Heat,1,0,14,Missed Shot,Layup Shot,2PT Field Goal,In The Paint (Non-RA),Center(C),Less Than 8 ft.,6,45,41,1,0,20190407,TOR,MIA
Shot Chart Detail,0021801195,190,201609,Goran Dragic,1610612748,Miami Heat,2,11,5,Made Shot,Driving Floating Jump Shot,2PT Field Goal,In The Paint (Non-RA),Center(C),8-16 ft.,9,0,99,1,1,20190407,TOR,MIA
Shot Chart Detail,0021801195,196,201609,Goran Dragic,1610612748,Miami Heat,2,10,12,Made Shot,Driving Floating Bank Jump Shot,2PT Field Goal,In The Paint (Non-RA),Center(C),Less Than 8 ft.,6,-59,13,1,1,20190407,TOR,MIA
Shot Chart Detail,0021801195,216,201609,Goran Dragic,1610612748,Miami Heat,2,7,34,Missed Shot,Driving Floating Jump Shot,2PT Field Goal,In The Paint (Non-RA),Center(C),Less Than 8 ft.,6,13,62,1,0,20190407,TOR,MIA
Shot Chart Detail,0021801195,485,201609,Goran Dragic,1610612748,Miami Heat,4,10,4,Made Shot,Jump Shot,3PT Field Goal,Above the Break 3,Right Side Center(RC),24+ ft.,25,143,209,1,1,20190407,TOR,MIA
Shot Chart Detail,0021801195,498,201609,Goran Dragic,1610612748,Miami Heat,4,8,16,Missed Shot,Pullup Jump shot,3PT Field Goal,Above the Break 3,Center(C),24+ ft.,25,-51,253,1,0,20190407,TOR,MIA
Shot Chart Detail,0021801195,521,201609,Goran Dragic,1610612748,Miami Heat,4,6,16,Missed Shot,Running Layup Shot,2PT Field Goal,Restricted Area,Center(C),Less Than 8 ft.,1,2,16,1,0,20190407,TOR,MIA
Shot Chart Detail,0021801195,625,201609,Goran Dragic,1610612748,Miami Heat,5,4,17,Missed Shot,Jump Shot,3PT Field Goal,Above the Break 3,Right Side Center(RC),24+ ft.,24,230,90,1,0,20190407,TOR,MIA
Shot Chart Detail,0021801195,649,201609,Goran Dragic,1610612748,Miami Heat,5,1,44,Missed Shot,Jump Shot,3PT Field Goal,Above the Break 3,Left Side Center(LC),24+ ft.,25,-174,189,1,0,20190407,TOR,MIA
Shot Chart Detail,0021801212,16,201609,Goran Dragic,1610612748,Miami Heat,1,11,3,Missed Shot,Jump Shot,3PT Field Goal,Right Corner 3,Right Side(R),24+ ft.,23,234,27,1,0,20190409,MIA,PHI
Shot Chart Detail,0021801212,79,201609,Goran Dragic,1610612748,Miami Heat,1,5,56,Missed Shot,Running Layup Shot,2PT Field Goal,Restricted Area,Center(C),Less Than 8 ft.,1,-11,1,1,0,20190409,MIA,PHI
Shot Chart Detail,0021801212,124,201609,Goran Dragic,1610612748,Miami Heat,1,2,39,Made Shot,Jump Shot,3PT Field Goal,Above the Break 3,Left Side Center(LC),24+ ft.,24,-150,198,1,1,20190409,MIA,PHI
Shot Chart Detail,0021801212,134,201609,Goran Dragic,1610612748,Miami Heat,1,2,11,Missed Shot,Step Back Jump shot,2PT Field Goal,In The Paint (Non-RA),Center(C),8-16 ft.,14,-63,134,1,0,20190409,MIA,PHI
Shot Chart Detail,0021801212,189,201609,Goran Dragic,1610612748,Miami Heat,2,9,14,Made Shot,Step Back Jump shot,2PT Field Goal,In The Paint (Non-RA),Center(C),8-16 ft.,10,44,100,1,1,20190409,MIA,PHI
Shot Chart Detail,0021801212,329,201609,Goran Dragic,1610612748,Miami Heat,3,11,32,Missed Shot,Jump Shot,3PT Field Goal,Above the Break 3,Right Side Center(RC),24+ ft.,24,214,127,1,0,20190409,MIA,PHI
Shot Chart Detail,0021801212,364,201609,Goran Dragic,1610612748,Miami Heat,3,8,9,Missed Shot,Pullup Jump shot,2PT Field Goal,Mid-Range,Left Side Center(LC),16-24 ft.,16,-87,144,1,0,20190409,MIA,PHI
Shot Chart Detail,0021801212,398,201609,Goran Dragic,1610612748,Miami Heat,3,6,21,Missed Shot,Driving Floating Jump Shot,2PT Field Goal,In The Paint (Non-RA),Center(C),8-16 ft.,9,25,89,1,0,20190409,MIA,PHI
Shot Chart Detail,0021801212,467,201609,Goran Dragic,1610612748,Miami Heat,3,1,57,Missed Shot,Driving Layup Shot,2PT Field Goal,Restricted Area,Center(C),Less Than 8 ft.,2,10,20,1,0,20190409,MIA,PHI
Shot Chart Detail,0021801212,532,201609,Goran Dragic,1610612748,Miami Heat,4,9,33,Missed Shot,Pullup Jump shot,2PT Field Goal,Mid-Range,Right Side(R),8-16 ft.,8,86,6,1,0,20190409,MIA,PHI
Shot Chart Detail,0021801221,29,201609,Goran Dragic,1610612748,Miami Heat,1,9,36,Missed Shot,Step Back Jump shot,2PT Field Goal,Mid-Range,Right Side(R),16-24 ft.,16,153,48,1,0,20190410,BKN,MIA
Shot Chart Detail,0021801221,87,201609,Goran Dragic,1610612748,Miami Heat,1,5,31,Missed Shot,Tip Layup Shot,2PT Field Goal,Restricted Area,Center(C),Less Than 8 ft.,0,0,-6,1,0,20190410,BKN,MIA
Shot Chart Detail,0021801221,106,201609,Goran Dragic,1610612748,Miami Heat,1,4,11,Missed Shot,Driving Layup Shot,2PT Field Goal,Restricted Area,Center(C),Less Than 8 ft.,2,17,13,1,0,20190410,BKN,MIA
