GRID_TYPE,GAME_ID,GAME_EVENT_ID,PLAYER_ID,PLAYER_NAME,TEAM_ID,TEAM_NAME,PERIOD,MINUTES_REMAINING,SECONDS_REMAINING,EVENT_TYPE,ACTION_TYPE,SHOT_TYPE,SHOT_ZONE_BASIC,SHOT_ZONE_AREA,SHOT_ZONE_RANGE,SHOT_DISTANCE,LOC_X,LOC_Y,SHOT_ATTEMPTED_FLAG,SHOT_MADE_FLAG,GAME_DATE,HTM,VTM
Shot Chart Detail,0021800128,140,201961,Wayne Ellington,1610612748,Miami Heat,1,1,19,Made Shot,Pullup Jump shot,3PT Field Goal,Right Corner 3,Right Side(R),24+ ft.,24,236,46,1,1,20181103,ATL,MIA
Shot Chart Detail,0021800128,152,201961,Wayne Ellington,1610612748,Miami Heat,1,0,5,Missed Shot,Pullup Jump shot,3PT Field Goal,Above the Break 3,Right Side Center(RC),24+ ft.,26,111,236,1,0,20181103,ATL,MIA
Shot Chart Detail,0021800128,178,201961,Wayne Ellington,1610612748,Miami Heat,2,10,22,Missed Shot,Jump Shot,3PT Field Goal,Above the Break 3,Left Side Center(LC),24+ ft.,25,-87,242,1,0,20181103,ATL,MIA
Shot Chart Detail,0021800128,207,201961,Wayne Ellington,1610612748,Miami Heat,2,8,14,Made Shot,Running Layup Shot,2PT Field Goal,Restricted Area,Center(C),Less Than 8 ft.,1,7,15,1,1,20181103,ATL,MIA
Shot Chart Detail,0021800140,293,201961,Wayne Ellington,1610612748,Miami Heat,2,5,8,Missed Shot,Jump Shot,3PT Field Goal,Above the Break 3,Right Side Center(RC),24+ ft.,25,218,124,1,0,20181105,DET,MIA
Shot Chart Detail,0021800140,321,201961,Wayne Ellington,1610612748,Miami Heat,2,3,11,Missed Shot,Jump Shot,3PT Field Goal,Above the Break 3,Left Side Center(LC),24+ ft.,24,-218,121,1,0,20181105,DET,MIA
Shot Chart Detail,0021800156,40,201961,Wayne Ellington,1610612748,Miami Heat,1,9,6,Made Shot,Jump Shot,3PT Field Goal,Above the Break 3,Right Side Center(RC),24+ ft.,25,194,158,1,1,20181107,MIA,SAS
Shot Chart Detail,0021800156,54,201961,Wayne Ellington,1610612748,Miami Heat,1,8,12,Made Shot,Jump Shot,3PT Field Goal,Above the Break 3,Left Side Center(LC),24+ ft.,25,-176,186,1,1,20181107,MIA,SAS
Shot Chart Detail,0021800156,88,201961,Wayne Ellington,1610612748,Miami Heat,1,5,46,Made Shot,Jump Shot,3PT Field Goal,Above the Break 3,Right Side Center(RC),24+ ft.,24,149,195,1,1,20181107,MIA,SAS
Shot Chart Detail,0021800156,100,201961,Wayne Ellington,1610612748,Miami Heat,1,4,45,Missed Shot,Jump Shot,3PT Field Goal,Above the Break 3,Right Side Center(RC),24+ ft.,24,201,142,1,0,20181107,MIA,SAS
Shot Chart Detail,0021800156,243,201961,Wayne Ellington,1610612748,Miami Heat,2,7,35,Missed Shot,Jump Shot,3PT Field Goal,Above the Break 3,Right Side Center(RC),24+ ft.,24,210,132,1,0,20181107,MIA,SAS
Shot Chart Detail,0021800156,323,201961,Wayne Ellington,1610612748,Miami Heat,2,1,50,Made Shot,Pullup Jump shot,2PT Field Goal,Mid-Range,Right Side(R),8-16 ft.,15,129,92,1,1,20181107,MIA,SAS
Shot Chart Detail,0021800156,350,201961,Wayne Ellington,1610612748,Miami Heat,3,11,42,Missed Shot,Pullup Jump shot,2PT Field Goal,Mid-Range,Left Side(L),16-24 ft.,20,-200,8,1,0,20181107,MIA,SAS
Shot Chart Detail,0021800156,429,201961,Wayne Ellington,1610612748,Miami Heat,3,5,59,Missed Shot,Jump Shot,2PT Field Goal,Mid-Range,Right Side(R),8-16 ft.,11,111,-2,1,0,20181107,MIA,SAS
Shot Chart Detail,0021800156,497,201961,Wayne Ellington,1610612748,Miami Heat,3,1,41,Made Shot,Jump Shot,3PT Field Goal,Above the Break 3,Center(C),24+ ft.,31,96,299,1,1,20181107,MIA,SAS
Shot Chart Detail,0021800156,532,201961,Wayne Ellington,1610612748,Miami Heat,4,10,36,Made Shot,Jump Shot,3PT Field Goal,Left Corner 3,Left Side(L),24+ ft.,22,-227,8,1,1,20181107,MIA,SAS
Shot Chart Detail,0021800156,538,201961,Wayne Ellington,1610612748,Miami Heat,4,10,9,Made Shot,Jump Shot,3PT Field Goal,Left Corner 3,Left Side(L),24+ ft.,22,-226,9,1,1,20181107,MIA,SAS
Shot Chart Detail,0021800156,548,201961,Wayne Ellington,1610612748,Miami Heat,4,9,30,Missed Shot,Jump Shot,3PT Field Goal,Above the Break 3,Center(C),24+ ft.,25,-14,253,1,0,20181107,MIA,SAS
Shot Chart Detail,0021800156,567,201961,Wayne Ellington,1610612748,Miami Heat,4,7,57,Missed Shot,Jump Shot,3PT Field Goal,Above the Break 3,Left Side Center(LC),24+ ft.,25,-177,185,1,0,20181107,MIA,SAS
Shot Chart Detail,0021800170,48,201961,Wayne Ellington,1610612748,Miami Heat,1,8,23,Missed Shot,Jump Shot,3PT Field Goal,Left Corner 3,Left Side(L),24+ ft.,23,-231,0,1,0,20181109,MIA,IND
Shot Chart Detail,0021800170,422,201961,Wayne Ellington,1610612748,Miami Heat,3,7,16,Missed Shot,Jump Shot,3PT Field Goal,Above the Break 3,Center(C),24+ ft.,26,-24,259,1,0,20181109,MIA,IND
Shot Chart Detail,0021800170,608,201961,Wayne Ellington,1610612748,Miami Heat,4,6,55,Made Shot,Running Jump Shot,3PT Field Goal,Above the Break 3,Right Side Center(RC),24+ ft.,25,210,138,1,1,20181109,MIA,IND
Shot Chart Detail,0021800170,674,201961,Wayne Ellington,1610612748,Miami Heat,4,2,3,Missed Shot,Jump Shot,3PT Field Goal,Above the Break 3,Right Side Center(RC),24+ ft.,24,134,211,1,0,20181109,MIA,IND
Shot Chart Detail,0021800177,119,201961,Wayne Ellington,1610612748,Miami Heat,1,2,33,Missed Shot,Fadeaway Jump Shot,2PT Field Goal,Mid-Range,Left Side(L),8-16 ft.,13,-131,-15,1,0,20181110,MIA,WAS
Shot Chart Detail,0021800177,139,201961,Wayne Ellington,1610612748,Miami Heat,1,1,25,Made Shot,Jump Shot,3PT Field Goal,Left Corner 3,Left Side(L),24+ ft.,23,-230,19,1,1,20181110,MIA,WAS
Shot Chart Detail,0021800177,160,201961,Wayne Ellington,1610612748,Miami Heat,2,11,47,Missed Shot,Jump Shot,3PT Field Goal,Above the Break 3,Right Side Center(RC),24+ ft.,26,175,200,1,0,20181110,MIA,WAS
Shot Chart Detail,0021800177,182,201961,Wayne Ellington,1610612748,Miami Heat,2,9,39,Made Shot,Jump Shot,3PT Field Goal,Above the Break 3,Right Side Center(RC),24+ ft.,24,168,182,1,1,20181110,MIA,WAS
Shot Chart Detail,0021800177,219,201961,Wayne Ellington,1610612748,Miami Heat,2,7,21,Missed Shot,Jump Shot,3PT Field Goal,Left Corner 3,Left Side(L),24+ ft.,22,-222,19,1,0,20181110,MIA,WAS
Shot Chart Detail,0021800177,260,201961,Wayne Ellington,1610612748,Miami Heat,2,5,35,Missed Shot,Jump Shot,3PT Field Goal,Above the Break 3,Right Side Center(RC),24+ ft.,25,152,199,1,0,20181110,MIA,WAS
Shot Chart Detail,0021800177,273,201961,Wayne Ellington,1610612748,Miami Heat,2,4,41,Made Shot,Jump Shot,3PT Field Goal,Left Corner 3,Left Side(L),24+ ft.,22,-225,40,1,1,20181110,MIA,WAS
Shot Chart Detail,0021800177,494,201961,Wayne Ellington,1610612748,Miami Heat,3,2,40,Missed Shot,Jump Shot,3PT Field Goal,Above the Break 3,Right Side Center(RC),24+ ft.,24,196,147,1,0,20181110,MIA,WAS
Shot Chart Detail,0021800177,607,201961,Wayne Ellington,1610612748,Miami Heat,4,8,15,Missed Shot,Driving Layup Shot,2PT Field Goal,Restricted Area,Center(C),Less Than 8 ft.,0,4,4,1,0,20181110,MIA,WAS
Shot Chart Detail,0021800177,612,201961,Wayne Ellington,1610612748,Miami Heat,4,7,45,Missed Shot,Driving Floating Jump Shot,2PT Field Goal,Restricted Area,Center(C),Less Than 8 ft.,3,26,18,1,0,20181110,MIA,WAS
Shot Chart Detail,0021800177,616,201961,Wayne Ellington,1610612748,Miami Heat,4,7,13,Made Shot,Jump Shot,3PT Field Goal,Right Corner 3,Right Side(R),24+ ft.,23,225,64,1,1,20181110,MIA,WAS
Shot Chart Detail,0021800177,682,201961,Wayne Ellington,1610612748,Miami Heat,4,3,29,Missed Shot,Jump Shot,3PT Field Goal,Above the Break 3,Right Side Center(RC),24+ ft.,25,204,154,1,0,20181110,MIA,WAS
Shot Chart Detail,0021800191,83,201961,Wayne Ellington,1610612748,Miami Heat,1,5,26,Missed Shot,Jump Shot,3PT Field Goal,Left Corner 3,Left Side(L),24+ ft.,22,-225,31,1,0,20181112,MIA,PHI
Shot Chart Detail,0021800191,166,201961,Wayne Ellington,1610612748,Miami Heat,2,10,39,Made Shot,Jump Shot,3PT Field Goal,Above the Break 3,Right Side Center(RC),24+ ft.,25,163,199,1,1,20181112,MIA,PHI
Shot Chart Detail,0021800191,177,201961,Wayne Ellington,1610612748,Miami Heat,2,9,43,Made Shot,Jump Shot,3PT Field Goal,Above the Break 3,Center(C),24+ ft.,25,18,257,1,1,20181112,MIA,PHI
Shot Chart Detail,0021800191,201,201961,Wayne Ellington,1610612748,Miami Heat,2,7,46,Missed Shot,Jump Shot,3PT Field Goal,Above the Break 3,Center(C),24+ ft.,26,81,256,1,0,20181112,MIA,PHI
Shot Chart Detail,0021800191,481,201961,Wayne Ellington,1610612748,Miami Heat,3,2,52,Missed Shot,Jump Shot,3PT Field Goal,Above the Break 3,Center(C),24+ ft.,24,2,246,1,0,20181112,MIA,PHI
Shot Chart Detail,0021800191,510,201961,Wayne Ellington,1610612748,Miami Heat,3,1,35,Missed Shot,Jump Shot,3PT Field Goal,Above the Break 3,Left Side Center(LC),24+ ft.,25,-134,221,1,0,20181112,MIA,PHI
Shot Chart Detail,0021800191,553,201961,Wayne Ellington,1610612748,Miami Heat,4,10,35,Made Shot,Jump Shot,3PT Field Goal,Right Corner 3,Right Side(R),24+ ft.,23,227,58,1,1,20181112,MIA,PHI
Shot Chart Detail,0021800191,557,201961,Wayne Ellington,1610612748,Miami Heat,4,10,2,Missed Shot,Driving Floating Jump Shot,2PT Field Goal,In The Paint (Non-RA),Center(C),Less Than 8 ft.,4,5,46,1,0,20181112,MIA,PHI
Shot Chart Detail,0021800191,628,201961,Wayne Ellington,1610612748,Miami Heat,4,4,49,Made Shot,Step Back Jump shot,3PT Field Goal,Above the Break 3,Right Side Center(RC),24+ ft.,24,141,200,1,1,20181112,MIA,PHI
Shot Chart Detail,0021800191,631,201961,Wayne Ellington,1610612748,Miami Heat,4,4,22,Missed Shot,Jump Shot,3PT Field Goal,Above the Break 3,Right Side Center(RC),24+ ft.,24,211,123,1,0,20181112,MIA,PHI
Shot Chart Detail,0021800191,637,201961,Wayne Ellington,1610612748,Miami Heat,4,3,43,Missed Shot,Jump Shot,3PT Field Goal,Right Corner 3,Right Side(R),24+ ft.,22,225,31,1,0,20181112,MIA,PHI
Shot Chart Detail,0021800205,182,201961,Wayne Ellington,1610612748,Miami Heat,2,11,48,Made Shot,Jump Shot,3PT Field Goal,Above the Break 3,Left Side Center(LC),24+ ft.,24,-217,114,1,1,20181114,BKN,MIA
Shot Chart Detail,0021800205,201,201961,Wayne Ellington,1610612748,Miami Heat,2,10,10,Missed Shot,Jump Shot,3PT Field Goal,Above the Break 3,Left Side Center(LC),24+ ft.,24,-117,216,1,0,20181114,BKN,MIA
Shot Chart Detail,0021800205,529,201961,Wayne Ellington,1610612748,Miami Heat,3,0,49,Missed Shot,Jump Shot,3PT Field Goal,Above the Break 3,Right Side Center(RC),24+ ft.,24,129,211,1,0,20181114,BKN,MIA
Shot Chart Detail,0021800205,588,201961,Wayne Ellington,1610612748,Miami Heat,4,8,54,Made Shot,Jump Shot,3PT Field Goal,Above the Break 3,Left Side Center(LC),24+ ft.,26,-115,237,1,1,20181114,BKN,MIA
Shot Chart Detail,0021800205,602,201961,Wayne Ellington,1610612748,Miami Heat,4,7,8,Made Shot,Jump Shot,2PT Field Goal,Mid-Range,Left Side(L),8-16 ft.,9,-98,16,1,1,20181114,BKN,MIA
Shot Chart Detail,0021800205,627,201961,Wayne Ellington,1610612748,Miami Heat,4,5,53,Missed Shot,Pullup Jump shot,3PT Field Goal,Above the Break 3,Left Side Center(LC),24+ ft.,26,-155,210,1,0,20181114,BKN,MIA
Shot Chart Detail,0021800217,128,201961,Wayne Ellington,1610612748,Miami Heat,1,2,34,Missed Shot,Step Back Jump shot,3PT Field Goal,Above the Break 3,Center(C),24+ ft.,26,-58,258,1,0,20181116,IND,MIA
Shot Chart Detail,0021800217,145,201961,Wayne Ellington,1610612748,Miami Heat,1,1,25,Made Shot,Jump Shot,3PT Field Goal,Above the Break 3,Center(C),24+ ft.,26,13,266,1,1,20181116,IND,MIA
Shot Chart Detail,0021800217,153,201961,Wayne Ellington,1610612748,Miami Heat,1,0,34,Missed Shot,Pullup Jump shot,3PT Field Goal,Above the Break 3,Right Side Center(RC),24+ ft.,25,218,126,1,0,20181116,IND,MIA
Shot Chart Detail,0021800217,165,201961,Wayne Ellington,1610612748,Miami Heat,2,11,18,Missed Shot,Jump Shot,3PT Field Goal,Above the Break 3,Center(C),24+ ft.,26,13,263,1,0,20181116,IND,MIA
Shot Chart Detail,0021800217,207,201961,Wayne Ellington,1610612748,Miami Heat,2,7,1,Missed Shot,Jump Shot,3PT Field Goal,Above the Break 3,Right Side Center(RC),24+ ft.,28,190,206,1,0,20181116,IND,MIA
Shot Chart Detail,0021800217,428,201961,Wayne Ellington,1610612748,Miami Heat,3,2,14,Made Shot,Step Back Jump shot,3PT Field Goal,Above the Break 3,Left Side Center(LC),24+ ft.,26,-82,247,1,1,20181116,IND,MIA
Shot Chart Detail,0021800217,444,201961,Wayne Ellington,1610612748,Miami Heat,3,1,5,Made Shot,Jump Shot,3PT Field Goal,Above the Break 3,Right Side Center(RC),24+ ft.,25,220,123,1,1,20181116,IND,MIA
Shot Chart Detail,0021800217,471,201961,Wayne Ellington,1610612748,Miami Heat,4,10,21,Missed Shot,Jump Shot,2PT Field Goal,Mid-Range,Left Side Center(LC),16-24 ft.,22,-170,143,1,0,20181116,IND,MIA
Shot Chart Detail,0021800217,474,201961,Wayne Ellington,1610612748,Miami Heat,4,9,56,Missed Shot,Pullup Jump shot,3PT Field Goal,Above the Break 3,Right Side Center(RC),24+ ft.,26,134,231,1,0,20181116,IND,MIA
Shot Chart Detail,0021800217,500,201961,Wayne Ellington,1610612748,Miami Heat,4,8,6,Missed Shot,Jump Shot,3PT Field Goal,Left Corner 3,Left Side(L),24+ ft.,23,-231,38,1,0,20181116,IND,MIA
Shot Chart Detail,0021800235,18,201961,Wayne Ellington,1610612748,Miami Heat,1,10,47,Made Shot,Driving Finger Roll Layup Shot,2PT Field Goal,Restricted Area,Center(C),Less Than 8 ft.,1,12,8,1,1,20181118,MIA,LAL
Shot Chart Detail,0021800235,27,201961,Wayne Ellington,1610612748,Miami Heat,1,9,39,Missed Shot,Jump Shot,3PT Field Goal,Above the Break 3,Left Side Center(LC),24+ ft.,24,-190,157,1,0,20181118,MIA,LAL
Shot Chart Detail,0021800235,35,201961,Wayne Ellington,1610612748,Miami Heat,1,8,33,Made Shot,Driving Finger Roll Layup Shot,2PT Field Goal,Restricted Area,Center(C),Less Than 8 ft.,2,14,15,1,1,20181118,MIA,LAL
Shot Chart Detail,0021800235,45,201961,Wayne Ellington,1610612748,Miami Heat,1,7,43,Missed Shot,Jump Shot,3PT Field Goal,Right Corner 3,Right Side(R),24+ ft.,23,231,59,1,0,20181118,MIA,LAL
Shot Chart Detail,0021800235,277,201961,Wayne Ellington,1610612748,Miami Heat,2,4,44,Made Shot,Jump Shot,3PT Field Goal,Right Corner 3,Right Side(R),24+ ft.,23,232,43,1,1,20181118,MIA,LAL
Shot Chart Detail,0021800235,284,201961,Wayne Ellington,1610612748,Miami Heat,2,4,17,Made Shot,Jump Shot,3PT Field Goal,Left Corner 3,Left Side(L),24+ ft.,22,-223,53,1,1,20181118,MIA,LAL
Shot Chart Detail,0021800235,288,201961,Wayne Ellington,1610612748,Miami Heat,2,3,54,Missed Shot,Jump Shot,3PT Field Goal,Right Corner 3,Right Side(R),24+ ft.,23,230,-1,1,0,20181118,MIA,LAL
Shot Chart Detail,0021800235,321,201961,Wayne Ellington,1610612748,Miami Heat,2,1,58,Missed Shot,Jump Shot,3PT Field Goal,Right Corner 3,Right Side(R),24+ ft.,24,236,56,1,0,20181118,MIA,LAL
Shot Chart Detail,0021800235,429,201961,Wayne Ellington,1610612748,Miami Heat,3,7,14,Made Shot,Jump Shot,3PT Field Goal,Above the Break 3,Right Side Center(RC),24+ ft.,24,165,184,1,1,20181118,MIA,LAL
Shot Chart Detail,0021800235,432,201961,Wayne Ellington,1610612748,Miami Heat,3,6,41,Missed Shot,Jump Shot,3PT Field Goal,Right Corner 3,Right Side(R),24+ ft.,22,221,-11,1,0,20181118,MIA,LAL
Shot Chart Detail,0021800235,456,201961,Wayne Ellington,1610612748,Miami Heat,3,5,5,Missed Shot,Hook Shot,2PT Field Goal,In The Paint (Non-RA),Center(C),Less Than 8 ft.,4,-3,46,1,0,20181118,MIA,LAL
Shot Chart Detail,0021800235,618,201961,Wayne Ellington,1610612748,Miami Heat,4,5,28,Made Shot,Jump Shot,3PT Field Goal,Left Corner 3,Left Side(L),24+ ft.,24,-231,75,1,1,20181118,MIA,LAL
Shot Chart Detail,0021800235,631,201961,Wayne Ellington,1610612748,Miami Heat,4,4,17,Made Shot,Jump Shot,3PT Field Goal,Left Corner 3,Left Side(L),24+ ft.,23,-229,58,1,1,20181118,MIA,LAL
Shot Chart Detail,0021800235,636,201961,Wayne Ellington,1610612748,Miami Heat,4,3,27,Missed Shot,Jump Shot,3PT Field Goal,Above the Break 3,Right Side Center(RC),24+ ft.,24,183,169,1,0,20181118,MIA,LAL
Shot Chart Detail,0021800250,16,201961,Wayne Ellington,1610612748,Miami Heat,1,10,55,Missed Shot,Jump Shot,3PT Field Goal,Above the Break 3,Center(C),24+ ft.,25,11,251,1,0,20181120,MIA,BKN
Shot Chart Detail,0021800250,72,201961,Wayne Ellington,1610612748,Miami Heat,1,6,13,Missed Shot,Jump Shot,3PT Field Goal,Above the Break 3,Left Side Center(LC),24+ ft.,29,-136,262,1,0,20181120,MIA,BKN
Shot Chart Detail,0021800250,247,201961,Wayne Ellington,1610612748,Miami Heat,2,8,25,Made Shot,Jump Shot,3PT Field Goal,Above the Break 3,Left Side Center(LC),24+ ft.,29,-92,278,1,1,20181120,MIA,BKN
Shot Chart Detail,0021800250,263,201961,Wayne Ellington,1610612748,Miami Heat,2,6,41,Missed Shot,Jump Shot,3PT Field Goal,Above the Break 3,Right Side Center(RC),24+ ft.,25,118,223,1,0,20181120,MIA,BKN
Shot Chart Detail,0021800250,399,201961,Wayne Ellington,1610612748,Miami Heat,3,7,40,Missed Shot,Jump Shot,3PT Field Goal,Above the Break 3,Left Side Center(LC),24+ ft.,25,-160,197,1,0,20181120,MIA,BKN
Shot Chart Detail,0021800250,434,201961,Wayne Ellington,1610612748,Miami Heat,3,4,51,Made Shot,Jump Shot,3PT Field Goal,Above the Break 3,Right Side Center(RC),24+ ft.,25,161,194,1,1,20181120,MIA,BKN
Shot Chart Detail,0021800250,581,201961,Wayne Ellington,1610612748,Miami Heat,4,6,57,Missed Shot,Jump Shot,3PT Field Goal,Above the Break 3,Left Side Center(LC),24+ ft.,24,-185,168,1,0,20181120,MIA,BKN
Shot Chart Detail,0021800250,627,201961,Wayne Ellington,1610612748,Miami Heat,4,3,28,Missed Shot,Jump Shot,3PT Field Goal,Above the Break 3,Left Side Center(LC),24+ ft.,24,-211,131,1,0,20181120,MIA,BKN
Shot Chart Detail,0021800273,7,201961,Wayne Ellington,1610612748,Miami Heat,1,11,41,Missed Shot,Jump Shot,3PT Field Goal,Above the Break 3,Left Side Center(LC),24+ ft.,26,-107,239,1,0,20181123,CHI,MIA
Shot Chart Detail,0021800273,71,201961,Wayne Ellington,1610612748,Miami Heat,1,6,27,Missed Shot,Pullup Jump shot,3PT Field Goal,Above the Break 3,Right Side Center(RC),24+ ft.,24,149,197,1,0,20181123,CHI,MIA
Shot Chart Detail,0021800273,315,201961,Wayne Ellington,1610612748,Miami Heat,2,3,45,Made Shot,Running Layup Shot,2PT Field Goal,Restricted Area,Center(C),Less Than 8 ft.,0,-7,5,1,1,20181123,CHI,MIA
Shot Chart Detail,0021800273,325,201961,Wayne Ellington,1610612748,Miami Heat,2,2,35,Made Shot,Jump Shot,3PT Field Goal,Left Corner 3,Left Side(L),24+ ft.,22,-226,-6,1,1,20181123,CHI,MIA
Shot Chart Detail,0021800273,359,201961,Wayne Ellington,1610612748,Miami Heat,2,0,37,Missed Shot,Jump Shot,3PT Field Goal,Right Corner 3,Right Side(R),24+ ft.,23,233,-17,1,0,20181123,CHI,MIA
Shot Chart Detail,0021800273,497,201961,Wayne Ellington,1610612748,Miami Heat,3,2,1,Missed Shot,Jump Shot,3PT Field Goal,Above the Break 3,Left Side Center(LC),24+ ft.,25,-134,214,1,0,20181123,CHI,MIA
Shot Chart Detail,0021800273,610,201961,Wayne Ellington,1610612748,Miami Heat,4,4,52,Made Shot,Jump Shot,3PT Field Goal,Above the Break 3,Center(C),24+ ft.,25,28,257,1,1,20181123,CHI,MIA
Shot Chart Detail,0021800273,627,201961,Wayne Ellington,1610612748,Miami Heat,4,2,47,Missed Shot,Jump Shot,3PT Field Goal,Right Corner 3,Right Side(R),24+ ft.,24,237,59,1,0,20181123,CHI,MIA
Shot Chart Detail,0021800273,644,201961,Wayne Ellington,1610612748,Miami Heat,4,1,44,Missed Shot,Jump Shot,3PT Field Goal,Above the Break 3,Left Side Center(LC),24+ ft.,24,-103,222,1,0,20181123,CHI,MIA
Shot Chart Detail,0021800290,40,201961,Wayne Ellington,1610612748,Miami Heat,1,7,27,Made Shot,Jump Shot,3PT Field Goal,Above the Break 3,Center(C),24+ ft.,25,17,251,1,1,20181125,TOR,MIA
Shot Chart Detail,0021800290,87,201961,Wayne Ellington,1610612748,Miami Heat,1,4,10,Missed Shot,Jump Shot,3PT Field Goal,Above the Break 3,Center(C),24+ ft.,25,-31,251,1,0,20181125,TOR,MIA
Shot Chart Detail,0021800290,101,201961,Wayne Ellington,1610612748,Miami Heat,1,2,52,Missed Shot,Jump Shot,3PT Field Goal,Left Corner 3,Left Side(L),24+ ft.,24,-243,3,1,0,20181125,TOR,MIA
Shot Chart Detail,0021800290,221,201961,Wayne Ellington,1610612748,Miami Heat,2,7,11,Made Shot,Jump Shot,3PT Field Goal,Above the Break 3,Center(C),24+ ft.,25,6,253,1,1,20181125,TOR,MIA
Shot Chart Detail,0021800290,227,201961,Wayne Ellington,1610612748,Miami Heat,2,6,40,Missed Shot,Pullup Jump shot,3PT Field Goal,Above the Break 3,Right Side Center(RC),24+ ft.,24,170,183,1,0,20181125,TOR,MIA
Shot Chart Detail,0021800290,329,201961,Wayne Ellington,1610612748,Miami Heat,3,11,19,Made Shot,Jump Shot,3PT Field Goal,Above the Break 3,Left Side Center(LC),24+ ft.,25,-177,181,1,1,20181125,TOR,MIA
Shot Chart Detail,0021800290,468,201961,Wayne Ellington,1610612748,Miami Heat,3,2,49,Missed Shot,Jump Shot,3PT Field Goal,Right Corner 3,Right Side(R),24+ ft.,23,232,13,1,0,20181125,TOR,MIA
Shot Chart Detail,0021800302,14,201961,Wayne Ellington,1610612748,Miami Heat,1,10,59,Made Shot,Jump Shot,3PT Field Goal,Above the Break 3,Left Side Center(LC),24+ ft.,24,-189,161,1,1,20181127,MIA,ATL
Shot Chart Detail,0021800302,18,201961,Wayne Ellington,1610612748,Miami Heat,1,10,35,Made Shot,Jump Shot,3PT Field Goal,Above the Break 3,Left Side Center(LC),24+ ft.,24,-169,174,1,1,20181127,MIA,ATL
Shot Chart Detail,0021800302,64,201961,Wayne Ellington,1610612748,Miami Heat,1,6,57,Missed Shot,Jump Shot,3PT Field Goal,Above the Break 3,Left Side Center(LC),24+ ft.,24,-162,189,1,0,20181127,MIA,ATL
Shot Chart Detail,0021800302,91,201961,Wayne Ellington,1610612748,Miami Heat,1,5,38,Made Shot,Jump Shot,3PT Field Goal,Above the Break 3,Right Side Center(RC),24+ ft.,25,160,194,1,1,20181127,MIA,ATL
Shot Chart Detail,0021800302,261,201961,Wayne Ellington,1610612748,Miami Heat,2,8,5,Missed Shot,Jump Shot,3PT Field Goal,Above the Break 3,Right Side Center(RC),24+ ft.,26,147,216,1,0,20181127,MIA,ATL
Shot Chart Detail,0021800302,271,201961,Wayne Ellington,1610612748,Miami Heat,2,7,12,Missed Shot,Jump Bank Shot,2PT Field Goal,In The Paint (Non-RA),Center(C),Less Than 8 ft.,4,-25,35,1,0,20181127,MIA,ATL
Shot Chart Detail,0021800302,282,201961,Wayne Ellington,1610612748,Miami Heat,2,6,4,Missed Shot,Running Layup Shot,2PT Field Goal,Restricted Area,Center(C),Less Than 8 ft.,1,-13,11,1,0,20181127,MIA,ATL
Shot Chart Detail,0021800302,297,201961,Wayne Ellington,1610612748,Miami Heat,2,5,31,Missed Shot,Jump Shot,3PT Field Goal,Right Corner 3,Right Side(R),24+ ft.,23,232,16,1,0,20181127,MIA,ATL
Shot Chart Detail,0021800302,310,201961,Wayne Ellington,1610612748,Miami Heat,2,4,29,Missed Shot,Pullup Jump shot,3PT Field Goal,Left Corner 3,Left Side(L),24+ ft.,22,-225,45,1,0,20181127,MIA,ATL
Shot Chart Detail,0021800302,440,201961,Wayne Ellington,1610612748,Miami Heat,3,9,18,Missed Shot,Jump Shot,3PT Field Goal,Above the Break 3,Left Side Center(LC),24+ ft.,26,-157,209,1,0,20181127,MIA,ATL
Shot Chart Detail,0021800302,508,201961,Wayne Ellington,1610612748,Miami Heat,3,5,17,Made Shot,Jump Shot,3PT Field Goal,Right Corner 3,Right Side(R),24+ ft.,22,228,22,1,1,20181127,MIA,ATL
Shot Chart Detail,0021800302,666,201961,Wayne Ellington,1610612748,Miami Heat,4,7,4,Made Shot,Jump Shot,3PT Field Goal,Right Corner 3,Right Side(R),24+ ft.,24,230,69,1,1,20181127,MIA,ATL
Shot Chart Detail,0021800302,684,201961,Wayne Ellington,1610612748,Miami Heat,4,5,28,Missed Shot,Jump Shot,3PT Field Goal,Above the Break 3,Center(C),24+ ft.,25,-77,246,1,0,20181127,MIA,ATL
Shot Chart Detail,0021800324,35,201961,Wayne Ellington,1610612748,Miami Heat,1,9,18,Missed Shot,Jump Shot,3PT Field Goal,Right Corner 3,Right Side(R),24+ ft.,23,231,16,1,0,20181130,MIA,NOP
Shot Chart Detail,0021800324,309,201961,Wayne Ellington,1610612748,Miami Heat,2,1,16,Missed Shot,Jump Shot,3PT Field Goal,Above the Break 3,Left Side Center(LC),24+ ft.,26,-165,213,1,0,20181130,MIA,NOP
Shot Chart Detail,0021800324,449,201961,Wayne Ellington,1610612748,Miami Heat,3,5,5,Missed Shot,Jump Shot,3PT Field Goal,Above the Break 3,Right Side Center(RC),24+ ft.,24,199,144,1,0,20181130,MIA,NOP
Shot Chart Detail,0021800324,463,201961,Wayne Ellington,1610612748,Miami Heat,3,3,43,Missed Shot,Jump Shot,3PT Field Goal,Right Corner 3,Right Side(R),24+ ft.,23,232,-11,1,0,20181130,MIA,NOP
Shot Chart Detail,0021800324,482,201961,Wayne Ellington,1610612748,Miami Heat,3,2,8,Missed Shot,Jump Shot,3PT Field Goal,Above the Break 3,Right Side Center(RC),24+ ft.,26,119,238,1,0,20181130,MIA,NOP
Shot Chart Detail,0021800324,611,201961,Wayne Ellington,1610612748,Miami Heat,4,4,30,Made Shot,Jump Shot,3PT Field Goal,Above the Break 3,Left Side Center(LC),24+ ft.,27,-125,241,1,1,20181130,MIA,NOP
Shot Chart Detail,0021800324,645,201961,Wayne Ellington,1610612748,Miami Heat,4,2,50,Made Shot,Driving Layup Shot,2PT Field Goal,Restricted Area,Center(C),Less Than 8 ft.,3,3,38,1,1,20181130,MIA,NOP
Shot Chart Detail,0021800339,7,201961,Wayne Ellington,1610612748,Miami Heat,1,11,44,Missed Shot,Jump Shot,3PT Field Goal,Above the Break 3,Left Side Center(LC),24+ ft.,27,-182,205,1,0,20181202,MIA,UTA
Shot Chart Detail,0021800339,57,201961,Wayne Ellington,1610612748,Miami Heat,1,8,26,Made Shot,Jump Shot,3PT Field Goal,Above the Break 3,Right Side Center(RC),24+ ft.,24,217,111,1,1,20181202,MIA,UTA
Shot Chart Detail,0021800339,151,201961,Wayne Ellington,1610612748,Miami Heat,1,1,0,Made Shot,Jump Shot,3PT Field Goal,Above the Break 3,Center(C),24+ ft.,25,-12,254,1,1,20181202,MIA,UTA
Shot Chart Detail,0021800339,175,201961,Wayne Ellington,1610612748,Miami Heat,2,11,18,Missed Shot,Pullup Jump shot,3PT Field Goal,Above the Break 3,Right Side Center(RC),24+ ft.,25,168,188,1,0,20181202,MIA,UTA
Shot Chart Detail,0021800339,263,201961,Wayne Ellington,1610612748,Miami Heat,2,5,26,Missed Shot,Driving Layup Shot,2PT Field Goal,Restricted Area,Center(C),Less Than 8 ft.,1,11,16,1,0,20181202,MIA,UTA
Shot Chart Detail,0021800339,306,201961,Wayne Ellington,1610612748,Miami Heat,2,2,17,Missed Shot,Driving Layup Shot,2PT Field Goal,Restricted Area,Center(C),Less Than 8 ft.,1,-6,15,1,0,20181202,MIA,UTA
Shot Chart Detail,0021800339,309,201961,Wayne Ellington,1610612748,Miami Heat,2,2,12,Missed Shot,Jump Shot,2PT Field Goal,Mid-Range,Right Side(R),16-24 ft.,17,178,11,1,0,20181202,MIA,UTA
Shot Chart Detail,0021800339,441,201961,Wayne Ellington,1610612748,Miami Heat,3,2,34,Missed Shot,Jump Shot,3PT Field Goal,Above the Break 3,Left Side Center(LC),24+ ft.,25,-91,235,1,0,20181202,MIA,UTA
Shot Chart Detail,0021800339,541,201961,Wayne Ellington,1610612748,Miami Heat,4,8,11,Made Shot,Jump Shot,3PT Field Goal,Right Corner 3,Right Side(R),24+ ft.,22,224,-1,1,1,20181202,MIA,UTA
Shot Chart Detail,0021800339,568,201961,Wayne Ellington,1610612748,Miami Heat,4,6,23,Missed Shot,Jump Shot,3PT Field Goal,Above the Break 3,Right Side Center(RC),24+ ft.,25,207,150,1,0,20181202,MIA,UTA
Shot Chart Detail,0021800339,591,201961,Wayne Ellington,1610612748,Miami Heat,4,4,59,Missed Shot,Jump Shot,2PT Field Goal,Mid-Range,Left Side(L),16-24 ft.,19,-199,11,1,0,20181202,MIA,UTA
Shot Chart Detail,0021800339,624,201961,Wayne Ellington,1610612748,Miami Heat,4,2,3,Made Shot,Jump Shot,3PT Field Goal,Right Corner 3,Right Side(R),24+ ft.,24,235,77,1,1,20181202,MIA,UTA
Shot Chart Detail,0021800339,636,201961,Wayne Ellington,1610612748,Miami Heat,4,0,46,Missed Shot,Jump Shot,3PT Field Goal,Left Corner 3,Left Side(L),24+ ft.,22,-226,4,1,0,20181202,MIA,UTA
Shot Chart Detail,0021800351,39,201961,Wayne Ellington,1610612748,Miami Heat,1,8,7,Made Shot,Jump Shot,3PT Field Goal,Above the Break 3,Left Side Center(LC),24+ ft.,25,-150,201,1,1,20181204,MIA,ORL
Shot Chart Detail,0021800351,59,201961,Wayne Ellington,1610612748,Miami Heat,1,6,22,Missed Shot,Jump Shot,3PT Field Goal,Above the Break 3,Left Side Center(LC),24+ ft.,25,-145,206,1,0,20181204,MIA,ORL
Shot Chart Detail,0021800351,84,201961,Wayne Ellington,1610612748,Miami Heat,1,4,38,Made Shot,Jump Shot,3PT Field Goal,Above the Break 3,Center(C),24+ ft.,25,2,251,1,1,20181204,MIA,ORL
Shot Chart Detail,0021800351,95,201961,Wayne Ellington,1610612748,Miami Heat,1,3,59,Missed Shot,Jump Shot,3PT Field Goal,Above the Break 3,Left Side Center(LC),24+ ft.,25,-133,215,1,0,20181204,MIA,ORL
Shot Chart Detail,0021800351,329,201961,Wayne Ellington,1610612748,Miami Heat,3,10,15,Missed Shot,Pullup Jump shot,2PT Field Goal,Mid-Range,Right Side Center(RC),16-24 ft.,18,90,158,1,0,20181204,MIA,ORL
Shot Chart Detail,0021800351,337,201961,Wayne Ellington,1610612748,Miami Heat,3,9,10,Missed Shot,Jump Shot,3PT Field Goal,Above the Break 3,Right Side Center(RC),24+ ft.,24,195,151,1,0,20181204,MIA,ORL
Shot Chart Detail,0021800351,385,201961,Wayne Ellington,1610612748,Miami Heat,3,5,54,Missed Shot,Jump Shot,3PT Field Goal,Right Corner 3,Right Side(R),24+ ft.,23,225,50,1,0,20181204,MIA,ORL
Shot Chart Detail,0021800413,121,201961,Wayne Ellington,1610612748,Miami Heat,1,1,55,Missed Shot,Jump Shot,3PT Field Goal,Above the Break 3,Right Side Center(RC),24+ ft.,25,92,237,1,0,20181212,UTA,MIA
Shot Chart Detail,0021800413,166,201961,Wayne Ellington,1610612748,Miami Heat,2,11,1,Missed Shot,Driving Layup Shot,2PT Field Goal,Restricted Area,Center(C),Less Than 8 ft.,2,-19,10,1,0,20181212,UTA,MIA
Shot Chart Detail,0021800413,170,201961,Wayne Ellington,1610612748,Miami Heat,2,10,30,Missed Shot,Jump Shot,3PT Field Goal,Left Corner 3,Left Side(L),24+ ft.,22,-226,15,1,0,20181212,UTA,MIA
Shot Chart Detail,0021800413,564,201961,Wayne Ellington,1610612748,Miami Heat,4,5,18,Made Shot,Driving Floating Jump Shot,2PT Field Goal,In The Paint (Non-RA),Center(C),8-16 ft.,9,-22,88,1,1,20181212,UTA,MIA
Shot Chart Detail,0021800413,577,201961,Wayne Ellington,1610612748,Miami Heat,4,3,15,Missed Shot,Jump Bank Shot,3PT Field Goal,Above the Break 3,Left Side Center(LC),24+ ft.,26,-93,251,1,0,20181212,UTA,MIA
Shot Chart Detail,0021800413,589,201961,Wayne Ellington,1610612748,Miami Heat,4,2,21,Missed Shot,Jump Shot,3PT Field Goal,Above the Break 3,Left Side Center(LC),24+ ft.,25,-160,199,1,0,20181212,UTA,MIA
Shot Chart Detail,0021800413,603,201961,Wayne Ellington,1610612748,Miami Heat,4,0,21,Made Shot,Jump Shot,3PT Field Goal,Above the Break 3,Center(C),24+ ft.,24,31,246,1,1,20181212,UTA,MIA
Shot Chart Detail,0021800425,206,201961,Wayne Ellington,1610612748,Miami Heat,2,8,51,Missed Shot,Jump Shot,3PT Field Goal,Above the Break 3,Left Side Center(LC),24+ ft.,27,-115,251,1,0,20181214,MEM,MIA
Shot Chart Detail,0021800425,221,201961,Wayne Ellington,1610612748,Miami Heat,2,7,19,Missed Shot,Driving Layup Shot,2PT Field Goal,Restricted Area,Center(C),Less Than 8 ft.,2,-24,12,1,0,20181214,MEM,MIA
Shot Chart Detail,0021800467,262,201961,Wayne Ellington,1610612748,Miami Heat,2,4,1,Missed Shot,Jump Shot,3PT Field Goal,Above the Break 3,Right Side Center(RC),24+ ft.,25,206,147,1,0,20181220,MIA,HOU
Shot Chart Detail,0021800467,282,201961,Wayne Ellington,1610612748,Miami Heat,2,2,41,Missed Shot,Jump Shot,3PT Field Goal,Left Corner 3,Left Side(L),24+ ft.,24,-242,57,1,0,20181220,MIA,HOU
Shot Chart Detail,0021800654,559,201961,Wayne Ellington,1610612748,Miami Heat,4,7,22,Missed Shot,Running Pull-Up Jump Shot,3PT Field Goal,Above the Break 3,Right Side Center(RC),24+ ft.,28,142,245,1,0,20190115,MIL,MIA
Shot Chart Detail,0021800654,564,201961,Wayne Ellington,1610612748,Miami Heat,4,6,51,Made Shot,Pullup Jump shot,3PT Field Goal,Above the Break 3,Left Side Center(LC),24+ ft.,25,-109,235,1,1,20190115,MIL,MIA
Shot Chart Detail,0021800654,582,201961,Wayne Ellington,1610612748,Miami Heat,4,4,44,Missed Shot,Jump Shot,3PT Field Goal,Above the Break 3,Right Side Center(RC),24+ ft.,27,143,236,1,0,20190115,MIL,MIA
Shot Chart Detail,0021800654,599,201961,Wayne Ellington,1610612748,Miami Heat,4,2,59,Made Shot,Jump Shot,3PT Field Goal,Above the Break 3,Left Side Center(LC),24+ ft.,25,-185,176,1,1,20190115,MIL,MIA
Shot Chart Detail,0021800654,616,201961,Wayne Ellington,1610612748,Miami Heat,4,1,9,Made Shot,Jump Shot,3PT Field Goal,Above the Break 3,Center(C),24+ ft.,26,-81,252,1,1,20190115,MIL,MIA
Shot Chart Detail,0021800672,285,201961,Wayne Ellington,1610612748,Miami Heat,2,3,26,Missed Shot,Pullup Jump shot,3PT Field Goal,Above the Break 3,Center(C),24+ ft.,26,-24,267,1,0,20190118,DET,MIA
Shot Chart Detail,0021800741,22,201961,Wayne Ellington,1610612748,Miami Heat,1,10,9,Missed Shot,Jump Shot,3PT Field Goal,Above the Break 3,Right Side Center(RC),24+ ft.,25,128,220,1,0,20190127,NYK,MIA
Shot Chart Detail,0021800741,37,201961,Wayne Ellington,1610612748,Miami Heat,1,8,53,Missed Shot,Jump Shot,3PT Field Goal,Right Corner 3,Right Side(R),24+ ft.,22,220,-13,1,0,20190127,NYK,MIA
Shot Chart Detail,0021800741,49,201961,Wayne Ellington,1610612748,Miami Heat,1,7,54,Missed Shot,Jump Shot,3PT Field Goal,Above the Break 3,Center(C),24+ ft.,25,8,255,1,0,20190127,NYK,MIA
Shot Chart Detail,0021800741,265,201961,Wayne Ellington,1610612748,Miami Heat,2,4,28,Missed Shot,Jump Shot,3PT Field Goal,Above the Break 3,Left Side Center(LC),24+ ft.,24,-134,206,1,0,20190127,NYK,MIA
Shot Chart Detail,0021800741,356,201961,Wayne Ellington,1610612748,Miami Heat,3,10,42,Made Shot,Driving Finger Roll Layup Shot,2PT Field Goal,Restricted Area,Center(C),Less Than 8 ft.,0,-1,5,1,1,20190127,NYK,MIA
Shot Chart Detail,0021800741,361,201961,Wayne Ellington,1610612748,Miami Heat,3,10,14,Missed Shot,Jump Shot,3PT Field Goal,Above the Break 3,Right Side Center(RC),24+ ft.,26,89,247,1,0,20190127,NYK,MIA
Shot Chart Detail,0021800741,370,201961,Wayne Ellington,1610612748,Miami Heat,3,9,36,Missed Shot,Jump Shot,3PT Field Goal,Above the Break 3,Right Side Center(RC),24+ ft.,25,230,106,1,0,20190127,NYK,MIA
Shot Chart Detail,0021800741,374,201961,Wayne Ellington,1610612748,Miami Heat,3,9,15,Made Shot,Jump Shot,3PT Field Goal,Above the Break 3,Right Side Center(RC),24+ ft.,25,210,147,1,1,20190127,NYK,MIA
Shot Chart Detail,0021800741,389,201961,Wayne Ellington,1610612748,Miami Heat,3,7,33,Missed Shot,Jump Shot,3PT Field Goal,Above the Break 3,Right Side Center(RC),24+ ft.,25,215,132,1,0,20190127,NYK,MIA
Shot Chart Detail,0021800741,443,201961,Wayne Ellington,1610612748,Miami Heat,3,2,56,Made Shot,Jump Shot,3PT Field Goal,Above the Break 3,Right Side Center(RC),24+ ft.,25,165,188,1,1,20190127,NYK,MIA
Shot Chart Detail,0021800741,604,201961,Wayne Ellington,1610612748,Miami Heat,4,2,16,Made Shot,Driving Layup Shot,2PT Field Goal,Restricted Area,Center(C),Less Than 8 ft.,0,-1,5,1,1,20190127,NYK,MIA
Shot Chart Detail,0021800741,615,201961,Wayne Ellington,1610612748,Miami Heat,4,1,50,Made Shot,Jump Shot,3PT Field Goal,Above the Break 3,Right Side Center(RC),24+ ft.,24,165,186,1,1,20190127,NYK,MIA
Shot Chart Detail,0021800741,621,201961,Wayne Ellington,1610612748,Miami Heat,4,1,8,Made Shot,Jump Shot,3PT Field Goal,Above the Break 3,Right Side Center(RC),24+ ft.,25,217,131,1,1,20190127,NYK,MIA
Shot Chart Detail,0021800757,18,201961,Wayne Ellington,1610612748,Miami Heat,1,10,32,Made Shot,Jump Shot,3PT Field Goal,Left Corner 3,Left Side(L),24+ ft.,23,-232,53,1,1,20190130,MIA,CHI
Shot Chart Detail,0021800757,36,201961,Wayne Ellington,1610612748,Miami Heat,1,8,53,Missed Shot,Jump Shot,3PT Field Goal,Above the Break 3,Center(C),24+ ft.,25,-39,256,1,0,20190130,MIA,CHI
Shot Chart Detail,0021800757,38,201961,Wayne Ellington,1610612748,Miami Heat,1,8,45,Missed Shot,Jump Shot,3PT Field Goal,Left Corner 3,Left Side(L),24+ ft.,23,-231,-19,1,0,20190130,MIA,CHI
Shot Chart Detail,0021800757,55,201961,Wayne Ellington,1610612748,Miami Heat,1,7,7,Made Shot,Jump Shot,3PT Field Goal,Right Corner 3,Right Side(R),24+ ft.,22,228,-1,1,1,20190130,MIA,CHI
Shot Chart Detail,0021800757,71,201961,Wayne Ellington,1610612748,Miami Heat,1,5,48,Missed Shot,Pullup Jump shot,3PT Field Goal,Right Corner 3,Right Side(R),24+ ft.,23,225,68,1,0,20190130,MIA,CHI
Shot Chart Detail,0021800757,108,201961,Wayne Ellington,1610612748,Miami Heat,1,2,0,Missed Shot,Jump Shot,3PT Field Goal,Right Corner 3,Right Side(R),24+ ft.,23,227,62,1,0,20190130,MIA,CHI
Shot Chart Detail,0021800757,224,201961,Wayne Ellington,1610612748,Miami Heat,2,5,38,Missed Shot,Jump Shot,3PT Field Goal,Right Corner 3,Right Side(R),24+ ft.,22,228,-4,1,0,20190130,MIA,CHI
Shot Chart Detail,0021800757,280,201961,Wayne Ellington,1610612748,Miami Heat,2,1,37,Made Shot,Cutting Layup Shot,2PT Field Goal,Restricted Area,Center(C),Less Than 8 ft.,1,6,-8,1,1,20190130,MIA,CHI
Shot Chart Detail,0021800757,317,201961,Wayne Ellington,1610612748,Miami Heat,3,11,6,Made Shot,Pullup Jump shot,2PT Field Goal,In The Paint (Non-RA),Center(C),Less Than 8 ft.,5,56,3,1,1,20190130,MIA,CHI
Shot Chart Detail,0021800757,326,201961,Wayne Ellington,1610612748,Miami Heat,3,10,0,Made Shot,Jump Shot,3PT Field Goal,Left Corner 3,Left Side(L),24+ ft.,23,-232,61,1,1,20190130,MIA,CHI
Shot Chart Detail,0021800757,346,201961,Wayne Ellington,1610612748,Miami Heat,3,8,9,Missed Shot,Jump Shot,3PT Field Goal,Above the Break 3,Left Side Center(LC),24+ ft.,25,-161,198,1,0,20190130,MIA,CHI
Shot Chart Detail,0021800757,561,201961,Wayne Ellington,1610612748,Miami Heat,4,4,31,Missed Shot,Jump Shot,3PT Field Goal,Above the Break 3,Right Side Center(RC),24+ ft.,25,136,221,1,0,20190130,MIA,CHI
Shot Chart Detail,0021800757,612,201961,Wayne Ellington,1610612748,Miami Heat,4,0,31,Missed Shot,Jump Shot,3PT Field Goal,Above the Break 3,Right Side Center(RC),24+ ft.,24,218,101,1,0,20190130,MIA,CHI
Shot Chart Detail,0021800772,636,201961,Wayne Ellington,1610612748,Miami Heat,4,2,5,Made Shot,Jump Shot,3PT Field Goal,Above the Break 3,Right Side Center(RC),24+ ft.,24,194,152,1,1,20190201,MIA,OKC
Shot Chart Detail,0021800840,128,201961,Wayne Ellington,1610612765,Detroit Pistons,1,2,6,Missed Shot,Jump Shot,3PT Field Goal,Right Corner 3,Right Side(R),24+ ft.,22,228,11,1,0,20190211,DET,WAS
Shot Chart Detail,0021800840,177,201961,Wayne Ellington,1610612765,Detroit Pistons,2,11,15,Missed Shot,Jump Shot,3PT Field Goal,Above the Break 3,Left Side Center(LC),24+ ft.,28,-201,200,1,0,20190211,DET,WAS
Shot Chart Detail,0021800840,193,201961,Wayne Ellington,1610612765,Detroit Pistons,2,9,21,Missed Shot,Jump Shot,3PT Field Goal,Above the Break 3,Right Side Center(RC),24+ ft.,25,203,155,1,0,20190211,DET,WAS
Shot Chart Detail,0021800840,222,201961,Wayne Ellington,1610612765,Detroit Pistons,2,6,22,Missed Shot,Jump Shot,3PT Field Goal,Above the Break 3,Center(C),24+ ft.,26,-35,262,1,0,20190211,DET,WAS
Shot Chart Detail,0021800840,226,201961,Wayne Ellington,1610612765,Detroit Pistons,2,5,58,Missed Shot,Pullup Jump shot,3PT Field Goal,Above the Break 3,Left Side Center(LC),24+ ft.,25,-188,178,1,0,20190211,DET,WAS
Shot Chart Detail,0021800840,445,201961,Wayne Ellington,1610612765,Detroit Pistons,4,11,43,Missed Shot,Jump Shot,3PT Field Goal,Above the Break 3,Left Side Center(LC),24+ ft.,24,-209,134,1,0,20190211,DET,WAS
Shot Chart Detail,0021800840,481,201961,Wayne Ellington,1610612765,Detroit Pistons,4,9,7,Made Shot,Driving Layup Shot,2PT Field Goal,Restricted Area,Center(C),Less Than 8 ft.,0,0,9,1,1,20190211,DET,WAS
Shot Chart Detail,0021800840,484,201961,Wayne Ellington,1610612765,Detroit Pistons,4,8,33,Missed Shot,Jump Shot,3PT Field Goal,Right Corner 3,Right Side(R),24+ ft.,23,230,-7,1,0,20190211,DET,WAS
Shot Chart Detail,0021800855,123,201961,Wayne Ellington,1610612765,Detroit Pistons,1,0,41,Missed Shot,Jump Shot,3PT Field Goal,Above the Break 3,Left Side Center(LC),24+ ft.,25,-111,235,1,0,20190213,BOS,DET
Shot Chart Detail,0021800855,277,201961,Wayne Ellington,1610612765,Detroit Pistons,2,0,54,Missed Shot,Jump Shot,3PT Field Goal,Above the Break 3,Right Side Center(RC),24+ ft.,26,139,222,1,0,20190213,BOS,DET
Shot Chart Detail,0021800855,365,201961,Wayne Ellington,1610612765,Detroit Pistons,3,6,20,Missed Shot,Jump Shot,3PT Field Goal,Above the Break 3,Right Side Center(RC),24+ ft.,26,107,238,1,0,20190213,BOS,DET
Shot Chart Detail,0021800855,429,201961,Wayne Ellington,1610612765,Detroit Pistons,3,2,48,Missed Shot,Jump Shot,3PT Field Goal,Above the Break 3,Right Side Center(RC),24+ ft.,25,179,179,1,0,20190213,BOS,DET
Shot Chart Detail,0021800855,468,201961,Wayne Ellington,1610612765,Detroit Pistons,3,0,23,Made Shot,Jump Shot,3PT Field Goal,Above the Break 3,Left Side Center(LC),24+ ft.,28,-115,260,1,1,20190213,BOS,DET
Shot Chart Detail,0021800855,486,201961,Wayne Ellington,1610612765,Detroit Pistons,4,11,27,Missed Shot,Turnaround Jump Shot,3PT Field Goal,Above the Break 3,Left Side Center(LC),24+ ft.,26,-130,236,1,0,20190213,BOS,DET
Shot Chart Detail,0021800855,512,201961,Wayne Ellington,1610612765,Detroit Pistons,4,9,13,Made Shot,Jump Shot,3PT Field Goal,Above the Break 3,Left Side Center(LC),24+ ft.,25,-203,148,1,1,20190213,BOS,DET
Shot Chart Detail,0021800855,534,201961,Wayne Ellington,1610612765,Detroit Pistons,4,7,59,Made Shot,Running Layup Shot,2PT Field Goal,Restricted Area,Center(C),Less Than 8 ft.,0,-6,4,1,1,20190213,BOS,DET
Shot Chart Detail,0021800855,570,201961,Wayne Ellington,1610612765,Detroit Pistons,4,5,22,Missed Shot,Jump Shot,3PT Field Goal,Above the Break 3,Right Side Center(RC),24+ ft.,24,165,183,1,0,20190213,BOS,DET
Shot Chart Detail,0021800855,594,201961,Wayne Ellington,1610612765,Detroit Pistons,4,3,32,Missed Shot,Turnaround Jump Shot,3PT Field Goal,Above the Break 3,Right Side Center(RC),24+ ft.,26,189,179,1,0,20190213,BOS,DET
Shot Chart Detail,0021800855,613,201961,Wayne Ellington,1610612765,Detroit Pistons,4,1,25,Made Shot,Driving Layup Shot,2PT Field Goal,Restricted Area,Center(C),Less Than 8 ft.,0,9,-1,1,1,20190213,BOS,DET
Shot Chart Detail,0021800855,637,201961,Wayne Ellington,1610612765,Detroit Pistons,4,0,20,Made Shot,Jump Shot,3PT Field Goal,Above the Break 3,Right Side Center(RC),24+ ft.,25,218,131,1,1,20190213,BOS,DET
Shot Chart Detail,0021800877,48,201961,Wayne Ellington,1610612765,Detroit Pistons,1,8,48,Made Shot,Pullup Jump shot,3PT Field Goal,Above the Break 3,Left Side Center(LC),24+ ft.,25,-178,176,1,1,20190222,ATL,DET
Shot Chart Detail,0021800877,62,201961,Wayne Ellington,1610612765,Detroit Pistons,1,7,8,Missed Shot,Jump Shot,3PT Field Goal,Above the Break 3,Center(C),24+ ft.,26,1,260,1,0,20190222,ATL,DET
Shot Chart Detail,0021800877,83,201961,Wayne Ellington,1610612765,Detroit Pistons,1,6,8,Made Shot,Jump Shot,3PT Field Goal,Above the Break 3,Left Side Center(LC),24+ ft.,25,-138,214,1,1,20190222,ATL,DET
Shot Chart Detail,0021800877,120,201961,Wayne Ellington,1610612765,Detroit Pistons,1,2,35,Missed Shot,Pullup Jump shot,3PT Field Goal,Above the Break 3,Left Side Center(LC),24+ ft.,24,-100,229,1,0,20190222,ATL,DET
Shot Chart Detail,0021800877,236,201961,Wayne Ellington,1610612765,Detroit Pistons,2,6,12,Missed Shot,Jump Shot,3PT Field Goal,Above the Break 3,Right Side Center(RC),24+ ft.,26,145,221,1,0,20190222,ATL,DET
Shot Chart Detail,0021800877,283,201961,Wayne Ellington,1610612765,Detroit Pistons,2,3,14,Missed Shot,Jump Shot,3PT Field Goal,Above the Break 3,Left Side Center(LC),24+ ft.,24,-192,155,1,0,20190222,ATL,DET
Shot Chart Detail,0021800877,312,201961,Wayne Ellington,1610612765,Detroit Pistons,2,0,57,Made Shot,Pullup Jump shot,3PT Field Goal,Right Corner 3,Right Side(R),24+ ft.,24,230,77,1,1,20190222,ATL,DET
Shot Chart Detail,0021800877,374,201961,Wayne Ellington,1610612765,Detroit Pistons,3,8,12,Missed Shot,Jump Shot,3PT Field Goal,Above the Break 3,Right Side Center(RC),24+ ft.,25,139,215,1,0,20190222,ATL,DET
Shot Chart Detail,0021800877,396,201961,Wayne Ellington,1610612765,Detroit Pistons,3,5,41,Missed Shot,Jump Shot,3PT Field Goal,Right Corner 3,Right Side(R),24+ ft.,23,233,36,1,0,20190222,ATL,DET
Shot Chart Detail,0021800877,617,201961,Wayne Ellington,1610612765,Detroit Pistons,4,3,25,Missed Shot,Pullup Jump shot,2PT Field Goal,Mid-Range,Center(C),16-24 ft.,22,-28,225,1,0,20190222,ATL,DET
Shot Chart Detail,0021800888,65,201961,Wayne Ellington,1610612765,Detroit Pistons,1,6,15,Missed Shot,Driving Layup Shot,2PT Field Goal,Restricted Area,Center(C),Less Than 8 ft.,3,21,22,1,0,20190223,MIA,DET
Shot Chart Detail,0021800888,200,201961,Wayne Ellington,1610612765,Detroit Pistons,2,8,51,Missed Shot,Jump Shot,3PT Field Goal,Above the Break 3,Center(C),24+ ft.,25,-13,259,1,0,20190223,MIA,DET
Shot Chart Detail,0021800888,230,201961,Wayne Ellington,1610612765,Detroit Pistons,2,6,39,Missed Shot,Jump Shot,3PT Field Goal,Left Corner 3,Left Side(L),24+ ft.,23,-231,57,1,0,20190223,MIA,DET
Shot Chart Detail,0021800888,276,201961,Wayne Ellington,1610612765,Detroit Pistons,2,3,37,Made Shot,Jump Shot,3PT Field Goal,Above the Break 3,Right Side Center(RC),24+ ft.,24,155,193,1,1,20190223,MIA,DET
Shot Chart Detail,0021800888,305,201961,Wayne Ellington,1610612765,Detroit Pistons,2,1,18,Missed Shot,Jump Shot,3PT Field Goal,Above the Break 3,Right Side Center(RC),24+ ft.,24,203,138,1,0,20190223,MIA,DET
Shot Chart Detail,0021800888,344,201961,Wayne Ellington,1610612765,Detroit Pistons,3,10,0,Made Shot,Pullup Jump shot,3PT Field Goal,Above the Break 3,Right Side Center(RC),24+ ft.,25,139,210,1,1,20190223,MIA,DET
Shot Chart Detail,0021800899,32,201961,Wayne Ellington,1610612765,Detroit Pistons,1,9,35,Made Shot,Jump Shot,3PT Field Goal,Right Corner 3,Right Side(R),24+ ft.,23,230,18,1,1,20190225,DET,IND
Shot Chart Detail,0021800899,42,201961,Wayne Ellington,1610612765,Detroit Pistons,1,8,27,Missed Shot,Jump Shot,3PT Field Goal,Above the Break 3,Left Side Center(LC),24+ ft.,27,-190,196,1,0,20190225,DET,IND
Shot Chart Detail,0021800899,97,201961,Wayne Ellington,1610612765,Detroit Pistons,1,3,46,Made Shot,Jump Shot,3PT Field Goal,Above the Break 3,Left Side Center(LC),24+ ft.,27,-182,212,1,1,20190225,DET,IND
Shot Chart Detail,0021800899,294,201961,Wayne Ellington,1610612765,Detroit Pistons,2,1,24,Missed Shot,Jump Shot,3PT Field Goal,Above the Break 3,Left Side Center(LC),24+ ft.,28,-143,243,1,0,20190225,DET,IND
Shot Chart Detail,0021800899,311,201961,Wayne Ellington,1610612765,Detroit Pistons,2,0,0,Missed Shot,Jump Shot,3PT Field Goal,Above the Break 3,Left Side Center(LC),24+ ft.,26,-191,190,1,0,20190225,DET,IND
Shot Chart Detail,0021800899,366,201961,Wayne Ellington,1610612765,Detroit Pistons,3,7,27,Made Shot,Jump Shot,3PT Field Goal,Above the Break 3,Right Side Center(RC),24+ ft.,25,120,226,1,1,20190225,DET,IND
Shot Chart Detail,0021800899,394,201961,Wayne Ellington,1610612765,Detroit Pistons,3,5,9,Missed Shot,Jump Shot,3PT Field Goal,Right Corner 3,Right Side(R),24+ ft.,23,231,25,1,0,20190225,DET,IND
Shot Chart Detail,0021800899,404,201961,Wayne Ellington,1610612765,Detroit Pistons,3,4,40,Missed Shot,Jump Shot,3PT Field Goal,Above the Break 3,Right Side Center(RC),24+ ft.,26,158,216,1,0,20190225,DET,IND
Shot Chart Detail,0021800899,428,201961,Wayne Ellington,1610612765,Detroit Pistons,3,3,1,Made Shot,Jump Shot,3PT Field Goal,Right Corner 3,Right Side(R),24+ ft.,24,234,58,1,1,20190225,DET,IND
Shot Chart Detail,0021800899,621,201961,Wayne Ellington,1610612765,Detroit Pistons,4,1,17,Missed Shot,Jump Shot,3PT Field Goal,Above the Break 3,Right Side Center(RC),24+ ft.,27,209,174,1,0,20190225,DET,IND
Shot Chart Detail,0021800917,29,201961,Wayne Ellington,1610612765,Detroit Pistons,1,9,50,Made Shot,Pullup Jump shot,3PT Field Goal,Above the Break 3,Center(C),24+ ft.,25,76,247,1,1,20190227,SAS,DET
Shot Chart Detail,0021800917,32,201961,Wayne Ellington,1610612765,Detroit Pistons,1,9,24,Made Shot,Jump Shot,3PT Field Goal,Right Corner 3,Right Side(R),24+ ft.,22,229,-18,1,1,20190227,SAS,DET
Shot Chart Detail,0021800917,56,201961,Wayne Ellington,1610612765,Detroit Pistons,1,6,54,Missed Shot,Pullup Jump shot,3PT Field Goal,Above the Break 3,Center(C),24+ ft.,25,58,247,1,0,20190227,SAS,DET
Shot Chart Detail,0021800917,239,201961,Wayne Ellington,1610612765,Detroit Pistons,2,5,42,Missed Shot,Pullup Jump shot,3PT Field Goal,Above the Break 3,Left Side Center(LC),24+ ft.,24,-91,232,1,0,20190227,SAS,DET
Shot Chart Detail,0021800917,303,201961,Wayne Ellington,1610612765,Detroit Pistons,2,0,1,Missed Shot,Driving Layup Shot,2PT Field Goal,In The Paint (Non-RA),Center(C),Less Than 8 ft.,4,49,4,1,0,20190227,SAS,DET
Shot Chart Detail,0021800917,343,201961,Wayne Ellington,1610612765,Detroit Pistons,3,8,27,Missed Shot,Pullup Jump shot,2PT Field Goal,Mid-Range,Center(C),16-24 ft.,19,26,190,1,0,20190227,SAS,DET
Shot Chart Detail,0021800917,354,201961,Wayne Ellington,1610612765,Detroit Pistons,3,6,57,Made Shot,Jump Shot,3PT Field Goal,Above the Break 3,Left Side Center(LC),24+ ft.,25,-212,134,1,1,20190227,SAS,DET
Shot Chart Detail,0021800917,358,201961,Wayne Ellington,1610612765,Detroit Pistons,3,6,19,Missed Shot,Jump Shot,3PT Field Goal,Above the Break 3,Right Side Center(RC),24+ ft.,25,168,197,1,0,20190227,SAS,DET
Shot Chart Detail,0021800917,362,201961,Wayne Ellington,1610612765,Detroit Pistons,3,6,3,Missed Shot,Driving Layup Shot,2PT Field Goal,In The Paint (Non-RA),Center(C),Less Than 8 ft.,4,10,47,1,0,20190227,SAS,DET
Shot Chart Detail,0021800917,554,201961,Wayne Ellington,1610612765,Detroit Pistons,4,2,12,Made Shot,Driving Layup Shot,2PT Field Goal,Restricted Area,Center(C),Less Than 8 ft.,1,0,10,1,1,20190227,SAS,DET
Shot Chart Detail,0021800935,7,201961,Wayne Ellington,1610612765,Detroit Pistons,1,11,41,Missed Shot,Jump Shot,3PT Field Goal,Left Corner 3,Left Side(L),24+ ft.,22,-226,3,1,0,20190302,CLE,DET
Shot Chart Detail,0021800935,26,201961,Wayne Ellington,1610612765,Detroit Pistons,1,9,43,Made Shot,Jump Shot,3PT Field Goal,Above the Break 3,Center(C),24+ ft.,25,-67,251,1,1,20190302,CLE,DET
Shot Chart Detail,0021800935,30,201961,Wayne Ellington,1610612765,Detroit Pistons,1,9,12,Missed Shot,Jump Shot,3PT Field Goal,Above the Break 3,Left Side Center(LC),24+ ft.,28,-92,267,1,0,20190302,CLE,DET
Shot Chart Detail,0021800935,76,201961,Wayne Ellington,1610612765,Detroit Pistons,1,5,21,Made Shot,Jump Shot,3PT Field Goal,Right Corner 3,Right Side(R),24+ ft.,24,241,17,1,1,20190302,CLE,DET
Shot Chart Detail,0021800935,251,201961,Wayne Ellington,1610612765,Detroit Pistons,2,4,17,Made Shot,Jump Shot,3PT Field Goal,Right Corner 3,Right Side(R),24+ ft.,24,240,24,1,1,20190302,CLE,DET
Shot Chart Detail,0021800935,265,201961,Wayne Ellington,1610612765,Detroit Pistons,2,2,36,Missed Shot,Jump Shot,3PT Field Goal,Above the Break 3,Right Side Center(RC),24+ ft.,25,231,116,1,0,20190302,CLE,DET
Shot Chart Detail,0021800935,325,201961,Wayne Ellington,1610612765,Detroit Pistons,3,10,32,Missed Shot,Driving Floating Jump Shot,2PT Field Goal,In The Paint (Non-RA),Left Side(L),8-16 ft.,8,-52,69,1,0,20190302,CLE,DET
Shot Chart Detail,0021800935,327,201961,Wayne Ellington,1610612765,Detroit Pistons,3,10,25,Made Shot,Jump Shot,3PT Field Goal,Left Corner 3,Left Side(L),24+ ft.,24,-240,-10,1,1,20190302,CLE,DET
Shot Chart Detail,0021800935,394,201961,Wayne Ellington,1610612765,Detroit Pistons,3,4,55,Made Shot,Jump Shot,3PT Field Goal,Above the Break 3,Left Side Center(LC),24+ ft.,26,-182,194,1,1,20190302,CLE,DET
Shot Chart Detail,0021800949,36,201961,Wayne Ellington,1610612765,Detroit Pistons,1,8,35,Made Shot,Pullup Jump shot,3PT Field Goal,Above the Break 3,Right Side Center(RC),24+ ft.,25,186,172,1,1,20190303,DET,TOR
Shot Chart Detail,0021800949,96,201961,Wayne Ellington,1610612765,Detroit Pistons,1,3,42,Missed Shot,Jump Shot,3PT Field Goal,Above the Break 3,Right Side Center(RC),24+ ft.,25,165,197,1,0,20190303,DET,TOR
Shot Chart Detail,0021800949,224,201961,Wayne Ellington,1610612765,Detroit Pistons,2,5,56,Missed Shot,Pullup Jump shot,3PT Field Goal,Above the Break 3,Center(C),24+ ft.,26,-20,262,1,0,20190303,DET,TOR
Shot Chart Detail,0021800949,281,201961,Wayne Ellington,1610612765,Detroit Pistons,2,0,34,Made Shot,Layup Shot,2PT Field Goal,Restricted Area,Center(C),Less Than 8 ft.,2,25,5,1,1,20190303,DET,TOR
Shot Chart Detail,0021800949,587,201961,Wayne Ellington,1610612765,Detroit Pistons,4,5,9,Made Shot,Pullup Jump shot,3PT Field Goal,Above the Break 3,Right Side Center(RC),24+ ft.,25,123,224,1,1,20190303,DET,TOR
Shot Chart Detail,0021800949,671,201961,Wayne Ellington,1610612765,Detroit Pistons,5,4,26,Missed Shot,Jump Shot,2PT Field Goal,Mid-Range,Right Side(R),16-24 ft.,21,210,10,1,0,20190303,DET,TOR
Shot Chart Detail,0021800966,17,201961,Wayne Ellington,1610612765,Detroit Pistons,1,10,44,Made Shot,Driving Layup Shot,2PT Field Goal,Restricted Area,Center(C),Less Than 8 ft.,3,14,29,1,1,20190306,DET,MIN
Shot Chart Detail,0021800966,47,201961,Wayne Ellington,1610612765,Detroit Pistons,1,8,6,Missed Shot,Jump Shot,3PT Field Goal,Above the Break 3,Left Side Center(LC),24+ ft.,26,-183,193,1,0,20190306,DET,MIN
Shot Chart Detail,0021800966,84,201961,Wayne Ellington,1610612765,Detroit Pistons,1,4,48,Made Shot,Jump Shot,3PT Field Goal,Right Corner 3,Right Side(R),24+ ft.,22,223,15,1,1,20190306,DET,MIN
Shot Chart Detail,0021800966,116,201961,Wayne Ellington,1610612765,Detroit Pistons,1,2,44,Missed Shot,Jump Shot,3PT Field Goal,Left Corner 3,Left Side(L),24+ ft.,23,-234,10,1,0,20190306,DET,MIN
Shot Chart Detail,0021800966,267,201961,Wayne Ellington,1610612765,Detroit Pistons,2,2,10,Made Shot,Jump Shot,3PT Field Goal,Above the Break 3,Right Side Center(RC),24+ ft.,26,212,157,1,1,20190306,DET,MIN
Shot Chart Detail,0021800966,274,201961,Wayne Ellington,1610612765,Detroit Pistons,2,1,8,Missed Shot,Pullup Jump shot,3PT Field Goal,Above the Break 3,Center(C),24+ ft.,27,76,269,1,0,20190306,DET,MIN
Shot Chart Detail,0021800966,304,201961,Wayne Ellington,1610612765,Detroit Pistons,3,11,22,Missed Shot,Jump Shot,3PT Field Goal,Above the Break 3,Center(C),24+ ft.,25,29,258,1,0,20190306,DET,MIN
Shot Chart Detail,0021800966,321,201961,Wayne Ellington,1610612765,Detroit Pistons,3,9,26,Missed Shot,Jump Shot,3PT Field Goal,Left Corner 3,Left Side(L),24+ ft.,22,-223,21,1,0,20190306,DET,MIN
Shot Chart Detail,0021800966,361,201961,Wayne Ellington,1610612765,Detroit Pistons,3,6,11,Made Shot,Pullup Jump shot,3PT Field Goal,Above the Break 3,Right Side Center(RC),24+ ft.,28,145,245,1,1,20190306,DET,MIN
Shot Chart Detail,0021800966,377,201961,Wayne Ellington,1610612765,Detroit Pistons,3,5,9,Missed Shot,Driving Finger Roll Layup Shot,2PT Field Goal,In The Paint (Non-RA),Center(C),Less Than 8 ft.,6,55,26,1,0,20190306,DET,MIN
Shot Chart Detail,0021800966,399,201961,Wayne Ellington,1610612765,Detroit Pistons,3,3,31,Missed Shot,Jump Shot,3PT Field Goal,Above the Break 3,Right Side Center(RC),24+ ft.,27,94,260,1,0,20190306,DET,MIN
Shot Chart Detail,0021800980,41,201961,Wayne Ellington,1610612765,Detroit Pistons,1,6,47,Missed Shot,Jump Shot,3PT Field Goal,Above the Break 3,Left Side Center(LC),24+ ft.,25,-143,212,1,0,20190308,CHI,DET
Shot Chart Detail,0021800980,52,201961,Wayne Ellington,1610612765,Detroit Pistons,1,5,35,Missed Shot,Driving Layup Shot,2PT Field Goal,Restricted Area,Center(C),Less Than 8 ft.,2,29,0,1,0,20190308,CHI,DET
Shot Chart Detail,0021800980,360,201961,Wayne Ellington,1610612765,Detroit Pistons,3,7,46,Made Shot,Driving Layup Shot,2PT Field Goal,Restricted Area,Center(C),Less Than 8 ft.,2,18,15,1,1,20190308,CHI,DET
Shot Chart Detail,0021800980,389,201961,Wayne Ellington,1610612765,Detroit Pistons,3,5,30,Missed Shot,Jump Shot,3PT Field Goal,Above the Break 3,Right Side Center(RC),24+ ft.,26,159,208,1,0,20190308,CHI,DET
Shot Chart Detail,0021800992,16,201961,Wayne Ellington,1610612765,Detroit Pistons,1,10,31,Made Shot,Driving Layup Shot,2PT Field Goal,In The Paint (Non-RA),Center(C),Less Than 8 ft.,5,55,-17,1,1,20190310,DET,CHI
Shot Chart Detail,0021800992,37,201961,Wayne Ellington,1610612765,Detroit Pistons,1,8,25,Made Shot,Pullup Jump shot,2PT Field Goal,Mid-Range,Left Side Center(LC),16-24 ft.,16,-73,145,1,1,20190310,DET,CHI
Shot Chart Detail,0021800992,55,201961,Wayne Ellington,1610612765,Detroit Pistons,1,6,2,Made Shot,Jump Shot,3PT Field Goal,Above the Break 3,Right Side Center(RC),24+ ft.,26,131,230,1,1,20190310,DET,CHI
Shot Chart Detail,0021800992,60,201961,Wayne Ellington,1610612765,Detroit Pistons,1,5,24,Made Shot,Jump Shot,3PT Field Goal,Above the Break 3,Left Side Center(LC),24+ ft.,25,-171,194,1,1,20190310,DET,CHI
Shot Chart Detail,0021800992,485,201961,Wayne Ellington,1610612765,Detroit Pistons,4,11,11,Missed Shot,Jump Shot,3PT Field Goal,Left Corner 3,Left Side(L),24+ ft.,23,-231,12,1,0,20190310,DET,CHI
Shot Chart Detail,0021800992,523,201961,Wayne Ellington,1610612765,Detroit Pistons,4,8,35,Made Shot,Jump Shot,3PT Field Goal,Right Corner 3,Right Side(R),24+ ft.,23,231,50,1,1,20190310,DET,CHI
Shot Chart Detail,0021801003,13,201961,Wayne Ellington,1610612765,Detroit Pistons,1,11,27,Missed Shot,Pullup Jump shot,3PT Field Goal,Right Corner 3,Right Side(R),24+ ft.,23,231,47,1,0,20190311,BKN,DET
Shot Chart Detail,0021801003,53,201961,Wayne Ellington,1610612765,Detroit Pistons,1,8,13,Missed Shot,Pullup Jump shot,3PT Field Goal,Above the Break 3,Left Side Center(LC),24+ ft.,25,-111,225,1,0,20190311,BKN,DET
Shot Chart Detail,0021801003,112,201961,Wayne Ellington,1610612765,Detroit Pistons,1,2,58,Missed Shot,Jump Shot,3PT Field Goal,Above the Break 3,Left Side Center(LC),24+ ft.,26,-92,250,1,0,20190311,BKN,DET
Shot Chart Detail,0021801003,296,201961,Wayne Ellington,1610612765,Detroit Pistons,2,2,36,Missed Shot,Pullup Jump shot,2PT Field Goal,Mid-Range,Center(C),16-24 ft.,22,14,224,1,0,20190311,BKN,DET
Shot Chart Detail,0021801003,354,201961,Wayne Ellington,1610612765,Detroit Pistons,3,9,53,Missed Shot,Jump Shot,3PT Field Goal,Right Corner 3,Right Side(R),24+ ft.,23,233,44,1,0,20190311,BKN,DET
Shot Chart Detail,0021801003,365,201961,Wayne Ellington,1610612765,Detroit Pistons,3,8,58,Made Shot,Jump Shot,3PT Field Goal,Above the Break 3,Left Side Center(LC),24+ ft.,25,-130,223,1,1,20190311,BKN,DET
Shot Chart Detail,0021801003,405,201961,Wayne Ellington,1610612765,Detroit Pistons,3,5,59,Made Shot,Jump Shot,3PT Field Goal,Above the Break 3,Left Side Center(LC),24+ ft.,25,-130,222,1,1,20190311,BKN,DET
Shot Chart Detail,0021801014,13,201961,Wayne Ellington,1610612765,Detroit Pistons,1,11,4,Missed Shot,Pullup Jump shot,3PT Field Goal,Above the Break 3,Right Side Center(RC),24+ ft.,25,145,210,1,0,20190313,MIA,DET
Shot Chart Detail,0021801014,51,201961,Wayne Ellington,1610612765,Detroit Pistons,1,7,38,Made Shot,Pullup Jump shot,3PT Field Goal,Right Corner 3,Right Side(R),24+ ft.,23,228,41,1,1,20190313,MIA,DET
Shot Chart Detail,0021801014,77,201961,Wayne Ellington,1610612765,Detroit Pistons,1,5,51,Missed Shot,Jump Shot,3PT Field Goal,Left Corner 3,Left Side(L),24+ ft.,23,-232,42,1,0,20190313,MIA,DET
Shot Chart Detail,0021801014,248,201961,Wayne Ellington,1610612765,Detroit Pistons,2,4,52,Made Shot,Jump Shot,3PT Field Goal,Left Corner 3,Left Side(L),24+ ft.,23,-230,52,1,1,20190313,MIA,DET
Shot Chart Detail,0021801014,275,201961,Wayne Ellington,1610612765,Detroit Pistons,2,3,7,Made Shot,Pullup Jump shot,3PT Field Goal,Above the Break 3,Center(C),24+ ft.,25,76,246,1,1,20190313,MIA,DET
Shot Chart Detail,0021801014,332,201961,Wayne Ellington,1610612765,Detroit Pistons,3,10,31,Missed Shot,Jump Shot,3PT Field Goal,Above the Break 3,Left Side Center(LC),24+ ft.,25,-188,168,1,0,20190313,MIA,DET
Shot Chart Detail,0021801014,350,201961,Wayne Ellington,1610612765,Detroit Pistons,3,8,53,Missed Shot,Pullup Jump shot,3PT Field Goal,Above the Break 3,Right Side Center(RC),24+ ft.,24,169,179,1,0,20190313,MIA,DET
Shot Chart Detail,0021801026,34,201961,Wayne Ellington,1610612765,Detroit Pistons,1,9,14,Missed Shot,Pullup Jump shot,3PT Field Goal,Above the Break 3,Left Side Center(LC),24+ ft.,27,-219,162,1,0,20190315,DET,LAL
Shot Chart Detail,0021801026,88,201961,Wayne Ellington,1610612765,Detroit Pistons,1,4,58,Missed Shot,Pullup Jump shot,3PT Field Goal,Above the Break 3,Left Side Center(LC),24+ ft.,27,-217,169,1,0,20190315,DET,LAL
Shot Chart Detail,0021801026,261,201961,Wayne Ellington,1610612765,Detroit Pistons,2,5,40,Missed Shot,Jump Shot,3PT Field Goal,Right Corner 3,Right Side(R),24+ ft.,23,223,70,1,0,20190315,DET,LAL
Shot Chart Detail,0021801026,317,201961,Wayne Ellington,1610612765,Detroit Pistons,2,1,8,Made Shot,Jump Shot,3PT Field Goal,Above the Break 3,Right Side Center(RC),24+ ft.,26,177,200,1,1,20190315,DET,LAL
Shot Chart Detail,0021801026,351,201961,Wayne Ellington,1610612765,Detroit Pistons,3,10,4,Made Shot,Step Back Jump shot,3PT Field Goal,Above the Break 3,Right Side Center(RC),24+ ft.,27,208,182,1,1,20190315,DET,LAL
Shot Chart Detail,0021801026,381,201961,Wayne Ellington,1610612765,Detroit Pistons,3,8,26,Missed Shot,Jump Shot,3PT Field Goal,Above the Break 3,Right Side Center(RC),24+ ft.,27,188,203,1,0,20190315,DET,LAL
Shot Chart Detail,0021801026,414,201961,Wayne Ellington,1610612765,Detroit Pistons,3,5,34,Made Shot,Jump Shot,3PT Field Goal,Above the Break 3,Left Side Center(LC),24+ ft.,26,-123,240,1,1,20190315,DET,LAL
Shot Chart Detail,0021801026,456,201961,Wayne Ellington,1610612765,Detroit Pistons,3,2,7,Made Shot,Jump Shot,3PT Field Goal,Above the Break 3,Right Side Center(RC),24+ ft.,26,177,203,1,1,20190315,DET,LAL
Shot Chart Detail,0021801044,207,201961,Wayne Ellington,1610612765,Detroit Pistons,2,6,24,Missed Shot,Jump Shot,3PT Field Goal,Right Corner 3,Right Side(R),24+ ft.,24,240,61,1,0,20190317,DET,TOR
Shot Chart Detail,0021801044,211,201961,Wayne Ellington,1610612765,Detroit Pistons,2,5,58,Made Shot,Cutting Layup Shot,2PT Field Goal,Restricted Area,Center(C),Less Than 8 ft.,3,32,9,1,1,20190317,DET,TOR
Shot Chart Detail,0021801044,223,201961,Wayne Ellington,1610612765,Detroit Pistons,2,4,39,Missed Shot,Jump Shot,3PT Field Goal,Left Corner 3,Left Side(L),24+ ft.,22,-227,1,1,0,20190317,DET,TOR
Shot Chart Detail,0021801044,234,201961,Wayne Ellington,1610612765,Detroit Pistons,2,3,34,Missed Shot,Jump Shot,3PT Field Goal,Above the Break 3,Right Side Center(RC),24+ ft.,26,171,199,1,0,20190317,DET,TOR
Shot Chart Detail,0021801044,269,201961,Wayne Ellington,1610612765,Detroit Pistons,2,0,51,Made Shot,Driving Layup Shot,2PT Field Goal,Restricted Area,Center(C),Less Than 8 ft.,3,34,19,1,1,20190317,DET,TOR
Shot Chart Detail,0021801044,339,201961,Wayne Ellington,1610612765,Detroit Pistons,3,7,10,Made Shot,Jump Shot,3PT Field Goal,Left Corner 3,Left Side(L),24+ ft.,23,-237,37,1,1,20190317,DET,TOR
Shot Chart Detail,0021801044,353,201961,Wayne Ellington,1610612765,Detroit Pistons,3,5,51,Missed Shot,Jump Shot,3PT Field Goal,Above the Break 3,Center(C),24+ ft.,27,-17,273,1,0,20190317,DET,TOR
Shot Chart Detail,0021801044,366,201961,Wayne Ellington,1610612765,Detroit Pistons,3,4,37,Missed Shot,Driving Layup Shot,2PT Field Goal,Restricted Area,Center(C),Less Than 8 ft.,3,-34,18,1,0,20190317,DET,TOR
Shot Chart Detail,0021801044,530,201961,Wayne Ellington,1610612765,Detroit Pistons,4,4,19,Missed Shot,Jump Shot,3PT Field Goal,Above the Break 3,Right Side Center(RC),24+ ft.,25,226,121,1,0,20190317,DET,TOR
Shot Chart Detail,0021801044,559,201961,Wayne Ellington,1610612765,Detroit Pistons,4,1,7,Made Shot,Layup Shot,2PT Field Goal,Restricted Area,Center(C),Less Than 8 ft.,3,-16,31,1,1,20190317,DET,TOR
Shot Chart Detail,0021801050,23,201961,Wayne Ellington,1610612765,Detroit Pistons,1,10,26,Missed Shot,Driving Floating Jump Shot,3PT Field Goal,Right Corner 3,Right Side(R),24+ ft.,23,234,24,1,0,20190318,CLE,DET
Shot Chart Detail,0021801050,39,201961,Wayne Ellington,1610612765,Detroit Pistons,1,8,58,Made Shot,Cutting Layup Shot,2PT Field Goal,Restricted Area,Center(C),Less Than 8 ft.,0,-3,6,1,1,20190318,CLE,DET
Shot Chart Detail,0021801050,44,201961,Wayne Ellington,1610612765,Detroit Pistons,1,8,28,Missed Shot,Driving Layup Shot,2PT Field Goal,Mid-Range,Right Side(R),8-16 ft.,14,93,105,1,0,20190318,CLE,DET
Shot Chart Detail,0021801050,52,201961,Wayne Ellington,1610612765,Detroit Pistons,1,7,28,Missed Shot,Jump Shot,3PT Field Goal,Above the Break 3,Left Side Center(LC),24+ ft.,26,-173,195,1,0,20190318,CLE,DET
Shot Chart Detail,0021801050,74,201961,Wayne Ellington,1610612765,Detroit Pistons,1,5,34,Made Shot,Jump Shot,3PT Field Goal,Above the Break 3,Left Side Center(LC),24+ ft.,25,-210,152,1,1,20190318,CLE,DET
Shot Chart Detail,0021801050,268,201961,Wayne Ellington,1610612765,Detroit Pistons,2,3,21,Made Shot,Pullup Jump shot,3PT Field Goal,Above the Break 3,Right Side Center(RC),24+ ft.,27,214,166,1,1,20190318,CLE,DET
Shot Chart Detail,0021801050,311,201961,Wayne Ellington,1610612765,Detroit Pistons,2,0,28,Missed Shot,Pullup Jump shot,3PT Field Goal,Above the Break 3,Right Side Center(RC),24+ ft.,26,209,157,1,0,20190318,CLE,DET
Shot Chart Detail,0021801050,356,201961,Wayne Ellington,1610612765,Detroit Pistons,3,9,9,Missed Shot,Jump Shot,3PT Field Goal,Left Corner 3,Left Side(L),24+ ft.,24,-234,80,1,0,20190318,CLE,DET
Shot Chart Detail,0021801050,374,201961,Wayne Ellington,1610612765,Detroit Pistons,3,6,53,Made Shot,Jump Shot,3PT Field Goal,Right Corner 3,Right Side(R),24+ ft.,22,225,33,1,1,20190318,CLE,DET
Shot Chart Detail,0021801050,395,201961,Wayne Ellington,1610612765,Detroit Pistons,3,5,17,Made Shot,Jump Shot,3PT Field Goal,Above the Break 3,Right Side Center(RC),24+ ft.,25,145,205,1,1,20190318,CLE,DET
Shot Chart Detail,0021801050,398,201961,Wayne Ellington,1610612765,Detroit Pistons,3,4,43,Made Shot,Jump Shot,3PT Field Goal,Above the Break 3,Left Side Center(LC),24+ ft.,25,-208,148,1,1,20190318,CLE,DET
Shot Chart Detail,0021801050,520,201961,Wayne Ellington,1610612765,Detroit Pistons,4,6,35,Made Shot,Step Back Jump shot,3PT Field Goal,Left Corner 3,Left Side(L),24+ ft.,23,-236,-9,1,1,20190318,CLE,DET
Shot Chart Detail,0021801050,547,201961,Wayne Ellington,1610612765,Detroit Pistons,4,4,44,Made Shot,Step Back Jump shot,3PT Field Goal,Above the Break 3,Right Side Center(RC),24+ ft.,24,209,130,1,1,20190318,CLE,DET
Shot Chart Detail,0021801050,552,201961,Wayne Ellington,1610612765,Detroit Pistons,4,4,1,Missed Shot,Jump Shot,3PT Field Goal,Above the Break 3,Left Side Center(LC),24+ ft.,26,-168,205,1,0,20190318,CLE,DET
Shot Chart Detail,0021801050,580,201961,Wayne Ellington,1610612765,Detroit Pistons,4,1,43,Missed Shot,Step Back Jump shot,3PT Field Goal,Above the Break 3,Center(C),24+ ft.,26,-71,259,1,0,20190318,CLE,DET
Shot Chart Detail,0021801077,12,201961,Wayne Ellington,1610612765,Detroit Pistons,1,11,5,Missed Shot,Jump Shot,3PT Field Goal,Above the Break 3,Right Side Center(RC),24+ ft.,26,155,214,1,0,20190321,PHX,DET
Shot Chart Detail,0021801077,16,201961,Wayne Ellington,1610612765,Detroit Pistons,1,10,24,Missed Shot,Jump Shot,3PT Field Goal,Above the Break 3,Left Side Center(LC),24+ ft.,24,-201,148,1,0,20190321,PHX,DET
Shot Chart Detail,0021801077,23,201961,Wayne Ellington,1610612765,Detroit Pistons,1,9,39,Made Shot,Running Jump Shot,3PT Field Goal,Right Corner 3,Right Side(R),24+ ft.,23,231,27,1,1,20190321,PHX,DET
Shot Chart Detail,0021801077,52,201961,Wayne Ellington,1610612765,Detroit Pistons,1,7,14,Made Shot,Jump Shot,3PT Field Goal,Above the Break 3,Right Side Center(RC),24+ ft.,25,215,146,1,1,20190321,PHX,DET
Shot Chart Detail,0021801077,292,201961,Wayne Ellington,1610612765,Detroit Pistons,2,3,50,Made Shot,Step Back Jump shot,3PT Field Goal,Right Corner 3,Right Side(R),24+ ft.,23,235,26,1,1,20190321,PHX,DET
Shot Chart Detail,0021801077,341,201961,Wayne Ellington,1610612765,Detroit Pistons,2,1,29,Made Shot,Jump Shot,3PT Field Goal,Above the Break 3,Left Side Center(LC),24+ ft.,26,-146,219,1,1,20190321,PHX,DET
Shot Chart Detail,0021801077,349,201961,Wayne Ellington,1610612765,Detroit Pistons,2,0,51,Missed Shot,Jump Shot,3PT Field Goal,Left Corner 3,Left Side(L),24+ ft.,23,-236,-8,1,0,20190321,PHX,DET
Shot Chart Detail,0021801077,415,201961,Wayne Ellington,1610612765,Detroit Pistons,3,8,32,Made Shot,Pullup Jump shot,2PT Field Goal,Mid-Range,Center(C),16-24 ft.,19,-5,194,1,1,20190321,PHX,DET
Shot Chart Detail,0021801077,508,201961,Wayne Ellington,1610612765,Detroit Pistons,3,3,32,Made Shot,Pullup Jump shot,3PT Field Goal,Above the Break 3,Right Side Center(RC),24+ ft.,26,215,153,1,1,20190321,PHX,DET
Shot Chart Detail,0021801077,669,201961,Wayne Ellington,1610612765,Detroit Pistons,4,3,19,Made Shot,Jump Shot,3PT Field Goal,Above the Break 3,Left Side Center(LC),24+ ft.,25,-190,173,1,1,20190321,PHX,DET
Shot Chart Detail,0021801077,690,201961,Wayne Ellington,1610612765,Detroit Pistons,4,0,45,Missed Shot,Jump Shot,3PT Field Goal,Left Corner 3,Left Side(L),24+ ft.,24,-237,58,1,0,20190321,PHX,DET
Shot Chart Detail,0021801093,38,201961,Wayne Ellington,1610612765,Detroit Pistons,1,8,1,Missed Shot,Jump Shot,3PT Field Goal,Above the Break 3,Left Side Center(LC),24+ ft.,28,-141,253,1,0,20190323,POR,DET
Shot Chart Detail,0021801093,56,201961,Wayne Ellington,1610612765,Detroit Pistons,1,6,35,Missed Shot,Jump Shot,3PT Field Goal,Above the Break 3,Left Side Center(LC),24+ ft.,24,-201,135,1,0,20190323,POR,DET
Shot Chart Detail,0021801093,348,201961,Wayne Ellington,1610612765,Detroit Pistons,3,7,24,Made Shot,Driving Layup Shot,2PT Field Goal,Restricted Area,Center(C),Less Than 8 ft.,1,0,15,1,1,20190323,POR,DET
Shot Chart Detail,0021801093,369,201961,Wayne Ellington,1610612765,Detroit Pistons,3,5,2,Made Shot,Driving Layup Shot,2PT Field Goal,Restricted Area,Center(C),Less Than 8 ft.,2,25,13,1,1,20190323,POR,DET
Shot Chart Detail,0021801093,390,201961,Wayne Ellington,1610612765,Detroit Pistons,3,2,53,Missed Shot,Pullup Jump shot,3PT Field Goal,Left Corner 3,Left Side(L),24+ ft.,22,-225,20,1,0,20190323,POR,DET
Shot Chart Detail,0021801101,7,201961,Wayne Ellington,1610612765,Detroit Pistons,1,11,43,Missed Shot,Jump Shot,3PT Field Goal,Above the Break 3,Right Side Center(RC),24+ ft.,27,171,213,1,0,20190324,GSW,DET
Shot Chart Detail,0021801101,61,201961,Wayne Ellington,1610612765,Detroit Pistons,1,5,42,Missed Shot,Jump Shot,3PT Field Goal,Above the Break 3,Right Side Center(RC),24+ ft.,24,214,113,1,0,20190324,GSW,DET
Shot Chart Detail,0021801101,65,201961,Wayne Ellington,1610612765,Detroit Pistons,1,5,24,Made Shot,Pullup Jump shot,3PT Field Goal,Above the Break 3,Right Side Center(RC),24+ ft.,25,223,126,1,1,20190324,GSW,DET
Shot Chart Detail,0021801101,109,201961,Wayne Ellington,1610612765,Detroit Pistons,1,2,18,Missed Shot,Jump Shot,3PT Field Goal,Above the Break 3,Right Side Center(RC),24+ ft.,27,195,188,1,0,20190324,GSW,DET
Shot Chart Detail,0021801101,351,201961,Wayne Ellington,1610612765,Detroit Pistons,3,5,12,Missed Shot,Jump Shot,3PT Field Goal,Above the Break 3,Right Side Center(RC),24+ ft.,27,149,227,1,0,20190324,GSW,DET
Shot Chart Detail,0021801115,54,201961,Wayne Ellington,1610612765,Detroit Pistons,1,7,59,Missed Shot,Jump Shot,3PT Field Goal,Above the Break 3,Left Side Center(LC),24+ ft.,24,-190,151,1,0,20190326,DEN,DET
Shot Chart Detail,0021801115,201,201961,Wayne Ellington,1610612765,Detroit Pistons,2,8,19,Made Shot,Jump Shot,3PT Field Goal,Right Corner 3,Right Side(R),24+ ft.,23,232,24,1,1,20190326,DEN,DET
Shot Chart Detail,0021801115,219,201961,Wayne Ellington,1610612765,Detroit Pistons,2,7,21,Made Shot,Pullup Jump shot,3PT Field Goal,Above the Break 3,Center(C),24+ ft.,24,70,237,1,1,20190326,DEN,DET
Shot Chart Detail,0021801115,226,201961,Wayne Ellington,1610612765,Detroit Pistons,2,6,58,Missed Shot,Pullup Jump shot,3PT Field Goal,Above the Break 3,Right Side Center(RC),24+ ft.,25,120,220,1,0,20190326,DEN,DET
Shot Chart Detail,0021801115,299,201961,Wayne Ellington,1610612765,Detroit Pistons,2,1,21,Missed Shot,Pullup Jump shot,3PT Field Goal,Above the Break 3,Left Side Center(LC),24+ ft.,24,-95,222,1,0,20190326,DEN,DET
Shot Chart Detail,0021801115,349,201961,Wayne Ellington,1610612765,Detroit Pistons,3,10,10,Missed Shot,Jump Shot,3PT Field Goal,Above the Break 3,Left Side Center(LC),24+ ft.,25,-115,228,1,0,20190326,DEN,DET
Shot Chart Detail,0021801115,571,201961,Wayne Ellington,1610612765,Detroit Pistons,4,5,35,Missed Shot,Floating Jump shot,2PT Field Goal,Restricted Area,Center(C),Less Than 8 ft.,3,-18,31,1,0,20190326,DEN,DET
Shot Chart Detail,0021801115,576,201961,Wayne Ellington,1610612765,Detroit Pistons,4,5,19,Made Shot,Jump Shot,3PT Field Goal,Above the Break 3,Right Side Center(RC),24+ ft.,25,163,190,1,1,20190326,DEN,DET
Shot Chart Detail,0021801115,621,201961,Wayne Ellington,1610612765,Detroit Pistons,4,1,3,Made Shot,Jump Shot,3PT Field Goal,Above the Break 3,Left Side Center(LC),24+ ft.,25,-132,216,1,1,20190326,DEN,DET
Shot Chart Detail,0021801122,19,201961,Wayne Ellington,1610612765,Detroit Pistons,1,10,34,Made Shot,Jump Shot,3PT Field Goal,Above the Break 3,Right Side Center(RC),24+ ft.,25,152,209,1,1,20190328,DET,ORL
Shot Chart Detail,0021801122,40,201961,Wayne Ellington,1610612765,Detroit Pistons,1,8,16,Missed Shot,Jump Shot,3PT Field Goal,Above the Break 3,Center(C),24+ ft.,26,-18,269,1,0,20190328,DET,ORL
Shot Chart Detail,0021801122,99,201961,Wayne Ellington,1610612765,Detroit Pistons,1,3,1,Made Shot,Pullup Jump shot,2PT Field Goal,In The Paint (Non-RA),Center(C),8-16 ft.,13,-65,122,1,1,20190328,DET,ORL
Shot Chart Detail,0021801122,280,201961,Wayne Ellington,1610612765,Detroit Pistons,2,2,2,Missed Shot,Jump Shot,3PT Field Goal,Above the Break 3,Center(C),24+ ft.,26,62,259,1,0,20190328,DET,ORL
Shot Chart Detail,0021801122,285,201961,Wayne Ellington,1610612765,Detroit Pistons,2,1,29,Missed Shot,Jump Shot,3PT Field Goal,Right Corner 3,Right Side(R),24+ ft.,23,230,15,1,0,20190328,DET,ORL
Shot Chart Detail,0021801122,289,201961,Wayne Ellington,1610612765,Detroit Pistons,2,0,56,Missed Shot,Driving Layup Shot,2PT Field Goal,In The Paint (Non-RA),Center(C),Less Than 8 ft.,6,-46,41,1,0,20190328,DET,ORL
Shot Chart Detail,0021801122,293,201961,Wayne Ellington,1610612765,Detroit Pistons,2,0,54,Made Shot,Jump Shot,3PT Field Goal,Left Corner 3,Left Side(L),24+ ft.,23,-237,15,1,1,20190328,DET,ORL
Shot Chart Detail,0021801122,316,201961,Wayne Ellington,1610612765,Detroit Pistons,3,11,13,Made Shot,Jump Shot,3PT Field Goal,Above the Break 3,Center(C),24+ ft.,25,1,257,1,1,20190328,DET,ORL
Shot Chart Detail,0021801122,320,201961,Wayne Ellington,1610612765,Detroit Pistons,3,10,47,Made Shot,Jump Shot,3PT Field Goal,Above the Break 3,Right Side Center(RC),24+ ft.,25,175,188,1,1,20190328,DET,ORL
Shot Chart Detail,0021801122,330,201961,Wayne Ellington,1610612765,Detroit Pistons,3,9,25,Made Shot,Jump Shot,3PT Field Goal,Above the Break 3,Left Side Center(LC),24+ ft.,24,-100,225,1,1,20190328,DET,ORL
Shot Chart Detail,0021801122,336,201961,Wayne Ellington,1610612765,Detroit Pistons,3,8,52,Made Shot,Jump Shot,3PT Field Goal,Above the Break 3,Left Side Center(LC),24+ ft.,25,-107,235,1,1,20190328,DET,ORL
Shot Chart Detail,0021801122,383,201961,Wayne Ellington,1610612765,Detroit Pistons,3,5,8,Made Shot,Jump Shot,3PT Field Goal,Above the Break 3,Left Side Center(LC),24+ ft.,24,-105,226,1,1,20190328,DET,ORL
Shot Chart Detail,0021801122,387,201961,Wayne Ellington,1610612765,Detroit Pistons,3,4,49,Made Shot,Floating Jump shot,2PT Field Goal,In The Paint (Non-RA),Center(C),Less Than 8 ft.,4,28,31,1,1,20190328,DET,ORL
Shot Chart Detail,0021801122,415,201961,Wayne Ellington,1610612765,Detroit Pistons,3,3,7,Missed Shot,Jump Shot,3PT Field Goal,Above the Break 3,Center(C),24+ ft.,25,39,256,1,0,20190328,DET,ORL
Shot Chart Detail,0021801122,586,201961,Wayne Ellington,1610612765,Detroit Pistons,4,2,58,Missed Shot,Jump Shot,3PT Field Goal,Left Corner 3,Left Side(L),24+ ft.,23,-231,19,1,0,20190328,DET,ORL
Shot Chart Detail,0021801122,612,201961,Wayne Ellington,1610612765,Detroit Pistons,4,1,39,Missed Shot,Jump Shot,3PT Field Goal,Above the Break 3,Left Side Center(LC),24+ ft.,27,-151,225,1,0,20190328,DET,ORL
Shot Chart Detail,0021801139,12,201961,Wayne Ellington,1610612765,Detroit Pistons,1,11,4,Missed Shot,Pullup Jump shot,3PT Field Goal,Above the Break 3,Center(C),24+ ft.,25,-62,246,1,0,20190330,DET,POR
Shot Chart Detail,0021801139,48,201961,Wayne Ellington,1610612765,Detroit Pistons,1,7,49,Missed Shot,Jump Shot,3PT Field Goal,Above the Break 3,Right Side Center(RC),24+ ft.,25,95,236,1,0,20190330,DET,POR
Shot Chart Detail,0021801139,71,201961,Wayne Ellington,1610612765,Detroit Pistons,1,5,41,Missed Shot,Driving Layup Shot,2PT Field Goal,Restricted Area,Center(C),Less Than 8 ft.,2,24,3,1,0,20190330,DET,POR
Shot Chart Detail,0021801139,74,201961,Wayne Ellington,1610612765,Detroit Pistons,1,5,16,Missed Shot,Jump Shot,3PT Field Goal,Above the Break 3,Left Side Center(LC),24+ ft.,25,-152,200,1,0,20190330,DET,POR
Shot Chart Detail,0021801139,285,201961,Wayne Ellington,1610612765,Detroit Pistons,2,2,20,Made Shot,Putback Layup Shot,2PT Field Goal,Restricted Area,Center(C),Less Than 8 ft.,1,17,6,1,1,20190330,DET,POR
Shot Chart Detail,0021801139,333,201961,Wayne Ellington,1610612765,Detroit Pistons,3,11,19,Missed Shot,Jump Shot,3PT Field Goal,Above the Break 3,Left Side Center(LC),24+ ft.,26,-202,169,1,0,20190330,DET,POR
Shot Chart Detail,0021801139,344,201961,Wayne Ellington,1610612765,Detroit Pistons,3,10,8,Missed Shot,Jump Shot,3PT Field Goal,Above the Break 3,Right Side Center(RC),24+ ft.,26,182,195,1,0,20190330,DET,POR
Shot Chart Detail,0021801139,393,201961,Wayne Ellington,1610612765,Detroit Pistons,3,6,43,Missed Shot,Step Back Jump shot,3PT Field Goal,Above the Break 3,Right Side Center(RC),24+ ft.,24,217,123,1,0,20190330,DET,POR
Shot Chart Detail,0021801139,401,201961,Wayne Ellington,1610612765,Detroit Pistons,3,5,43,Made Shot,Driving Reverse Layup Shot,2PT Field Goal,Restricted Area,Center(C),Less Than 8 ft.,2,15,20,1,1,20190330,DET,POR
Shot Chart Detail,0021801139,439,201961,Wayne Ellington,1610612765,Detroit Pistons,3,1,53,Missed Shot,Pullup Jump shot,2PT Field Goal,Mid-Range,Center(C),16-24 ft.,21,59,209,1,0,20190330,DET,POR
Shot Chart Detail,0021801139,443,201961,Wayne Ellington,1610612765,Detroit Pistons,3,1,39,Made Shot,Running Dunk Shot,2PT Field Goal,Restricted Area,Center(C),Less Than 8 ft.,2,10,20,1,1,20190330,DET,POR
Shot Chart Detail,0021801139,599,201961,Wayne Ellington,1610612765,Detroit Pistons,4,2,46,Missed Shot,Jump Shot,3PT Field Goal,Left Corner 3,Left Side(L),24+ ft.,23,-234,27,1,0,20190330,DET,POR
Shot Chart Detail,0021801152,30,201961,Wayne Ellington,1610612765,Detroit Pistons,1,9,53,Missed Shot,Jump Shot,3PT Field Goal,Above the Break 3,Center(C),24+ ft.,27,-19,279,1,0,20190401,IND,DET
Shot Chart Detail,0021801152,49,201961,Wayne Ellington,1610612765,Detroit Pistons,1,8,21,Made Shot,Step Back Jump shot,2PT Field Goal,Mid-Range,Center(C),16-24 ft.,20,-63,194,1,1,20190401,IND,DET
Shot Chart Detail,0021801152,82,201961,Wayne Ellington,1610612765,Detroit Pistons,1,5,27,Made Shot,Jump Shot,3PT Field Goal,Above the Break 3,Center(C),24+ ft.,27,73,260,1,1,20190401,IND,DET
Shot Chart Detail,0021801152,116,201961,Wayne Ellington,1610612765,Detroit Pistons,1,3,30,Missed Shot,Jump Shot,3PT Field Goal,Above the Break 3,Left Side Center(LC),24+ ft.,29,-215,198,1,0,20190401,IND,DET
Shot Chart Detail,0021801152,118,201961,Wayne Ellington,1610612765,Detroit Pistons,1,3,26,Made Shot,Jump Shot,3PT Field Goal,Left Corner 3,Left Side(L),24+ ft.,23,-232,-21,1,1,20190401,IND,DET
Shot Chart Detail,0021801152,125,201961,Wayne Ellington,1610612765,Detroit Pistons,1,2,18,Made Shot,Running Jump Shot,2PT Field Goal,In The Paint (Non-RA),Center(C),Less Than 8 ft.,6,8,68,1,1,20190401,IND,DET
Shot Chart Detail,0021801152,133,201961,Wayne Ellington,1610612765,Detroit Pistons,1,1,42,Made Shot,Pullup Jump shot,3PT Field Goal,Above the Break 3,Left Side Center(LC),24+ ft.,25,-192,168,1,1,20190401,IND,DET
Shot Chart Detail,0021801152,141,201961,Wayne Ellington,1610612765,Detroit Pistons,1,0,33,Missed Shot,Jump Shot,3PT Field Goal,Left Corner 3,Left Side(L),24+ ft.,22,-227,-23,1,0,20190401,IND,DET
Shot Chart Detail,0021801152,241,201961,Wayne Ellington,1610612765,Detroit Pistons,2,4,45,Missed Shot,Jump Shot,3PT Field Goal,Above the Break 3,Left Side Center(LC),24+ ft.,25,-92,236,1,0,20190401,IND,DET
Shot Chart Detail,0021801152,321,201961,Wayne Ellington,1610612765,Detroit Pistons,3,11,5,Missed Shot,Pullup Jump shot,3PT Field Goal,Above the Break 3,Left Side Center(LC),24+ ft.,26,-160,211,1,0,20190401,IND,DET
Shot Chart Detail,0021801152,349,201961,Wayne Ellington,1610612765,Detroit Pistons,3,7,29,Made Shot,Pullup Jump shot,2PT Field Goal,Mid-Range,Center(C),16-24 ft.,19,-13,195,1,1,20190401,IND,DET
Shot Chart Detail,0021801152,363,201961,Wayne Ellington,1610612765,Detroit Pistons,3,6,15,Made Shot,Pullup Jump shot,2PT Field Goal,In The Paint (Non-RA),Center(C),8-16 ft.,12,-6,123,1,1,20190401,IND,DET
Shot Chart Detail,0021801152,367,201961,Wayne Ellington,1610612765,Detroit Pistons,3,5,34,Missed Shot,Pullup Jump shot,3PT Field Goal,Above the Break 3,Center(C),24+ ft.,27,-60,270,1,0,20190401,IND,DET
Shot Chart Detail,0021801152,493,201961,Wayne Ellington,1610612765,Detroit Pistons,4,8,28,Missed Shot,Pullup Jump shot,3PT Field Goal,Above the Break 3,Center(C),24+ ft.,26,-8,264,1,0,20190401,IND,DET
Shot Chart Detail,0021801152,513,201961,Wayne Ellington,1610612765,Detroit Pistons,4,7,7,Made Shot,Fadeaway Jump Shot,2PT Field Goal,In The Paint (Non-RA),Left Side(L),8-16 ft.,8,-70,44,1,1,20190401,IND,DET
Shot Chart Detail,0021801152,515,201961,Wayne Ellington,1610612765,Detroit Pistons,4,6,32,Made Shot,Cutting Layup Shot,2PT Field Goal,Restricted Area,Center(C),Less Than 8 ft.,0,-2,8,1,1,20190401,IND,DET
Shot Chart Detail,0021801152,542,201961,Wayne Ellington,1610612765,Detroit Pistons,4,4,57,Missed Shot,Pullup Jump shot,3PT Field Goal,Above the Break 3,Right Side Center(RC),24+ ft.,27,100,257,1,0,20190401,IND,DET
Shot Chart Detail,0021801152,595,201961,Wayne Ellington,1610612765,Detroit Pistons,4,0,29,Made Shot,Jump Shot,3PT Field Goal,Above the Break 3,Right Side Center(RC),24+ ft.,26,192,176,1,1,20190401,IND,DET
Shot Chart Detail,0021801152,612,201961,Wayne Ellington,1610612765,Detroit Pistons,4,0,19,Missed Shot,Turnaround Jump Shot,3PT Field Goal,Left Corner 3,Left Side(L),24+ ft.,23,-232,48,1,0,20190401,IND,DET
Shot Chart Detail,0021801165,7,201961,Wayne Ellington,1610612765,Detroit Pistons,1,11,45,Made Shot,Turnaround Jump Shot,2PT Field Goal,In The Paint (Non-RA),Left Side(L),8-16 ft.,8,-67,48,1,1,20190403,DET,IND
Shot Chart Detail,0021801165,24,201961,Wayne Ellington,1610612765,Detroit Pistons,1,9,48,Missed Shot,Pullup Jump shot,3PT Field Goal,Above the Break 3,Center(C),24+ ft.,26,60,254,1,0,20190403,DET,IND
Shot Chart Detail,0021801165,41,201961,Wayne Ellington,1610612765,Detroit Pistons,1,8,10,Missed Shot,Jump Shot,3PT Field Goal,Right Corner 3,Right Side(R),24+ ft.,23,228,41,1,0,20190403,DET,IND
Shot Chart Detail,0021801165,54,201961,Wayne Ellington,1610612765,Detroit Pistons,1,7,31,Made Shot,Driving Layup Shot,2PT Field Goal,Restricted Area,Center(C),Less Than 8 ft.,1,8,15,1,1,20190403,DET,IND
Shot Chart Detail,0021801165,249,201961,Wayne Ellington,1610612765,Detroit Pistons,2,5,12,Missed Shot,Step Back Jump shot,3PT Field Goal,Above the Break 3,Left Side Center(LC),24+ ft.,26,-119,242,1,0,20190403,DET,IND
Shot Chart Detail,0021801165,254,201961,Wayne Ellington,1610612765,Detroit Pistons,2,4,23,Missed Shot,Jump Shot,3PT Field Goal,Left Corner 3,Left Side(L),24+ ft.,24,-239,37,1,0,20190403,DET,IND
Shot Chart Detail,0021801165,363,201961,Wayne Ellington,1610612765,Detroit Pistons,3,10,5,Made Shot,Jump Shot,3PT Field Goal,Above the Break 3,Left Side Center(LC),24+ ft.,24,-168,185,1,1,20190403,DET,IND
Shot Chart Detail,0021801165,412,201961,Wayne Ellington,1610612765,Detroit Pistons,3,5,36,Made Shot,Jump Shot,3PT Field Goal,Right Corner 3,Right Side(R),24+ ft.,23,234,20,1,1,20190403,DET,IND
Shot Chart Detail,0021801165,443,201961,Wayne Ellington,1610612765,Detroit Pistons,3,4,26,Missed Shot,Jump Shot,3PT Field Goal,Above the Break 3,Center(C),24+ ft.,25,-58,250,1,0,20190403,DET,IND
Shot Chart Detail,0021801165,525,201961,Wayne Ellington,1610612765,Detroit Pistons,4,10,54,Missed Shot,Jump Shot,3PT Field Goal,Left Corner 3,Left Side(L),24+ ft.,22,-228,14,1,0,20190403,DET,IND
Shot Chart Detail,0021801165,529,201961,Wayne Ellington,1610612765,Detroit Pistons,4,10,20,Made Shot,Reverse Layup Shot,2PT Field Goal,Restricted Area,Center(C),Less Than 8 ft.,1,17,0,1,1,20190403,DET,IND
Shot Chart Detail,0021801165,537,201961,Wayne Ellington,1610612765,Detroit Pistons,4,9,35,Made Shot,Jump Shot,3PT Field Goal,Above the Break 3,Right Side Center(RC),24+ ft.,25,236,99,1,1,20190403,DET,IND
Shot Chart Detail,0021801165,551,201961,Wayne Ellington,1610612765,Detroit Pistons,4,8,38,Made Shot,Driving Layup Shot,2PT Field Goal,Restricted Area,Center(C),Less Than 8 ft.,2,20,3,1,1,20190403,DET,IND
Shot Chart Detail,0021801165,557,201961,Wayne Ellington,1610612765,Detroit Pistons,4,7,39,Made Shot,Jump Shot,3PT Field Goal,Above the Break 3,Left Side Center(LC),24+ ft.,24,-143,204,1,1,20190403,DET,IND
Shot Chart Detail,0021801165,560,201961,Wayne Ellington,1610612765,Detroit Pistons,4,6,56,Made Shot,Jump Shot,3PT Field Goal,Above the Break 3,Right Side Center(RC),24+ ft.,25,232,115,1,1,20190403,DET,IND
Shot Chart Detail,0021801165,585,201961,Wayne Ellington,1610612765,Detroit Pistons,4,4,44,Missed Shot,Jump Shot,3PT Field Goal,Above the Break 3,Left Side Center(LC),24+ ft.,25,-139,210,1,0,20190403,DET,IND
Shot Chart Detail,0021801186,12,201961,Wayne Ellington,1610612765,Detroit Pistons,1,11,6,Missed Shot,Jump Shot,3PT Field Goal,Left Corner 3,Left Side(L),24+ ft.,23,-230,-25,1,0,20190405,OKC,DET
Shot Chart Detail,0021801186,62,201961,Wayne Ellington,1610612765,Detroit Pistons,1,7,47,Missed Shot,Pullup Jump shot,3PT Field Goal,Above the Break 3,Center(C),24+ ft.,25,8,251,1,0,20190405,OKC,DET
Shot Chart Detail,0021801186,122,201961,Wayne Ellington,1610612765,Detroit Pistons,1,3,57,Made Shot,Jump Shot,3PT Field Goal,Left Corner 3,Left Side(L),24+ ft.,22,-226,20,1,1,20190405,OKC,DET
Shot Chart Detail,0021801186,285,201961,Wayne Ellington,1610612765,Detroit Pistons,2,4,41,Missed Shot,Driving Layup Shot,2PT Field Goal,In The Paint (Non-RA),Center(C),Less Than 8 ft.,4,40,22,1,0,20190405,OKC,DET
Shot Chart Detail,0021801186,330,201961,Wayne Ellington,1610612765,Detroit Pistons,2,1,49,Missed Shot,Jump Shot,3PT Field Goal,Above the Break 3,Left Side Center(LC),24+ ft.,26,-144,222,1,0,20190405,OKC,DET
Shot Chart Detail,0021801186,343,201961,Wayne Ellington,1610612765,Detroit Pistons,2,0,52,Missed Shot,Driving Layup Shot,2PT Field Goal,In The Paint (Non-RA),Center(C),Less Than 8 ft.,6,-1,68,1,0,20190405,OKC,DET
Shot Chart Detail,0021801186,346,201961,Wayne Ellington,1610612765,Detroit Pistons,2,0,47,Made Shot,Cutting Layup Shot,2PT Field Goal,Restricted Area,Center(C),Less Than 8 ft.,2,-9,20,1,1,20190405,OKC,DET
Shot Chart Detail,0021801186,394,201961,Wayne Ellington,1610612765,Detroit Pistons,3,9,41,Missed Shot,Step Back Jump shot,3PT Field Goal,Above the Break 3,Left Side Center(LC),24+ ft.,25,-168,192,1,0,20190405,OKC,DET
Shot Chart Detail,0021801186,618,201961,Wayne Ellington,1610612765,Detroit Pistons,4,6,20,Missed Shot,Jump Shot,3PT Field Goal,Above the Break 3,Right Side Center(RC),24+ ft.,26,134,227,1,0,20190405,OKC,DET
Shot Chart Detail,0021801186,634,201961,Wayne Ellington,1610612765,Detroit Pistons,4,4,52,Missed Shot,Pullup Jump shot,3PT Field Goal,Above the Break 3,Right Side Center(RC),24+ ft.,24,215,125,1,0,20190405,OKC,DET
Shot Chart Detail,0021801186,655,201961,Wayne Ellington,1610612765,Detroit Pistons,4,3,13,Made Shot,Pullup Jump shot,3PT Field Goal,Above the Break 3,Left Side Center(LC),24+ ft.,25,-120,221,1,1,20190405,OKC,DET
Shot Chart Detail,0021801186,680,201961,Wayne Ellington,1610612765,Detroit Pistons,4,1,55,Missed Shot,Jump Shot,3PT Field Goal,Right Corner 3,Right Side(R),24+ ft.,22,224,31,1,0,20190405,OKC,DET
Shot Chart Detail,0021801198,7,201961,Wayne Ellington,1610612765,Detroit Pistons,1,11,41,Missed Shot,Jump Shot,3PT Field Goal,Above the Break 3,Right Side Center(RC),24+ ft.,26,111,236,1,0,20190407,DET,CHA
Shot Chart Detail,0021801198,37,201961,Wayne Ellington,1610612765,Detroit Pistons,1,8,19,Missed Shot,Jump Shot,3PT Field Goal,Above the Break 3,Right Side Center(RC),24+ ft.,25,152,204,1,0,20190407,DET,CHA
Shot Chart Detail,0021801198,41,201961,Wayne Ellington,1610612765,Detroit Pistons,1,7,51,Made Shot,Jump Shot,3PT Field Goal,Left Corner 3,Left Side(L),24+ ft.,23,-232,7,1,1,20190407,DET,CHA
Shot Chart Detail,0021801198,229,201961,Wayne Ellington,1610612765,Detroit Pistons,2,6,50,Missed Shot,Jump Shot,3PT Field Goal,Above the Break 3,Right Side Center(RC),24+ ft.,26,131,225,1,0,20190407,DET,CHA
Shot Chart Detail,0021801198,242,201961,Wayne Ellington,1610612765,Detroit Pistons,2,5,47,Missed Shot,Jump Shot,3PT Field Goal,Left Corner 3,Left Side(L),24+ ft.,22,-228,16,1,0,20190407,DET,CHA
Shot Chart Detail,0021801198,302,201961,Wayne Ellington,1610612765,Detroit Pistons,2,1,17,Made Shot,Pullup Jump shot,3PT Field Goal,Above the Break 3,Right Side Center(RC),24+ ft.,25,106,233,1,1,20190407,DET,CHA
Shot Chart Detail,0021801198,335,201961,Wayne Ellington,1610612765,Detroit Pistons,3,11,32,Made Shot,Layup Shot,2PT Field Goal,Restricted Area,Center(C),Less Than 8 ft.,3,36,9,1,1,20190407,DET,CHA
Shot Chart Detail,0021801198,388,201961,Wayne Ellington,1610612765,Detroit Pistons,3,7,9,Made Shot,Jump Shot,3PT Field Goal,Above the Break 3,Right Side Center(RC),24+ ft.,24,147,200,1,1,20190407,DET,CHA
Shot Chart Detail,0021801198,404,201961,Wayne Ellington,1610612765,Detroit Pistons,3,6,18,Missed Shot,Jump Shot,3PT Field Goal,Above the Break 3,Right Side Center(RC),24+ ft.,27,117,250,1,0,20190407,DET,CHA
Shot Chart Detail,0021801210,21,201961,Wayne Ellington,1610612765,Detroit Pistons,1,10,8,Missed Shot,Jump Shot,3PT Field Goal,Left Corner 3,Left Side(L),24+ ft.,24,-230,79,1,0,20190409,DET,MEM
Shot Chart Detail,0021801210,59,201961,Wayne Ellington,1610612765,Detroit Pistons,1,6,58,Missed Shot,Layup Shot,2PT Field Goal,Restricted Area,Center(C),Less Than 8 ft.,3,38,5,1,0,20190409,DET,MEM
Shot Chart Detail,0021801210,195,201961,Wayne Ellington,1610612765,Detroit Pistons,2,7,15,Missed Shot,Jump Shot,2PT Field Goal,Mid-Range,Left Side(L),8-16 ft.,14,-100,109,1,0,20190409,DET,MEM
Shot Chart Detail,0021801210,222,201961,Wayne Ellington,1610612765,Detroit Pistons,2,6,7,Missed Shot,Jump Shot,3PT Field Goal,Left Corner 3,Left Side(L),24+ ft.,23,-236,13,1,0,20190409,DET,MEM
Shot Chart Detail,0021801210,226,201961,Wayne Ellington,1610612765,Detroit Pistons,2,5,52,Made Shot,Driving Layup Shot,2PT Field Goal,Restricted Area,Center(C),Less Than 8 ft.,2,-18,16,1,1,20190409,DET,MEM
Shot Chart Detail,0021801210,253,201961,Wayne Ellington,1610612765,Detroit Pistons,2,4,29,Missed Shot,Driving Layup Shot,2PT Field Goal,Restricted Area,Center(C),Less Than 8 ft.,3,29,8,1,0,20190409,DET,MEM
Shot Chart Detail,0021801210,275,201961,Wayne Ellington,1610612765,Detroit Pistons,2,2,33,Missed Shot,Jump Shot,3PT Field Goal,Left Corner 3,Left Side(L),24+ ft.,23,-230,2,1,0,20190409,DET,MEM
Shot Chart Detail,0021801210,304,201961,Wayne Ellington,1610612765,Detroit Pistons,2,0,27,Missed Shot,Jump Shot,3PT Field Goal,Right Corner 3,Right Side(R),24+ ft.,23,232,59,1,0,20190409,DET,MEM
Shot Chart Detail,0021801210,508,201961,Wayne Ellington,1610612765,Detroit Pistons,4,9,52,Missed Shot,Jump Shot,3PT Field Goal,Above the Break 3,Right Side Center(RC),24+ ft.,27,109,251,1,0,20190409,DET,MEM
Shot Chart Detail,0021801210,546,201961,Wayne Ellington,1610612765,Detroit Pistons,4,7,11,Missed Shot,Jump Shot,3PT Field Goal,Above the Break 3,Right Side Center(RC),24+ ft.,25,202,163,1,0,20190409,DET,MEM
Shot Chart Detail,0021801210,608,201961,Wayne Ellington,1610612765,Detroit Pistons,4,1,14,Missed Shot,Jump Shot,3PT Field Goal,Left Corner 3,Left Side(L),24+ ft.,23,-230,66,1,0,20190409,DET,MEM
Shot Chart Detail,0021801223,21,201961,Wayne Ellington,1610612765,Detroit Pistons,1,10,32,Missed Shot,Jump Shot,3PT Field Goal,Left Corner 3,Left Side(L),24+ ft.,23,-230,-2,1,0,20190410,NYK,DET
Shot Chart Detail,0021801223,35,201961,Wayne Ellington,1610612765,Detroit Pistons,1,8,50,Made Shot,Jump Shot,3PT Field Goal,Above the Break 3,Left Side Center(LC),24+ ft.,24,-166,183,1,1,20190410,NYK,DET
Shot Chart Detail,0021801223,60,201961,Wayne Ellington,1610612765,Detroit Pistons,1,6,37,Missed Shot,Jump Shot,3PT Field Goal,Above the Break 3,Right Side Center(RC),24+ ft.,25,121,222,1,0,20190410,NYK,DET
Shot Chart Detail,0021801223,81,201961,Wayne Ellington,1610612765,Detroit Pistons,1,5,13,Made Shot,Jump Shot,3PT Field Goal,Above the Break 3,Right Side Center(RC),24+ ft.,24,218,109,1,1,20190410,NYK,DET
Shot Chart Detail,0021801223,109,201961,Wayne Ellington,1610612765,Detroit Pistons,1,2,57,Missed Shot,Jump Shot,3PT Field Goal,Above the Break 3,Left Side Center(LC),24+ ft.,24,-223,95,1,0,20190410,NYK,DET
Shot Chart Detail,0021801223,334,201961,Wayne Ellington,1610612765,Detroit Pistons,3,11,29,Missed Shot,Driving Hook Shot,2PT Field Goal,In The Paint (Non-RA),Center(C),Less Than 8 ft.,6,9,69,1,0,20190410,NYK,DET
Shot Chart Detail,0021801223,348,201961,Wayne Ellington,1610612765,Detroit Pistons,3,9,56,Made Shot,Jump Shot,3PT Field Goal,Above the Break 3,Left Side Center(LC),24+ ft.,26,-168,199,1,1,20190410,NYK,DET
Shot Chart Detail,0021801223,392,201961,Wayne Ellington,1610612765,Detroit Pistons,3,6,30,Made Shot,Jump Shot,3PT Field Goal,Above the Break 3,Left Side Center(LC),24+ ft.,25,-175,188,1,1,20190410,NYK,DET
Shot Chart Detail,0021801223,401,201961,Wayne Ellington,1610612765,Detroit Pistons,3,6,0,Missed Shot,Pullup Jump shot,3PT Field Goal,Above the Break 3,Right Side Center(RC),24+ ft.,25,185,174,1,0,20190410,NYK,DET
