GRID_TYPE,GAME_ID,GAME_EVENT_ID,PLAYER_ID,PLAYER_NAME,TEAM_ID,TEAM_NAME,PERIOD,MINUTES_REMAINING,SECONDS_REMAINING,EVENT_TYPE,ACTION_TYPE,SHOT_TYPE,SHOT_ZONE_BASIC,SHOT_ZONE_AREA,SHOT_ZONE_RANGE,SHOT_DISTANCE,LOC_X,LOC_Y,SHOT_ATTEMPTED_FLAG,SHOT_MADE_FLAG,GAME_DATE,HTM,VTM
Shot Chart Detail,0021800016,162,202323,Evan Turner,1610612757,Portland Trail Blazers,1,1,42,Missed Shot,Step Back Jump shot,2PT Field Goal,Mid-Range,Right Side Center(RC),16-24 ft.,17,130,122,1,0,20181018,POR,LAL
Shot Chart Detail,0021800016,212,202323,Evan Turner,1610612757,Portland Trail Blazers,2,9,8,Made Shot,Driving Layup Shot,2PT Field Goal,Restricted Area,Center(C),Less Than 8 ft.,0,8,2,1,1,20181018,POR,LAL
Shot Chart Detail,0021800016,233,202323,Evan Turner,1610612757,Portland Trail Blazers,2,7,44,Made Shot,Turnaround Jump Shot,2PT Field Goal,In The Paint (Non-RA),Center(C),Less Than 8 ft.,5,-8,59,1,1,20181018,POR,LAL
Shot Chart Detail,0021800016,236,202323,Evan Turner,1610612757,Portland Trail Blazers,2,7,25,Missed Shot,Pullup Jump shot,2PT Field Goal,In The Paint (Non-RA),Center(C),8-16 ft.,12,-6,123,1,0,20181018,POR,LAL
Shot Chart Detail,0021800016,368,202323,Evan Turner,1610612757,Portland Trail Blazers,2,0,5,Made Shot,Tip Dunk Shot,2PT Field Goal,Restricted Area,Center(C),Less Than 8 ft.,0,0,-6,1,1,20181018,POR,LAL
Shot Chart Detail,0021800016,493,202323,Evan Turner,1610612757,Portland Trail Blazers,3,3,27,Made Shot,Driving Layup Shot,2PT Field Goal,Restricted Area,Center(C),Less Than 8 ft.,1,17,4,1,1,20181018,POR,LAL
Shot Chart Detail,0021800016,516,202323,Evan Turner,1610612757,Portland Trail Blazers,3,2,34,Made Shot,Layup Shot,2PT Field Goal,Restricted Area,Center(C),Less Than 8 ft.,1,-4,11,1,1,20181018,POR,LAL
Shot Chart Detail,0021800016,594,202323,Evan Turner,1610612757,Portland Trail Blazers,4,8,50,Missed Shot,Turnaround Jump Shot,2PT Field Goal,Mid-Range,Right Side(R),8-16 ft.,12,109,58,1,0,20181018,POR,LAL
Shot Chart Detail,0021800034,86,202323,Evan Turner,1610612757,Portland Trail Blazers,1,4,8,Missed Shot,Driving Layup Shot,2PT Field Goal,Restricted Area,Center(C),Less Than 8 ft.,3,32,20,1,0,20181020,POR,SAS
Shot Chart Detail,0021800034,117,202323,Evan Turner,1610612757,Portland Trail Blazers,1,2,18,Missed Shot,Driving Layup Shot,2PT Field Goal,Restricted Area,Center(C),Less Than 8 ft.,2,0,20,1,0,20181020,POR,SAS
Shot Chart Detail,0021800034,201,202323,Evan Turner,1610612757,Portland Trail Blazers,2,8,28,Made Shot,Pullup Jump shot,2PT Field Goal,Mid-Range,Right Side(R),16-24 ft.,21,185,119,1,1,20181020,POR,SAS
Shot Chart Detail,0021800034,207,202323,Evan Turner,1610612757,Portland Trail Blazers,2,7,47,Missed Shot,Pullup Jump shot,2PT Field Goal,Mid-Range,Center(C),16-24 ft.,18,32,184,1,0,20181020,POR,SAS
Shot Chart Detail,0021800034,224,202323,Evan Turner,1610612757,Portland Trail Blazers,2,6,15,Made Shot,Driving Layup Shot,2PT Field Goal,Restricted Area,Center(C),Less Than 8 ft.,1,11,1,1,1,20181020,POR,SAS
Shot Chart Detail,0021800034,455,202323,Evan Turner,1610612757,Portland Trail Blazers,3,0,6,Missed Shot,Pullup Jump shot,2PT Field Goal,Mid-Range,Center(C),8-16 ft.,14,-28,146,1,0,20181020,POR,SAS
Shot Chart Detail,0021800034,467,202323,Evan Turner,1610612757,Portland Trail Blazers,4,11,16,Made Shot,Driving Layup Shot,2PT Field Goal,Restricted Area,Center(C),Less Than 8 ft.,1,18,7,1,1,20181020,POR,SAS
Shot Chart Detail,0021800034,478,202323,Evan Turner,1610612757,Portland Trail Blazers,4,10,15,Made Shot,Driving Floating Jump Shot,2PT Field Goal,In The Paint (Non-RA),Center(C),8-16 ft.,9,-23,91,1,1,20181020,POR,SAS
Shot Chart Detail,0021800046,105,202323,Evan Turner,1610612757,Portland Trail Blazers,1,3,49,Missed Shot,Jump Shot,3PT Field Goal,Right Corner 3,Right Side(R),24+ ft.,23,227,39,1,0,20181022,POR,WAS
Shot Chart Detail,0021800046,138,202323,Evan Turner,1610612757,Portland Trail Blazers,1,2,15,Missed Shot,Pullup Jump shot,2PT Field Goal,Mid-Range,Left Side Center(LC),16-24 ft.,18,-121,141,1,0,20181022,POR,WAS
Shot Chart Detail,0021800046,146,202323,Evan Turner,1610612757,Portland Trail Blazers,1,2,1,Made Shot,Driving Reverse Layup Shot,2PT Field Goal,Restricted Area,Center(C),Less Than 8 ft.,1,-16,-1,1,1,20181022,POR,WAS
Shot Chart Detail,0021800046,186,202323,Evan Turner,1610612757,Portland Trail Blazers,2,10,56,Made Shot,Driving Layup Shot,2PT Field Goal,Restricted Area,Center(C),Less Than 8 ft.,2,-20,10,1,1,20181022,POR,WAS
Shot Chart Detail,0021800046,202,202323,Evan Turner,1610612757,Portland Trail Blazers,2,9,47,Made Shot,Running Pull-Up Jump Shot,2PT Field Goal,Mid-Range,Center(C),8-16 ft.,14,-7,142,1,1,20181022,POR,WAS
Shot Chart Detail,0021800046,210,202323,Evan Turner,1610612757,Portland Trail Blazers,2,8,54,Made Shot,Step Back Jump shot,2PT Field Goal,In The Paint (Non-RA),Center(C),8-16 ft.,14,62,133,1,1,20181022,POR,WAS
Shot Chart Detail,0021800046,233,202323,Evan Turner,1610612757,Portland Trail Blazers,2,7,13,Missed Shot,Turnaround Fadeaway shot,2PT Field Goal,In The Paint (Non-RA),Center(C),Less Than 8 ft.,7,-77,12,1,0,20181022,POR,WAS
Shot Chart Detail,0021800046,457,202323,Evan Turner,1610612757,Portland Trail Blazers,3,4,55,Made Shot,Pullup Jump shot,2PT Field Goal,Mid-Range,Center(C),8-16 ft.,15,2,150,1,1,20181022,POR,WAS
Shot Chart Detail,0021800046,513,202323,Evan Turner,1610612757,Portland Trail Blazers,3,0,53,Missed Shot,Pullup Jump shot,2PT Field Goal,Mid-Range,Right Side(R),8-16 ft.,15,155,15,1,0,20181022,POR,WAS
Shot Chart Detail,0021800046,518,202323,Evan Turner,1610612757,Portland Trail Blazers,3,0,30,Missed Shot,Driving Layup Shot,2PT Field Goal,Restricted Area,Center(C),Less Than 8 ft.,0,-8,3,1,0,20181022,POR,WAS
Shot Chart Detail,0021800064,85,202323,Evan Turner,1610612757,Portland Trail Blazers,1,4,44,Made Shot,Pullup Jump shot,2PT Field Goal,Mid-Range,Right Side(R),8-16 ft.,14,117,82,1,1,20181025,ORL,POR
Shot Chart Detail,0021800064,122,202323,Evan Turner,1610612757,Portland Trail Blazers,1,1,58,Missed Shot,Driving Layup Shot,2PT Field Goal,Restricted Area,Center(C),Less Than 8 ft.,1,-5,11,1,0,20181025,ORL,POR
Shot Chart Detail,0021800064,191,202323,Evan Turner,1610612757,Portland Trail Blazers,2,8,6,Made Shot,Driving Layup Shot,2PT Field Goal,Restricted Area,Center(C),Less Than 8 ft.,0,-5,4,1,1,20181025,ORL,POR
Shot Chart Detail,0021800064,300,202323,Evan Turner,1610612757,Portland Trail Blazers,2,0,45,Made Shot,Driving Layup Shot,2PT Field Goal,Restricted Area,Center(C),Less Than 8 ft.,1,7,11,1,1,20181025,ORL,POR
Shot Chart Detail,0021800064,395,202323,Evan Turner,1610612757,Portland Trail Blazers,3,5,31,Made Shot,Turnaround Fadeaway shot,2PT Field Goal,Mid-Range,Right Side(R),8-16 ft.,14,135,48,1,1,20181025,ORL,POR
Shot Chart Detail,0021800079,61,202323,Evan Turner,1610612757,Portland Trail Blazers,1,5,54,Made Shot,Turnaround Fadeaway shot,2PT Field Goal,In The Paint (Non-RA),Right Side(R),8-16 ft.,11,63,95,1,1,20181027,MIA,POR
Shot Chart Detail,0021800079,91,202323,Evan Turner,1610612757,Portland Trail Blazers,1,4,1,Missed Shot,Jump Shot,3PT Field Goal,Above the Break 3,Right Side Center(RC),24+ ft.,25,187,169,1,0,20181027,MIA,POR
Shot Chart Detail,0021800079,99,202323,Evan Turner,1610612757,Portland Trail Blazers,1,3,25,Made Shot,Fadeaway Jump Shot,2PT Field Goal,Mid-Range,Right Side(R),8-16 ft.,10,106,-4,1,1,20181027,MIA,POR
Shot Chart Detail,0021800079,113,202323,Evan Turner,1610612757,Portland Trail Blazers,1,2,40,Missed Shot,Pullup Jump shot,2PT Field Goal,Mid-Range,Right Side Center(RC),16-24 ft.,16,127,108,1,0,20181027,MIA,POR
Shot Chart Detail,0021800079,160,202323,Evan Turner,1610612757,Portland Trail Blazers,1,0,9,Missed Shot,Pullup Jump shot,2PT Field Goal,Mid-Range,Center(C),16-24 ft.,17,45,171,1,0,20181027,MIA,POR
Shot Chart Detail,0021800079,175,202323,Evan Turner,1610612757,Portland Trail Blazers,2,10,53,Missed Shot,Jump Shot,2PT Field Goal,Mid-Range,Right Side Center(RC),16-24 ft.,17,81,158,1,0,20181027,MIA,POR
Shot Chart Detail,0021800079,442,202323,Evan Turner,1610612757,Portland Trail Blazers,3,4,36,Missed Shot,Driving Reverse Layup Shot,2PT Field Goal,Restricted Area,Center(C),Less Than 8 ft.,0,-7,5,1,0,20181027,MIA,POR
Shot Chart Detail,0021800079,499,202323,Evan Turner,1610612757,Portland Trail Blazers,3,1,4,Made Shot,Driving Finger Roll Layup Shot,2PT Field Goal,Restricted Area,Center(C),Less Than 8 ft.,0,-8,5,1,1,20181027,MIA,POR
Shot Chart Detail,0021800079,526,202323,Evan Turner,1610612757,Portland Trail Blazers,4,11,35,Missed Shot,Driving Layup Shot,2PT Field Goal,Restricted Area,Center(C),Less Than 8 ft.,1,10,12,1,0,20181027,MIA,POR
Shot Chart Detail,0021800079,555,202323,Evan Turner,1610612757,Portland Trail Blazers,4,9,18,Missed Shot,Jump Shot,3PT Field Goal,Right Corner 3,Right Side(R),24+ ft.,22,227,13,1,0,20181027,MIA,POR
Shot Chart Detail,0021800087,134,202323,Evan Turner,1610612757,Portland Trail Blazers,1,2,5,Made Shot,Pullup Jump shot,2PT Field Goal,Mid-Range,Right Side(R),8-16 ft.,13,139,-8,1,1,20181029,IND,POR
Shot Chart Detail,0021800087,146,202323,Evan Turner,1610612757,Portland Trail Blazers,1,1,21,Made Shot,Pullup Jump shot,2PT Field Goal,Mid-Range,Left Side(L),8-16 ft.,14,-145,-10,1,1,20181029,IND,POR
Shot Chart Detail,0021800087,381,202323,Evan Turner,1610612757,Portland Trail Blazers,3,5,2,Made Shot,Layup Shot,2PT Field Goal,Restricted Area,Center(C),Less Than 8 ft.,1,1,17,1,1,20181029,IND,POR
Shot Chart Detail,0021800087,404,202323,Evan Turner,1610612757,Portland Trail Blazers,3,3,20,Made Shot,Turnaround Jump Shot,2PT Field Goal,Mid-Range,Right Side(R),8-16 ft.,12,121,9,1,1,20181029,IND,POR
Shot Chart Detail,0021800087,464,202323,Evan Turner,1610612757,Portland Trail Blazers,4,11,36,Missed Shot,Pullup Jump shot,2PT Field Goal,Mid-Range,Center(C),16-24 ft.,16,16,164,1,0,20181029,IND,POR
Shot Chart Detail,0021800087,485,202323,Evan Turner,1610612757,Portland Trail Blazers,4,9,44,Missed Shot,Running Layup Shot,2PT Field Goal,Restricted Area,Center(C),Less Than 8 ft.,1,3,17,1,0,20181029,IND,POR
Shot Chart Detail,0021800087,530,202323,Evan Turner,1610612757,Portland Trail Blazers,4,7,11,Made Shot,Jump Shot,3PT Field Goal,Above the Break 3,Center(C),24+ ft.,28,22,281,1,1,20181029,IND,POR
Shot Chart Detail,0021800087,565,202323,Evan Turner,1610612757,Portland Trail Blazers,4,4,25,Missed Shot,Step Back Jump shot,2PT Field Goal,Mid-Range,Center(C),16-24 ft.,17,13,172,1,0,20181029,IND,POR
Shot Chart Detail,0021800087,571,202323,Evan Turner,1610612757,Portland Trail Blazers,4,4,1,Made Shot,Turnaround Jump Shot,2PT Field Goal,In The Paint (Non-RA),Center(C),Less Than 8 ft.,5,-54,21,1,1,20181029,IND,POR
Shot Chart Detail,0021800101,94,202323,Evan Turner,1610612757,Portland Trail Blazers,1,4,29,Made Shot,Pullup Jump shot,2PT Field Goal,Mid-Range,Right Side Center(RC),16-24 ft.,18,69,168,1,1,20181030,HOU,POR
Shot Chart Detail,0021800101,146,202323,Evan Turner,1610612757,Portland Trail Blazers,1,0,45,Missed Shot,Pullup Jump shot,2PT Field Goal,Restricted Area,Center(C),Less Than 8 ft.,3,-30,25,1,0,20181030,HOU,POR
Shot Chart Detail,0021800101,158,202323,Evan Turner,1610612757,Portland Trail Blazers,1,0,0,Missed Shot,Turnaround Fadeaway shot,2PT Field Goal,In The Paint (Non-RA),Center(C),8-16 ft.,9,38,83,1,0,20181030,HOU,POR
Shot Chart Detail,0021800101,205,202323,Evan Turner,1610612757,Portland Trail Blazers,2,8,49,Made Shot,Turnaround Jump Shot,2PT Field Goal,In The Paint (Non-RA),Center(C),Less Than 8 ft.,4,2,41,1,1,20181030,HOU,POR
Shot Chart Detail,0021800101,466,202323,Evan Turner,1610612757,Portland Trail Blazers,3,2,13,Missed Shot,Turnaround Jump Shot,2PT Field Goal,In The Paint (Non-RA),Center(C),Less Than 8 ft.,4,36,20,1,0,20181030,HOU,POR
Shot Chart Detail,0021800101,513,202323,Evan Turner,1610612757,Portland Trail Blazers,4,11,6,Missed Shot,Jump Shot,3PT Field Goal,Left Corner 3,Left Side(L),24+ ft.,23,-237,31,1,0,20181030,HOU,POR
Shot Chart Detail,0021800116,86,202323,Evan Turner,1610612757,Portland Trail Blazers,1,5,9,Made Shot,Pullup Jump shot,2PT Field Goal,Mid-Range,Center(C),16-24 ft.,17,43,167,1,1,20181101,POR,NOP
Shot Chart Detail,0021800116,146,202323,Evan Turner,1610612757,Portland Trail Blazers,1,1,18,Made Shot,Running Dunk Shot,2PT Field Goal,Restricted Area,Center(C),Less Than 8 ft.,0,0,1,1,1,20181101,POR,NOP
Shot Chart Detail,0021800116,198,202323,Evan Turner,1610612757,Portland Trail Blazers,2,9,52,Made Shot,Driving Layup Shot,2PT Field Goal,Restricted Area,Center(C),Less Than 8 ft.,1,-11,4,1,1,20181101,POR,NOP
Shot Chart Detail,0021800116,237,202323,Evan Turner,1610612757,Portland Trail Blazers,2,6,55,Missed Shot,Pullup Jump shot,2PT Field Goal,Mid-Range,Right Side(R),16-24 ft.,16,167,15,1,0,20181101,POR,NOP
Shot Chart Detail,0021800116,474,202323,Evan Turner,1610612757,Portland Trail Blazers,3,5,0,Missed Shot,Jump Shot,3PT Field Goal,Above the Break 3,Left Side Center(LC),24+ ft.,24,-194,147,1,0,20181101,POR,NOP
Shot Chart Detail,0021800116,554,202323,Evan Turner,1610612757,Portland Trail Blazers,3,0,51,Missed Shot,Pullup Jump shot,2PT Field Goal,Mid-Range,Right Side Center(RC),16-24 ft.,16,82,142,1,0,20181101,POR,NOP
Shot Chart Detail,0021800116,600,202323,Evan Turner,1610612757,Portland Trail Blazers,4,9,0,Missed Shot,Running Layup Shot,2PT Field Goal,Restricted Area,Center(C),Less Than 8 ft.,0,-8,5,1,0,20181101,POR,NOP
Shot Chart Detail,0021800116,634,202323,Evan Turner,1610612757,Portland Trail Blazers,4,7,6,Made Shot,Driving Layup Shot,2PT Field Goal,Restricted Area,Center(C),Less Than 8 ft.,1,-2,11,1,1,20181101,POR,NOP
Shot Chart Detail,0021800116,676,202323,Evan Turner,1610612757,Portland Trail Blazers,4,3,33,Missed Shot,Jump Shot,3PT Field Goal,Right Corner 3,Right Side(R),24+ ft.,23,229,50,1,0,20181101,POR,NOP
Shot Chart Detail,0021800116,678,202323,Evan Turner,1610612757,Portland Trail Blazers,4,3,22,Made Shot,Driving Layup Shot,2PT Field Goal,Restricted Area,Center(C),Less Than 8 ft.,0,-6,-7,1,1,20181101,POR,NOP
Shot Chart Detail,0021800116,693,202323,Evan Turner,1610612757,Portland Trail Blazers,4,2,21,Missed Shot,Layup Shot,2PT Field Goal,Restricted Area,Center(C),Less Than 8 ft.,1,-11,5,1,0,20181101,POR,NOP
Shot Chart Detail,0021800132,185,202323,Evan Turner,1610612757,Portland Trail Blazers,1,0,7,Made Shot,Driving Layup Shot,2PT Field Goal,Restricted Area,Center(C),Less Than 8 ft.,1,-12,-1,1,1,20181103,POR,LAL
Shot Chart Detail,0021800132,257,202323,Evan Turner,1610612757,Portland Trail Blazers,2,9,12,Missed Shot,Pullup Jump shot,2PT Field Goal,In The Paint (Non-RA),Center(C),8-16 ft.,11,-3,115,1,0,20181103,POR,LAL
Shot Chart Detail,0021800132,334,202323,Evan Turner,1610612757,Portland Trail Blazers,2,1,50,Made Shot,Pullup Jump shot,2PT Field Goal,Mid-Range,Center(C),8-16 ft.,15,31,155,1,1,20181103,POR,LAL
Shot Chart Detail,0021800132,346,202323,Evan Turner,1610612757,Portland Trail Blazers,2,0,57,Made Shot,Jump Shot,3PT Field Goal,Above the Break 3,Left Side Center(LC),24+ ft.,24,-208,133,1,1,20181103,POR,LAL
Shot Chart Detail,0021800132,511,202323,Evan Turner,1610612757,Portland Trail Blazers,3,1,45,Missed Shot,Pullup Jump shot,3PT Field Goal,Above the Break 3,Left Side Center(LC),24+ ft.,24,-157,184,1,0,20181103,POR,LAL
Shot Chart Detail,0021800132,523,202323,Evan Turner,1610612757,Portland Trail Blazers,3,0,47,Missed Shot,Pullup Jump shot,2PT Field Goal,Mid-Range,Center(C),8-16 ft.,14,-6,145,1,0,20181103,POR,LAL
Shot Chart Detail,0021800132,530,202323,Evan Turner,1610612757,Portland Trail Blazers,3,0,4,Made Shot,Pullup Jump shot,2PT Field Goal,Mid-Range,Right Side Center(RC),16-24 ft.,16,57,151,1,1,20181103,POR,LAL
Shot Chart Detail,0021800138,120,202323,Evan Turner,1610612757,Portland Trail Blazers,1,3,4,Made Shot,Running Pull-Up Jump Shot,2PT Field Goal,Mid-Range,Center(C),8-16 ft.,14,-38,144,1,1,20181104,POR,MIN
Shot Chart Detail,0021800138,163,202323,Evan Turner,1610612757,Portland Trail Blazers,1,0,23,Missed Shot,Jump Shot,3PT Field Goal,Above the Break 3,Center(C),24+ ft.,25,-24,257,1,0,20181104,POR,MIN
Shot Chart Detail,0021800138,208,202323,Evan Turner,1610612757,Portland Trail Blazers,2,8,36,Missed Shot,Driving Layup Shot,2PT Field Goal,Restricted Area,Center(C),Less Than 8 ft.,2,22,13,1,0,20181104,POR,MIN
Shot Chart Detail,0021800138,223,202323,Evan Turner,1610612757,Portland Trail Blazers,2,7,52,Missed Shot,Pullup Jump shot,2PT Field Goal,Mid-Range,Right Side Center(RC),16-24 ft.,19,139,138,1,0,20181104,POR,MIN
Shot Chart Detail,0021800138,463,202323,Evan Turner,1610612757,Portland Trail Blazers,3,2,37,Missed Shot,Jump Shot,3PT Field Goal,Above the Break 3,Center(C),24+ ft.,24,3,248,1,0,20181104,POR,MIN
Shot Chart Detail,0021800138,493,202323,Evan Turner,1610612757,Portland Trail Blazers,3,0,3,Made Shot,Cutting Layup Shot,2PT Field Goal,Restricted Area,Center(C),Less Than 8 ft.,0,1,-2,1,1,20181104,POR,MIN
Shot Chart Detail,0021800138,519,202323,Evan Turner,1610612757,Portland Trail Blazers,4,10,5,Made Shot,Driving Floating Bank Jump Shot,2PT Field Goal,In The Paint (Non-RA),Center(C),Less Than 8 ft.,7,-73,20,1,1,20181104,POR,MIN
Shot Chart Detail,0021800152,110,202323,Evan Turner,1610612757,Portland Trail Blazers,1,3,5,Missed Shot,Jump Shot,3PT Field Goal,Above the Break 3,Left Side Center(LC),24+ ft.,24,-118,214,1,0,20181106,POR,MIL
Shot Chart Detail,0021800152,134,202323,Evan Turner,1610612757,Portland Trail Blazers,1,1,31,Missed Shot,Pullup Jump shot,2PT Field Goal,In The Paint (Non-RA),Center(C),8-16 ft.,12,39,117,1,0,20181106,POR,MIL
Shot Chart Detail,0021800152,168,202323,Evan Turner,1610612757,Portland Trail Blazers,2,11,37,Made Shot,Driving Layup Shot,2PT Field Goal,Restricted Area,Center(C),Less Than 8 ft.,1,1,11,1,1,20181106,POR,MIL
Shot Chart Detail,0021800152,197,202323,Evan Turner,1610612757,Portland Trail Blazers,2,8,38,Made Shot,Pullup Jump shot,2PT Field Goal,Mid-Range,Right Side Center(RC),16-24 ft.,16,78,140,1,1,20181106,POR,MIL
Shot Chart Detail,0021800152,204,202323,Evan Turner,1610612757,Portland Trail Blazers,2,8,6,Made Shot,Jump Shot,3PT Field Goal,Left Corner 3,Left Side(L),24+ ft.,22,-228,-4,1,1,20181106,POR,MIL
Shot Chart Detail,0021800152,409,202323,Evan Turner,1610612757,Portland Trail Blazers,3,5,36,Missed Shot,Jump Shot,3PT Field Goal,Above the Break 3,Left Side Center(LC),24+ ft.,25,-149,205,1,0,20181106,POR,MIL
Shot Chart Detail,0021800152,435,202323,Evan Turner,1610612757,Portland Trail Blazers,3,2,59,Missed Shot,Driving Floating Jump Shot,2PT Field Goal,Mid-Range,Center(C),8-16 ft.,14,-40,141,1,0,20181106,POR,MIL
Shot Chart Detail,0021800152,494,202323,Evan Turner,1610612757,Portland Trail Blazers,4,9,28,Missed Shot,Jump Shot,3PT Field Goal,Above the Break 3,Right Side Center(RC),24+ ft.,25,82,244,1,0,20181106,POR,MIL
Shot Chart Detail,0021800152,501,202323,Evan Turner,1610612757,Portland Trail Blazers,4,8,51,Made Shot,Pullup Jump shot,2PT Field Goal,Mid-Range,Center(C),16-24 ft.,16,-8,165,1,1,20181106,POR,MIL
Shot Chart Detail,0021800152,507,202323,Evan Turner,1610612757,Portland Trail Blazers,4,7,56,Made Shot,Turnaround Fadeaway shot,2PT Field Goal,Mid-Range,Right Side(R),8-16 ft.,8,82,12,1,1,20181106,POR,MIL
Shot Chart Detail,0021800152,549,202323,Evan Turner,1610612757,Portland Trail Blazers,4,4,23,Made Shot,Jump Shot,3PT Field Goal,Above the Break 3,Right Side Center(RC),24+ ft.,24,203,141,1,1,20181106,POR,MIL
Shot Chart Detail,0021800152,583,202323,Evan Turner,1610612757,Portland Trail Blazers,4,0,51,Made Shot,Pullup Jump shot,2PT Field Goal,Mid-Range,Center(C),16-24 ft.,16,32,158,1,1,20181106,POR,MIL
Shot Chart Detail,0021800165,116,202323,Evan Turner,1610612757,Portland Trail Blazers,1,2,48,Made Shot,Step Back Jump shot,2PT Field Goal,Mid-Range,Left Side(L),8-16 ft.,14,-145,13,1,1,20181108,POR,LAC
Shot Chart Detail,0021800165,152,202323,Evan Turner,1610612757,Portland Trail Blazers,1,0,30,Made Shot,Step Back Jump shot,2PT Field Goal,Mid-Range,Center(C),16-24 ft.,16,18,169,1,1,20181108,POR,LAC
Shot Chart Detail,0021800165,207,202323,Evan Turner,1610612757,Portland Trail Blazers,2,8,43,Missed Shot,Pullup Jump shot,2PT Field Goal,In The Paint (Non-RA),Right Side(R),8-16 ft.,10,75,67,1,0,20181108,POR,LAC
Shot Chart Detail,0021800165,494,202323,Evan Turner,1610612757,Portland Trail Blazers,3,0,31,Missed Shot,Driving Layup Shot,2PT Field Goal,Restricted Area,Center(C),Less Than 8 ft.,1,9,13,1,0,20181108,POR,LAC
Shot Chart Detail,0021800165,497,202323,Evan Turner,1610612757,Portland Trail Blazers,3,0,27,Missed Shot,Jump Shot,3PT Field Goal,Left Corner 3,Left Side(L),24+ ft.,22,-227,17,1,0,20181108,POR,LAC
Shot Chart Detail,0021800165,548,202323,Evan Turner,1610612757,Portland Trail Blazers,4,8,31,Missed Shot,Pullup Jump shot,2PT Field Goal,Mid-Range,Right Side(R),8-16 ft.,13,136,16,1,0,20181108,POR,LAC
Shot Chart Detail,0021800165,605,202323,Evan Turner,1610612757,Portland Trail Blazers,4,4,32,Made Shot,Driving Layup Shot,2PT Field Goal,Restricted Area,Center(C),Less Than 8 ft.,0,-4,6,1,1,20181108,POR,LAC
Shot Chart Detail,0021800188,139,202323,Evan Turner,1610612757,Portland Trail Blazers,1,0,16,Missed Shot,Jump Shot,3PT Field Goal,Above the Break 3,Center(C),24+ ft.,25,-2,252,1,0,20181111,POR,BOS
Shot Chart Detail,0021800188,167,202323,Evan Turner,1610612757,Portland Trail Blazers,2,9,41,Missed Shot,Turnaround Jump Shot,2PT Field Goal,In The Paint (Non-RA),Center(C),8-16 ft.,12,16,124,1,0,20181111,POR,BOS
Shot Chart Detail,0021800188,175,202323,Evan Turner,1610612757,Portland Trail Blazers,2,9,16,Missed Shot,Pullup Jump shot,2PT Field Goal,In The Paint (Non-RA),Center(C),8-16 ft.,8,5,85,1,0,20181111,POR,BOS
Shot Chart Detail,0021800188,182,202323,Evan Turner,1610612757,Portland Trail Blazers,2,8,41,Made Shot,Pullup Jump shot,2PT Field Goal,Mid-Range,Right Side Center(RC),16-24 ft.,18,93,164,1,1,20181111,POR,BOS
Shot Chart Detail,0021800188,420,202323,Evan Turner,1610612757,Portland Trail Blazers,3,1,44,Made Shot,Dunk Shot,2PT Field Goal,Restricted Area,Center(C),Less Than 8 ft.,0,-2,0,1,1,20181111,POR,BOS
Shot Chart Detail,0021800188,431,202323,Evan Turner,1610612757,Portland Trail Blazers,3,1,10,Missed Shot,Jump Shot,3PT Field Goal,Left Corner 3,Left Side(L),24+ ft.,22,-226,11,1,0,20181111,POR,BOS
Shot Chart Detail,0021800188,484,202323,Evan Turner,1610612757,Portland Trail Blazers,4,9,13,Missed Shot,Pullup Jump shot,2PT Field Goal,In The Paint (Non-RA),Center(C),8-16 ft.,13,-14,136,1,0,20181111,POR,BOS
Shot Chart Detail,0021800188,540,202323,Evan Turner,1610612757,Portland Trail Blazers,4,5,29,Missed Shot,Jump Shot,3PT Field Goal,Right Corner 3,Right Side(R),24+ ft.,23,231,64,1,0,20181111,POR,BOS
Shot Chart Detail,0021800212,152,202323,Evan Turner,1610612757,Portland Trail Blazers,1,0,34,Missed Shot,Floating Jump shot,2PT Field Goal,Restricted Area,Center(C),Less Than 8 ft.,3,-3,38,1,0,20181114,LAL,POR
Shot Chart Detail,0021800212,168,202323,Evan Turner,1610612757,Portland Trail Blazers,2,11,24,Missed Shot,Step Back Jump shot,2PT Field Goal,In The Paint (Non-RA),Center(C),8-16 ft.,14,-59,127,1,0,20181114,LAL,POR
Shot Chart Detail,0021800212,184,202323,Evan Turner,1610612757,Portland Trail Blazers,2,9,53,Made Shot,Turnaround Jump Shot,2PT Field Goal,In The Paint (Non-RA),Center(C),8-16 ft.,10,34,99,1,1,20181114,LAL,POR
Shot Chart Detail,0021800212,217,202323,Evan Turner,1610612757,Portland Trail Blazers,2,6,52,Missed Shot,Reverse Layup Shot,2PT Field Goal,Restricted Area,Center(C),Less Than 8 ft.,1,-14,13,1,0,20181114,LAL,POR
Shot Chart Detail,0021800212,252,202323,Evan Turner,1610612757,Portland Trail Blazers,2,4,19,Made Shot,Reverse Layup Shot,2PT Field Goal,Restricted Area,Center(C),Less Than 8 ft.,2,-5,29,1,1,20181114,LAL,POR
Shot Chart Detail,0021800212,285,202323,Evan Turner,1610612757,Portland Trail Blazers,2,1,18,Missed Shot,Layup Shot,2PT Field Goal,Restricted Area,Center(C),Less Than 8 ft.,2,-3,22,1,0,20181114,LAL,POR
Shot Chart Detail,0021800212,457,202323,Evan Turner,1610612757,Portland Trail Blazers,3,1,18,Made Shot,Floating Jump shot,2PT Field Goal,Restricted Area,Center(C),Less Than 8 ft.,3,25,21,1,1,20181114,LAL,POR
Shot Chart Detail,0021800212,525,202323,Evan Turner,1610612757,Portland Trail Blazers,4,9,55,Missed Shot,Cutting Layup Shot,2PT Field Goal,Restricted Area,Center(C),Less Than 8 ft.,2,8,23,1,0,20181114,LAL,POR
Shot Chart Detail,0021800212,562,202323,Evan Turner,1610612757,Portland Trail Blazers,4,7,42,Missed Shot,Jump Shot,3PT Field Goal,Above the Break 3,Right Side Center(RC),24+ ft.,26,228,137,1,0,20181114,LAL,POR
Shot Chart Detail,0021800221,190,202323,Evan Turner,1610612757,Portland Trail Blazers,2,7,32,Missed Shot,Jump Shot,2PT Field Goal,Mid-Range,Right Side(R),16-24 ft.,17,166,41,1,0,20181116,MIN,POR
Shot Chart Detail,0021800221,411,202323,Evan Turner,1610612757,Portland Trail Blazers,3,4,0,Missed Shot,Jump Shot,3PT Field Goal,Left Corner 3,Left Side(L),24+ ft.,23,-235,25,1,0,20181116,MIN,POR
Shot Chart Detail,0021800221,499,202323,Evan Turner,1610612757,Portland Trail Blazers,4,9,32,Missed Shot,Pullup Jump shot,2PT Field Goal,In The Paint (Non-RA),Center(C),8-16 ft.,10,-14,101,1,0,20181116,MIN,POR
Shot Chart Detail,0021800237,97,202323,Evan Turner,1610612757,Portland Trail Blazers,1,3,18,Missed Shot,Pullup Jump shot,2PT Field Goal,In The Paint (Non-RA),Center(C),8-16 ft.,11,53,100,1,0,20181118,WAS,POR
Shot Chart Detail,0021800237,192,202323,Evan Turner,1610612757,Portland Trail Blazers,2,9,37,Made Shot,Layup Shot,2PT Field Goal,Restricted Area,Center(C),Less Than 8 ft.,1,-13,8,1,1,20181118,WAS,POR
Shot Chart Detail,0021800237,207,202323,Evan Turner,1610612757,Portland Trail Blazers,2,8,29,Missed Shot,Driving Layup Shot,2PT Field Goal,Restricted Area,Center(C),Less Than 8 ft.,1,2,13,1,0,20181118,WAS,POR
Shot Chart Detail,0021800237,226,202323,Evan Turner,1610612757,Portland Trail Blazers,2,8,10,Made Shot,Driving Dunk Shot,2PT Field Goal,Restricted Area,Center(C),Less Than 8 ft.,1,10,15,1,1,20181118,WAS,POR
Shot Chart Detail,0021800237,255,202323,Evan Turner,1610612757,Portland Trail Blazers,2,6,14,Missed Shot,Pullup Jump shot,2PT Field Goal,Mid-Range,Left Side Center(LC),16-24 ft.,17,-74,154,1,0,20181118,WAS,POR
Shot Chart Detail,0021800237,340,202323,Evan Turner,1610612757,Portland Trail Blazers,2,0,1,Missed Shot,Running Layup Shot,2PT Field Goal,Restricted Area,Center(C),Less Than 8 ft.,2,-20,15,1,0,20181118,WAS,POR
Shot Chart Detail,0021800237,559,202323,Evan Turner,1610612757,Portland Trail Blazers,4,10,52,Made Shot,Dunk Shot,2PT Field Goal,Restricted Area,Center(C),Less Than 8 ft.,2,6,20,1,1,20181118,WAS,POR
Shot Chart Detail,0021800237,637,202323,Evan Turner,1610612757,Portland Trail Blazers,4,4,19,Missed Shot,Driving Floating Jump Shot,2PT Field Goal,In The Paint (Non-RA),Center(C),8-16 ft.,10,3,100,1,0,20181118,WAS,POR
Shot Chart Detail,0021800251,146,202323,Evan Turner,1610612757,Portland Trail Blazers,1,0,43,Missed Shot,Jump Shot,2PT Field Goal,Mid-Range,Left Side(L),8-16 ft.,14,-92,106,1,0,20181120,NYK,POR
Shot Chart Detail,0021800251,196,202323,Evan Turner,1610612757,Portland Trail Blazers,2,7,59,Missed Shot,Jump Shot,2PT Field Goal,Mid-Range,Left Side Center(LC),16-24 ft.,21,-154,157,1,0,20181120,NYK,POR
Shot Chart Detail,0021800251,199,202323,Evan Turner,1610612757,Portland Trail Blazers,2,7,27,Made Shot,Driving Finger Roll Layup Shot,2PT Field Goal,Restricted Area,Center(C),Less Than 8 ft.,2,0,20,1,1,20181120,NYK,POR
Shot Chart Detail,0021800251,295,202323,Evan Turner,1610612757,Portland Trail Blazers,2,1,36,Missed Shot,Pullup Jump shot,2PT Field Goal,Mid-Range,Center(C),16-24 ft.,17,40,175,1,0,20181120,NYK,POR
Shot Chart Detail,0021800251,434,202323,Evan Turner,1610612757,Portland Trail Blazers,3,1,34,Made Shot,Driving Layup Shot,2PT Field Goal,Restricted Area,Center(C),Less Than 8 ft.,0,7,-4,1,1,20181120,NYK,POR
Shot Chart Detail,0021800251,445,202323,Evan Turner,1610612757,Portland Trail Blazers,3,0,31,Made Shot,Floating Jump shot,2PT Field Goal,Mid-Range,Right Side(R),8-16 ft.,9,93,-17,1,1,20181120,NYK,POR
Shot Chart Detail,0021800251,540,202323,Evan Turner,1610612757,Portland Trail Blazers,4,5,28,Made Shot,Turnaround Jump Shot,2PT Field Goal,In The Paint (Non-RA),Center(C),Less Than 8 ft.,5,-43,30,1,1,20181120,NYK,POR
Shot Chart Detail,0021800251,554,202323,Evan Turner,1610612757,Portland Trail Blazers,4,4,3,Missed Shot,Tip Layup Shot,2PT Field Goal,Restricted Area,Center(C),Less Than 8 ft.,0,0,-6,1,0,20181120,NYK,POR
Shot Chart Detail,0021800251,608,202323,Evan Turner,1610612757,Portland Trail Blazers,4,0,9,Made Shot,Putback Layup Shot,2PT Field Goal,Restricted Area,Center(C),Less Than 8 ft.,0,0,-6,1,1,20181120,NYK,POR
Shot Chart Detail,0021800259,120,202323,Evan Turner,1610612757,Portland Trail Blazers,1,2,19,Made Shot,Fadeaway Jump Shot,2PT Field Goal,Mid-Range,Right Side(R),8-16 ft.,12,121,-8,1,1,20181121,MIL,POR
Shot Chart Detail,0021800259,157,202323,Evan Turner,1610612757,Portland Trail Blazers,1,0,13,Made Shot,Jump Shot,2PT Field Goal,Mid-Range,Center(C),16-24 ft.,18,-46,178,1,1,20181121,MIL,POR
Shot Chart Detail,0021800259,171,202323,Evan Turner,1610612757,Portland Trail Blazers,2,11,38,Missed Shot,Jump Shot,3PT Field Goal,Above the Break 3,Left Side Center(LC),24+ ft.,25,-171,190,1,0,20181121,MIL,POR
Shot Chart Detail,0021800259,203,202323,Evan Turner,1610612757,Portland Trail Blazers,2,8,53,Missed Shot,Turnaround Jump Shot,2PT Field Goal,In The Paint (Non-RA),Center(C),8-16 ft.,11,47,104,1,0,20181121,MIL,POR
Shot Chart Detail,0021800259,226,202323,Evan Turner,1610612757,Portland Trail Blazers,2,6,53,Missed Shot,Pullup Jump shot,2PT Field Goal,Mid-Range,Right Side(R),8-16 ft.,14,132,59,1,0,20181121,MIL,POR
Shot Chart Detail,0021800277,177,202323,Evan Turner,1610612757,Portland Trail Blazers,2,10,7,Missed Shot,Pullup Jump shot,2PT Field Goal,In The Paint (Non-RA),Right Side(R),8-16 ft.,12,62,105,1,0,20181123,GSW,POR
Shot Chart Detail,0021800277,227,202323,Evan Turner,1610612757,Portland Trail Blazers,2,6,25,Missed Shot,Turnaround Fadeaway shot,2PT Field Goal,In The Paint (Non-RA),Right Side(R),8-16 ft.,9,62,69,1,0,20181123,GSW,POR
Shot Chart Detail,0021800277,238,202323,Evan Turner,1610612757,Portland Trail Blazers,2,5,21,Missed Shot,Step Back Jump shot,2PT Field Goal,Mid-Range,Left Side(L),8-16 ft.,10,-92,48,1,0,20181123,GSW,POR
Shot Chart Detail,0021800277,396,202323,Evan Turner,1610612757,Portland Trail Blazers,3,4,48,Made Shot,Running Layup Shot,2PT Field Goal,Restricted Area,Center(C),Less Than 8 ft.,1,-15,6,1,1,20181123,GSW,POR
Shot Chart Detail,0021800277,513,202323,Evan Turner,1610612757,Portland Trail Blazers,4,9,4,Missed Shot,Driving Floating Jump Shot,2PT Field Goal,In The Paint (Non-RA),Center(C),Less Than 8 ft.,5,49,30,1,0,20181123,GSW,POR
Shot Chart Detail,0021800293,87,202323,Evan Turner,1610612757,Portland Trail Blazers,1,3,20,Made Shot,Driving Reverse Layup Shot,2PT Field Goal,Restricted Area,Center(C),Less Than 8 ft.,1,-12,-8,1,1,20181125,POR,LAC
Shot Chart Detail,0021800293,133,202323,Evan Turner,1610612757,Portland Trail Blazers,1,0,5,Missed Shot,Driving Layup Shot,2PT Field Goal,Restricted Area,Center(C),Less Than 8 ft.,2,0,29,1,0,20181125,POR,LAC
Shot Chart Detail,0021800293,136,202323,Evan Turner,1610612757,Portland Trail Blazers,1,0,4,Made Shot,Putback Layup Shot,2PT Field Goal,Restricted Area,Center(C),Less Than 8 ft.,0,0,-6,1,1,20181125,POR,LAC
Shot Chart Detail,0021800293,181,202323,Evan Turner,1610612757,Portland Trail Blazers,2,7,44,Made Shot,Dunk Shot,2PT Field Goal,Restricted Area,Center(C),Less Than 8 ft.,0,-7,1,1,1,20181125,POR,LAC
Shot Chart Detail,0021800293,185,202323,Evan Turner,1610612757,Portland Trail Blazers,2,7,3,Missed Shot,Turnaround Fadeaway shot,2PT Field Goal,In The Paint (Non-RA),Center(C),Less Than 8 ft.,5,52,18,1,0,20181125,POR,LAC
Shot Chart Detail,0021800293,208,202323,Evan Turner,1610612757,Portland Trail Blazers,2,6,0,Made Shot,Turnaround Fadeaway shot,2PT Field Goal,Mid-Range,Right Side(R),8-16 ft.,12,111,49,1,1,20181125,POR,LAC
Shot Chart Detail,0021800293,404,202323,Evan Turner,1610612757,Portland Trail Blazers,3,2,26,Missed Shot,Jump Shot,3PT Field Goal,Above the Break 3,Right Side Center(RC),24+ ft.,24,141,203,1,0,20181125,POR,LAC
Shot Chart Detail,0021800293,421,202323,Evan Turner,1610612757,Portland Trail Blazers,3,1,42,Missed Shot,Pullup Jump shot,2PT Field Goal,In The Paint (Non-RA),Center(C),8-16 ft.,8,8,88,1,0,20181125,POR,LAC
Shot Chart Detail,0021800293,427,202323,Evan Turner,1610612757,Portland Trail Blazers,3,1,12,Missed Shot,Turnaround Jump Shot,2PT Field Goal,Restricted Area,Center(C),Less Than 8 ft.,1,14,3,1,0,20181125,POR,LAC
Shot Chart Detail,0021800293,454,202323,Evan Turner,1610612757,Portland Trail Blazers,4,11,25,Made Shot,Driving Layup Shot,2PT Field Goal,Restricted Area,Center(C),Less Than 8 ft.,2,16,14,1,1,20181125,POR,LAC
Shot Chart Detail,0021800293,484,202323,Evan Turner,1610612757,Portland Trail Blazers,4,9,39,Made Shot,Driving Layup Shot,2PT Field Goal,Restricted Area,Center(C),Less Than 8 ft.,0,-4,8,1,1,20181125,POR,LAC
Shot Chart Detail,0021800293,495,202323,Evan Turner,1610612757,Portland Trail Blazers,4,9,3,Made Shot,Driving Dunk Shot,2PT Field Goal,Restricted Area,Center(C),Less Than 8 ft.,0,8,4,1,1,20181125,POR,LAC
Shot Chart Detail,0021800293,523,202323,Evan Turner,1610612757,Portland Trail Blazers,4,7,20,Missed Shot,Jump Shot,3PT Field Goal,Above the Break 3,Right Side Center(RC),24+ ft.,25,98,231,1,0,20181125,POR,LAC
Shot Chart Detail,0021800293,536,202323,Evan Turner,1610612757,Portland Trail Blazers,4,5,46,Missed Shot,Step Back Jump shot,3PT Field Goal,Left Corner 3,Left Side(L),24+ ft.,22,-225,9,1,0,20181125,POR,LAC
Shot Chart Detail,0021800314,416,202323,Evan Turner,1610612757,Portland Trail Blazers,3,2,2,Made Shot,Turnaround Jump Shot,2PT Field Goal,In The Paint (Non-RA),Center(C),8-16 ft.,12,49,115,1,1,20181128,POR,ORL
Shot Chart Detail,0021800314,442,202323,Evan Turner,1610612757,Portland Trail Blazers,4,11,41,Missed Shot,Fadeaway Jump Shot,2PT Field Goal,Mid-Range,Left Side(L),8-16 ft.,10,-90,59,1,0,20181128,POR,ORL
Shot Chart Detail,0021800314,465,202323,Evan Turner,1610612757,Portland Trail Blazers,4,9,11,Made Shot,Pullup Jump shot,2PT Field Goal,Mid-Range,Left Side Center(LC),16-24 ft.,17,-81,150,1,1,20181128,POR,ORL
Shot Chart Detail,0021800314,533,202323,Evan Turner,1610612757,Portland Trail Blazers,4,5,22,Missed Shot,Driving Layup Shot,2PT Field Goal,Restricted Area,Center(C),Less Than 8 ft.,2,6,27,1,0,20181128,POR,ORL
Shot Chart Detail,0021800314,536,202323,Evan Turner,1610612757,Portland Trail Blazers,4,5,16,Made Shot,Layup Shot,2PT Field Goal,Restricted Area,Center(C),Less Than 8 ft.,1,0,16,1,1,20181128,POR,ORL
Shot Chart Detail,0021800329,178,202323,Evan Turner,1610612757,Portland Trail Blazers,2,9,19,Missed Shot,Pullup Jump shot,2PT Field Goal,In The Paint (Non-RA),Center(C),8-16 ft.,13,32,131,1,0,20181130,POR,DEN
Shot Chart Detail,0021800329,308,202323,Evan Turner,1610612757,Portland Trail Blazers,2,0,0,Made Shot,Step Back Jump shot,2PT Field Goal,Mid-Range,Right Side Center(RC),16-24 ft.,18,58,176,1,1,20181130,POR,DEN
Shot Chart Detail,0021800352,69,202323,Evan Turner,1610612757,Portland Trail Blazers,1,4,42,Made Shot,Turnaround Fadeaway shot,2PT Field Goal,Mid-Range,Right Side(R),8-16 ft.,11,112,1,1,1,20181204,DAL,POR
Shot Chart Detail,0021800352,118,202323,Evan Turner,1610612757,Portland Trail Blazers,1,1,52,Missed Shot,Turnaround Fadeaway shot,2PT Field Goal,In The Paint (Non-RA),Center(C),Less Than 8 ft.,7,-2,71,1,0,20181204,DAL,POR
Shot Chart Detail,0021800352,169,202323,Evan Turner,1610612757,Portland Trail Blazers,2,10,56,Made Shot,Turnaround Jump Shot,2PT Field Goal,In The Paint (Non-RA),Center(C),8-16 ft.,13,42,126,1,1,20181204,DAL,POR
Shot Chart Detail,0021800352,186,202323,Evan Turner,1610612757,Portland Trail Blazers,2,10,4,Missed Shot,Turnaround Fadeaway Bank Jump Shot,2PT Field Goal,In The Paint (Non-RA),Center(C),Less Than 8 ft.,4,16,41,1,0,20181204,DAL,POR
Shot Chart Detail,0021800352,191,202323,Evan Turner,1610612757,Portland Trail Blazers,2,9,23,Missed Shot,Turnaround Fadeaway shot,2PT Field Goal,In The Paint (Non-RA),Left Side(L),8-16 ft.,9,-77,62,1,0,20181204,DAL,POR
Shot Chart Detail,0021800352,210,202323,Evan Turner,1610612757,Portland Trail Blazers,2,7,29,Made Shot,Driving Layup Shot,2PT Field Goal,Restricted Area,Center(C),Less Than 8 ft.,1,15,8,1,1,20181204,DAL,POR
Shot Chart Detail,0021800352,596,202323,Evan Turner,1610612757,Portland Trail Blazers,4,6,48,Made Shot,Turnaround Fadeaway shot,2PT Field Goal,In The Paint (Non-RA),Center(C),Less Than 8 ft.,7,71,4,1,1,20181204,DAL,POR
Shot Chart Detail,0021800352,604,202323,Evan Turner,1610612757,Portland Trail Blazers,4,6,20,Missed Shot,Pullup Jump shot,2PT Field Goal,Mid-Range,Right Side Center(RC),16-24 ft.,18,112,147,1,0,20181204,DAL,POR
Shot Chart Detail,0021800352,619,202323,Evan Turner,1610612757,Portland Trail Blazers,4,5,20,Made Shot,Running Pull-Up Jump Shot,2PT Field Goal,In The Paint (Non-RA),Right Side(R),8-16 ft.,13,72,117,1,1,20181204,DAL,POR
Shot Chart Detail,0021800352,689,202323,Evan Turner,1610612757,Portland Trail Blazers,4,0,31,Missed Shot,Driving Floating Jump Shot,2PT Field Goal,In The Paint (Non-RA),Center(C),Less Than 8 ft.,7,78,14,1,0,20181204,DAL,POR
Shot Chart Detail,0021800366,149,202323,Evan Turner,1610612757,Portland Trail Blazers,1,0,0,Missed Shot,Pullup Jump shot,3PT Field Goal,Above the Break 3,Center(C),24+ ft.,27,63,270,1,0,20181206,POR,PHX
Shot Chart Detail,0021800366,171,202323,Evan Turner,1610612757,Portland Trail Blazers,2,9,58,Made Shot,Running Pull-Up Jump Shot,2PT Field Goal,In The Paint (Non-RA),Center(C),8-16 ft.,8,24,83,1,1,20181206,POR,PHX
Shot Chart Detail,0021800366,191,202323,Evan Turner,1610612757,Portland Trail Blazers,2,8,44,Missed Shot,Turnaround Jump Shot,2PT Field Goal,Mid-Range,Left Side(L),8-16 ft.,14,-130,69,1,0,20181206,POR,PHX
Shot Chart Detail,0021800366,447,202323,Evan Turner,1610612757,Portland Trail Blazers,3,3,13,Made Shot,Turnaround Fadeaway shot,2PT Field Goal,Mid-Range,Right Side(R),8-16 ft.,11,88,72,1,1,20181206,POR,PHX
Shot Chart Detail,0021800366,483,202323,Evan Turner,1610612757,Portland Trail Blazers,3,0,3,Missed Shot,Driving Layup Shot,2PT Field Goal,Restricted Area,Center(C),Less Than 8 ft.,3,2,35,1,0,20181206,POR,PHX
Shot Chart Detail,0021800366,487,202323,Evan Turner,1610612757,Portland Trail Blazers,3,0,1,Made Shot,Tip Layup Shot,2PT Field Goal,Restricted Area,Center(C),Less Than 8 ft.,0,0,-6,1,1,20181206,POR,PHX
Shot Chart Detail,0021800366,517,202323,Evan Turner,1610612757,Portland Trail Blazers,4,9,16,Missed Shot,Driving Floating Jump Shot,2PT Field Goal,In The Paint (Non-RA),Center(C),Less Than 8 ft.,4,-47,16,1,0,20181206,POR,PHX
Shot Chart Detail,0021800366,533,202323,Evan Turner,1610612757,Portland Trail Blazers,4,8,24,Missed Shot,Pullup Jump shot,2PT Field Goal,Mid-Range,Right Side Center(RC),16-24 ft.,20,90,180,1,0,20181206,POR,PHX
Shot Chart Detail,0021800385,163,202323,Evan Turner,1610612757,Portland Trail Blazers,1,0,31,Missed Shot,Pullup Jump shot,2PT Field Goal,Mid-Range,Center(C),16-24 ft.,19,58,185,1,0,20181208,POR,MIN
Shot Chart Detail,0021800385,467,202323,Evan Turner,1610612757,Portland Trail Blazers,3,3,39,Missed Shot,Fadeaway Jump Shot,2PT Field Goal,In The Paint (Non-RA),Center(C),Less Than 8 ft.,7,-5,72,1,0,20181208,POR,MIN
Shot Chart Detail,0021800385,534,202323,Evan Turner,1610612757,Portland Trail Blazers,4,11,47,Made Shot,Turnaround Fadeaway shot,2PT Field Goal,In The Paint (Non-RA),Center(C),Less Than 8 ft.,7,70,32,1,1,20181208,POR,MIN
Shot Chart Detail,0021800385,537,202323,Evan Turner,1610612757,Portland Trail Blazers,4,11,13,Missed Shot,Fadeaway Jump Shot,2PT Field Goal,In The Paint (Non-RA),Center(C),8-16 ft.,9,19,89,1,0,20181208,POR,MIN
Shot Chart Detail,0021800385,541,202323,Evan Turner,1610612757,Portland Trail Blazers,4,10,48,Made Shot,Driving Layup Shot,2PT Field Goal,Restricted Area,Center(C),Less Than 8 ft.,1,-3,11,1,1,20181208,POR,MIN
Shot Chart Detail,0021800385,549,202323,Evan Turner,1610612757,Portland Trail Blazers,4,9,47,Made Shot,Pullup Jump shot,2PT Field Goal,Mid-Range,Left Side(L),16-24 ft.,18,-183,16,1,1,20181208,POR,MIN
Shot Chart Detail,0021800402,104,202323,Evan Turner,1610612757,Portland Trail Blazers,1,4,4,Made Shot,Tip Layup Shot,2PT Field Goal,Restricted Area,Center(C),Less Than 8 ft.,0,0,-6,1,1,20181211,HOU,POR
Shot Chart Detail,0021800402,182,202323,Evan Turner,1610612757,Portland Trail Blazers,2,9,4,Missed Shot,Pullup Jump shot,2PT Field Goal,Mid-Range,Right Side Center(RC),16-24 ft.,17,64,163,1,0,20181211,HOU,POR
Shot Chart Detail,0021800402,428,202323,Evan Turner,1610612757,Portland Trail Blazers,3,1,24,Missed Shot,Jump Shot,3PT Field Goal,Above the Break 3,Left Side Center(LC),24+ ft.,25,-119,230,1,0,20181211,HOU,POR
Shot Chart Detail,0021800410,76,202323,Evan Turner,1610612757,Portland Trail Blazers,1,5,28,Made Shot,Driving Finger Roll Layup Shot,2PT Field Goal,Restricted Area,Center(C),Less Than 8 ft.,3,-13,32,1,1,20181212,MEM,POR
Shot Chart Detail,0021800410,121,202323,Evan Turner,1610612757,Portland Trail Blazers,1,2,55,Missed Shot,Driving Layup Shot,2PT Field Goal,Restricted Area,Center(C),Less Than 8 ft.,2,20,20,1,0,20181212,MEM,POR
Shot Chart Detail,0021800410,164,202323,Evan Turner,1610612757,Portland Trail Blazers,1,0,0,Missed Shot,Running Jump Shot,3PT Field Goal,Above the Break 3,Left Side Center(LC),24+ ft.,27,-101,258,1,0,20181212,MEM,POR
Shot Chart Detail,0021800410,186,202323,Evan Turner,1610612757,Portland Trail Blazers,2,11,19,Missed Shot,Turnaround Fadeaway shot,2PT Field Goal,Mid-Range,Right Side(R),8-16 ft.,9,94,30,1,0,20181212,MEM,POR
Shot Chart Detail,0021800410,207,202323,Evan Turner,1610612757,Portland Trail Blazers,2,8,52,Missed Shot,Jump Bank Shot,2PT Field Goal,In The Paint (Non-RA),Center(C),Less Than 8 ft.,6,57,29,1,0,20181212,MEM,POR
Shot Chart Detail,0021800410,508,202323,Evan Turner,1610612757,Portland Trail Blazers,3,0,0,Made Shot,Floating Jump shot,2PT Field Goal,Mid-Range,Right Side(R),8-16 ft.,8,82,33,1,1,20181212,MEM,POR
Shot Chart Detail,0021800427,154,202323,Evan Turner,1610612757,Portland Trail Blazers,2,11,14,Missed Shot,Driving Floating Jump Shot,2PT Field Goal,In The Paint (Non-RA),Center(C),Less Than 8 ft.,6,-54,44,1,0,20181214,POR,TOR
Shot Chart Detail,0021800427,158,202323,Evan Turner,1610612757,Portland Trail Blazers,2,10,38,Made Shot,Layup Shot,2PT Field Goal,Restricted Area,Center(C),Less Than 8 ft.,2,-22,-1,1,1,20181214,POR,TOR
Shot Chart Detail,0021800427,206,202323,Evan Turner,1610612757,Portland Trail Blazers,2,6,5,Made Shot,Driving Layup Shot,2PT Field Goal,Restricted Area,Center(C),Less Than 8 ft.,0,-3,-8,1,1,20181214,POR,TOR
Shot Chart Detail,0021800427,405,202323,Evan Turner,1610612757,Portland Trail Blazers,3,3,25,Missed Shot,Turnaround Fadeaway shot,2PT Field Goal,Mid-Range,Right Side(R),8-16 ft.,9,98,-6,1,0,20181214,POR,TOR
Shot Chart Detail,0021800427,444,202323,Evan Turner,1610612757,Portland Trail Blazers,3,0,15,Made Shot,Pullup Jump shot,2PT Field Goal,Mid-Range,Center(C),16-24 ft.,18,24,183,1,1,20181214,POR,TOR
Shot Chart Detail,0021800427,454,202323,Evan Turner,1610612757,Portland Trail Blazers,4,10,53,Made Shot,Layup Shot,2PT Field Goal,Restricted Area,Center(C),Less Than 8 ft.,1,12,0,1,1,20181214,POR,TOR
Shot Chart Detail,0021800427,484,202323,Evan Turner,1610612757,Portland Trail Blazers,4,8,44,Made Shot,Running Pull-Up Jump Shot,2PT Field Goal,In The Paint (Non-RA),Center(C),8-16 ft.,14,52,136,1,1,20181214,POR,TOR
Shot Chart Detail,0021800427,519,202323,Evan Turner,1610612757,Portland Trail Blazers,4,5,25,Missed Shot,Pullup Jump shot,2PT Field Goal,Mid-Range,Right Side(R),16-24 ft.,16,137,93,1,0,20181214,POR,TOR
Shot Chart Detail,0021800427,524,202323,Evan Turner,1610612757,Portland Trail Blazers,4,4,53,Missed Shot,Driving Layup Shot,2PT Field Goal,Restricted Area,Center(C),Less Than 8 ft.,1,-4,11,1,0,20181214,POR,TOR
Shot Chart Detail,0021800450,118,202323,Evan Turner,1610612757,Portland Trail Blazers,1,2,15,Missed Shot,Pullup Jump shot,2PT Field Goal,In The Paint (Non-RA),Left Side(L),8-16 ft.,13,-74,113,1,0,20181217,LAC,POR
Shot Chart Detail,0021800450,181,202323,Evan Turner,1610612757,Portland Trail Blazers,2,9,16,Made Shot,Pullup Jump shot,2PT Field Goal,Mid-Range,Center(C),8-16 ft.,15,30,157,1,1,20181217,LAC,POR
Shot Chart Detail,0021800450,478,202323,Evan Turner,1610612757,Portland Trail Blazers,4,11,5,Made Shot,Layup Shot,2PT Field Goal,Restricted Area,Center(C),Less Than 8 ft.,1,11,4,1,1,20181217,LAC,POR
Shot Chart Detail,0021800450,482,202323,Evan Turner,1610612757,Portland Trail Blazers,4,10,36,Made Shot,Turnaround Jump Shot,2PT Field Goal,In The Paint (Non-RA),Center(C),Less Than 8 ft.,6,62,-6,1,1,20181217,LAC,POR
Shot Chart Detail,0021800450,523,202323,Evan Turner,1610612757,Portland Trail Blazers,4,7,59,Missed Shot,Turnaround Jump Shot,2PT Field Goal,Mid-Range,Left Side(L),8-16 ft.,9,-92,21,1,0,20181217,LAC,POR
Shot Chart Detail,0021800450,525,202323,Evan Turner,1610612757,Portland Trail Blazers,4,7,50,Made Shot,Reverse Layup Shot,2PT Field Goal,Restricted Area,Center(C),Less Than 8 ft.,1,14,7,1,1,20181217,LAC,POR
Shot Chart Detail,0021800465,106,202323,Evan Turner,1610612757,Portland Trail Blazers,1,2,56,Made Shot,Driving Finger Roll Layup Shot,2PT Field Goal,Restricted Area,Center(C),Less Than 8 ft.,0,-5,0,1,1,20181219,POR,MEM
Shot Chart Detail,0021800465,138,202323,Evan Turner,1610612757,Portland Trail Blazers,1,1,0,Missed Shot,Fadeaway Jump Shot,2PT Field Goal,In The Paint (Non-RA),Center(C),Less Than 8 ft.,6,59,12,1,0,20181219,POR,MEM
Shot Chart Detail,0021800465,165,202323,Evan Turner,1610612757,Portland Trail Blazers,2,11,18,Made Shot,Pullup Jump shot,2PT Field Goal,Mid-Range,Center(C),8-16 ft.,14,-9,144,1,1,20181219,POR,MEM
Shot Chart Detail,0021800465,460,202323,Evan Turner,1610612757,Portland Trail Blazers,3,0,34,Missed Shot,Jump Shot,3PT Field Goal,Above the Break 3,Right Side Center(RC),24+ ft.,24,98,229,1,0,20181219,POR,MEM
Shot Chart Detail,0021800465,479,202323,Evan Turner,1610612757,Portland Trail Blazers,4,10,58,Made Shot,Step Back Jump shot,2PT Field Goal,Mid-Range,Center(C),8-16 ft.,15,-64,141,1,1,20181219,POR,MEM
Shot Chart Detail,0021800465,527,202323,Evan Turner,1610612757,Portland Trail Blazers,4,7,48,Missed Shot,Driving Layup Shot,2PT Field Goal,Restricted Area,Center(C),Less Than 8 ft.,2,-20,19,1,0,20181219,POR,MEM
Shot Chart Detail,0021800465,603,202323,Evan Turner,1610612757,Portland Trail Blazers,4,0,22,Missed Shot,Turnaround Jump Shot,2PT Field Goal,In The Paint (Non-RA),Center(C),Less Than 8 ft.,4,-10,41,1,0,20181219,POR,MEM
Shot Chart Detail,0021800476,75,202323,Evan Turner,1610612757,Portland Trail Blazers,1,7,16,Made Shot,Step Back Jump shot,2PT Field Goal,Mid-Range,Left Side(L),8-16 ft.,15,-138,64,1,1,20181221,POR,UTA
Shot Chart Detail,0021800476,99,202323,Evan Turner,1610612757,Portland Trail Blazers,1,4,51,Made Shot,Turnaround Fadeaway shot,2PT Field Goal,In The Paint (Non-RA),Center(C),8-16 ft.,14,66,129,1,1,20181221,POR,UTA
Shot Chart Detail,0021800476,129,202323,Evan Turner,1610612757,Portland Trail Blazers,1,2,12,Missed Shot,Turnaround Fadeaway shot,2PT Field Goal,Mid-Range,Right Side(R),8-16 ft.,12,122,8,1,0,20181221,POR,UTA
Shot Chart Detail,0021800476,142,202323,Evan Turner,1610612757,Portland Trail Blazers,1,1,3,Made Shot,Pullup Jump shot,2PT Field Goal,Mid-Range,Right Side Center(RC),16-24 ft.,17,87,151,1,1,20181221,POR,UTA
Shot Chart Detail,0021800476,146,202323,Evan Turner,1610612757,Portland Trail Blazers,1,0,40,Made Shot,Pullup Jump shot,2PT Field Goal,Mid-Range,Left Side Center(LC),16-24 ft.,18,-91,164,1,1,20181221,POR,UTA
Shot Chart Detail,0021800476,455,202323,Evan Turner,1610612757,Portland Trail Blazers,3,1,24,Made Shot,Pullup Jump shot,2PT Field Goal,In The Paint (Non-RA),Right Side(R),8-16 ft.,10,73,74,1,1,20181221,POR,UTA
Shot Chart Detail,0021800476,517,202323,Evan Turner,1610612757,Portland Trail Blazers,4,8,34,Missed Shot,Layup Shot,2PT Field Goal,In The Paint (Non-RA),Center(C),Less Than 8 ft.,4,10,41,1,0,20181221,POR,UTA
Shot Chart Detail,0021800476,520,202323,Evan Turner,1610612757,Portland Trail Blazers,4,8,30,Made Shot,Reverse Layup Shot,2PT Field Goal,Restricted Area,Center(C),Less Than 8 ft.,1,-6,16,1,1,20181221,POR,UTA
Shot Chart Detail,0021800495,72,202323,Evan Turner,1610612757,Portland Trail Blazers,1,5,15,Missed Shot,Hook Bank Shot,2PT Field Goal,Restricted Area,Center(C),Less Than 8 ft.,3,21,25,1,0,20181223,POR,DAL
Shot Chart Detail,0021800495,74,202323,Evan Turner,1610612757,Portland Trail Blazers,1,5,12,Missed Shot,Reverse Layup Shot,2PT Field Goal,Restricted Area,Center(C),Less Than 8 ft.,1,-8,11,1,0,20181223,POR,DAL
Shot Chart Detail,0021800495,121,202323,Evan Turner,1610612757,Portland Trail Blazers,1,2,34,Missed Shot,Turnaround Fadeaway shot,2PT Field Goal,In The Paint (Non-RA),Center(C),Less Than 8 ft.,5,-36,47,1,0,20181223,POR,DAL
Shot Chart Detail,0021800495,139,202323,Evan Turner,1610612757,Portland Trail Blazers,1,1,24,Made Shot,Tip Layup Shot,2PT Field Goal,Restricted Area,Center(C),Less Than 8 ft.,0,0,-6,1,1,20181223,POR,DAL
Shot Chart Detail,0021800495,170,202323,Evan Turner,1610612757,Portland Trail Blazers,2,11,18,Missed Shot,Driving Reverse Layup Shot,2PT Field Goal,Restricted Area,Center(C),Less Than 8 ft.,2,-25,8,1,0,20181223,POR,DAL
Shot Chart Detail,0021800495,214,202323,Evan Turner,1610612757,Portland Trail Blazers,2,7,2,Missed Shot,Pullup Jump shot,2PT Field Goal,Mid-Range,Right Side(R),16-24 ft.,20,174,109,1,0,20181223,POR,DAL
Shot Chart Detail,0021800495,526,202323,Evan Turner,1610612757,Portland Trail Blazers,4,8,45,Missed Shot,Turnaround Jump Shot,2PT Field Goal,Restricted Area,Center(C),Less Than 8 ft.,3,39,-2,1,0,20181223,POR,DAL
Shot Chart Detail,0021800495,535,202323,Evan Turner,1610612757,Portland Trail Blazers,4,8,12,Missed Shot,Turnaround Jump Shot,2PT Field Goal,Restricted Area,Center(C),Less Than 8 ft.,3,38,3,1,0,20181223,POR,DAL
Shot Chart Detail,0021800495,548,202323,Evan Turner,1610612757,Portland Trail Blazers,4,7,3,Missed Shot,Turnaround Jump Shot,2PT Field Goal,Mid-Range,Right Side(R),8-16 ft.,11,112,5,1,0,20181223,POR,DAL
Shot Chart Detail,0021800501,95,202323,Evan Turner,1610612757,Portland Trail Blazers,1,4,46,Made Shot,Step Back Jump shot,2PT Field Goal,In The Paint (Non-RA),Left Side(L),8-16 ft.,12,-66,104,1,1,20181225,UTA,POR
Shot Chart Detail,0021800501,135,202323,Evan Turner,1610612757,Portland Trail Blazers,1,2,26,Made Shot,Pullup Jump shot,2PT Field Goal,Mid-Range,Right Side Center(RC),16-24 ft.,16,113,120,1,1,20181225,UTA,POR
Shot Chart Detail,0021800501,152,202323,Evan Turner,1610612757,Portland Trail Blazers,1,1,1,Missed Shot,Step Back Jump shot,2PT Field Goal,In The Paint (Non-RA),Center(C),8-16 ft.,9,-47,85,1,0,20181225,UTA,POR
Shot Chart Detail,0021800501,161,202323,Evan Turner,1610612757,Portland Trail Blazers,1,0,34,Missed Shot,Step Back Jump shot,2PT Field Goal,In The Paint (Non-RA),Center(C),8-16 ft.,12,55,107,1,0,20181225,UTA,POR
Shot Chart Detail,0021800501,217,202323,Evan Turner,1610612757,Portland Trail Blazers,2,8,39,Made Shot,Layup Shot,2PT Field Goal,Restricted Area,Center(C),Less Than 8 ft.,1,10,7,1,1,20181225,UTA,POR
Shot Chart Detail,0021800501,460,202323,Evan Turner,1610612757,Portland Trail Blazers,3,3,53,Missed Shot,Step Back Jump shot,2PT Field Goal,Mid-Range,Left Side(L),8-16 ft.,9,-95,3,1,0,20181225,UTA,POR
Shot Chart Detail,0021800501,517,202323,Evan Turner,1610612757,Portland Trail Blazers,4,11,23,Missed Shot,Pullup Jump shot,2PT Field Goal,In The Paint (Non-RA),Center(C),8-16 ft.,10,24,104,1,0,20181225,UTA,POR
Shot Chart Detail,0021800501,523,202323,Evan Turner,1610612757,Portland Trail Blazers,4,10,57,Missed Shot,Jump Bank Shot,2PT Field Goal,In The Paint (Non-RA),Center(C),Less Than 8 ft.,7,57,55,1,0,20181225,UTA,POR
Shot Chart Detail,0021800501,525,202323,Evan Turner,1610612757,Portland Trail Blazers,4,10,47,Made Shot,Jump Shot,2PT Field Goal,In The Paint (Non-RA),Right Side(R),8-16 ft.,11,63,94,1,1,20181225,UTA,POR
Shot Chart Detail,0021800516,146,202323,Evan Turner,1610612757,Portland Trail Blazers,1,0,46,Missed Shot,Jump Shot,2PT Field Goal,Mid-Range,Center(C),16-24 ft.,17,-20,169,1,0,20181227,GSW,POR
Shot Chart Detail,0021800516,188,202323,Evan Turner,1610612757,Portland Trail Blazers,2,9,35,Missed Shot,Jump Shot,3PT Field Goal,Above the Break 3,Center(C),24+ ft.,26,-17,269,1,0,20181227,GSW,POR
Shot Chart Detail,0021800516,513,202323,Evan Turner,1610612757,Portland Trail Blazers,3,1,19,Made Shot,Turnaround Fadeaway shot,2PT Field Goal,Mid-Range,Right Side Center(RC),16-24 ft.,16,130,99,1,1,20181227,GSW,POR
Shot Chart Detail,0021800516,536,202323,Evan Turner,1610612757,Portland Trail Blazers,4,11,15,Missed Shot,Jump Shot,2PT Field Goal,In The Paint (Non-RA),Center(C),8-16 ft.,9,36,87,1,0,20181227,GSW,POR
Shot Chart Detail,0021800534,87,202323,Evan Turner,1610612757,Portland Trail Blazers,1,3,30,Missed Shot,Step Back Jump shot,2PT Field Goal,In The Paint (Non-RA),Center(C),8-16 ft.,12,18,123,1,0,20181229,POR,GSW
Shot Chart Detail,0021800534,116,202323,Evan Turner,1610612757,Portland Trail Blazers,1,2,2,Missed Shot,Driving Layup Shot,2PT Field Goal,Restricted Area,Center(C),Less Than 8 ft.,2,-17,13,1,0,20181229,POR,GSW
Shot Chart Detail,0021800534,177,202323,Evan Turner,1610612757,Portland Trail Blazers,2,9,45,Made Shot,Driving Floating Bank Jump Shot,2PT Field Goal,In The Paint (Non-RA),Center(C),Less Than 8 ft.,7,-74,12,1,1,20181229,POR,GSW
Shot Chart Detail,0021800534,198,202323,Evan Turner,1610612757,Portland Trail Blazers,2,8,14,Missed Shot,Jump Shot,2PT Field Goal,In The Paint (Non-RA),Center(C),8-16 ft.,12,-58,113,1,0,20181229,POR,GSW
Shot Chart Detail,0021800534,500,202323,Evan Turner,1610612757,Portland Trail Blazers,4,11,12,Missed Shot,Driving Layup Shot,2PT Field Goal,Restricted Area,Center(C),Less Than 8 ft.,1,1,11,1,0,20181229,POR,GSW
Shot Chart Detail,0021800540,28,202323,Evan Turner,1610612757,Portland Trail Blazers,1,9,29,Missed Shot,Step Back Jump shot,2PT Field Goal,In The Paint (Non-RA),Left Side(L),8-16 ft.,9,-73,53,1,0,20181230,POR,PHI
Shot Chart Detail,0021800540,125,202323,Evan Turner,1610612757,Portland Trail Blazers,1,3,22,Made Shot,Layup Shot,2PT Field Goal,Restricted Area,Center(C),Less Than 8 ft.,0,9,2,1,1,20181230,POR,PHI
Shot Chart Detail,0021800540,133,202323,Evan Turner,1610612757,Portland Trail Blazers,1,2,27,Made Shot,Layup Shot,2PT Field Goal,Restricted Area,Center(C),Less Than 8 ft.,1,-11,7,1,1,20181230,POR,PHI
Shot Chart Detail,0021800540,183,202323,Evan Turner,1610612757,Portland Trail Blazers,2,9,57,Made Shot,Driving Layup Shot,2PT Field Goal,Restricted Area,Center(C),Less Than 8 ft.,2,-27,12,1,1,20181230,POR,PHI
Shot Chart Detail,0021800540,194,202323,Evan Turner,1610612757,Portland Trail Blazers,2,8,47,Missed Shot,Fadeaway Jump Shot,2PT Field Goal,Restricted Area,Center(C),Less Than 8 ft.,3,15,27,1,0,20181230,POR,PHI
Shot Chart Detail,0021800540,454,202323,Evan Turner,1610612757,Portland Trail Blazers,3,3,30,Made Shot,Driving Layup Shot,2PT Field Goal,Restricted Area,Center(C),Less Than 8 ft.,1,11,4,1,1,20181230,POR,PHI
Shot Chart Detail,0021800552,516,202323,Evan Turner,1610612757,Portland Trail Blazers,4,11,44,Made Shot,Turnaround Fadeaway shot,2PT Field Goal,Mid-Range,Left Side(L),8-16 ft.,10,-109,-3,1,1,20190101,SAC,POR
Shot Chart Detail,0021800575,208,202323,Evan Turner,1610612757,Portland Trail Blazers,2,7,52,Made Shot,Layup Shot,2PT Field Goal,Restricted Area,Center(C),Less Than 8 ft.,1,11,0,1,1,20190104,POR,OKC
Shot Chart Detail,0021800575,240,202323,Evan Turner,1610612757,Portland Trail Blazers,2,5,23,Missed Shot,Pullup Jump shot,2PT Field Goal,In The Paint (Non-RA),Center(C),8-16 ft.,13,6,136,1,0,20190104,POR,OKC
Shot Chart Detail,0021800575,438,202323,Evan Turner,1610612757,Portland Trail Blazers,3,3,17,Made Shot,Turnaround Fadeaway shot,2PT Field Goal,In The Paint (Non-RA),Right Side(R),8-16 ft.,8,79,38,1,1,20190104,POR,OKC
Shot Chart Detail,0021800575,494,202323,Evan Turner,1610612757,Portland Trail Blazers,4,11,6,Missed Shot,Pullup Jump shot,2PT Field Goal,Mid-Range,Right Side Center(RC),16-24 ft.,16,81,141,1,0,20190104,POR,OKC
Shot Chart Detail,0021800575,527,202323,Evan Turner,1610612757,Portland Trail Blazers,4,8,11,Missed Shot,Driving Layup Shot,2PT Field Goal,Restricted Area,Center(C),Less Than 8 ft.,1,13,5,1,0,20190104,POR,OKC
Shot Chart Detail,0021800582,28,202323,Evan Turner,1610612757,Portland Trail Blazers,1,9,19,Made Shot,Pullup Jump shot,2PT Field Goal,Mid-Range,Center(C),8-16 ft.,15,4,159,1,1,20190105,POR,HOU
Shot Chart Detail,0021800582,40,202323,Evan Turner,1610612757,Portland Trail Blazers,1,8,8,Missed Shot,Jump Shot,3PT Field Goal,Right Corner 3,Right Side(R),24+ ft.,22,222,12,1,0,20190105,POR,HOU
Shot Chart Detail,0021800582,48,202323,Evan Turner,1610612757,Portland Trail Blazers,1,7,22,Missed Shot,Jump Shot,3PT Field Goal,Left Corner 3,Left Side(L),24+ ft.,22,-226,-8,1,0,20190105,POR,HOU
Shot Chart Detail,0021800582,63,202323,Evan Turner,1610612757,Portland Trail Blazers,1,5,58,Made Shot,Layup Shot,2PT Field Goal,Restricted Area,Center(C),Less Than 8 ft.,2,-16,13,1,1,20190105,POR,HOU
Shot Chart Detail,0021800582,276,202323,Evan Turner,1610612757,Portland Trail Blazers,2,1,21,Made Shot,Jump Bank Shot,2PT Field Goal,In The Paint (Non-RA),Center(C),Less Than 8 ft.,6,-65,-3,1,1,20190105,POR,HOU
Shot Chart Detail,0021800582,343,202323,Evan Turner,1610612757,Portland Trail Blazers,3,7,20,Made Shot,Reverse Layup Shot,2PT Field Goal,Restricted Area,Center(C),Less Than 8 ft.,0,0,4,1,1,20190105,POR,HOU
Shot Chart Detail,0021800582,430,202323,Evan Turner,1610612757,Portland Trail Blazers,3,1,12,Missed Shot,Jump Shot,3PT Field Goal,Above the Break 3,Center(C),24+ ft.,25,-5,251,1,0,20190105,POR,HOU
Shot Chart Detail,0021800582,455,202323,Evan Turner,1610612757,Portland Trail Blazers,4,11,47,Missed Shot,Driving Layup Shot,2PT Field Goal,Restricted Area,Center(C),Less Than 8 ft.,1,-4,14,1,0,20190105,POR,HOU
Shot Chart Detail,0021800582,491,202323,Evan Turner,1610612757,Portland Trail Blazers,4,8,55,Missed Shot,Pullup Jump shot,2PT Field Goal,In The Paint (Non-RA),Right Side(R),8-16 ft.,10,63,88,1,0,20190105,POR,HOU
Shot Chart Detail,0021800582,527,202323,Evan Turner,1610612757,Portland Trail Blazers,4,6,11,Made Shot,Driving Layup Shot,2PT Field Goal,Restricted Area,Center(C),Less Than 8 ft.,2,-2,20,1,1,20190105,POR,HOU
Shot Chart Detail,0021800582,574,202323,Evan Turner,1610612757,Portland Trail Blazers,4,1,14,Made Shot,Reverse Layup Shot,2PT Field Goal,Restricted Area,Center(C),Less Than 8 ft.,0,-5,0,1,1,20190105,POR,HOU
Shot Chart Detail,0021800597,90,202323,Evan Turner,1610612757,Portland Trail Blazers,1,5,0,Made Shot,Reverse Layup Shot,2PT Field Goal,Restricted Area,Center(C),Less Than 8 ft.,0,-8,1,1,1,20190107,POR,NYK
Shot Chart Detail,0021800597,124,202323,Evan Turner,1610612757,Portland Trail Blazers,1,2,0,Made Shot,Jump Shot,3PT Field Goal,Right Corner 3,Right Side(R),24+ ft.,23,223,65,1,1,20190107,POR,NYK
Shot Chart Detail,0021800597,173,202323,Evan Turner,1610612757,Portland Trail Blazers,2,10,36,Missed Shot,Pullup Jump shot,2PT Field Goal,Mid-Range,Right Side Center(RC),16-24 ft.,16,57,160,1,0,20190107,POR,NYK
Shot Chart Detail,0021800597,453,202323,Evan Turner,1610612757,Portland Trail Blazers,3,1,19,Made Shot,Driving Layup Shot,2PT Field Goal,Restricted Area,Center(C),Less Than 8 ft.,1,13,13,1,1,20190107,POR,NYK
Shot Chart Detail,0021800615,88,202323,Evan Turner,1610612757,Portland Trail Blazers,1,3,30,Made Shot,Turnaround Fadeaway shot,2PT Field Goal,In The Paint (Non-RA),Center(C),8-16 ft.,11,-52,106,1,1,20190109,POR,CHI
Shot Chart Detail,0021800615,94,202323,Evan Turner,1610612757,Portland Trail Blazers,1,2,30,Missed Shot,Pullup Jump shot,2PT Field Goal,Mid-Range,Center(C),8-16 ft.,15,2,151,1,0,20190109,POR,CHI
Shot Chart Detail,0021800615,236,202323,Evan Turner,1610612757,Portland Trail Blazers,2,2,41,Missed Shot,Pullup Jump shot,2PT Field Goal,Mid-Range,Left Side(L),16-24 ft.,17,-172,4,1,0,20190109,POR,CHI
Shot Chart Detail,0021800615,245,202323,Evan Turner,1610612757,Portland Trail Blazers,2,2,15,Missed Shot,Turnaround Fadeaway shot,2PT Field Goal,In The Paint (Non-RA),Center(C),Less Than 8 ft.,7,2,73,1,0,20190109,POR,CHI
Shot Chart Detail,0021800615,405,202323,Evan Turner,1610612757,Portland Trail Blazers,3,2,44,Missed Shot,Turnaround Fadeaway shot,2PT Field Goal,In The Paint (Non-RA),Center(C),Less Than 8 ft.,7,75,16,1,0,20190109,POR,CHI
Shot Chart Detail,0021800628,119,202323,Evan Turner,1610612757,Portland Trail Blazers,1,1,40,Missed Shot,Jump Shot,3PT Field Goal,Above the Break 3,Right Side Center(RC),24+ ft.,25,196,159,1,0,20190111,POR,CHA
Shot Chart Detail,0021800628,123,202323,Evan Turner,1610612757,Portland Trail Blazers,1,1,32,Missed Shot,Layup Shot,2PT Field Goal,Restricted Area,Center(C),Less Than 8 ft.,2,-20,0,1,0,20190111,POR,CHA
Shot Chart Detail,0021800628,127,202323,Evan Turner,1610612757,Portland Trail Blazers,1,1,8,Made Shot,Driving Layup Shot,2PT Field Goal,Mid-Range,Left Side(L),8-16 ft.,10,-95,38,1,1,20190111,POR,CHA
Shot Chart Detail,0021800628,180,202323,Evan Turner,1610612757,Portland Trail Blazers,2,9,48,Made Shot,Reverse Layup Shot,2PT Field Goal,Restricted Area,Center(C),Less Than 8 ft.,2,-22,1,1,1,20190111,POR,CHA
Shot Chart Detail,0021800628,221,202323,Evan Turner,1610612757,Portland Trail Blazers,2,6,9,Made Shot,Turnaround Jump Shot,2PT Field Goal,In The Paint (Non-RA),Center(C),Less Than 8 ft.,7,69,15,1,1,20190111,POR,CHA
Shot Chart Detail,0021800628,227,202323,Evan Turner,1610612757,Portland Trail Blazers,2,5,32,Made Shot,Layup Shot,2PT Field Goal,Restricted Area,Center(C),Less Than 8 ft.,0,2,0,1,1,20190111,POR,CHA
Shot Chart Detail,0021800628,445,202323,Evan Turner,1610612757,Portland Trail Blazers,3,0,42,Missed Shot,Fadeaway Jump Shot,2PT Field Goal,In The Paint (Non-RA),Right Side(R),8-16 ft.,9,74,64,1,0,20190111,POR,CHA
Shot Chart Detail,0021800628,493,202323,Evan Turner,1610612757,Portland Trail Blazers,4,9,10,Made Shot,Jump Shot,3PT Field Goal,Above the Break 3,Right Side Center(RC),24+ ft.,24,204,141,1,1,20190111,POR,CHA
Shot Chart Detail,0021800628,520,202323,Evan Turner,1610612757,Portland Trail Blazers,4,6,56,Made Shot,Pullup Jump shot,2PT Field Goal,Mid-Range,Right Side(R),8-16 ft.,12,126,13,1,1,20190111,POR,CHA
Shot Chart Detail,0021800643,102,202323,Evan Turner,1610612757,Portland Trail Blazers,1,2,47,Made Shot,Turnaround Fadeaway shot,2PT Field Goal,In The Paint (Non-RA),Center(C),8-16 ft.,10,-51,90,1,1,20190113,DEN,POR
Shot Chart Detail,0021800643,150,202323,Evan Turner,1610612757,Portland Trail Blazers,2,11,35,Made Shot,Layup Shot,2PT Field Goal,Restricted Area,Center(C),Less Than 8 ft.,2,-16,17,1,1,20190113,DEN,POR
Shot Chart Detail,0021800643,158,202323,Evan Turner,1610612757,Portland Trail Blazers,2,10,45,Missed Shot,Fadeaway Jump Shot,2PT Field Goal,In The Paint (Non-RA),Right Side(R),8-16 ft.,9,75,53,1,0,20190113,DEN,POR
Shot Chart Detail,0021800643,176,202323,Evan Turner,1610612757,Portland Trail Blazers,2,8,42,Made Shot,Pullup Jump shot,2PT Field Goal,In The Paint (Non-RA),Center(C),8-16 ft.,11,-41,112,1,1,20190113,DEN,POR
Shot Chart Detail,0021800643,465,202323,Evan Turner,1610612757,Portland Trail Blazers,4,10,26,Made Shot,Fadeaway Jump Shot,2PT Field Goal,Mid-Range,Right Side(R),8-16 ft.,11,107,47,1,1,20190113,DEN,POR
Shot Chart Detail,0021800649,151,202323,Evan Turner,1610612757,Portland Trail Blazers,1,0,2,Made Shot,Pullup Jump shot,2PT Field Goal,Mid-Range,Center(C),16-24 ft.,16,12,163,1,1,20190114,SAC,POR
Shot Chart Detail,0021800649,165,202323,Evan Turner,1610612757,Portland Trail Blazers,2,11,15,Missed Shot,Jump Shot,2PT Field Goal,Mid-Range,Left Side(L),8-16 ft.,14,-143,38,1,0,20190114,SAC,POR
Shot Chart Detail,0021800649,175,202323,Evan Turner,1610612757,Portland Trail Blazers,2,10,6,Missed Shot,Turnaround Jump Shot,2PT Field Goal,Mid-Range,Right Side(R),8-16 ft.,11,115,-6,1,0,20190114,SAC,POR
Shot Chart Detail,0021800649,191,202323,Evan Turner,1610612757,Portland Trail Blazers,2,9,31,Missed Shot,Jump Shot,3PT Field Goal,Above the Break 3,Right Side Center(RC),24+ ft.,24,94,231,1,0,20190114,SAC,POR
Shot Chart Detail,0021800649,198,202323,Evan Turner,1610612757,Portland Trail Blazers,2,8,29,Missed Shot,Jump Shot,2PT Field Goal,In The Paint (Non-RA),Center(C),8-16 ft.,11,-2,110,1,0,20190114,SAC,POR
Shot Chart Detail,0021800649,419,202323,Evan Turner,1610612757,Portland Trail Blazers,3,3,59,Made Shot,Driving Reverse Layup Shot,2PT Field Goal,Restricted Area,Center(C),Less Than 8 ft.,2,21,16,1,1,20190114,SAC,POR
Shot Chart Detail,0021800649,516,202323,Evan Turner,1610612757,Portland Trail Blazers,4,8,15,Made Shot,Jump Shot,3PT Field Goal,Above the Break 3,Left Side Center(LC),24+ ft.,25,-159,205,1,1,20190114,SAC,POR
Shot Chart Detail,0021800649,536,202323,Evan Turner,1610612757,Portland Trail Blazers,4,7,13,Missed Shot,Jump Shot,3PT Field Goal,Left Corner 3,Left Side(L),24+ ft.,22,-225,23,1,0,20190114,SAC,POR
Shot Chart Detail,0021800649,554,202323,Evan Turner,1610612757,Portland Trail Blazers,4,5,40,Made Shot,Reverse Layup Shot,2PT Field Goal,Restricted Area,Center(C),Less Than 8 ft.,1,-13,13,1,1,20190114,SAC,POR
Shot Chart Detail,0021800649,576,202323,Evan Turner,1610612757,Portland Trail Blazers,4,4,46,Missed Shot,Layup Shot,2PT Field Goal,Restricted Area,Center(C),Less Than 8 ft.,2,27,11,1,0,20190114,SAC,POR
Shot Chart Detail,0021800649,591,202323,Evan Turner,1610612757,Portland Trail Blazers,4,4,5,Made Shot,Dunk Shot,2PT Field Goal,Restricted Area,Center(C),Less Than 8 ft.,2,-5,20,1,1,20190114,SAC,POR
Shot Chart Detail,0021800662,476,202323,Evan Turner,1610612757,Portland Trail Blazers,4,10,58,Made Shot,Turnaround Fadeaway shot,2PT Field Goal,In The Paint (Non-RA),Center(C),Less Than 8 ft.,4,47,1,1,1,20190116,POR,CLE
Shot Chart Detail,0021800662,481,202323,Evan Turner,1610612757,Portland Trail Blazers,4,10,29,Made Shot,Running Pull-Up Jump Shot,2PT Field Goal,Mid-Range,Center(C),8-16 ft.,14,2,147,1,1,20190116,POR,CLE
Shot Chart Detail,0021800662,484,202323,Evan Turner,1610612757,Portland Trail Blazers,4,9,52,Missed Shot,Pullup Jump shot,3PT Field Goal,Above the Break 3,Right Side Center(RC),24+ ft.,24,100,225,1,0,20190116,POR,CLE
Shot Chart Detail,0021800662,488,202323,Evan Turner,1610612757,Portland Trail Blazers,4,9,31,Missed Shot,Pullup Jump shot,2PT Field Goal,Mid-Range,Center(C),16-24 ft.,20,-2,202,1,0,20190116,POR,CLE
Shot Chart Detail,0021800662,491,202323,Evan Turner,1610612757,Portland Trail Blazers,4,9,3,Made Shot,Driving Layup Shot,2PT Field Goal,Restricted Area,Center(C),Less Than 8 ft.,1,-9,5,1,1,20190116,POR,CLE
Shot Chart Detail,0021800662,512,202323,Evan Turner,1610612757,Portland Trail Blazers,4,7,11,Missed Shot,Turnaround Jump Shot,2PT Field Goal,In The Paint (Non-RA),Center(C),Less Than 8 ft.,7,-71,-8,1,0,20190116,POR,CLE
Shot Chart Detail,0021800677,103,202323,Evan Turner,1610612757,Portland Trail Blazers,1,3,53,Made Shot,Step Back Jump shot,2PT Field Goal,In The Paint (Non-RA),Center(C),8-16 ft.,14,-71,123,1,1,20190118,POR,NOP
Shot Chart Detail,0021800677,215,202323,Evan Turner,1610612757,Portland Trail Blazers,2,7,28,Missed Shot,Step Back Jump shot,2PT Field Goal,Mid-Range,Center(C),8-16 ft.,15,-2,151,1,0,20190118,POR,NOP
Shot Chart Detail,0021800677,224,202323,Evan Turner,1610612757,Portland Trail Blazers,2,7,13,Made Shot,Turnaround Fadeaway shot,2PT Field Goal,In The Paint (Non-RA),Center(C),Less Than 8 ft.,5,47,18,1,1,20190118,POR,NOP
Shot Chart Detail,0021800677,231,202323,Evan Turner,1610612757,Portland Trail Blazers,2,6,53,Missed Shot,Turnaround Jump Shot,2PT Field Goal,Mid-Range,Left Side(L),8-16 ft.,11,-115,6,1,0,20190118,POR,NOP
Shot Chart Detail,0021800677,252,202323,Evan Turner,1610612757,Portland Trail Blazers,2,5,16,Missed Shot,Reverse Layup Shot,2PT Field Goal,Restricted Area,Center(C),Less Than 8 ft.,3,0,31,1,0,20190118,POR,NOP
Shot Chart Detail,0021800677,528,202323,Evan Turner,1610612757,Portland Trail Blazers,4,11,25,Missed Shot,Fadeaway Jump Shot,2PT Field Goal,In The Paint (Non-RA),Center(C),8-16 ft.,9,-2,96,1,0,20190118,POR,NOP
Shot Chart Detail,0021800677,552,202323,Evan Turner,1610612757,Portland Trail Blazers,4,8,46,Missed Shot,Driving Reverse Layup Shot,2PT Field Goal,Restricted Area,Center(C),Less Than 8 ft.,1,0,16,1,0,20190118,POR,NOP
Shot Chart Detail,0021800677,583,202323,Evan Turner,1610612757,Portland Trail Blazers,4,7,5,Missed Shot,Jump Shot,3PT Field Goal,Right Corner 3,Right Side(R),24+ ft.,23,231,36,1,0,20190118,POR,NOP
Shot Chart Detail,0021800677,602,202323,Evan Turner,1610612757,Portland Trail Blazers,4,5,29,Made Shot,Reverse Layup Shot,2PT Field Goal,Restricted Area,Center(C),Less Than 8 ft.,0,-3,-2,1,1,20190118,POR,NOP
Shot Chart Detail,0021800700,87,202323,Evan Turner,1610612757,Portland Trail Blazers,1,4,56,Made Shot,Cutting Layup Shot,2PT Field Goal,Restricted Area,Center(C),Less Than 8 ft.,3,30,18,1,1,20190121,UTA,POR
Shot Chart Detail,0021800700,110,202323,Evan Turner,1610612757,Portland Trail Blazers,1,3,40,Made Shot,Layup Shot,2PT Field Goal,Restricted Area,Center(C),Less Than 8 ft.,2,-22,8,1,1,20190121,UTA,POR
Shot Chart Detail,0021800700,113,202323,Evan Turner,1610612757,Portland Trail Blazers,1,3,7,Made Shot,Turnaround Fadeaway shot,2PT Field Goal,Mid-Range,Right Side(R),8-16 ft.,9,85,47,1,1,20190121,UTA,POR
Shot Chart Detail,0021800700,145,202323,Evan Turner,1610612757,Portland Trail Blazers,1,0,0,Missed Shot,Reverse Layup Shot,2PT Field Goal,Restricted Area,Center(C),Less Than 8 ft.,2,-19,20,1,0,20190121,UTA,POR
Shot Chart Detail,0021800700,191,202323,Evan Turner,1610612757,Portland Trail Blazers,2,9,0,Missed Shot,Pullup Jump shot,2PT Field Goal,Mid-Range,Left Side Center(LC),16-24 ft.,20,-95,176,1,0,20190121,UTA,POR
Shot Chart Detail,0021800700,193,202323,Evan Turner,1610612757,Portland Trail Blazers,2,8,49,Made Shot,Pullup Jump shot,2PT Field Goal,Mid-Range,Left Side Center(LC),16-24 ft.,18,-148,117,1,1,20190121,UTA,POR
Shot Chart Detail,0021800700,565,202323,Evan Turner,1610612757,Portland Trail Blazers,4,9,7,Made Shot,Pullup Jump shot,2PT Field Goal,In The Paint (Non-RA),Center(C),Less Than 8 ft.,6,41,55,1,1,20190121,UTA,POR
Shot Chart Detail,0021800700,638,202323,Evan Turner,1610612757,Portland Trail Blazers,4,3,1,Missed Shot,Layup Shot,2PT Field Goal,Restricted Area,Center(C),Less Than 8 ft.,2,-22,6,1,0,20190121,UTA,POR
Shot Chart Detail,0021800703,157,202323,Evan Turner,1610612757,Portland Trail Blazers,1,1,39,Missed Shot,Driving Floating Jump Shot,2PT Field Goal,In The Paint (Non-RA),Center(C),Less Than 8 ft.,6,0,61,1,0,20190122,OKC,POR
Shot Chart Detail,0021800703,211,202323,Evan Turner,1610612757,Portland Trail Blazers,2,8,51,Made Shot,Layup Shot,2PT Field Goal,Restricted Area,Center(C),Less Than 8 ft.,0,7,3,1,1,20190122,OKC,POR
Shot Chart Detail,0021800703,281,202323,Evan Turner,1610612757,Portland Trail Blazers,2,4,0,Made Shot,Driving Layup Shot,2PT Field Goal,Restricted Area,Center(C),Less Than 8 ft.,0,1,6,1,1,20190122,OKC,POR
Shot Chart Detail,0021800718,218,202323,Evan Turner,1610612757,Portland Trail Blazers,2,7,32,Missed Shot,Step Back Jump shot,2PT Field Goal,In The Paint (Non-RA),Left Side(L),8-16 ft.,13,-72,109,1,0,20190124,PHX,POR
Shot Chart Detail,0021800718,260,202323,Evan Turner,1610612757,Portland Trail Blazers,2,4,55,Missed Shot,Turnaround Jump Shot,2PT Field Goal,In The Paint (Non-RA),Center(C),Less Than 8 ft.,7,73,26,1,0,20190124,PHX,POR
Shot Chart Detail,0021800718,265,202323,Evan Turner,1610612757,Portland Trail Blazers,2,4,28,Made Shot,Layup Shot,2PT Field Goal,Restricted Area,Center(C),Less Than 8 ft.,1,8,-9,1,1,20190124,PHX,POR
Shot Chart Detail,0021800718,279,202323,Evan Turner,1610612757,Portland Trail Blazers,2,3,48,Missed Shot,Turnaround Jump Shot,2PT Field Goal,Mid-Range,Left Side(L),8-16 ft.,14,-137,-29,1,0,20190124,PHX,POR
Shot Chart Detail,0021800763,153,202323,Evan Turner,1610612757,Portland Trail Blazers,2,11,30,Made Shot,Running Finger Roll Layup Shot,2PT Field Goal,Restricted Area,Center(C),Less Than 8 ft.,2,22,6,1,1,20190130,POR,UTA
Shot Chart Detail,0021800763,224,202323,Evan Turner,1610612757,Portland Trail Blazers,2,6,6,Made Shot,Pullup Jump shot,2PT Field Goal,In The Paint (Non-RA),Center(C),8-16 ft.,14,-63,136,1,1,20190130,POR,UTA
Shot Chart Detail,0021800763,497,202323,Evan Turner,1610612757,Portland Trail Blazers,4,11,26,Missed Shot,Step Back Jump shot,2PT Field Goal,Mid-Range,Left Side Center(LC),16-24 ft.,18,-125,133,1,0,20190130,POR,UTA
Shot Chart Detail,0021800763,525,202323,Evan Turner,1610612757,Portland Trail Blazers,4,9,1,Missed Shot,Driving Bank Hook Shot,2PT Field Goal,Restricted Area,Center(C),Less Than 8 ft.,2,20,6,1,0,20190130,POR,UTA
Shot Chart Detail,0021800763,535,202323,Evan Turner,1610612757,Portland Trail Blazers,4,8,34,Missed Shot,Turnaround Fadeaway shot,2PT Field Goal,In The Paint (Non-RA),Center(C),8-16 ft.,8,0,83,1,0,20190130,POR,UTA
Shot Chart Detail,0021800763,550,202323,Evan Turner,1610612757,Portland Trail Blazers,4,7,27,Missed Shot,Reverse Layup Shot,2PT Field Goal,Restricted Area,Center(C),Less Than 8 ft.,1,18,4,1,0,20190130,POR,UTA
Shot Chart Detail,0021800803,96,202323,Evan Turner,1610612757,Portland Trail Blazers,1,4,10,Made Shot,Running Pull-Up Jump Shot,2PT Field Goal,In The Paint (Non-RA),Center(C),Less Than 8 ft.,4,3,46,1,1,20190205,POR,MIA
Shot Chart Detail,0021800803,122,202323,Evan Turner,1610612757,Portland Trail Blazers,1,2,21,Missed Shot,Fadeaway Jump Shot,2PT Field Goal,Mid-Range,Left Side(L),8-16 ft.,14,-128,58,1,0,20190205,POR,MIA
Shot Chart Detail,0021800803,160,202323,Evan Turner,1610612757,Portland Trail Blazers,1,1,1,Missed Shot,Layup Shot,2PT Field Goal,Restricted Area,Center(C),Less Than 8 ft.,3,-24,19,1,0,20190205,POR,MIA
Shot Chart Detail,0021800803,136,202323,Evan Turner,1610612757,Portland Trail Blazers,1,0,54,Missed Shot,Driving Layup Shot,2PT Field Goal,Restricted Area,Center(C),Less Than 8 ft.,1,-19,4,1,0,20190205,POR,MIA
Shot Chart Detail,0021800803,150,202323,Evan Turner,1610612757,Portland Trail Blazers,1,0,1,Made Shot,Cutting Layup Shot,2PT Field Goal,Restricted Area,Center(C),Less Than 8 ft.,0,-1,4,1,1,20190205,POR,MIA
Shot Chart Detail,0021800803,175,202323,Evan Turner,1610612757,Portland Trail Blazers,2,10,1,Missed Shot,Jump Shot,3PT Field Goal,Above the Break 3,Right Side Center(RC),24+ ft.,24,166,186,1,0,20190205,POR,MIA
Shot Chart Detail,0021800803,473,202323,Evan Turner,1610612757,Portland Trail Blazers,4,10,0,Missed Shot,Turnaround Jump Shot,2PT Field Goal,In The Paint (Non-RA),Center(C),Less Than 8 ft.,6,66,5,1,0,20190205,POR,MIA
Shot Chart Detail,0021800803,490,202323,Evan Turner,1610612757,Portland Trail Blazers,4,8,37,Made Shot,Driving Layup Shot,2PT Field Goal,Restricted Area,Center(C),Less Than 8 ft.,1,19,6,1,1,20190205,POR,MIA
Shot Chart Detail,0021800803,527,202323,Evan Turner,1610612757,Portland Trail Blazers,4,5,44,Missed Shot,Pullup Jump shot,2PT Field Goal,In The Paint (Non-RA),Center(C),8-16 ft.,13,-41,129,1,0,20190205,POR,MIA
Shot Chart Detail,0021800816,163,202323,Evan Turner,1610612757,Portland Trail Blazers,2,10,34,Made Shot,Driving Layup Shot,2PT Field Goal,Restricted Area,Center(C),Less Than 8 ft.,0,9,-1,1,1,20190207,POR,SAS
Shot Chart Detail,0021800816,175,202323,Evan Turner,1610612757,Portland Trail Blazers,2,8,58,Made Shot,Jump Shot,2PT Field Goal,Mid-Range,Left Side Center(LC),16-24 ft.,16,-92,136,1,1,20190207,POR,SAS
Shot Chart Detail,0021800816,178,202323,Evan Turner,1610612757,Portland Trail Blazers,2,8,28,Made Shot,Driving Layup Shot,2PT Field Goal,Restricted Area,Center(C),Less Than 8 ft.,2,19,10,1,1,20190207,POR,SAS
Shot Chart Detail,0021800816,425,202323,Evan Turner,1610612757,Portland Trail Blazers,3,2,41,Missed Shot,Pullup Jump shot,2PT Field Goal,Mid-Range,Left Side(L),8-16 ft.,8,-84,-5,1,0,20190207,POR,SAS
Shot Chart Detail,0021800834,121,202323,Evan Turner,1610612757,Portland Trail Blazers,1,3,0,Missed Shot,Jump Shot,3PT Field Goal,Above the Break 3,Right Side Center(RC),24+ ft.,24,190,158,1,0,20190210,DAL,POR
Shot Chart Detail,0021800834,217,202323,Evan Turner,1610612757,Portland Trail Blazers,2,8,35,Made Shot,Driving Floating Jump Shot,2PT Field Goal,In The Paint (Non-RA),Center(C),Less Than 8 ft.,6,-13,64,1,1,20190210,DAL,POR
Shot Chart Detail,0021800846,152,202323,Evan Turner,1610612757,Portland Trail Blazers,1,1,24,Missed Shot,Turnaround Fadeaway shot,2PT Field Goal,Mid-Range,Right Side(R),8-16 ft.,8,84,-1,1,0,20190211,OKC,POR
Shot Chart Detail,0021800846,208,202323,Evan Turner,1610612757,Portland Trail Blazers,2,8,0,Missed Shot,Jump Shot,2PT Field Goal,Mid-Range,Left Side Center(LC),16-24 ft.,17,-89,146,1,0,20190211,OKC,POR
Shot Chart Detail,0021800846,272,202323,Evan Turner,1610612757,Portland Trail Blazers,2,5,25,Made Shot,Driving Layup Shot,2PT Field Goal,Restricted Area,Center(C),Less Than 8 ft.,1,11,3,1,1,20190211,OKC,POR
Shot Chart Detail,0021800846,613,202323,Evan Turner,1610612757,Portland Trail Blazers,4,7,12,Missed Shot,Jump Shot,3PT Field Goal,Above the Break 3,Left Side Center(LC),24+ ft.,25,-221,132,1,0,20190211,OKC,POR
Shot Chart Detail,0021800862,182,202323,Evan Turner,1610612757,Portland Trail Blazers,2,10,59,Made Shot,Fadeaway Jump Shot,2PT Field Goal,Mid-Range,Right Side(R),16-24 ft.,17,156,78,1,1,20190213,POR,GSW
Shot Chart Detail,0021800862,193,202323,Evan Turner,1610612757,Portland Trail Blazers,2,9,57,Made Shot,Turnaround Fadeaway shot,2PT Field Goal,In The Paint (Non-RA),Right Side(R),8-16 ft.,8,78,37,1,1,20190213,POR,GSW
Shot Chart Detail,0021800862,201,202323,Evan Turner,1610612757,Portland Trail Blazers,2,8,52,Made Shot,Driving Layup Shot,2PT Field Goal,Restricted Area,Center(C),Less Than 8 ft.,2,-19,8,1,1,20190213,POR,GSW
Shot Chart Detail,0021800862,227,202323,Evan Turner,1610612757,Portland Trail Blazers,2,7,31,Made Shot,Running Reverse Layup Shot,2PT Field Goal,Restricted Area,Center(C),Less Than 8 ft.,1,-12,2,1,1,20190213,POR,GSW
Shot Chart Detail,0021800862,237,202323,Evan Turner,1610612757,Portland Trail Blazers,2,7,20,Missed Shot,Step Back Jump shot,2PT Field Goal,Mid-Range,Left Side(L),8-16 ft.,9,-96,6,1,0,20190213,POR,GSW
Shot Chart Detail,0021800862,490,202323,Evan Turner,1610612757,Portland Trail Blazers,3,1,44,Missed Shot,Driving Layup Shot,2PT Field Goal,Restricted Area,Center(C),Less Than 8 ft.,2,25,8,1,0,20190213,POR,GSW
Shot Chart Detail,0021800862,500,202323,Evan Turner,1610612757,Portland Trail Blazers,3,1,11,Missed Shot,Running Pull-Up Jump Shot,2PT Field Goal,Mid-Range,Right Side Center(RC),16-24 ft.,16,89,143,1,0,20190213,POR,GSW
Shot Chart Detail,0021800862,511,202323,Evan Turner,1610612757,Portland Trail Blazers,3,0,0,Missed Shot,Jump Shot,3PT Field Goal,Left Corner 3,Left Side(L),24+ ft.,22,-223,11,1,0,20190213,POR,GSW
Shot Chart Detail,0021800862,578,202323,Evan Turner,1610612757,Portland Trail Blazers,4,6,39,Missed Shot,Driving Layup Shot,2PT Field Goal,Restricted Area,Center(C),Less Than 8 ft.,2,27,13,1,0,20190213,POR,GSW
Shot Chart Detail,0021800862,609,202323,Evan Turner,1610612757,Portland Trail Blazers,4,4,21,Missed Shot,Turnaround Fadeaway shot,2PT Field Goal,In The Paint (Non-RA),Center(C),Less Than 8 ft.,6,60,30,1,0,20190213,POR,GSW
Shot Chart Detail,0021800869,129,202323,Evan Turner,1610612757,Portland Trail Blazers,1,2,33,Missed Shot,Jump Shot,2PT Field Goal,In The Paint (Non-RA),Center(C),8-16 ft.,9,44,86,1,0,20190221,BKN,POR
Shot Chart Detail,0021800869,148,202323,Evan Turner,1610612757,Portland Trail Blazers,1,0,42,Missed Shot,Pullup Jump shot,2PT Field Goal,In The Paint (Non-RA),Center(C),Less Than 8 ft.,6,58,37,1,0,20190221,BKN,POR
Shot Chart Detail,0021800869,179,202323,Evan Turner,1610612757,Portland Trail Blazers,2,11,1,Missed Shot,Driving Floating Jump Shot,2PT Field Goal,In The Paint (Non-RA),Center(C),Less Than 8 ft.,5,35,42,1,0,20190221,BKN,POR
Shot Chart Detail,0021800869,211,202323,Evan Turner,1610612757,Portland Trail Blazers,2,8,44,Missed Shot,Turnaround Jump Shot,2PT Field Goal,In The Paint (Non-RA),Center(C),Less Than 8 ft.,7,-11,76,1,0,20190221,BKN,POR
Shot Chart Detail,0021800869,223,202323,Evan Turner,1610612757,Portland Trail Blazers,2,7,51,Missed Shot,Jump Shot,2PT Field Goal,In The Paint (Non-RA),Center(C),8-16 ft.,13,-36,126,1,0,20190221,BKN,POR
Shot Chart Detail,0021800962,209,202323,Evan Turner,1610612757,Portland Trail Blazers,2,8,5,Missed Shot,Turnaround Jump Shot,2PT Field Goal,In The Paint (Non-RA),Left Side(L),8-16 ft.,10,-55,90,1,0,20190305,MEM,POR
Shot Chart Detail,0021801013,180,202323,Evan Turner,1610612757,Portland Trail Blazers,2,9,51,Made Shot,Jump Shot,2PT Field Goal,Mid-Range,Center(C),16-24 ft.,19,36,189,1,1,20190312,LAC,POR
Shot Chart Detail,0021801013,537,202323,Evan Turner,1610612757,Portland Trail Blazers,4,11,37,Missed Shot,Turnaround Fadeaway shot,2PT Field Goal,Mid-Range,Left Side(L),8-16 ft.,13,-130,8,1,0,20190312,LAC,POR
Shot Chart Detail,0021801031,169,202323,Evan Turner,1610612757,Portland Trail Blazers,2,10,29,Missed Shot,Pullup Jump shot,2PT Field Goal,Mid-Range,Left Side(L),16-24 ft.,20,-191,80,1,0,20190315,NOP,POR
Shot Chart Detail,0021801031,207,202323,Evan Turner,1610612757,Portland Trail Blazers,2,8,18,Missed Shot,Turnaround Fadeaway shot,2PT Field Goal,Mid-Range,Right Side(R),8-16 ft.,11,116,7,1,0,20190315,NOP,POR
Shot Chart Detail,0021801031,524,202323,Evan Turner,1610612757,Portland Trail Blazers,3,0,39,Made Shot,Pullup Jump shot,2PT Field Goal,Mid-Range,Right Side(R),16-24 ft.,16,138,85,1,1,20190315,NOP,POR
Shot Chart Detail,0021801031,565,202323,Evan Turner,1610612757,Portland Trail Blazers,4,9,58,Missed Shot,Layup Shot,2PT Field Goal,Restricted Area,Center(C),Less Than 8 ft.,2,27,-6,1,0,20190315,NOP,POR
Shot Chart Detail,0021801039,146,202323,Evan Turner,1610612757,Portland Trail Blazers,2,11,9,Missed Shot,Pullup Jump shot,2PT Field Goal,Mid-Range,Center(C),16-24 ft.,21,-2,211,1,0,20190316,SAS,POR
Shot Chart Detail,0021801039,466,202323,Evan Turner,1610612757,Portland Trail Blazers,4,9,52,Missed Shot,Layup Shot,2PT Field Goal,Restricted Area,Center(C),Less Than 8 ft.,2,-21,11,1,0,20190316,SAS,POR
Shot Chart Detail,0021801058,163,202323,Evan Turner,1610612757,Portland Trail Blazers,2,11,17,Missed Shot,Turnaround Jump Shot,2PT Field Goal,In The Paint (Non-RA),Center(C),8-16 ft.,12,-54,111,1,0,20190318,POR,IND
Shot Chart Detail,0021801073,179,202323,Evan Turner,1610612757,Portland Trail Blazers,2,10,55,Made Shot,Driving Floating Jump Shot,2PT Field Goal,In The Paint (Non-RA),Center(C),Less Than 8 ft.,6,3,69,1,1,20190320,POR,DAL
Shot Chart Detail,0021801073,182,202323,Evan Turner,1610612757,Portland Trail Blazers,2,10,30,Missed Shot,Pullup Jump shot,2PT Field Goal,In The Paint (Non-RA),Right Side(R),8-16 ft.,10,65,85,1,0,20190320,POR,DAL
Shot Chart Detail,0021801073,225,202323,Evan Turner,1610612757,Portland Trail Blazers,2,7,0,Missed Shot,Pullup Jump shot,2PT Field Goal,In The Paint (Non-RA),Center(C),8-16 ft.,13,-56,118,1,0,20190320,POR,DAL
Shot Chart Detail,0021801073,269,202323,Evan Turner,1610612757,Portland Trail Blazers,2,4,21,Made Shot,Layup Shot,2PT Field Goal,Restricted Area,Center(C),Less Than 8 ft.,1,-11,8,1,1,20190320,POR,DAL
Shot Chart Detail,0021801073,520,202323,Evan Turner,1610612757,Portland Trail Blazers,4,8,59,Missed Shot,Driving Layup Shot,2PT Field Goal,Restricted Area,Center(C),Less Than 8 ft.,1,0,14,1,0,20190320,POR,DAL
Shot Chart Detail,0021801106,195,202323,Evan Turner,1610612757,Portland Trail Blazers,2,9,40,Made Shot,Cutting Dunk Shot,2PT Field Goal,Restricted Area,Center(C),Less Than 8 ft.,2,14,15,1,1,20190325,POR,BKN
Shot Chart Detail,0021801117,174,202323,Evan Turner,1610612757,Portland Trail Blazers,2,10,51,Made Shot,Cutting Layup Shot,2PT Field Goal,Restricted Area,Center(C),Less Than 8 ft.,0,0,-6,1,1,20190327,CHI,POR
Shot Chart Detail,0021801117,182,202323,Evan Turner,1610612757,Portland Trail Blazers,2,10,8,Missed Shot,Turnaround Fadeaway shot,2PT Field Goal,Mid-Range,Right Side(R),8-16 ft.,13,81,111,1,0,20190327,CHI,POR
Shot Chart Detail,0021801117,231,202323,Evan Turner,1610612757,Portland Trail Blazers,2,4,51,Missed Shot,Jump Shot,2PT Field Goal,Mid-Range,Center(C),16-24 ft.,19,23,194,1,0,20190327,CHI,POR
Shot Chart Detail,0021801117,239,202323,Evan Turner,1610612757,Portland Trail Blazers,2,3,32,Missed Shot,Driving Layup Shot,2PT Field Goal,Restricted Area,Center(C),Less Than 8 ft.,2,17,15,1,0,20190327,CHI,POR
Shot Chart Detail,0021801117,464,202323,Evan Turner,1610612757,Portland Trail Blazers,4,11,29,Missed Shot,Layup Shot,2PT Field Goal,Restricted Area,Center(C),Less Than 8 ft.,0,0,7,1,0,20190327,CHI,POR
Shot Chart Detail,0021801131,172,202323,Evan Turner,1610612757,Portland Trail Blazers,2,10,15,Made Shot,Driving Hook Shot,2PT Field Goal,In The Paint (Non-RA),Center(C),Less Than 8 ft.,4,-12,44,1,1,20190329,ATL,POR
Shot Chart Detail,0021801131,174,202323,Evan Turner,1610612757,Portland Trail Blazers,2,9,49,Missed Shot,Pullup Jump shot,2PT Field Goal,Mid-Range,Right Side Center(RC),16-24 ft.,17,62,159,1,0,20190329,ATL,POR
Shot Chart Detail,0021801131,211,202323,Evan Turner,1610612757,Portland Trail Blazers,2,5,49,Missed Shot,Jump Shot,3PT Field Goal,Above the Break 3,Center(C),24+ ft.,25,-2,257,1,0,20190329,ATL,POR
Shot Chart Detail,0021801131,215,202323,Evan Turner,1610612757,Portland Trail Blazers,2,5,27,Made Shot,Driving Layup Shot,2PT Field Goal,Restricted Area,Center(C),Less Than 8 ft.,0,-1,7,1,1,20190329,ATL,POR
Shot Chart Detail,0021801131,476,202323,Evan Turner,1610612757,Portland Trail Blazers,4,11,36,Missed Shot,Step Back Jump shot,2PT Field Goal,Mid-Range,Right Side(R),8-16 ft.,11,106,32,1,0,20190329,ATL,POR
Shot Chart Detail,0021801139,176,202323,Evan Turner,1610612757,Portland Trail Blazers,2,10,41,Missed Shot,Step Back Jump shot,2PT Field Goal,In The Paint (Non-RA),Center(C),8-16 ft.,13,-8,134,1,0,20190330,DET,POR
Shot Chart Detail,0021801139,510,202323,Evan Turner,1610612757,Portland Trail Blazers,4,9,4,Missed Shot,Turnaround Jump Shot,2PT Field Goal,In The Paint (Non-RA),Left Side(L),8-16 ft.,9,-69,59,1,0,20190330,DET,POR
Shot Chart Detail,0021801157,108,202323,Evan Turner,1610612757,Portland Trail Blazers,1,2,40,Made Shot,Cutting Layup Shot,2PT Field Goal,Restricted Area,Center(C),Less Than 8 ft.,1,2,14,1,1,20190401,MIN,POR
Shot Chart Detail,0021801157,214,202323,Evan Turner,1610612757,Portland Trail Blazers,2,6,37,Made Shot,Jump Shot,3PT Field Goal,Left Corner 3,Left Side(L),24+ ft.,22,-221,-11,1,1,20190401,MIN,POR
Shot Chart Detail,0021801157,508,202323,Evan Turner,1610612757,Portland Trail Blazers,4,10,40,Made Shot,Turnaround Jump Shot,2PT Field Goal,In The Paint (Non-RA),Center(C),8-16 ft.,13,13,134,1,1,20190401,MIN,POR
Shot Chart Detail,0021801157,511,202323,Evan Turner,1610612757,Portland Trail Blazers,4,10,7,Made Shot,Turnaround Fadeaway shot,2PT Field Goal,Mid-Range,Right Side(R),8-16 ft.,10,103,10,1,1,20190401,MIN,POR
Shot Chart Detail,0021801157,595,202323,Evan Turner,1610612757,Portland Trail Blazers,4,3,37,Made Shot,Driving Layup Shot,2PT Field Goal,Restricted Area,Center(C),Less Than 8 ft.,1,-1,10,1,1,20190401,MIN,POR
Shot Chart Detail,0021801175,200,202323,Evan Turner,1610612757,Portland Trail Blazers,2,8,0,Missed Shot,Turnaround Fadeaway shot,2PT Field Goal,In The Paint (Non-RA),Center(C),8-16 ft.,8,4,88,1,0,20190403,POR,MEM
Shot Chart Detail,0021801175,208,202323,Evan Turner,1610612757,Portland Trail Blazers,2,7,0,Made Shot,Pullup Jump shot,2PT Field Goal,Mid-Range,Right Side(R),8-16 ft.,11,101,57,1,1,20190403,POR,MEM
Shot Chart Detail,0021801175,259,202323,Evan Turner,1610612757,Portland Trail Blazers,2,3,46,Made Shot,Pullup Jump shot,2PT Field Goal,Mid-Range,Right Side(R),16-24 ft.,16,150,75,1,1,20190403,POR,MEM
Shot Chart Detail,0021801175,458,202323,Evan Turner,1610612757,Portland Trail Blazers,3,0,5,Made Shot,Turnaround Fadeaway shot,2PT Field Goal,In The Paint (Non-RA),Right Side(R),8-16 ft.,12,79,99,1,1,20190403,POR,MEM
Shot Chart Detail,0021801175,491,202323,Evan Turner,1610612757,Portland Trail Blazers,4,9,28,Made Shot,Pullup Jump shot,2PT Field Goal,In The Paint (Non-RA),Center(C),8-16 ft.,13,54,119,1,1,20190403,POR,MEM
Shot Chart Detail,0021801175,501,202323,Evan Turner,1610612757,Portland Trail Blazers,4,8,29,Made Shot,Pullup Jump shot,2PT Field Goal,Mid-Range,Right Side Center(RC),16-24 ft.,16,72,148,1,1,20190403,POR,MEM
Shot Chart Detail,0021801175,521,202323,Evan Turner,1610612757,Portland Trail Blazers,4,7,7,Made Shot,Jump Shot,3PT Field Goal,Right Corner 3,Right Side(R),24+ ft.,22,229,17,1,1,20190403,POR,MEM
Shot Chart Detail,0021801190,144,202323,Evan Turner,1610612757,Portland Trail Blazers,2,11,9,Missed Shot,Pullup Jump shot,2PT Field Goal,Mid-Range,Right Side(R),16-24 ft.,17,163,63,1,0,20190405,DEN,POR
Shot Chart Detail,0021801190,186,202323,Evan Turner,1610612757,Portland Trail Blazers,2,8,41,Made Shot,Reverse Layup Shot,2PT Field Goal,Restricted Area,Center(C),Less Than 8 ft.,2,13,16,1,1,20190405,DEN,POR
Shot Chart Detail,0021801190,190,202323,Evan Turner,1610612757,Portland Trail Blazers,2,7,57,Made Shot,Jump Shot,3PT Field Goal,Above the Break 3,Right Side Center(RC),24+ ft.,24,215,110,1,1,20190405,DEN,POR
Shot Chart Detail,0021801190,413,202323,Evan Turner,1610612757,Portland Trail Blazers,3,4,15,Made Shot,Cutting Finger Roll Layup Shot,2PT Field Goal,Restricted Area,Center(C),Less Than 8 ft.,2,23,3,1,1,20190405,DEN,POR
Shot Chart Detail,0021801190,465,202323,Evan Turner,1610612757,Portland Trail Blazers,3,1,14,Missed Shot,Driving Layup Shot,2PT Field Goal,Restricted Area,Center(C),Less Than 8 ft.,2,24,8,1,0,20190405,DEN,POR
Shot Chart Detail,0021801190,471,202323,Evan Turner,1610612757,Portland Trail Blazers,3,0,59,Missed Shot,Turnaround Jump Shot,2PT Field Goal,In The Paint (Non-RA),Center(C),Less Than 8 ft.,6,44,41,1,0,20190405,DEN,POR
Shot Chart Detail,0021801190,475,202323,Evan Turner,1610612757,Portland Trail Blazers,3,0,33,Made Shot,Jump Shot,3PT Field Goal,Above the Break 3,Right Side Center(RC),24+ ft.,24,163,178,1,1,20190405,DEN,POR
Shot Chart Detail,0021801190,502,202323,Evan Turner,1610612757,Portland Trail Blazers,4,10,45,Made Shot,Turnaround Fadeaway shot,2PT Field Goal,In The Paint (Non-RA),Center(C),8-16 ft.,11,-29,113,1,1,20190405,DEN,POR
Shot Chart Detail,0021801190,536,202323,Evan Turner,1610612757,Portland Trail Blazers,4,8,35,Missed Shot,Jump Shot,3PT Field Goal,Above the Break 3,Right Side Center(RC),24+ ft.,25,114,224,1,0,20190405,DEN,POR
Shot Chart Detail,0021801206,169,202323,Evan Turner,1610612757,Portland Trail Blazers,2,10,0,Made Shot,Pullup Jump shot,2PT Field Goal,Mid-Range,Right Side Center(RC),16-24 ft.,16,78,142,1,1,20190407,POR,DEN
Shot Chart Detail,0021801206,178,202323,Evan Turner,1610612757,Portland Trail Blazers,2,9,6,Missed Shot,Pullup Jump shot,2PT Field Goal,Mid-Range,Left Side Center(LC),16-24 ft.,17,-79,151,1,0,20190407,POR,DEN
Shot Chart Detail,0021801206,464,202323,Evan Turner,1610612757,Portland Trail Blazers,3,2,13,Missed Shot,Driving Floating Jump Shot,2PT Field Goal,Restricted Area,Center(C),Less Than 8 ft.,3,16,36,1,0,20190407,POR,DEN
Shot Chart Detail,0021801206,521,202323,Evan Turner,1610612757,Portland Trail Blazers,4,9,39,Missed Shot,Driving Layup Shot,2PT Field Goal,Restricted Area,Center(C),Less Than 8 ft.,0,0,-4,1,0,20190407,POR,DEN
Shot Chart Detail,0021801219,113,202323,Evan Turner,1610612757,Portland Trail Blazers,1,2,56,Missed Shot,Jump Shot,2PT Field Goal,Mid-Range,Right Side(R),16-24 ft.,16,161,15,1,0,20190409,LAL,POR
Shot Chart Detail,0021801219,143,202323,Evan Turner,1610612757,Portland Trail Blazers,1,0,37,Missed Shot,Pullup Jump shot,2PT Field Goal,In The Paint (Non-RA),Center(C),8-16 ft.,12,-46,113,1,0,20190409,LAL,POR
Shot Chart Detail,0021801219,176,202323,Evan Turner,1610612757,Portland Trail Blazers,2,10,40,Made Shot,Driving Layup Shot,2PT Field Goal,Restricted Area,Center(C),Less Than 8 ft.,1,-4,16,1,1,20190409,LAL,POR
Shot Chart Detail,0021801219,506,202323,Evan Turner,1610612757,Portland Trail Blazers,4,11,26,Missed Shot,Running Layup Shot,2PT Field Goal,Restricted Area,Center(C),Less Than 8 ft.,2,-12,27,1,0,20190409,LAL,POR
Shot Chart Detail,0021801219,551,202323,Evan Turner,1610612757,Portland Trail Blazers,4,7,49,Made Shot,Turnaround Jump Shot,2PT Field Goal,In The Paint (Non-RA),Center(C),8-16 ft.,9,-17,89,1,1,20190409,LAL,POR
