GRID_TYPE,GAME_ID,GAME_EVENT_ID,PLAYER_ID,PLAYER_NAME,TEAM_ID,TEAM_NAME,PERIOD,MINUTES_REMAINING,SECONDS_REMAINING,EVENT_TYPE,ACTION_TYPE,SHOT_TYPE,SHOT_ZONE_BASIC,SHOT_ZONE_AREA,SHOT_ZONE_RANGE,SHOT_DISTANCE,LOC_X,LOC_Y,SHOT_ATTEMPTED_FLAG,SHOT_MADE_FLAG,GAME_DATE,HTM,VTM
Shot Chart Detail,0021800676,8,202326,DeMarcus Cousins,1610612744,Golden State Warriors,1,11,16,Missed Shot,Driving Reverse Layup Shot,2PT Field Goal,Restricted Area,Center(C),Less Than 8 ft.,1,14,11,1,0,20190118,LAC,GSW
Shot Chart Detail,0021800676,19,202326,DeMarcus Cousins,1610612744,Golden State Warriors,1,10,34,Made Shot,Cutting Dunk Shot,2PT Field Goal,Restricted Area,Center(C),Less Than 8 ft.,0,-3,8,1,1,20190118,LAC,GSW
Shot Chart Detail,0021800676,180,202326,DeMarcus Cousins,1610612744,Golden State Warriors,2,11,45,Missed Shot,Jump Shot,2PT Field Goal,Mid-Range,Right Side Center(RC),16-24 ft.,21,128,175,1,0,20190118,LAC,GSW
Shot Chart Detail,0021800676,186,202326,DeMarcus Cousins,1610612744,Golden State Warriors,2,11,11,Made Shot,Jump Shot,3PT Field Goal,Above the Break 3,Left Side Center(LC),24+ ft.,25,-159,202,1,1,20190118,LAC,GSW
Shot Chart Detail,0021800676,190,202326,DeMarcus Cousins,1610612744,Golden State Warriors,2,10,31,Missed Shot,Jump Shot,3PT Field Goal,Above the Break 3,Left Side Center(LC),24+ ft.,25,-165,190,1,0,20190118,LAC,GSW
Shot Chart Detail,0021800676,230,202326,DeMarcus Cousins,1610612744,Golden State Warriors,2,8,14,Missed Shot,Running Layup Shot,2PT Field Goal,Restricted Area,Center(C),Less Than 8 ft.,1,14,0,1,0,20190118,LAC,GSW
Shot Chart Detail,0021800676,380,202326,DeMarcus Cousins,1610612744,Golden State Warriors,3,10,35,Missed Shot,Floating Jump shot,2PT Field Goal,In The Paint (Non-RA),Center(C),8-16 ft.,10,3,104,1,0,20190118,LAC,GSW
Shot Chart Detail,0021800676,420,202326,DeMarcus Cousins,1610612744,Golden State Warriors,3,7,56,Made Shot,Running Layup Shot,2PT Field Goal,Restricted Area,Center(C),Less Than 8 ft.,1,-14,5,1,1,20190118,LAC,GSW
Shot Chart Detail,0021800676,566,202326,DeMarcus Cousins,1610612744,Golden State Warriors,4,11,5,Made Shot,Jump Shot,3PT Field Goal,Above the Break 3,Right Side Center(RC),24+ ft.,25,206,152,1,1,20190118,LAC,GSW
Shot Chart Detail,0021800676,572,202326,DeMarcus Cousins,1610612744,Golden State Warriors,4,10,33,Made Shot,Jump Shot,3PT Field Goal,Above the Break 3,Right Side Center(RC),24+ ft.,25,158,199,1,1,20190118,LAC,GSW
Shot Chart Detail,0021800676,595,202326,DeMarcus Cousins,1610612744,Golden State Warriors,4,8,51,Missed Shot,Floating Jump shot,2PT Field Goal,In The Paint (Non-RA),Center(C),8-16 ft.,13,-3,132,1,0,20190118,LAC,GSW
Shot Chart Detail,0021800701,43,202326,DeMarcus Cousins,1610612744,Golden State Warriors,1,8,57,Missed Shot,Jump Shot,3PT Field Goal,Above the Break 3,Center(C),24+ ft.,25,-74,248,1,0,20190121,LAL,GSW
Shot Chart Detail,0021800701,205,202326,DeMarcus Cousins,1610612744,Golden State Warriors,2,10,14,Made Shot,Running Dunk Shot,2PT Field Goal,Restricted Area,Center(C),Less Than 8 ft.,2,6,25,1,1,20190121,LAL,GSW
Shot Chart Detail,0021800701,233,202326,DeMarcus Cousins,1610612744,Golden State Warriors,2,8,3,Made Shot,Running Layup Shot,2PT Field Goal,Restricted Area,Center(C),Less Than 8 ft.,1,-13,7,1,1,20190121,LAL,GSW
Shot Chart Detail,0021800701,236,202326,DeMarcus Cousins,1610612744,Golden State Warriors,2,7,25,Missed Shot,Fadeaway Jump Shot,2PT Field Goal,Restricted Area,Center(C),Less Than 8 ft.,3,-18,32,1,0,20190121,LAL,GSW
Shot Chart Detail,0021800701,366,202326,DeMarcus Cousins,1610612744,Golden State Warriors,3,10,20,Missed Shot,Jump Shot,3PT Field Goal,Above the Break 3,Right Side Center(RC),24+ ft.,27,126,242,1,0,20190121,LAL,GSW
Shot Chart Detail,0021800701,534,202326,DeMarcus Cousins,1610612744,Golden State Warriors,4,11,43,Missed Shot,Jump Shot,2PT Field Goal,Mid-Range,Right Side Center(RC),16-24 ft.,20,142,148,1,0,20190121,LAL,GSW
Shot Chart Detail,0021800701,553,202326,DeMarcus Cousins,1610612744,Golden State Warriors,4,10,6,Missed Shot,Layup Shot,2PT Field Goal,Restricted Area,Center(C),Less Than 8 ft.,2,16,22,1,0,20190121,LAL,GSW
Shot Chart Detail,0021800701,586,202326,DeMarcus Cousins,1610612744,Golden State Warriors,4,7,44,Missed Shot,Reverse Layup Shot,2PT Field Goal,Restricted Area,Center(C),Less Than 8 ft.,2,3,26,1,0,20190121,LAL,GSW
Shot Chart Detail,0021800701,594,202326,DeMarcus Cousins,1610612744,Golden State Warriors,4,7,27,Missed Shot,Step Back Jump shot,2PT Field Goal,In The Paint (Non-RA),Center(C),Less Than 8 ft.,6,49,36,1,0,20190121,LAL,GSW
Shot Chart Detail,0021800716,11,202326,DeMarcus Cousins,1610612744,Golden State Warriors,1,11,23,Made Shot,Driving Reverse Layup Shot,2PT Field Goal,Restricted Area,Center(C),Less Than 8 ft.,3,13,32,1,1,20190124,WAS,GSW
Shot Chart Detail,0021800716,25,202326,DeMarcus Cousins,1610612744,Golden State Warriors,1,9,54,Made Shot,Driving Finger Roll Layup Shot,2PT Field Goal,Restricted Area,Center(C),Less Than 8 ft.,2,12,26,1,1,20190124,WAS,GSW
Shot Chart Detail,0021800716,188,202326,DeMarcus Cousins,1610612744,Golden State Warriors,2,10,20,Missed Shot,Hook Shot,2PT Field Goal,Restricted Area,Center(C),Less Than 8 ft.,2,-18,15,1,0,20190124,WAS,GSW
Shot Chart Detail,0021800716,205,202326,DeMarcus Cousins,1610612744,Golden State Warriors,2,9,16,Made Shot,Jump Shot,3PT Field Goal,Above the Break 3,Center(C),24+ ft.,27,-35,276,1,1,20190124,WAS,GSW
Shot Chart Detail,0021800716,214,202326,DeMarcus Cousins,1610612744,Golden State Warriors,2,8,42,Missed Shot,Driving Layup Shot,2PT Field Goal,Restricted Area,Center(C),Less Than 8 ft.,2,14,25,1,0,20190124,WAS,GSW
Shot Chart Detail,0021800716,232,202326,DeMarcus Cousins,1610612744,Golden State Warriors,2,7,34,Made Shot,Layup Shot,2PT Field Goal,In The Paint (Non-RA),Center(C),Less Than 8 ft.,5,41,43,1,1,20190124,WAS,GSW
Shot Chart Detail,0021800716,243,202326,DeMarcus Cousins,1610612744,Golden State Warriors,2,6,38,Missed Shot,Driving Floating Jump Shot,2PT Field Goal,In The Paint (Non-RA),Left Side(L),8-16 ft.,8,-79,26,1,0,20190124,WAS,GSW
Shot Chart Detail,0021800716,341,202326,DeMarcus Cousins,1610612744,Golden State Warriors,3,11,15,Made Shot,Jump Shot,2PT Field Goal,Mid-Range,Left Side(L),16-24 ft.,18,-182,-4,1,1,20190124,WAS,GSW
Shot Chart Detail,0021800716,351,202326,DeMarcus Cousins,1610612744,Golden State Warriors,3,10,4,Missed Shot,Jump Shot,2PT Field Goal,Mid-Range,Left Side(L),16-24 ft.,20,-205,9,1,0,20190124,WAS,GSW
Shot Chart Detail,0021800716,361,202326,DeMarcus Cousins,1610612744,Golden State Warriors,3,9,14,Made Shot,Layup Shot,2PT Field Goal,Restricted Area,Center(C),Less Than 8 ft.,1,-1,15,1,1,20190124,WAS,GSW
Shot Chart Detail,0021800716,505,202326,DeMarcus Cousins,1610612744,Golden State Warriors,4,11,16,Made Shot,Hook Shot,2PT Field Goal,Restricted Area,Center(C),Less Than 8 ft.,2,-12,26,1,1,20190124,WAS,GSW
Shot Chart Detail,0021800716,525,202326,DeMarcus Cousins,1610612744,Golden State Warriors,4,8,56,Made Shot,Turnaround Hook Shot,2PT Field Goal,Restricted Area,Center(C),Less Than 8 ft.,2,-3,23,1,1,20190124,WAS,GSW
Shot Chart Detail,0021800732,15,202326,DeMarcus Cousins,1610612744,Golden State Warriors,1,11,4,Made Shot,Fadeaway Jump Shot,2PT Field Goal,Mid-Range,Left Side(L),16-24 ft.,17,-146,94,1,1,20190126,BOS,GSW
Shot Chart Detail,0021800732,67,202326,DeMarcus Cousins,1610612744,Golden State Warriors,1,7,8,Made Shot,Putback Dunk Shot,2PT Field Goal,Restricted Area,Center(C),Less Than 8 ft.,0,-4,6,1,1,20190126,BOS,GSW
Shot Chart Detail,0021800732,183,202326,DeMarcus Cousins,1610612744,Golden State Warriors,2,10,41,Missed Shot,Driving Layup Shot,2PT Field Goal,Restricted Area,Center(C),Less Than 8 ft.,2,-18,15,1,0,20190126,BOS,GSW
Shot Chart Detail,0021800732,358,202326,DeMarcus Cousins,1610612744,Golden State Warriors,3,11,21,Made Shot,Jump Shot,2PT Field Goal,Mid-Range,Right Side(R),8-16 ft.,14,140,31,1,1,20190126,BOS,GSW
Shot Chart Detail,0021800732,373,202326,DeMarcus Cousins,1610612744,Golden State Warriors,3,9,33,Made Shot,Jump Shot,3PT Field Goal,Above the Break 3,Left Side Center(LC),24+ ft.,25,-157,201,1,1,20190126,BOS,GSW
Shot Chart Detail,0021800732,527,202326,DeMarcus Cousins,1610612744,Golden State Warriors,4,10,39,Missed Shot,Jump Shot,3PT Field Goal,Above the Break 3,Center(C),24+ ft.,26,25,265,1,0,20190126,BOS,GSW
Shot Chart Detail,0021800732,556,202326,DeMarcus Cousins,1610612744,Golden State Warriors,4,8,7,Missed Shot,Driving Layup Shot,2PT Field Goal,Restricted Area,Center(C),Less Than 8 ft.,2,-25,6,1,0,20190126,BOS,GSW
Shot Chart Detail,0021800732,577,202326,DeMarcus Cousins,1610612744,Golden State Warriors,4,6,56,Missed Shot,Driving Layup Shot,2PT Field Goal,Restricted Area,Center(C),Less Than 8 ft.,3,35,17,1,0,20190126,BOS,GSW
Shot Chart Detail,0021800732,616,202326,DeMarcus Cousins,1610612744,Golden State Warriors,4,4,25,Missed Shot,Driving Layup Shot,2PT Field Goal,Restricted Area,Center(C),Less Than 8 ft.,3,32,23,1,0,20190126,BOS,GSW
Shot Chart Detail,0021800745,9,202326,DeMarcus Cousins,1610612744,Golden State Warriors,1,11,23,Missed Shot,Cutting Layup Shot,2PT Field Goal,Restricted Area,Center(C),Less Than 8 ft.,2,-3,25,1,0,20190128,IND,GSW
Shot Chart Detail,0021800745,39,202326,DeMarcus Cousins,1610612744,Golden State Warriors,1,9,2,Made Shot,Layup Shot,2PT Field Goal,Restricted Area,Center(C),Less Than 8 ft.,0,-5,3,1,1,20190128,IND,GSW
Shot Chart Detail,0021800745,66,202326,DeMarcus Cousins,1610612744,Golden State Warriors,1,6,54,Made Shot,Jump Shot,3PT Field Goal,Above the Break 3,Center(C),24+ ft.,26,13,262,1,1,20190128,IND,GSW
Shot Chart Detail,0021800745,92,202326,DeMarcus Cousins,1610612744,Golden State Warriors,1,4,57,Missed Shot,Layup Shot,2PT Field Goal,Restricted Area,Center(C),Less Than 8 ft.,2,5,27,1,0,20190128,IND,GSW
Shot Chart Detail,0021800745,193,202326,DeMarcus Cousins,1610612744,Golden State Warriors,2,10,5,Missed Shot,Driving Layup Shot,2PT Field Goal,Restricted Area,Center(C),Less Than 8 ft.,1,16,10,1,0,20190128,IND,GSW
Shot Chart Detail,0021800745,212,202326,DeMarcus Cousins,1610612744,Golden State Warriors,2,8,52,Missed Shot,Jump Shot,2PT Field Goal,In The Paint (Non-RA),Center(C),8-16 ft.,9,28,90,1,0,20190128,IND,GSW
Shot Chart Detail,0021800745,342,202326,DeMarcus Cousins,1610612744,Golden State Warriors,3,11,47,Made Shot,Cutting Finger Roll Layup Shot,2PT Field Goal,Restricted Area,Center(C),Less Than 8 ft.,0,2,5,1,1,20190128,IND,GSW
Shot Chart Detail,0021800745,402,202326,DeMarcus Cousins,1610612744,Golden State Warriors,3,6,53,Missed Shot,Jump Shot,3PT Field Goal,Right Corner 3,Right Side(R),24+ ft.,23,234,53,1,0,20190128,IND,GSW
Shot Chart Detail,0021800745,514,202326,DeMarcus Cousins,1610612744,Golden State Warriors,4,11,23,Made Shot,Layup Shot,2PT Field Goal,Restricted Area,Center(C),Less Than 8 ft.,0,0,0,1,1,20190128,IND,GSW
Shot Chart Detail,0021800745,518,202326,DeMarcus Cousins,1610612744,Golden State Warriors,4,10,55,Made Shot,Driving Finger Roll Layup Shot,2PT Field Goal,Restricted Area,Center(C),Less Than 8 ft.,1,-1,17,1,1,20190128,IND,GSW
Shot Chart Detail,0021800745,539,202326,DeMarcus Cousins,1610612744,Golden State Warriors,4,9,32,Made Shot,Dunk Shot,2PT Field Goal,Restricted Area,Center(C),Less Than 8 ft.,1,-2,10,1,1,20190128,IND,GSW
Shot Chart Detail,0021800745,553,202326,DeMarcus Cousins,1610612744,Golden State Warriors,4,8,26,Made Shot,Turnaround Fadeaway Bank Jump Shot,2PT Field Goal,In The Paint (Non-RA),Center(C),Less Than 8 ft.,5,-55,1,1,1,20190128,IND,GSW
Shot Chart Detail,0021800768,29,202326,DeMarcus Cousins,1610612744,Golden State Warriors,1,10,28,Missed Shot,Jump Shot,3PT Field Goal,Above the Break 3,Center(C),24+ ft.,26,-3,262,1,0,20190131,GSW,PHI
Shot Chart Detail,0021800768,52,202326,DeMarcus Cousins,1610612744,Golden State Warriors,1,8,30,Missed Shot,Step Back Jump shot,2PT Field Goal,Mid-Range,Left Side Center(LC),16-24 ft.,18,-112,152,1,0,20190131,GSW,PHI
Shot Chart Detail,0021800768,58,202326,DeMarcus Cousins,1610612744,Golden State Warriors,1,7,30,Made Shot,Driving Reverse Layup Shot,2PT Field Goal,Restricted Area,Center(C),Less Than 8 ft.,2,-5,21,1,1,20190131,GSW,PHI
Shot Chart Detail,0021800768,76,202326,DeMarcus Cousins,1610612744,Golden State Warriors,1,6,9,Missed Shot,Jump Shot,2PT Field Goal,In The Paint (Non-RA),Center(C),Less Than 8 ft.,5,-23,53,1,0,20190131,GSW,PHI
Shot Chart Detail,0021800768,196,202326,DeMarcus Cousins,1610612744,Golden State Warriors,2,9,25,Missed Shot,Jump Shot,2PT Field Goal,In The Paint (Non-RA),Right Side(R),8-16 ft.,9,57,79,1,0,20190131,GSW,PHI
Shot Chart Detail,0021800768,213,202326,DeMarcus Cousins,1610612744,Golden State Warriors,2,8,24,Made Shot,Dunk Shot,2PT Field Goal,Restricted Area,Center(C),Less Than 8 ft.,2,-6,22,1,1,20190131,GSW,PHI
Shot Chart Detail,0021800768,379,202326,DeMarcus Cousins,1610612744,Golden State Warriors,3,8,40,Missed Shot,Hook Shot,2PT Field Goal,In The Paint (Non-RA),Center(C),Less Than 8 ft.,6,2,62,1,0,20190131,GSW,PHI
Shot Chart Detail,0021800768,397,202326,DeMarcus Cousins,1610612744,Golden State Warriors,3,7,14,Made Shot,Turnaround Hook Shot,2PT Field Goal,Restricted Area,Center(C),Less Than 8 ft.,2,19,15,1,1,20190131,GSW,PHI
Shot Chart Detail,0021800768,402,202326,DeMarcus Cousins,1610612744,Golden State Warriors,3,6,37,Missed Shot,Jump Shot,3PT Field Goal,Above the Break 3,Left Side Center(LC),24+ ft.,26,-176,193,1,0,20190131,GSW,PHI
Shot Chart Detail,0021800768,657,202326,DeMarcus Cousins,1610612744,Golden State Warriors,4,2,54,Missed Shot,Jump Shot,2PT Field Goal,In The Paint (Non-RA),Center(C),Less Than 8 ft.,5,-38,46,1,0,20190131,GSW,PHI
Shot Chart Detail,0021800782,7,202326,DeMarcus Cousins,1610612744,Golden State Warriors,1,11,46,Missed Shot,Turnaround Jump Shot,2PT Field Goal,In The Paint (Non-RA),Center(C),Less Than 8 ft.,7,-6,79,1,0,20190202,GSW,LAL
Shot Chart Detail,0021800782,11,202326,DeMarcus Cousins,1610612744,Golden State Warriors,1,11,14,Made Shot,Cutting Dunk Shot,2PT Field Goal,Restricted Area,Center(C),Less Than 8 ft.,1,-3,16,1,1,20190202,GSW,LAL
Shot Chart Detail,0021800782,75,202326,DeMarcus Cousins,1610612744,Golden State Warriors,1,7,12,Made Shot,Driving Layup Shot,2PT Field Goal,Restricted Area,Center(C),Less Than 8 ft.,2,19,18,1,1,20190202,GSW,LAL
Shot Chart Detail,0021800782,85,202326,DeMarcus Cousins,1610612744,Golden State Warriors,1,6,18,Made Shot,Jump Shot,3PT Field Goal,Above the Break 3,Left Side Center(LC),24+ ft.,26,-115,237,1,1,20190202,GSW,LAL
Shot Chart Detail,0021800782,197,202326,DeMarcus Cousins,1610612744,Golden State Warriors,2,8,58,Missed Shot,Jump Shot,2PT Field Goal,In The Paint (Non-RA),Center(C),8-16 ft.,8,-3,86,1,0,20190202,GSW,LAL
Shot Chart Detail,0021800782,206,202326,DeMarcus Cousins,1610612744,Golden State Warriors,2,8,37,Made Shot,Turnaround Hook Shot,2PT Field Goal,In The Paint (Non-RA),Center(C),Less Than 8 ft.,7,-11,76,1,1,20190202,GSW,LAL
Shot Chart Detail,0021800782,350,202326,DeMarcus Cousins,1610612744,Golden State Warriors,3,10,44,Missed Shot,Layup Shot,2PT Field Goal,Restricted Area,Center(C),Less Than 8 ft.,2,-15,14,1,0,20190202,GSW,LAL
Shot Chart Detail,0021800782,366,202326,DeMarcus Cousins,1610612744,Golden State Warriors,3,9,29,Missed Shot,Layup Shot,2PT Field Goal,In The Paint (Non-RA),Center(C),Less Than 8 ft.,4,29,40,1,0,20190202,GSW,LAL
Shot Chart Detail,0021800782,379,202326,DeMarcus Cousins,1610612744,Golden State Warriors,3,8,40,Missed Shot,Jump Shot,3PT Field Goal,Above the Break 3,Right Side Center(RC),24+ ft.,26,201,174,1,0,20190202,GSW,LAL
Shot Chart Detail,0021800782,394,202326,DeMarcus Cousins,1610612744,Golden State Warriors,3,7,23,Missed Shot,Jump Shot,3PT Field Goal,Left Corner 3,Left Side(L),24+ ft.,22,-227,-1,1,0,20190202,GSW,LAL
Shot Chart Detail,0021800782,397,202326,DeMarcus Cousins,1610612744,Golden State Warriors,3,7,19,Missed Shot,Jump Shot,3PT Field Goal,Above the Break 3,Center(C),24+ ft.,27,-11,270,1,0,20190202,GSW,LAL
Shot Chart Detail,0021800782,423,202326,DeMarcus Cousins,1610612744,Golden State Warriors,3,5,28,Made Shot,Driving Dunk Shot,2PT Field Goal,In The Paint (Non-RA),Center(C),Less Than 8 ft.,5,22,51,1,1,20190202,GSW,LAL
Shot Chart Detail,0021800782,517,202326,DeMarcus Cousins,1610612744,Golden State Warriors,4,11,43,Missed Shot,Layup Shot,2PT Field Goal,Restricted Area,Center(C),Less Than 8 ft.,2,0,20,1,0,20190202,GSW,LAL
Shot Chart Detail,0021800782,562,202326,DeMarcus Cousins,1610612744,Golden State Warriors,4,8,31,Missed Shot,Jump Shot,3PT Field Goal,Above the Break 3,Left Side Center(LC),24+ ft.,25,-177,188,1,0,20190202,GSW,LAL
Shot Chart Detail,0021800782,565,202326,DeMarcus Cousins,1610612744,Golden State Warriors,4,7,58,Missed Shot,Hook Shot,2PT Field Goal,In The Paint (Non-RA),Center(C),Less Than 8 ft.,6,11,61,1,0,20190202,GSW,LAL
Shot Chart Detail,0021800810,20,202326,DeMarcus Cousins,1610612744,Golden State Warriors,1,10,48,Missed Shot,Jump Shot,3PT Field Goal,Above the Break 3,Left Side Center(LC),24+ ft.,25,-189,174,1,0,20190206,GSW,SAS
Shot Chart Detail,0021800810,33,202326,DeMarcus Cousins,1610612744,Golden State Warriors,1,9,58,Made Shot,Tip Layup Shot,2PT Field Goal,Restricted Area,Center(C),Less Than 8 ft.,0,0,-6,1,1,20190206,GSW,SAS
Shot Chart Detail,0021800810,36,202326,DeMarcus Cousins,1610612744,Golden State Warriors,1,9,21,Made Shot,Driving Hook Shot,2PT Field Goal,In The Paint (Non-RA),Center(C),8-16 ft.,9,-2,94,1,1,20190206,GSW,SAS
Shot Chart Detail,0021800810,49,202326,DeMarcus Cousins,1610612744,Golden State Warriors,1,7,46,Missed Shot,Jump Shot,3PT Field Goal,Above the Break 3,Left Side Center(LC),24+ ft.,25,-204,158,1,0,20190206,GSW,SAS
Shot Chart Detail,0021800810,64,202326,DeMarcus Cousins,1610612744,Golden State Warriors,1,6,22,Missed Shot,Jump Shot,2PT Field Goal,In The Paint (Non-RA),Center(C),Less Than 8 ft.,5,0,52,1,0,20190206,GSW,SAS
Shot Chart Detail,0021800810,393,202326,DeMarcus Cousins,1610612744,Golden State Warriors,3,9,1,Made Shot,Driving Layup Shot,2PT Field Goal,Restricted Area,Center(C),Less Than 8 ft.,3,-19,27,1,1,20190206,GSW,SAS
Shot Chart Detail,0021800822,51,202326,DeMarcus Cousins,1610612744,Golden State Warriors,1,7,26,Missed Shot,Cutting Dunk Shot,2PT Field Goal,Restricted Area,Center(C),Less Than 8 ft.,1,-3,15,1,0,20190208,PHX,GSW
Shot Chart Detail,0021800822,183,202326,DeMarcus Cousins,1610612744,Golden State Warriors,2,11,46,Made Shot,Hook Bank Shot,2PT Field Goal,In The Paint (Non-RA),Center(C),Less Than 8 ft.,4,-35,27,1,1,20190208,PHX,GSW
Shot Chart Detail,0021800822,201,202326,DeMarcus Cousins,1610612744,Golden State Warriors,2,10,32,Made Shot,Running Layup Shot,2PT Field Goal,Restricted Area,Center(C),Less Than 8 ft.,2,-20,6,1,1,20190208,PHX,GSW
Shot Chart Detail,0021800822,224,202326,DeMarcus Cousins,1610612744,Golden State Warriors,2,9,45,Missed Shot,Hook Shot,2PT Field Goal,In The Paint (Non-RA),Center(C),Less Than 8 ft.,5,-6,50,1,0,20190208,PHX,GSW
Shot Chart Detail,0021800822,231,202326,DeMarcus Cousins,1610612744,Golden State Warriors,2,9,15,Made Shot,Cutting Layup Shot,2PT Field Goal,Restricted Area,Center(C),Less Than 8 ft.,3,-30,3,1,1,20190208,PHX,GSW
Shot Chart Detail,0021800822,440,202326,DeMarcus Cousins,1610612744,Golden State Warriors,3,7,31,Made Shot,Jump Shot,3PT Field Goal,Above the Break 3,Left Side Center(LC),24+ ft.,26,-212,155,1,1,20190208,PHX,GSW
Shot Chart Detail,0021800822,460,202326,DeMarcus Cousins,1610612744,Golden State Warriors,3,6,2,Missed Shot,Jump Shot,3PT Field Goal,Above the Break 3,Left Side Center(LC),24+ ft.,26,-119,235,1,0,20190208,PHX,GSW
Shot Chart Detail,0021800822,601,202326,DeMarcus Cousins,1610612744,Golden State Warriors,4,10,18,Made Shot,Layup Shot,2PT Field Goal,Restricted Area,Center(C),Less Than 8 ft.,3,-39,-1,1,1,20190208,PHX,GSW
Shot Chart Detail,0021800822,626,202326,DeMarcus Cousins,1610612744,Golden State Warriors,4,8,7,Missed Shot,Running Layup Shot,2PT Field Goal,Restricted Area,Center(C),Less Than 8 ft.,2,27,6,1,0,20190208,PHX,GSW
Shot Chart Detail,0021800822,632,202326,DeMarcus Cousins,1610612744,Golden State Warriors,4,7,52,Made Shot,Running Dunk Shot,2PT Field Goal,Restricted Area,Center(C),Less Than 8 ft.,0,3,5,1,1,20190208,PHX,GSW
Shot Chart Detail,0021800822,653,202326,DeMarcus Cousins,1610612744,Golden State Warriors,4,6,19,Made Shot,Cutting Dunk Shot,2PT Field Goal,Restricted Area,Center(C),Less Than 8 ft.,1,-7,13,1,1,20190208,PHX,GSW
Shot Chart Detail,0021800838,46,202326,DeMarcus Cousins,1610612744,Golden State Warriors,1,8,13,Missed Shot,Jump Shot,3PT Field Goal,Above the Break 3,Right Side Center(RC),24+ ft.,26,117,238,1,0,20190210,GSW,MIA
Shot Chart Detail,0021800838,74,202326,DeMarcus Cousins,1610612744,Golden State Warriors,1,5,27,Missed Shot,Jump Shot,3PT Field Goal,Above the Break 3,Right Side Center(RC),24+ ft.,25,157,207,1,0,20190210,GSW,MIA
Shot Chart Detail,0021800838,187,202326,DeMarcus Cousins,1610612744,Golden State Warriors,2,11,10,Made Shot,Driving Hook Shot,2PT Field Goal,In The Paint (Non-RA),Center(C),8-16 ft.,9,-12,99,1,1,20190210,GSW,MIA
Shot Chart Detail,0021800838,332,202326,DeMarcus Cousins,1610612744,Golden State Warriors,2,0,16,Missed Shot,Tip Layup Shot,2PT Field Goal,Restricted Area,Center(C),Less Than 8 ft.,0,0,-6,1,0,20190210,GSW,MIA
Shot Chart Detail,0021800838,369,202326,DeMarcus Cousins,1610612744,Golden State Warriors,3,9,34,Made Shot,Cutting Layup Shot,2PT Field Goal,Restricted Area,Center(C),Less Than 8 ft.,2,17,14,1,1,20190210,GSW,MIA
Shot Chart Detail,0021800838,389,202326,DeMarcus Cousins,1610612744,Golden State Warriors,3,7,50,Missed Shot,Jump Shot,3PT Field Goal,Above the Break 3,Center(C),24+ ft.,26,-51,256,1,0,20190210,GSW,MIA
Shot Chart Detail,0021800852,45,202326,DeMarcus Cousins,1610612744,Golden State Warriors,1,8,50,Missed Shot,Jump Shot,2PT Field Goal,In The Paint (Non-RA),Center(C),Less Than 8 ft.,7,2,79,1,0,20190212,GSW,UTA
Shot Chart Detail,0021800852,76,202326,DeMarcus Cousins,1610612744,Golden State Warriors,1,6,46,Missed Shot,Jump Shot,3PT Field Goal,Above the Break 3,Left Side Center(LC),24+ ft.,25,-182,173,1,0,20190212,GSW,UTA
Shot Chart Detail,0021800852,82,202326,DeMarcus Cousins,1610612744,Golden State Warriors,1,6,23,Made Shot,Cutting Layup Shot,2PT Field Goal,Restricted Area,Center(C),Less Than 8 ft.,3,-25,17,1,1,20190212,GSW,UTA
Shot Chart Detail,0021800852,176,202326,DeMarcus Cousins,1610612744,Golden State Warriors,2,11,40,Missed Shot,Jump Shot,3PT Field Goal,Above the Break 3,Right Side Center(RC),24+ ft.,26,183,194,1,0,20190212,GSW,UTA
Shot Chart Detail,0021800852,180,202326,DeMarcus Cousins,1610612744,Golden State Warriors,2,11,4,Missed Shot,Layup Shot,2PT Field Goal,Restricted Area,Center(C),Less Than 8 ft.,1,-13,15,1,0,20190212,GSW,UTA
Shot Chart Detail,0021800852,196,202326,DeMarcus Cousins,1610612744,Golden State Warriors,2,9,29,Missed Shot,Step Back Jump shot,2PT Field Goal,Mid-Range,Left Side(L),8-16 ft.,12,-118,36,1,0,20190212,GSW,UTA
Shot Chart Detail,0021800852,214,202326,DeMarcus Cousins,1610612744,Golden State Warriors,2,7,55,Made Shot,Running Layup Shot,2PT Field Goal,Restricted Area,Center(C),Less Than 8 ft.,1,5,14,1,1,20190212,GSW,UTA
Shot Chart Detail,0021800852,237,202326,DeMarcus Cousins,1610612744,Golden State Warriors,2,6,20,Missed Shot,Jump Shot,2PT Field Goal,Mid-Range,Left Side(L),16-24 ft.,16,-168,15,1,0,20190212,GSW,UTA
Shot Chart Detail,0021800852,357,202326,DeMarcus Cousins,1610612744,Golden State Warriors,3,9,14,Made Shot,Jump Shot,3PT Field Goal,Left Corner 3,Left Side(L),24+ ft.,23,-225,79,1,1,20190212,GSW,UTA
Shot Chart Detail,0021800852,376,202326,DeMarcus Cousins,1610612744,Golden State Warriors,3,7,15,Missed Shot,Jump Shot,3PT Field Goal,Left Corner 3,Left Side(L),24+ ft.,22,-228,17,1,0,20190212,GSW,UTA
Shot Chart Detail,0021800852,512,202326,DeMarcus Cousins,1610612744,Golden State Warriors,4,10,46,Missed Shot,Jump Shot,3PT Field Goal,Above the Break 3,Right Side Center(RC),24+ ft.,26,150,223,1,0,20190212,GSW,UTA
Shot Chart Detail,0021800852,545,202326,DeMarcus Cousins,1610612744,Golden State Warriors,4,8,55,Missed Shot,Layup Shot,2PT Field Goal,In The Paint (Non-RA),Center(C),Less Than 8 ft.,4,-24,36,1,0,20190212,GSW,UTA
Shot Chart Detail,0021800852,557,202326,DeMarcus Cousins,1610612744,Golden State Warriors,4,7,10,Missed Shot,Driving Layup Shot,2PT Field Goal,Restricted Area,Center(C),Less Than 8 ft.,2,-12,17,1,0,20190212,GSW,UTA
Shot Chart Detail,0021800852,588,202326,DeMarcus Cousins,1610612744,Golden State Warriors,4,5,48,Missed Shot,Jump Shot,3PT Field Goal,Above the Break 3,Center(C),24+ ft.,28,3,286,1,0,20190212,GSW,UTA
Shot Chart Detail,0021800852,592,202326,DeMarcus Cousins,1610612744,Golden State Warriors,4,5,41,Made Shot,Putback Dunk Shot,2PT Field Goal,Restricted Area,Center(C),Less Than 8 ft.,3,-16,29,1,1,20190212,GSW,UTA
Shot Chart Detail,0021800852,625,202326,DeMarcus Cousins,1610612744,Golden State Warriors,4,2,57,Missed Shot,Layup Shot,2PT Field Goal,Restricted Area,Center(C),Less Than 8 ft.,2,-16,22,1,0,20190212,GSW,UTA
Shot Chart Detail,0021800852,628,202326,DeMarcus Cousins,1610612744,Golden State Warriors,4,2,30,Missed Shot,Layup Shot,2PT Field Goal,Restricted Area,Center(C),Less Than 8 ft.,3,25,25,1,0,20190212,GSW,UTA
Shot Chart Detail,0021800871,13,202326,DeMarcus Cousins,1610612744,Golden State Warriors,1,11,1,Missed Shot,Jump Shot,3PT Field Goal,Above the Break 3,Left Side Center(LC),24+ ft.,27,-158,222,1,0,20190221,GSW,SAC
Shot Chart Detail,0021800871,28,202326,DeMarcus Cousins,1610612744,Golden State Warriors,1,9,34,Made Shot,Cutting Dunk Shot,2PT Field Goal,Restricted Area,Center(C),Less Than 8 ft.,0,-3,8,1,1,20190221,GSW,SAC
Shot Chart Detail,0021800871,59,202326,DeMarcus Cousins,1610612744,Golden State Warriors,1,7,21,Missed Shot,Jump Shot,2PT Field Goal,In The Paint (Non-RA),Center(C),Less Than 8 ft.,5,-7,59,1,0,20190221,GSW,SAC
Shot Chart Detail,0021800871,61,202326,DeMarcus Cousins,1610612744,Golden State Warriors,1,7,19,Made Shot,Putback Layup Shot,2PT Field Goal,Restricted Area,Center(C),Less Than 8 ft.,2,3,25,1,1,20190221,GSW,SAC
Shot Chart Detail,0021800871,201,202326,DeMarcus Cousins,1610612744,Golden State Warriors,2,11,0,Missed Shot,Driving Layup Shot,2PT Field Goal,In The Paint (Non-RA),Center(C),Less Than 8 ft.,5,-13,58,1,0,20190221,GSW,SAC
Shot Chart Detail,0021800871,208,202326,DeMarcus Cousins,1610612744,Golden State Warriors,2,10,6,Made Shot,Dunk Shot,2PT Field Goal,Restricted Area,Center(C),Less Than 8 ft.,2,9,18,1,1,20190221,GSW,SAC
Shot Chart Detail,0021800871,237,202326,DeMarcus Cousins,1610612744,Golden State Warriors,2,7,50,Missed Shot,Jump Shot,2PT Field Goal,In The Paint (Non-RA),Center(C),Less Than 8 ft.,5,-9,58,1,0,20190221,GSW,SAC
Shot Chart Detail,0021800871,436,202326,DeMarcus Cousins,1610612744,Golden State Warriors,3,8,38,Made Shot,Jump Shot,3PT Field Goal,Above the Break 3,Right Side Center(RC),24+ ft.,27,155,227,1,1,20190221,GSW,SAC
Shot Chart Detail,0021800871,490,202326,DeMarcus Cousins,1610612744,Golden State Warriors,3,5,21,Missed Shot,Jump Shot,3PT Field Goal,Above the Break 3,Right Side Center(RC),24+ ft.,26,105,239,1,0,20190221,GSW,SAC
Shot Chart Detail,0021800871,587,202326,DeMarcus Cousins,1610612744,Golden State Warriors,4,11,8,Made Shot,Running Layup Shot,2PT Field Goal,Restricted Area,Center(C),Less Than 8 ft.,1,-9,9,1,1,20190221,GSW,SAC
Shot Chart Detail,0021800871,601,202326,DeMarcus Cousins,1610612744,Golden State Warriors,4,10,7,Made Shot,Running Dunk Shot,2PT Field Goal,Restricted Area,Center(C),Less Than 8 ft.,0,2,1,1,1,20190221,GSW,SAC
Shot Chart Detail,0021800871,669,202326,DeMarcus Cousins,1610612744,Golden State Warriors,4,5,36,Missed Shot,Jump Shot,3PT Field Goal,Above the Break 3,Left Side Center(LC),24+ ft.,27,-116,245,1,0,20190221,GSW,SAC
Shot Chart Detail,0021800892,9,202326,DeMarcus Cousins,1610612744,Golden State Warriors,1,11,22,Missed Shot,Layup Shot,2PT Field Goal,Restricted Area,Center(C),Less Than 8 ft.,1,-11,12,1,0,20190223,GSW,HOU
Shot Chart Detail,0021800892,52,202326,DeMarcus Cousins,1610612744,Golden State Warriors,1,8,8,Missed Shot,Jump Shot,2PT Field Goal,In The Paint (Non-RA),Center(C),Less Than 8 ft.,7,69,29,1,0,20190223,GSW,HOU
Shot Chart Detail,0021800892,179,202326,DeMarcus Cousins,1610612744,Golden State Warriors,2,11,42,Missed Shot,Hook Shot,2PT Field Goal,In The Paint (Non-RA),Center(C),Less Than 8 ft.,6,-25,60,1,0,20190223,GSW,HOU
Shot Chart Detail,0021800892,204,202326,DeMarcus Cousins,1610612744,Golden State Warriors,2,10,8,Missed Shot,Jump Shot,2PT Field Goal,Mid-Range,Left Side(L),8-16 ft.,9,-92,36,1,0,20190223,GSW,HOU
Shot Chart Detail,0021800892,228,202326,DeMarcus Cousins,1610612744,Golden State Warriors,2,8,40,Missed Shot,Layup Shot,2PT Field Goal,Restricted Area,Center(C),Less Than 8 ft.,2,19,11,1,0,20190223,GSW,HOU
Shot Chart Detail,0021800892,230,202326,DeMarcus Cousins,1610612744,Golden State Warriors,2,8,37,Made Shot,Tip Layup Shot,2PT Field Goal,Restricted Area,Center(C),Less Than 8 ft.,0,0,-6,1,1,20190223,GSW,HOU
Shot Chart Detail,0021800892,232,202326,DeMarcus Cousins,1610612744,Golden State Warriors,2,8,10,Missed Shot,Jump Shot,3PT Field Goal,Above the Break 3,Right Side Center(RC),24+ ft.,26,162,209,1,0,20190223,GSW,HOU
Shot Chart Detail,0021800892,378,202326,DeMarcus Cousins,1610612744,Golden State Warriors,3,10,19,Made Shot,Jump Shot,3PT Field Goal,Above the Break 3,Center(C),24+ ft.,25,-10,258,1,1,20190223,GSW,HOU
Shot Chart Detail,0021800892,417,202326,DeMarcus Cousins,1610612744,Golden State Warriors,3,8,5,Missed Shot,Jump Shot,3PT Field Goal,Above the Break 3,Left Side Center(LC),24+ ft.,26,-205,169,1,0,20190223,GSW,HOU
Shot Chart Detail,0021800892,429,202326,DeMarcus Cousins,1610612744,Golden State Warriors,3,7,21,Made Shot,Tip Layup Shot,2PT Field Goal,Restricted Area,Center(C),Less Than 8 ft.,0,0,-6,1,1,20190223,GSW,HOU
Shot Chart Detail,0021800892,555,202326,DeMarcus Cousins,1610612744,Golden State Warriors,4,10,30,Missed Shot,Layup Shot,2PT Field Goal,Restricted Area,Center(C),Less Than 8 ft.,2,7,29,1,0,20190223,GSW,HOU
Shot Chart Detail,0021800892,557,202326,DeMarcus Cousins,1610612744,Golden State Warriors,4,10,29,Made Shot,Tip Layup Shot,2PT Field Goal,Restricted Area,Center(C),Less Than 8 ft.,0,0,-6,1,1,20190223,GSW,HOU
Shot Chart Detail,0021800897,82,202326,DeMarcus Cousins,1610612744,Golden State Warriors,1,4,57,Missed Shot,Layup Shot,2PT Field Goal,Restricted Area,Center(C),Less Than 8 ft.,2,-24,10,1,0,20190225,CHA,GSW
Shot Chart Detail,0021800897,109,202326,DeMarcus Cousins,1610612744,Golden State Warriors,1,3,12,Made Shot,Driving Layup Shot,2PT Field Goal,Restricted Area,Center(C),Less Than 8 ft.,1,14,11,1,1,20190225,CHA,GSW
Shot Chart Detail,0021800897,180,202326,DeMarcus Cousins,1610612744,Golden State Warriors,2,11,43,Made Shot,Layup Shot,2PT Field Goal,Restricted Area,Center(C),Less Than 8 ft.,2,18,15,1,1,20190225,CHA,GSW
Shot Chart Detail,0021800897,206,202326,DeMarcus Cousins,1610612744,Golden State Warriors,2,9,11,Made Shot,Driving Layup Shot,2PT Field Goal,Restricted Area,Center(C),Less Than 8 ft.,2,19,8,1,1,20190225,CHA,GSW
Shot Chart Detail,0021800897,240,202326,DeMarcus Cousins,1610612744,Golden State Warriors,2,7,11,Made Shot,Jump Shot,3PT Field Goal,Above the Break 3,Center(C),24+ ft.,25,-19,257,1,1,20190225,CHA,GSW
Shot Chart Detail,0021800897,250,202326,DeMarcus Cousins,1610612744,Golden State Warriors,2,6,44,Made Shot,Dunk Shot,2PT Field Goal,Restricted Area,Center(C),Less Than 8 ft.,1,11,14,1,1,20190225,CHA,GSW
Shot Chart Detail,0021800897,255,202326,DeMarcus Cousins,1610612744,Golden State Warriors,2,6,24,Made Shot,Driving Dunk Shot,2PT Field Goal,Restricted Area,Center(C),Less Than 8 ft.,1,7,11,1,1,20190225,CHA,GSW
Shot Chart Detail,0021800897,392,202326,DeMarcus Cousins,1610612744,Golden State Warriors,3,9,41,Missed Shot,Jump Shot,3PT Field Goal,Above the Break 3,Left Side Center(LC),24+ ft.,26,-130,231,1,0,20190225,CHA,GSW
Shot Chart Detail,0021800897,406,202326,DeMarcus Cousins,1610612744,Golden State Warriors,3,8,14,Made Shot,Driving Layup Shot,2PT Field Goal,Restricted Area,Center(C),Less Than 8 ft.,2,20,4,1,1,20190225,CHA,GSW
Shot Chart Detail,0021800897,451,202326,DeMarcus Cousins,1610612744,Golden State Warriors,3,5,11,Missed Shot,Jump Shot,3PT Field Goal,Left Corner 3,Left Side(L),24+ ft.,23,-231,13,1,0,20190225,CHA,GSW
Shot Chart Detail,0021800897,571,202326,DeMarcus Cousins,1610612744,Golden State Warriors,4,8,45,Made Shot,Hook Shot,2PT Field Goal,Restricted Area,Center(C),Less Than 8 ft.,3,-9,34,1,1,20190225,CHA,GSW
Shot Chart Detail,0021800897,592,202326,DeMarcus Cousins,1610612744,Golden State Warriors,4,7,18,Made Shot,Layup Shot,2PT Field Goal,Restricted Area,Center(C),Less Than 8 ft.,1,-18,7,1,1,20190225,CHA,GSW
Shot Chart Detail,0021800897,620,202326,DeMarcus Cousins,1610612744,Golden State Warriors,4,5,3,Missed Shot,Driving Layup Shot,2PT Field Goal,Restricted Area,Center(C),Less Than 8 ft.,2,-17,12,1,0,20190225,CHA,GSW
Shot Chart Detail,0021800897,622,202326,DeMarcus Cousins,1610612744,Golden State Warriors,4,5,2,Missed Shot,Putback Layup Shot,2PT Field Goal,Restricted Area,Center(C),Less Than 8 ft.,1,-8,15,1,0,20190225,CHA,GSW
Shot Chart Detail,0021800897,634,202326,DeMarcus Cousins,1610612744,Golden State Warriors,4,4,33,Missed Shot,Jump Shot,3PT Field Goal,Above the Break 3,Center(C),24+ ft.,26,69,251,1,0,20190225,CHA,GSW
Shot Chart Detail,0021800923,13,202326,DeMarcus Cousins,1610612744,Golden State Warriors,1,11,6,Missed Shot,Jump Shot,3PT Field Goal,Above the Break 3,Left Side Center(LC),24+ ft.,25,-109,232,1,0,20190228,ORL,GSW
Shot Chart Detail,0021800923,21,202326,DeMarcus Cousins,1610612744,Golden State Warriors,1,10,21,Made Shot,Driving Layup Shot,2PT Field Goal,Restricted Area,Center(C),Less Than 8 ft.,0,3,1,1,1,20190228,ORL,GSW
Shot Chart Detail,0021800923,33,202326,DeMarcus Cousins,1610612744,Golden State Warriors,1,9,9,Made Shot,Driving Floating Jump Shot,2PT Field Goal,In The Paint (Non-RA),Center(C),8-16 ft.,8,15,79,1,1,20190228,ORL,GSW
Shot Chart Detail,0021800923,40,202326,DeMarcus Cousins,1610612744,Golden State Warriors,1,7,59,Missed Shot,Jump Shot,3PT Field Goal,Above the Break 3,Left Side Center(LC),24+ ft.,25,-90,241,1,0,20190228,ORL,GSW
Shot Chart Detail,0021800923,80,202326,DeMarcus Cousins,1610612744,Golden State Warriors,1,4,54,Missed Shot,Running Layup Shot,2PT Field Goal,In The Paint (Non-RA),Center(C),Less Than 8 ft.,7,-63,34,1,0,20190228,ORL,GSW
Shot Chart Detail,0021800923,151,202326,DeMarcus Cousins,1610612744,Golden State Warriors,2,11,37,Made Shot,Layup Shot,2PT Field Goal,Restricted Area,Center(C),Less Than 8 ft.,2,-11,23,1,1,20190228,ORL,GSW
Shot Chart Detail,0021800923,184,202326,DeMarcus Cousins,1610612744,Golden State Warriors,2,8,58,Made Shot,Finger Roll Layup Shot,2PT Field Goal,Restricted Area,Center(C),Less Than 8 ft.,1,9,17,1,1,20190228,ORL,GSW
Shot Chart Detail,0021800923,187,202326,DeMarcus Cousins,1610612744,Golden State Warriors,2,8,31,Missed Shot,Jump Shot,3PT Field Goal,Above the Break 3,Center(C),24+ ft.,24,25,248,1,0,20190228,ORL,GSW
Shot Chart Detail,0021800923,354,202326,DeMarcus Cousins,1610612744,Golden State Warriors,3,9,59,Made Shot,Driving Floating Bank Jump Shot,2PT Field Goal,Restricted Area,Center(C),Less Than 8 ft.,2,-20,3,1,1,20190228,ORL,GSW
Shot Chart Detail,0021800923,362,202326,DeMarcus Cousins,1610612744,Golden State Warriors,3,8,53,Made Shot,Layup Shot,2PT Field Goal,Restricted Area,Center(C),Less Than 8 ft.,2,22,11,1,1,20190228,ORL,GSW
Shot Chart Detail,0021800923,385,202326,DeMarcus Cousins,1610612744,Golden State Warriors,3,6,39,Made Shot,Layup Shot,2PT Field Goal,Restricted Area,Center(C),Less Than 8 ft.,1,11,13,1,1,20190228,ORL,GSW
Shot Chart Detail,0021800923,400,202326,DeMarcus Cousins,1610612744,Golden State Warriors,3,5,17,Made Shot,Running Dunk Shot,2PT Field Goal,Restricted Area,Center(C),Less Than 8 ft.,1,11,5,1,1,20190228,ORL,GSW
Shot Chart Detail,0021800923,500,202326,DeMarcus Cousins,1610612744,Golden State Warriors,4,9,43,Missed Shot,Turnaround Jump Shot,2PT Field Goal,Mid-Range,Left Side(L),8-16 ft.,11,-113,0,1,0,20190228,ORL,GSW
Shot Chart Detail,0021800923,517,202326,DeMarcus Cousins,1610612744,Golden State Warriors,4,8,15,Missed Shot,Layup Shot,2PT Field Goal,Restricted Area,Center(C),Less Than 8 ft.,0,7,6,1,0,20190228,ORL,GSW
Shot Chart Detail,0021800923,611,202326,DeMarcus Cousins,1610612744,Golden State Warriors,4,1,0,Missed Shot,Hook Shot,2PT Field Goal,In The Paint (Non-RA),Center(C),Less Than 8 ft.,7,50,51,1,0,20190228,ORL,GSW
Shot Chart Detail,0021800923,622,202326,DeMarcus Cousins,1610612744,Golden State Warriors,4,0,18,Missed Shot,Jump Shot,3PT Field Goal,Above the Break 3,Left Side Center(LC),24+ ft.,25,-193,164,1,0,20190228,ORL,GSW
Shot Chart Detail,0021800938,9,202326,DeMarcus Cousins,1610612744,Golden State Warriors,1,11,37,Missed Shot,Jump Shot,2PT Field Goal,Mid-Range,Right Side(R),8-16 ft.,11,114,27,1,0,20190302,PHI,GSW
Shot Chart Detail,0021800938,28,202326,DeMarcus Cousins,1610612744,Golden State Warriors,1,9,46,Missed Shot,Hook Shot,2PT Field Goal,Restricted Area,Center(C),Less Than 8 ft.,2,2,29,1,0,20190302,PHI,GSW
Shot Chart Detail,0021800938,92,202326,DeMarcus Cousins,1610612744,Golden State Warriors,1,5,4,Made Shot,Hook Shot,2PT Field Goal,Restricted Area,Center(C),Less Than 8 ft.,3,36,7,1,1,20190302,PHI,GSW
Shot Chart Detail,0021800938,186,202326,DeMarcus Cousins,1610612744,Golden State Warriors,2,10,13,Made Shot,Layup Shot,2PT Field Goal,Restricted Area,Center(C),Less Than 8 ft.,1,-12,10,1,1,20190302,PHI,GSW
Shot Chart Detail,0021800938,191,202326,DeMarcus Cousins,1610612744,Golden State Warriors,2,9,38,Missed Shot,Layup Shot,2PT Field Goal,Restricted Area,Center(C),Less Than 8 ft.,2,20,4,1,0,20190302,PHI,GSW
Shot Chart Detail,0021800938,204,202326,DeMarcus Cousins,1610612744,Golden State Warriors,2,8,43,Missed Shot,Layup Shot,2PT Field Goal,In The Paint (Non-RA),Center(C),Less Than 8 ft.,4,-13,39,1,0,20190302,PHI,GSW
Shot Chart Detail,0021800938,206,202326,DeMarcus Cousins,1610612744,Golden State Warriors,2,8,40,Made Shot,Putback Layup Shot,2PT Field Goal,Restricted Area,Center(C),Less Than 8 ft.,1,-9,6,1,1,20190302,PHI,GSW
Shot Chart Detail,0021800938,227,202326,DeMarcus Cousins,1610612744,Golden State Warriors,2,7,15,Made Shot,Layup Shot,2PT Field Goal,Restricted Area,Center(C),Less Than 8 ft.,2,-7,23,1,1,20190302,PHI,GSW
Shot Chart Detail,0021800938,352,202326,DeMarcus Cousins,1610612744,Golden State Warriors,3,11,23,Missed Shot,Layup Shot,2PT Field Goal,Restricted Area,Center(C),Less Than 8 ft.,2,2,21,1,0,20190302,PHI,GSW
Shot Chart Detail,0021800938,370,202326,DeMarcus Cousins,1610612744,Golden State Warriors,3,10,15,Made Shot,Jump Shot,3PT Field Goal,Above the Break 3,Left Side Center(LC),24+ ft.,26,-140,220,1,1,20190302,PHI,GSW
Shot Chart Detail,0021800938,430,202326,DeMarcus Cousins,1610612744,Golden State Warriors,3,5,42,Missed Shot,Jump Shot,3PT Field Goal,Above the Break 3,Left Side Center(LC),24+ ft.,26,-98,242,1,0,20190302,PHI,GSW
Shot Chart Detail,0021800938,515,202326,DeMarcus Cousins,1610612744,Golden State Warriors,4,11,32,Made Shot,Dunk Shot,2PT Field Goal,Restricted Area,Center(C),Less Than 8 ft.,0,6,3,1,1,20190302,PHI,GSW
Shot Chart Detail,0021800938,534,202326,DeMarcus Cousins,1610612744,Golden State Warriors,4,10,1,Made Shot,Layup Shot,2PT Field Goal,Restricted Area,Center(C),Less Than 8 ft.,2,16,19,1,1,20190302,PHI,GSW
Shot Chart Detail,0021800938,561,202326,DeMarcus Cousins,1610612744,Golden State Warriors,4,8,12,Made Shot,Finger Roll Layup Shot,2PT Field Goal,Restricted Area,Center(C),Less Than 8 ft.,1,2,11,1,1,20190302,PHI,GSW
Shot Chart Detail,0021800938,594,202326,DeMarcus Cousins,1610612744,Golden State Warriors,4,6,20,Made Shot,Layup Shot,2PT Field Goal,Restricted Area,Center(C),Less Than 8 ft.,2,-8,27,1,1,20190302,PHI,GSW
Shot Chart Detail,0021800964,27,202326,DeMarcus Cousins,1610612744,Golden State Warriors,1,9,43,Missed Shot,Jump Shot,3PT Field Goal,Above the Break 3,Left Side Center(LC),24+ ft.,26,-205,166,1,0,20190305,GSW,BOS
Shot Chart Detail,0021800964,57,202326,DeMarcus Cousins,1610612744,Golden State Warriors,1,7,1,Made Shot,Driving Layup Shot,2PT Field Goal,Restricted Area,Center(C),Less Than 8 ft.,2,11,20,1,1,20190305,GSW,BOS
Shot Chart Detail,0021800964,164,202326,DeMarcus Cousins,1610612744,Golden State Warriors,2,11,30,Missed Shot,Layup Shot,2PT Field Goal,Restricted Area,Center(C),Less Than 8 ft.,2,-29,-1,1,0,20190305,GSW,BOS
Shot Chart Detail,0021800964,171,202326,DeMarcus Cousins,1610612744,Golden State Warriors,2,10,50,Missed Shot,Jump Shot,3PT Field Goal,Above the Break 3,Center(C),24+ ft.,24,-33,246,1,0,20190305,GSW,BOS
Shot Chart Detail,0021800964,359,202326,DeMarcus Cousins,1610612744,Golden State Warriors,3,11,44,Missed Shot,Hook Shot,2PT Field Goal,In The Paint (Non-RA),Center(C),Less Than 8 ft.,7,-2,70,1,0,20190305,GSW,BOS
Shot Chart Detail,0021800964,381,202326,DeMarcus Cousins,1610612744,Golden State Warriors,3,9,44,Missed Shot,Jump Shot,3PT Field Goal,Above the Break 3,Right Side Center(RC),24+ ft.,26,158,212,1,0,20190305,GSW,BOS
Shot Chart Detail,0021800964,395,202326,DeMarcus Cousins,1610612744,Golden State Warriors,3,8,54,Made Shot,Layup Shot,2PT Field Goal,Restricted Area,Center(C),Less Than 8 ft.,2,-8,28,1,1,20190305,GSW,BOS
Shot Chart Detail,0021800964,422,202326,DeMarcus Cousins,1610612744,Golden State Warriors,3,6,58,Made Shot,Jump Shot,2PT Field Goal,In The Paint (Non-RA),Center(C),Less Than 8 ft.,4,-3,49,1,1,20190305,GSW,BOS
Shot Chart Detail,0021800964,489,202326,DeMarcus Cousins,1610612744,Golden State Warriors,3,3,12,Missed Shot,Jump Shot,3PT Field Goal,Above the Break 3,Center(C),24+ ft.,26,-12,262,1,0,20190305,GSW,BOS
Shot Chart Detail,0021800964,549,202326,DeMarcus Cousins,1610612744,Golden State Warriors,4,11,31,Made Shot,Driving Floating Jump Shot,2PT Field Goal,In The Paint (Non-RA),Center(C),8-16 ft.,9,-11,96,1,1,20190305,GSW,BOS
Shot Chart Detail,0021800964,562,202326,DeMarcus Cousins,1610612744,Golden State Warriors,4,10,28,Missed Shot,Jump Shot,3PT Field Goal,Above the Break 3,Right Side Center(RC),24+ ft.,27,189,196,1,0,20190305,GSW,BOS
Shot Chart Detail,0021800964,596,202326,DeMarcus Cousins,1610612744,Golden State Warriors,4,7,26,Missed Shot,Layup Shot,2PT Field Goal,Restricted Area,Center(C),Less Than 8 ft.,2,-13,16,1,0,20190305,GSW,BOS
Shot Chart Detail,0021800984,11,202326,DeMarcus Cousins,1610612744,Golden State Warriors,1,11,19,Missed Shot,Jump Shot,3PT Field Goal,Above the Break 3,Center(C),24+ ft.,27,-72,268,1,0,20190308,GSW,DEN
Shot Chart Detail,0021800984,19,202326,DeMarcus Cousins,1610612744,Golden State Warriors,1,10,40,Missed Shot,Driving Hook Shot,2PT Field Goal,Restricted Area,Center(C),Less Than 8 ft.,1,-9,11,1,0,20190308,GSW,DEN
Shot Chart Detail,0021800984,48,202326,DeMarcus Cousins,1610612744,Golden State Warriors,1,8,39,Made Shot,Running Layup Shot,2PT Field Goal,Restricted Area,Center(C),Less Than 8 ft.,2,3,27,1,1,20190308,GSW,DEN
Shot Chart Detail,0021800984,63,202326,DeMarcus Cousins,1610612744,Golden State Warriors,1,7,58,Missed Shot,Tip Layup Shot,2PT Field Goal,Restricted Area,Center(C),Less Than 8 ft.,0,0,-6,1,0,20190308,GSW,DEN
Shot Chart Detail,0021800984,69,202326,DeMarcus Cousins,1610612744,Golden State Warriors,1,7,28,Missed Shot,Jump Shot,3PT Field Goal,Above the Break 3,Right Side Center(RC),24+ ft.,26,100,243,1,0,20190308,GSW,DEN
Shot Chart Detail,0021800984,228,202326,DeMarcus Cousins,1610612744,Golden State Warriors,2,10,37,Missed Shot,Jump Shot,3PT Field Goal,Above the Break 3,Center(C),24+ ft.,25,-12,257,1,0,20190308,GSW,DEN
Shot Chart Detail,0021800984,285,202326,DeMarcus Cousins,1610612744,Golden State Warriors,2,5,20,Made Shot,Driving Reverse Layup Shot,2PT Field Goal,Restricted Area,Center(C),Less Than 8 ft.,2,20,16,1,1,20190308,GSW,DEN
Shot Chart Detail,0021800984,414,202326,DeMarcus Cousins,1610612744,Golden State Warriors,3,8,50,Made Shot,Layup Shot,2PT Field Goal,Restricted Area,Center(C),Less Than 8 ft.,1,-11,14,1,1,20190308,GSW,DEN
Shot Chart Detail,0021800984,561,202326,DeMarcus Cousins,1610612744,Golden State Warriors,4,10,34,Made Shot,Layup Shot,2PT Field Goal,Restricted Area,Center(C),Less Than 8 ft.,2,7,24,1,1,20190308,GSW,DEN
Shot Chart Detail,0021800984,599,202326,DeMarcus Cousins,1610612744,Golden State Warriors,4,7,53,Missed Shot,Layup Shot,2PT Field Goal,In The Paint (Non-RA),Center(C),Less Than 8 ft.,5,32,46,1,0,20190308,GSW,DEN
Shot Chart Detail,0021800984,640,202326,DeMarcus Cousins,1610612744,Golden State Warriors,4,6,19,Made Shot,Jump Shot,3PT Field Goal,Above the Break 3,Right Side Center(RC),24+ ft.,28,95,268,1,1,20190308,GSW,DEN
Shot Chart Detail,0021801000,21,202326,DeMarcus Cousins,1610612744,Golden State Warriors,1,10,32,Missed Shot,Jump Shot,3PT Field Goal,Above the Break 3,Center(C),24+ ft.,28,-9,280,1,0,20190310,GSW,PHX
Shot Chart Detail,0021801000,93,202326,DeMarcus Cousins,1610612744,Golden State Warriors,1,4,38,Missed Shot,Layup Shot,2PT Field Goal,Restricted Area,Center(C),Less Than 8 ft.,3,-17,32,1,0,20190310,GSW,PHX
Shot Chart Detail,0021801000,104,202326,DeMarcus Cousins,1610612744,Golden State Warriors,1,3,41,Made Shot,Driving Layup Shot,2PT Field Goal,Restricted Area,Center(C),Less Than 8 ft.,2,9,18,1,1,20190310,GSW,PHX
Shot Chart Detail,0021801000,116,202326,DeMarcus Cousins,1610612744,Golden State Warriors,1,3,21,Made Shot,Hook Shot,2PT Field Goal,In The Paint (Non-RA),Center(C),Less Than 8 ft.,4,-8,47,1,1,20190310,GSW,PHX
Shot Chart Detail,0021801000,203,202326,DeMarcus Cousins,1610612744,Golden State Warriors,2,9,17,Made Shot,Driving Layup Shot,2PT Field Goal,Restricted Area,Center(C),Less Than 8 ft.,2,19,18,1,1,20190310,GSW,PHX
Shot Chart Detail,0021801000,353,202326,DeMarcus Cousins,1610612744,Golden State Warriors,3,11,0,Missed Shot,Layup Shot,2PT Field Goal,In The Paint (Non-RA),Center(C),Less Than 8 ft.,4,7,43,1,0,20190310,GSW,PHX
Shot Chart Detail,0021801000,356,202326,DeMarcus Cousins,1610612744,Golden State Warriors,3,10,58,Missed Shot,Layup Shot,2PT Field Goal,In The Paint (Non-RA),Center(C),Less Than 8 ft.,4,6,41,1,0,20190310,GSW,PHX
Shot Chart Detail,0021801000,537,202326,DeMarcus Cousins,1610612744,Golden State Warriors,4,11,15,Missed Shot,Jump Shot,3PT Field Goal,Above the Break 3,Left Side Center(LC),24+ ft.,26,-182,199,1,0,20190310,GSW,PHX
Shot Chart Detail,0021801000,547,202326,DeMarcus Cousins,1610612744,Golden State Warriors,4,10,29,Made Shot,Dunk Shot,2PT Field Goal,Restricted Area,Center(C),Less Than 8 ft.,2,6,20,1,1,20190310,GSW,PHX
Shot Chart Detail,0021801000,552,202326,DeMarcus Cousins,1610612744,Golden State Warriors,4,9,54,Made Shot,Layup Shot,2PT Field Goal,Restricted Area,Center(C),Less Than 8 ft.,1,-14,9,1,1,20190310,GSW,PHX
Shot Chart Detail,0021801000,587,202326,DeMarcus Cousins,1610612744,Golden State Warriors,4,8,7,Missed Shot,Jump Shot,3PT Field Goal,Above the Break 3,Right Side Center(RC),24+ ft.,24,226,92,1,0,20190310,GSW,PHX
Shot Chart Detail,0021801018,27,202326,DeMarcus Cousins,1610612744,Golden State Warriors,1,9,38,Made Shot,Fadeaway Jump Shot,2PT Field Goal,In The Paint (Non-RA),Center(C),8-16 ft.,10,-5,105,1,1,20190313,HOU,GSW
Shot Chart Detail,0021801018,41,202326,DeMarcus Cousins,1610612744,Golden State Warriors,1,7,49,Made Shot,Jump Shot,3PT Field Goal,Above the Break 3,Left Side Center(LC),24+ ft.,27,-156,230,1,1,20190313,HOU,GSW
Shot Chart Detail,0021801018,61,202326,DeMarcus Cousins,1610612744,Golden State Warriors,1,5,40,Missed Shot,Jump Shot,3PT Field Goal,Above the Break 3,Left Side Center(LC),24+ ft.,27,-187,198,1,0,20190313,HOU,GSW
Shot Chart Detail,0021801018,217,202326,DeMarcus Cousins,1610612744,Golden State Warriors,2,7,1,Made Shot,Fadeaway Jump Shot,2PT Field Goal,In The Paint (Non-RA),Center(C),Less Than 8 ft.,6,-47,38,1,1,20190313,HOU,GSW
Shot Chart Detail,0021801018,242,202326,DeMarcus Cousins,1610612744,Golden State Warriors,2,5,4,Missed Shot,Jump Shot,2PT Field Goal,In The Paint (Non-RA),Center(C),Less Than 8 ft.,5,-25,47,1,0,20190313,HOU,GSW
Shot Chart Detail,0021801018,320,202326,DeMarcus Cousins,1610612744,Golden State Warriors,3,10,18,Missed Shot,Driving Layup Shot,2PT Field Goal,In The Paint (Non-RA),Center(C),Less Than 8 ft.,4,37,17,1,0,20190313,HOU,GSW
Shot Chart Detail,0021801018,322,202326,DeMarcus Cousins,1610612744,Golden State Warriors,3,10,14,Missed Shot,Tip Layup Shot,2PT Field Goal,Restricted Area,Center(C),Less Than 8 ft.,0,0,-6,1,0,20190313,HOU,GSW
Shot Chart Detail,0021801018,348,202326,DeMarcus Cousins,1610612744,Golden State Warriors,3,8,14,Made Shot,Layup Shot,2PT Field Goal,Restricted Area,Center(C),Less Than 8 ft.,2,-17,13,1,1,20190313,HOU,GSW
Shot Chart Detail,0021801018,354,202326,DeMarcus Cousins,1610612744,Golden State Warriors,3,7,32,Made Shot,Turnaround Bank Hook Shot,2PT Field Goal,In The Paint (Non-RA),Center(C),Less Than 8 ft.,5,26,46,1,1,20190313,HOU,GSW
Shot Chart Detail,0021801018,359,202326,DeMarcus Cousins,1610612744,Golden State Warriors,3,7,7,Made Shot,Jump Shot,2PT Field Goal,Mid-Range,Right Side(R),16-24 ft.,16,160,52,1,1,20190313,HOU,GSW
Shot Chart Detail,0021801018,378,202326,DeMarcus Cousins,1610612744,Golden State Warriors,3,5,35,Made Shot,Driving Floating Bank Jump Shot,2PT Field Goal,In The Paint (Non-RA),Center(C),Less Than 8 ft.,5,-52,29,1,1,20190313,HOU,GSW
Shot Chart Detail,0021801018,388,202326,DeMarcus Cousins,1610612744,Golden State Warriors,3,5,0,Missed Shot,Driving Layup Shot,2PT Field Goal,In The Paint (Non-RA),Center(C),Less Than 8 ft.,6,51,42,1,0,20190313,HOU,GSW
Shot Chart Detail,0021801018,472,202326,DeMarcus Cousins,1610612744,Golden State Warriors,4,11,42,Made Shot,Layup Shot,2PT Field Goal,Restricted Area,Center(C),Less Than 8 ft.,1,19,-4,1,1,20190313,HOU,GSW
Shot Chart Detail,0021801018,539,202326,DeMarcus Cousins,1610612744,Golden State Warriors,4,6,24,Made Shot,Hook Shot,2PT Field Goal,In The Paint (Non-RA),Center(C),Less Than 8 ft.,5,48,15,1,1,20190313,HOU,GSW
Shot Chart Detail,0021801018,547,202326,DeMarcus Cousins,1610612744,Golden State Warriors,4,5,37,Made Shot,Driving Reverse Layup Shot,2PT Field Goal,Restricted Area,Center(C),Less Than 8 ft.,2,-19,11,1,1,20190313,HOU,GSW
Shot Chart Detail,0021801018,550,202326,DeMarcus Cousins,1610612744,Golden State Warriors,4,4,52,Made Shot,Jump Shot,2PT Field Goal,Mid-Range,Left Side(L),8-16 ft.,15,-83,134,1,1,20190313,HOU,GSW
Shot Chart Detail,0021801038,42,202326,DeMarcus Cousins,1610612744,Golden State Warriors,1,9,0,Made Shot,Jump Shot,3PT Field Goal,Above the Break 3,Center(C),24+ ft.,25,-77,246,1,1,20190316,OKC,GSW
Shot Chart Detail,0021801038,47,202326,DeMarcus Cousins,1610612744,Golden State Warriors,1,8,29,Missed Shot,Jump Shot,3PT Field Goal,Above the Break 3,Right Side Center(RC),24+ ft.,25,167,195,1,0,20190316,OKC,GSW
Shot Chart Detail,0021801038,70,202326,DeMarcus Cousins,1610612744,Golden State Warriors,1,6,43,Made Shot,Driving Layup Shot,2PT Field Goal,Restricted Area,Center(C),Less Than 8 ft.,1,-14,10,1,1,20190316,OKC,GSW
Shot Chart Detail,0021801038,193,202326,DeMarcus Cousins,1610612744,Golden State Warriors,2,11,23,Missed Shot,Driving Layup Shot,2PT Field Goal,Restricted Area,Center(C),Less Than 8 ft.,3,30,-3,1,0,20190316,OKC,GSW
Shot Chart Detail,0021801038,269,202326,DeMarcus Cousins,1610612744,Golden State Warriors,2,5,59,Made Shot,Hook Shot,2PT Field Goal,Restricted Area,Center(C),Less Than 8 ft.,3,-16,27,1,1,20190316,OKC,GSW
Shot Chart Detail,0021801038,277,202326,DeMarcus Cousins,1610612744,Golden State Warriors,2,5,8,Missed Shot,Running Layup Shot,2PT Field Goal,Restricted Area,Center(C),Less Than 8 ft.,2,-18,22,1,0,20190316,OKC,GSW
Shot Chart Detail,0021801038,292,202326,DeMarcus Cousins,1610612744,Golden State Warriors,2,3,41,Made Shot,Cutting Layup Shot,2PT Field Goal,Restricted Area,Center(C),Less Than 8 ft.,1,15,10,1,1,20190316,OKC,GSW
Shot Chart Detail,0021801038,313,202326,DeMarcus Cousins,1610612744,Golden State Warriors,2,2,50,Missed Shot,Jump Shot,3PT Field Goal,Above the Break 3,Center(C),24+ ft.,25,74,239,1,0,20190316,OKC,GSW
Shot Chart Detail,0021801038,396,202326,DeMarcus Cousins,1610612744,Golden State Warriors,3,7,33,Missed Shot,Driving Layup Shot,2PT Field Goal,Restricted Area,Center(C),Less Than 8 ft.,1,-13,8,1,0,20190316,OKC,GSW
Shot Chart Detail,0021801038,399,202326,DeMarcus Cousins,1610612744,Golden State Warriors,3,7,30,Made Shot,Putback Layup Shot,2PT Field Goal,Restricted Area,Center(C),Less Than 8 ft.,1,13,3,1,1,20190316,OKC,GSW
Shot Chart Detail,0021801038,550,202326,DeMarcus Cousins,1610612744,Golden State Warriors,4,9,18,Missed Shot,Turnaround Hook Shot,2PT Field Goal,In The Paint (Non-RA),Center(C),Less Than 8 ft.,6,12,68,1,0,20190316,OKC,GSW
Shot Chart Detail,0021801079,10,202326,DeMarcus Cousins,1610612744,Golden State Warriors,1,11,42,Missed Shot,Turnaround Hook Shot,2PT Field Goal,Restricted Area,Center(C),Less Than 8 ft.,2,16,25,1,0,20190321,GSW,IND
Shot Chart Detail,0021801079,37,202326,DeMarcus Cousins,1610612744,Golden State Warriors,1,8,52,Missed Shot,Jump Shot,3PT Field Goal,Above the Break 3,Right Side Center(RC),24+ ft.,27,185,201,1,0,20190321,GSW,IND
Shot Chart Detail,0021801079,46,202326,DeMarcus Cousins,1610612744,Golden State Warriors,1,7,44,Made Shot,Driving Layup Shot,2PT Field Goal,Restricted Area,Center(C),Less Than 8 ft.,2,16,15,1,1,20190321,GSW,IND
Shot Chart Detail,0021801079,79,202326,DeMarcus Cousins,1610612744,Golden State Warriors,1,5,25,Made Shot,Driving Layup Shot,2PT Field Goal,Restricted Area,Center(C),Less Than 8 ft.,3,-22,23,1,1,20190321,GSW,IND
Shot Chart Detail,0021801079,197,202326,DeMarcus Cousins,1610612744,Golden State Warriors,2,9,58,Made Shot,Jump Shot,2PT Field Goal,Mid-Range,Left Side Center(LC),16-24 ft.,19,-131,144,1,1,20190321,GSW,IND
Shot Chart Detail,0021801079,207,202326,DeMarcus Cousins,1610612744,Golden State Warriors,2,8,48,Missed Shot,Jump Shot,2PT Field Goal,Mid-Range,Center(C),16-24 ft.,17,-12,174,1,0,20190321,GSW,IND
Shot Chart Detail,0021801079,270,202326,DeMarcus Cousins,1610612744,Golden State Warriors,2,5,3,Made Shot,Cutting Layup Shot,2PT Field Goal,Restricted Area,Center(C),Less Than 8 ft.,0,2,4,1,1,20190321,GSW,IND
Shot Chart Detail,0021801079,276,202326,DeMarcus Cousins,1610612744,Golden State Warriors,2,4,43,Made Shot,Dunk Shot,2PT Field Goal,Restricted Area,Center(C),Less Than 8 ft.,1,4,18,1,1,20190321,GSW,IND
Shot Chart Detail,0021801079,350,202326,DeMarcus Cousins,1610612744,Golden State Warriors,3,10,2,Missed Shot,Layup Shot,2PT Field Goal,Restricted Area,Center(C),Less Than 8 ft.,2,-3,24,1,0,20190321,GSW,IND
Shot Chart Detail,0021801079,358,202326,DeMarcus Cousins,1610612744,Golden State Warriors,3,9,25,Made Shot,Layup Shot,2PT Field Goal,Restricted Area,Center(C),Less Than 8 ft.,0,2,-2,1,1,20190321,GSW,IND
Shot Chart Detail,0021801079,381,202326,DeMarcus Cousins,1610612744,Golden State Warriors,3,6,59,Made Shot,Layup Shot,2PT Field Goal,Restricted Area,Center(C),Less Than 8 ft.,1,-11,6,1,1,20190321,GSW,IND
Shot Chart Detail,0021801079,385,202326,DeMarcus Cousins,1610612744,Golden State Warriors,3,6,27,Made Shot,Layup Shot,2PT Field Goal,Restricted Area,Center(C),Less Than 8 ft.,0,8,4,1,1,20190321,GSW,IND
Shot Chart Detail,0021801092,21,202326,DeMarcus Cousins,1610612744,Golden State Warriors,1,9,38,Missed Shot,Step Back Jump shot,2PT Field Goal,Mid-Range,Right Side Center(RC),16-24 ft.,19,107,165,1,0,20190323,GSW,DAL
Shot Chart Detail,0021801092,39,202326,DeMarcus Cousins,1610612744,Golden State Warriors,1,8,19,Made Shot,Jump Shot,3PT Field Goal,Above the Break 3,Left Side Center(LC),24+ ft.,30,-163,259,1,1,20190323,GSW,DAL
Shot Chart Detail,0021801092,54,202326,DeMarcus Cousins,1610612744,Golden State Warriors,1,7,26,Missed Shot,Jump Shot,2PT Field Goal,In The Paint (Non-RA),Center(C),8-16 ft.,8,11,89,1,0,20190323,GSW,DAL
Shot Chart Detail,0021801092,56,202326,DeMarcus Cousins,1610612744,Golden State Warriors,1,7,24,Made Shot,Putback Layup Shot,2PT Field Goal,Restricted Area,Center(C),Less Than 8 ft.,0,0,-6,1,1,20190323,GSW,DAL
Shot Chart Detail,0021801092,176,202326,DeMarcus Cousins,1610612744,Golden State Warriors,2,10,13,Made Shot,Driving Reverse Layup Shot,2PT Field Goal,Restricted Area,Center(C),Less Than 8 ft.,2,22,18,1,1,20190323,GSW,DAL
Shot Chart Detail,0021801092,194,202326,DeMarcus Cousins,1610612744,Golden State Warriors,2,8,21,Made Shot,Running Layup Shot,2PT Field Goal,Restricted Area,Center(C),Less Than 8 ft.,2,18,20,1,1,20190323,GSW,DAL
Shot Chart Detail,0021801092,252,202326,DeMarcus Cousins,1610612744,Golden State Warriors,2,4,58,Made Shot,Driving Layup Shot,2PT Field Goal,In The Paint (Non-RA),Center(C),Less Than 8 ft.,5,6,58,1,1,20190323,GSW,DAL
Shot Chart Detail,0021801092,276,202326,DeMarcus Cousins,1610612744,Golden State Warriors,2,3,7,Made Shot,Driving Dunk Shot,2PT Field Goal,Restricted Area,Center(C),Less Than 8 ft.,1,-9,17,1,1,20190323,GSW,DAL
Shot Chart Detail,0021801092,364,202326,DeMarcus Cousins,1610612744,Golden State Warriors,3,10,30,Missed Shot,Layup Shot,2PT Field Goal,Restricted Area,Center(C),Less Than 8 ft.,3,-22,24,1,0,20190323,GSW,DAL
Shot Chart Detail,0021801092,366,202326,DeMarcus Cousins,1610612744,Golden State Warriors,3,10,26,Made Shot,Tip Layup Shot,2PT Field Goal,Restricted Area,Center(C),Less Than 8 ft.,0,0,-6,1,1,20190323,GSW,DAL
Shot Chart Detail,0021801092,411,202326,DeMarcus Cousins,1610612744,Golden State Warriors,3,6,35,Made Shot,Layup Shot,2PT Field Goal,Restricted Area,Center(C),Less Than 8 ft.,2,7,27,1,1,20190323,GSW,DAL
Shot Chart Detail,0021801118,26,202326,DeMarcus Cousins,1610612744,Golden State Warriors,1,9,24,Made Shot,Step Back Jump shot,2PT Field Goal,Mid-Range,Right Side(R),8-16 ft.,11,95,63,1,1,20190327,MEM,GSW
Shot Chart Detail,0021801118,35,202326,DeMarcus Cousins,1610612744,Golden State Warriors,1,8,24,Made Shot,Cutting Layup Shot,2PT Field Goal,Restricted Area,Center(C),Less Than 8 ft.,0,-1,4,1,1,20190327,MEM,GSW
Shot Chart Detail,0021801118,72,202326,DeMarcus Cousins,1610612744,Golden State Warriors,1,5,48,Missed Shot,Jump Shot,3PT Field Goal,Above the Break 3,Left Side Center(LC),24+ ft.,25,-157,195,1,0,20190327,MEM,GSW
Shot Chart Detail,0021801118,180,202326,DeMarcus Cousins,1610612744,Golden State Warriors,2,11,14,Missed Shot,Driving Layup Shot,2PT Field Goal,Restricted Area,Center(C),Less Than 8 ft.,2,2,26,1,0,20190327,MEM,GSW
Shot Chart Detail,0021801118,223,202326,DeMarcus Cousins,1610612744,Golden State Warriors,2,7,15,Missed Shot,Jump Shot,2PT Field Goal,Mid-Range,Right Side(R),16-24 ft.,19,167,107,1,0,20190327,MEM,GSW
Shot Chart Detail,0021801118,225,202326,DeMarcus Cousins,1610612744,Golden State Warriors,2,6,55,Made Shot,Jump Shot,3PT Field Goal,Above the Break 3,Right Side Center(RC),24+ ft.,25,139,217,1,1,20190327,MEM,GSW
Shot Chart Detail,0021801118,234,202326,DeMarcus Cousins,1610612744,Golden State Warriors,2,5,44,Missed Shot,Driving Layup Shot,2PT Field Goal,Restricted Area,Center(C),Less Than 8 ft.,1,14,-3,1,0,20190327,MEM,GSW
Shot Chart Detail,0021801118,340,202326,DeMarcus Cousins,1610612744,Golden State Warriors,3,11,15,Missed Shot,Jump Shot,3PT Field Goal,Above the Break 3,Center(C),24+ ft.,25,17,258,1,0,20190327,MEM,GSW
Shot Chart Detail,0021801118,364,202326,DeMarcus Cousins,1610612744,Golden State Warriors,3,9,36,Made Shot,Running Dunk Shot,2PT Field Goal,Restricted Area,Center(C),Less Than 8 ft.,0,-2,-2,1,1,20190327,MEM,GSW
Shot Chart Detail,0021801118,380,202326,DeMarcus Cousins,1610612744,Golden State Warriors,3,7,57,Missed Shot,Driving Reverse Layup Shot,2PT Field Goal,Restricted Area,Center(C),Less Than 8 ft.,0,3,-1,1,0,20190327,MEM,GSW
Shot Chart Detail,0021801118,522,202326,DeMarcus Cousins,1610612744,Golden State Warriors,4,11,14,Made Shot,Driving Layup Shot,2PT Field Goal,Restricted Area,Center(C),Less Than 8 ft.,1,2,14,1,1,20190327,MEM,GSW
Shot Chart Detail,0021801118,525,202326,DeMarcus Cousins,1610612744,Golden State Warriors,4,10,49,Missed Shot,Layup Shot,2PT Field Goal,In The Paint (Non-RA),Center(C),Less Than 8 ft.,4,2,48,1,0,20190327,MEM,GSW
Shot Chart Detail,0021801118,543,202326,DeMarcus Cousins,1610612744,Golden State Warriors,4,9,43,Missed Shot,Jump Shot,2PT Field Goal,Mid-Range,Center(C),8-16 ft.,14,-26,146,1,0,20190327,MEM,GSW
Shot Chart Detail,0021801118,622,202326,DeMarcus Cousins,1610612744,Golden State Warriors,4,3,14,Made Shot,Jump Shot,2PT Field Goal,Mid-Range,Right Side(R),16-24 ft.,20,168,110,1,1,20190327,MEM,GSW
Shot Chart Detail,0021801118,643,202326,DeMarcus Cousins,1610612744,Golden State Warriors,4,1,48,Made Shot,Layup Shot,2PT Field Goal,Restricted Area,Center(C),Less Than 8 ft.,1,12,3,1,1,20190327,MEM,GSW
Shot Chart Detail,0021801132,18,202326,DeMarcus Cousins,1610612744,Golden State Warriors,1,10,44,Missed Shot,Jump Shot,2PT Field Goal,In The Paint (Non-RA),Center(C),Less Than 8 ft.,5,-40,44,1,0,20190329,MIN,GSW
Shot Chart Detail,0021801132,22,202326,DeMarcus Cousins,1610612744,Golden State Warriors,1,10,24,Missed Shot,Driving Layup Shot,2PT Field Goal,Restricted Area,Center(C),Less Than 8 ft.,1,0,10,1,0,20190329,MIN,GSW
Shot Chart Detail,0021801132,26,202326,DeMarcus Cousins,1610612744,Golden State Warriors,1,9,54,Made Shot,Cutting Layup Shot,2PT Field Goal,Restricted Area,Center(C),Less Than 8 ft.,1,0,11,1,1,20190329,MIN,GSW
Shot Chart Detail,0021801132,46,202326,DeMarcus Cousins,1610612744,Golden State Warriors,1,8,2,Missed Shot,Layup Shot,2PT Field Goal,Restricted Area,Center(C),Less Than 8 ft.,1,8,7,1,0,20190329,MIN,GSW
Shot Chart Detail,0021801132,63,202326,DeMarcus Cousins,1610612744,Golden State Warriors,1,6,49,Made Shot,Layup Shot,2PT Field Goal,Restricted Area,Center(C),Less Than 8 ft.,2,0,22,1,1,20190329,MIN,GSW
Shot Chart Detail,0021801132,193,202326,DeMarcus Cousins,1610612744,Golden State Warriors,2,9,40,Missed Shot,Finger Roll Layup Shot,2PT Field Goal,Restricted Area,Center(C),Less Than 8 ft.,1,5,12,1,0,20190329,MIN,GSW
Shot Chart Detail,0021801132,213,202326,DeMarcus Cousins,1610612744,Golden State Warriors,2,8,58,Missed Shot,Jump Shot,3PT Field Goal,Above the Break 3,Left Side Center(LC),24+ ft.,26,-148,214,1,0,20190329,MIN,GSW
Shot Chart Detail,0021801132,259,202326,DeMarcus Cousins,1610612744,Golden State Warriors,2,5,27,Missed Shot,Jump Shot,3PT Field Goal,Above the Break 3,Right Side Center(RC),24+ ft.,25,133,221,1,0,20190329,MIN,GSW
Shot Chart Detail,0021801132,326,202326,DeMarcus Cousins,1610612744,Golden State Warriors,3,11,39,Made Shot,Layup Shot,2PT Field Goal,Restricted Area,Center(C),Less Than 8 ft.,3,19,30,1,1,20190329,MIN,GSW
Shot Chart Detail,0021801132,353,202326,DeMarcus Cousins,1610612744,Golden State Warriors,3,9,37,Missed Shot,Step Back Jump shot,2PT Field Goal,Mid-Range,Center(C),16-24 ft.,19,-8,193,1,0,20190329,MIN,GSW
Shot Chart Detail,0021801132,527,202326,DeMarcus Cousins,1610612744,Golden State Warriors,4,10,48,Missed Shot,Layup Shot,2PT Field Goal,Restricted Area,Center(C),Less Than 8 ft.,2,11,19,1,0,20190329,MIN,GSW
Shot Chart Detail,0021801132,530,202326,DeMarcus Cousins,1610612744,Golden State Warriors,4,10,40,Made Shot,Putback Layup Shot,2PT Field Goal,Restricted Area,Center(C),Less Than 8 ft.,0,0,-6,1,1,20190329,MIN,GSW
Shot Chart Detail,0021801132,542,202326,DeMarcus Cousins,1610612744,Golden State Warriors,4,9,8,Missed Shot,Reverse Layup Shot,2PT Field Goal,Restricted Area,Center(C),Less Than 8 ft.,1,7,17,1,0,20190329,MIN,GSW
Shot Chart Detail,0021801150,181,202326,DeMarcus Cousins,1610612744,Golden State Warriors,2,11,25,Made Shot,Layup Shot,2PT Field Goal,Restricted Area,Center(C),Less Than 8 ft.,1,8,13,1,1,20190331,GSW,CHA
Shot Chart Detail,0021801150,187,202326,DeMarcus Cousins,1610612744,Golden State Warriors,2,10,29,Made Shot,Jump Shot,2PT Field Goal,In The Paint (Non-RA),Center(C),8-16 ft.,8,-9,80,1,1,20190331,GSW,CHA
Shot Chart Detail,0021801150,217,202326,DeMarcus Cousins,1610612744,Golden State Warriors,2,8,18,Missed Shot,Fadeaway Jump Shot,2PT Field Goal,In The Paint (Non-RA),Center(C),8-16 ft.,11,-51,104,1,0,20190331,GSW,CHA
Shot Chart Detail,0021801150,228,202326,DeMarcus Cousins,1610612744,Golden State Warriors,2,6,51,Made Shot,Finger Roll Layup Shot,2PT Field Goal,In The Paint (Non-RA),Center(C),Less Than 8 ft.,5,-28,46,1,1,20190331,GSW,CHA
Shot Chart Detail,0021801164,42,202326,DeMarcus Cousins,1610612744,Golden State Warriors,1,10,5,Missed Shot,Jump Shot,3PT Field Goal,Above the Break 3,Right Side Center(RC),24+ ft.,27,141,232,1,0,20190402,GSW,DEN
Shot Chart Detail,0021801164,54,202326,DeMarcus Cousins,1610612744,Golden State Warriors,1,8,59,Missed Shot,Tip Layup Shot,2PT Field Goal,Restricted Area,Center(C),Less Than 8 ft.,0,0,-6,1,0,20190402,GSW,DEN
Shot Chart Detail,0021801164,62,202326,DeMarcus Cousins,1610612744,Golden State Warriors,1,8,11,Made Shot,Layup Shot,2PT Field Goal,Restricted Area,Center(C),Less Than 8 ft.,3,20,28,1,1,20190402,GSW,DEN
Shot Chart Detail,0021801164,85,202326,DeMarcus Cousins,1610612744,Golden State Warriors,1,6,37,Made Shot,Layup Shot,2PT Field Goal,Restricted Area,Center(C),Less Than 8 ft.,1,-5,12,1,1,20190402,GSW,DEN
Shot Chart Detail,0021801164,101,202326,DeMarcus Cousins,1610612744,Golden State Warriors,1,5,20,Made Shot,Alley Oop Layup shot,2PT Field Goal,Restricted Area,Center(C),Less Than 8 ft.,1,2,18,1,1,20190402,GSW,DEN
Shot Chart Detail,0021801164,116,202326,DeMarcus Cousins,1610612744,Golden State Warriors,1,3,50,Made Shot,Driving Finger Roll Layup Shot,2PT Field Goal,In The Paint (Non-RA),Center(C),Less Than 8 ft.,6,-13,60,1,1,20190402,GSW,DEN
Shot Chart Detail,0021801164,118,202326,DeMarcus Cousins,1610612744,Golden State Warriors,1,3,15,Made Shot,Driving Layup Shot,2PT Field Goal,In The Paint (Non-RA),Center(C),Less Than 8 ft.,6,-8,63,1,1,20190402,GSW,DEN
Shot Chart Detail,0021801164,122,202326,DeMarcus Cousins,1610612744,Golden State Warriors,1,2,33,Missed Shot,Jump Shot,3PT Field Goal,Above the Break 3,Right Side Center(RC),24+ ft.,26,183,189,1,0,20190402,GSW,DEN
Shot Chart Detail,0021801164,188,202326,DeMarcus Cousins,1610612744,Golden State Warriors,2,11,32,Missed Shot,Driving Hook Shot,2PT Field Goal,In The Paint (Non-RA),Center(C),Less Than 8 ft.,6,5,68,1,0,20190402,GSW,DEN
Shot Chart Detail,0021801164,197,202326,DeMarcus Cousins,1610612744,Golden State Warriors,2,11,1,Missed Shot,Hook Shot,2PT Field Goal,In The Paint (Non-RA),Center(C),8-16 ft.,8,-5,80,1,0,20190402,GSW,DEN
Shot Chart Detail,0021801164,221,202326,DeMarcus Cousins,1610612744,Golden State Warriors,2,9,9,Made Shot,Layup Shot,2PT Field Goal,Restricted Area,Center(C),Less Than 8 ft.,2,6,25,1,1,20190402,GSW,DEN
Shot Chart Detail,0021801164,377,202326,DeMarcus Cousins,1610612744,Golden State Warriors,3,8,57,Made Shot,Reverse Layup Shot,2PT Field Goal,Restricted Area,Center(C),Less Than 8 ft.,2,-16,24,1,1,20190402,GSW,DEN
Shot Chart Detail,0021801164,400,202326,DeMarcus Cousins,1610612744,Golden State Warriors,3,8,5,Made Shot,Driving Floating Bank Jump Shot,2PT Field Goal,In The Paint (Non-RA),Center(C),Less Than 8 ft.,7,62,36,1,1,20190402,GSW,DEN
Shot Chart Detail,0021801164,527,202326,DeMarcus Cousins,1610612744,Golden State Warriors,4,11,41,Made Shot,Step Back Jump shot,3PT Field Goal,Above the Break 3,Right Side Center(RC),24+ ft.,26,143,221,1,1,20190402,GSW,DEN
Shot Chart Detail,0021801164,534,202326,DeMarcus Cousins,1610612744,Golden State Warriors,4,10,24,Made Shot,Jump Shot,2PT Field Goal,Mid-Range,Left Side(L),8-16 ft.,11,-117,-5,1,1,20190402,GSW,DEN
Shot Chart Detail,0021801164,567,202326,DeMarcus Cousins,1610612744,Golden State Warriors,4,7,49,Made Shot,Jump Shot,3PT Field Goal,Above the Break 3,Left Side Center(LC),24+ ft.,25,-117,231,1,1,20190402,GSW,DEN
Shot Chart Detail,0021801164,596,202326,DeMarcus Cousins,1610612744,Golden State Warriors,4,5,58,Made Shot,Layup Shot,2PT Field Goal,Restricted Area,Center(C),Less Than 8 ft.,3,23,26,1,1,20190402,GSW,DEN
Shot Chart Detail,0021801179,16,202326,DeMarcus Cousins,1610612744,Golden State Warriors,1,10,54,Made Shot,Turnaround Fadeaway Bank Jump Shot,2PT Field Goal,Mid-Range,Left Side(L),8-16 ft.,8,-81,33,1,1,20190404,LAL,GSW
Shot Chart Detail,0021801179,23,202326,DeMarcus Cousins,1610612744,Golden State Warriors,1,10,24,Missed Shot,Putback Layup Shot,2PT Field Goal,Restricted Area,Center(C),Less Than 8 ft.,2,-19,18,1,0,20190404,LAL,GSW
Shot Chart Detail,0021801179,45,202326,DeMarcus Cousins,1610612744,Golden State Warriors,1,8,17,Made Shot,Cutting Layup Shot,2PT Field Goal,Restricted Area,Center(C),Less Than 8 ft.,1,-9,8,1,1,20190404,LAL,GSW
Shot Chart Detail,0021801179,50,202326,DeMarcus Cousins,1610612744,Golden State Warriors,1,7,53,Made Shot,Running Reverse Layup Shot,2PT Field Goal,Restricted Area,Center(C),Less Than 8 ft.,0,0,8,1,1,20190404,LAL,GSW
Shot Chart Detail,0021801179,62,202326,DeMarcus Cousins,1610612744,Golden State Warriors,1,6,47,Missed Shot,Jump Shot,3PT Field Goal,Above the Break 3,Center(C),24+ ft.,26,46,256,1,0,20190404,LAL,GSW
Shot Chart Detail,0021801179,77,202326,DeMarcus Cousins,1610612744,Golden State Warriors,1,5,48,Made Shot,Turnaround Jump Shot,2PT Field Goal,In The Paint (Non-RA),Center(C),Less Than 8 ft.,4,-5,43,1,1,20190404,LAL,GSW
Shot Chart Detail,0021801179,184,202326,DeMarcus Cousins,1610612744,Golden State Warriors,2,10,39,Missed Shot,Step Back Jump shot,3PT Field Goal,Above the Break 3,Left Side Center(LC),24+ ft.,28,-101,267,1,0,20190404,LAL,GSW
Shot Chart Detail,0021801179,223,202326,DeMarcus Cousins,1610612744,Golden State Warriors,2,7,59,Missed Shot,Jump Shot,2PT Field Goal,Mid-Range,Right Side Center(RC),16-24 ft.,16,125,112,1,0,20190404,LAL,GSW
Shot Chart Detail,0021801179,230,202326,DeMarcus Cousins,1610612744,Golden State Warriors,2,7,47,Made Shot,Putback Layup Shot,2PT Field Goal,Restricted Area,Center(C),Less Than 8 ft.,0,0,-6,1,1,20190404,LAL,GSW
Shot Chart Detail,0021801179,258,202326,DeMarcus Cousins,1610612744,Golden State Warriors,2,5,50,Missed Shot,Jump Shot,3PT Field Goal,Above the Break 3,Left Side Center(LC),24+ ft.,26,-121,238,1,0,20190404,LAL,GSW
Shot Chart Detail,0021801179,368,202326,DeMarcus Cousins,1610612744,Golden State Warriors,3,11,3,Missed Shot,Driving Layup Shot,2PT Field Goal,In The Paint (Non-RA),Center(C),Less Than 8 ft.,4,12,40,1,0,20190404,LAL,GSW
Shot Chart Detail,0021801179,374,202326,DeMarcus Cousins,1610612744,Golden State Warriors,3,10,56,Missed Shot,Driving Dunk Shot,2PT Field Goal,Restricted Area,Center(C),Less Than 8 ft.,1,18,6,1,0,20190404,LAL,GSW
Shot Chart Detail,0021801179,403,202326,DeMarcus Cousins,1610612744,Golden State Warriors,3,8,47,Missed Shot,Jump Shot,3PT Field Goal,Above the Break 3,Right Side Center(RC),24+ ft.,27,131,247,1,0,20190404,LAL,GSW
Shot Chart Detail,0021801179,411,202326,DeMarcus Cousins,1610612744,Golden State Warriors,3,7,54,Made Shot,Jump Shot,3PT Field Goal,Above the Break 3,Left Side Center(LC),24+ ft.,26,-123,231,1,1,20190404,LAL,GSW
Shot Chart Detail,0021801179,422,202326,DeMarcus Cousins,1610612744,Golden State Warriors,3,7,15,Made Shot,Jump Shot,3PT Field Goal,Above the Break 3,Center(C),24+ ft.,26,-52,257,1,1,20190404,LAL,GSW
Shot Chart Detail,0021801179,449,202326,DeMarcus Cousins,1610612744,Golden State Warriors,3,4,34,Made Shot,Jump Shot,3PT Field Goal,Above the Break 3,Right Side Center(RC),24+ ft.,26,114,239,1,1,20190404,LAL,GSW
Shot Chart Detail,0021801179,453,202326,DeMarcus Cousins,1610612744,Golden State Warriors,3,4,15,Made Shot,Running Dunk Shot,2PT Field Goal,Restricted Area,Center(C),Less Than 8 ft.,0,8,-1,1,1,20190404,LAL,GSW
Shot Chart Detail,0021801205,47,202326,DeMarcus Cousins,1610612744,Golden State Warriors,1,7,35,Missed Shot,Jump Shot,3PT Field Goal,Above the Break 3,Left Side Center(LC),24+ ft.,27,-169,216,1,0,20190407,GSW,LAC
Shot Chart Detail,0021801205,76,202326,DeMarcus Cousins,1610612744,Golden State Warriors,1,4,59,Missed Shot,Jump Shot,3PT Field Goal,Above the Break 3,Center(C),24+ ft.,27,-85,263,1,0,20190407,GSW,LAC
Shot Chart Detail,0021801205,79,202326,DeMarcus Cousins,1610612744,Golden State Warriors,1,4,32,Missed Shot,Jump Shot,2PT Field Goal,In The Paint (Non-RA),Center(C),Less Than 8 ft.,5,-6,54,1,0,20190407,GSW,LAC
Shot Chart Detail,0021801205,158,202326,DeMarcus Cousins,1610612744,Golden State Warriors,2,11,41,Missed Shot,Jump Shot,2PT Field Goal,In The Paint (Non-RA),Center(C),8-16 ft.,8,8,84,1,0,20190407,GSW,LAC
Shot Chart Detail,0021801205,176,202326,DeMarcus Cousins,1610612744,Golden State Warriors,2,10,18,Missed Shot,Jump Shot,3PT Field Goal,Above the Break 3,Center(C),24+ ft.,29,0,290,1,0,20190407,GSW,LAC
Shot Chart Detail,0021801205,186,202326,DeMarcus Cousins,1610612744,Golden State Warriors,2,9,41,Missed Shot,Jump Shot,2PT Field Goal,In The Paint (Non-RA),Center(C),Less Than 8 ft.,7,73,-12,1,0,20190407,GSW,LAC
Shot Chart Detail,0021801205,215,202326,DeMarcus Cousins,1610612744,Golden State Warriors,2,7,48,Missed Shot,Hook Shot,2PT Field Goal,In The Paint (Non-RA),Center(C),8-16 ft.,9,-38,86,1,0,20190407,GSW,LAC
Shot Chart Detail,0021801205,223,202326,DeMarcus Cousins,1610612744,Golden State Warriors,2,7,32,Missed Shot,Jump Shot,3PT Field Goal,Above the Break 3,Left Side Center(LC),24+ ft.,28,-115,258,1,0,20190407,GSW,LAC
Shot Chart Detail,0021801205,368,202326,DeMarcus Cousins,1610612744,Golden State Warriors,3,10,39,Missed Shot,Jump Shot,3PT Field Goal,Above the Break 3,Left Side Center(LC),24+ ft.,25,-138,213,1,0,20190407,GSW,LAC
Shot Chart Detail,0021801205,380,202326,DeMarcus Cousins,1610612744,Golden State Warriors,3,9,47,Made Shot,Driving Hook Shot,2PT Field Goal,In The Paint (Non-RA),Center(C),Less Than 8 ft.,6,0,68,1,1,20190407,GSW,LAC
Shot Chart Detail,0021801205,396,202326,DeMarcus Cousins,1610612744,Golden State Warriors,3,8,33,Made Shot,Jump Shot,3PT Field Goal,Above the Break 3,Right Side Center(RC),24+ ft.,26,149,219,1,1,20190407,GSW,LAC
Shot Chart Detail,0021801205,400,202326,DeMarcus Cousins,1610612744,Golden State Warriors,3,7,56,Missed Shot,Layup Shot,2PT Field Goal,Restricted Area,Center(C),Less Than 8 ft.,2,14,17,1,0,20190407,GSW,LAC
Shot Chart Detail,0021801205,402,202326,DeMarcus Cousins,1610612744,Golden State Warriors,3,7,54,Made Shot,Putback Layup Shot,2PT Field Goal,Restricted Area,Center(C),Less Than 8 ft.,3,17,31,1,1,20190407,GSW,LAC
Shot Chart Detail,0021801205,593,202326,DeMarcus Cousins,1610612744,Golden State Warriors,4,7,16,Made Shot,Jump Shot,3PT Field Goal,Above the Break 3,Center(C),24+ ft.,25,1,256,1,1,20190407,GSW,LAC
Shot Chart Detail,0021801205,597,202326,DeMarcus Cousins,1610612744,Golden State Warriors,4,6,54,Missed Shot,Cutting Layup Shot,2PT Field Goal,Restricted Area,Center(C),Less Than 8 ft.,1,-10,11,1,0,20190407,GSW,LAC
Shot Chart Detail,0021801215,9,202326,DeMarcus Cousins,1610612744,Golden State Warriors,1,11,28,Missed Shot,Fadeaway Jump Shot,2PT Field Goal,Mid-Range,Right Side(R),16-24 ft.,17,158,63,1,0,20190409,NOP,GSW
Shot Chart Detail,0021801215,13,202326,DeMarcus Cousins,1610612744,Golden State Warriors,1,11,7,Missed Shot,Layup Shot,2PT Field Goal,Restricted Area,Center(C),Less Than 8 ft.,1,11,6,1,0,20190409,NOP,GSW
Shot Chart Detail,0021801215,64,202326,DeMarcus Cousins,1610612744,Golden State Warriors,1,6,5,Missed Shot,Hook Shot,2PT Field Goal,In The Paint (Non-RA),Center(C),Less Than 8 ft.,6,16,64,1,0,20190409,NOP,GSW
Shot Chart Detail,0021801215,68,202326,DeMarcus Cousins,1610612744,Golden State Warriors,1,5,47,Made Shot,Dunk Shot,2PT Field Goal,Restricted Area,Center(C),Less Than 8 ft.,0,-4,-1,1,1,20190409,NOP,GSW
Shot Chart Detail,0021801215,84,202326,DeMarcus Cousins,1610612744,Golden State Warriors,1,4,58,Missed Shot,Jump Shot,3PT Field Goal,Above the Break 3,Center(C),24+ ft.,25,2,253,1,0,20190409,NOP,GSW
Shot Chart Detail,0021801215,177,202326,DeMarcus Cousins,1610612744,Golden State Warriors,2,10,24,Made Shot,Layup Shot,2PT Field Goal,Restricted Area,Center(C),Less Than 8 ft.,3,-31,-6,1,1,20190409,NOP,GSW
Shot Chart Detail,0021801215,188,202326,DeMarcus Cousins,1610612744,Golden State Warriors,2,9,9,Missed Shot,Layup Shot,2PT Field Goal,Restricted Area,Center(C),Less Than 8 ft.,2,-20,5,1,0,20190409,NOP,GSW
Shot Chart Detail,0021801215,217,202326,DeMarcus Cousins,1610612744,Golden State Warriors,2,7,17,Made Shot,Layup Shot,2PT Field Goal,Restricted Area,Center(C),Less Than 8 ft.,1,-18,3,1,1,20190409,NOP,GSW
Shot Chart Detail,0021801215,243,202326,DeMarcus Cousins,1610612744,Golden State Warriors,2,6,20,Made Shot,Cutting Layup Shot,2PT Field Goal,Restricted Area,Center(C),Less Than 8 ft.,1,13,-10,1,1,20190409,NOP,GSW
Shot Chart Detail,0021801215,264,202326,DeMarcus Cousins,1610612744,Golden State Warriors,2,4,27,Missed Shot,Jump Shot,3PT Field Goal,Above the Break 3,Left Side Center(LC),24+ ft.,25,-163,193,1,0,20190409,NOP,GSW
Shot Chart Detail,0021801215,283,202326,DeMarcus Cousins,1610612744,Golden State Warriors,2,3,7,Missed Shot,Jump Shot,2PT Field Goal,Mid-Range,Right Side(R),8-16 ft.,15,136,83,1,0,20190409,NOP,GSW
Shot Chart Detail,0021801215,288,202326,DeMarcus Cousins,1610612744,Golden State Warriors,2,2,30,Made Shot,Jump Shot,3PT Field Goal,Above the Break 3,Right Side Center(RC),24+ ft.,25,159,203,1,1,20190409,NOP,GSW
Shot Chart Detail,0021801215,338,202326,DeMarcus Cousins,1610612744,Golden State Warriors,3,10,59,Missed Shot,Jump Shot,3PT Field Goal,Above the Break 3,Left Side Center(LC),24+ ft.,25,-168,191,1,0,20190409,NOP,GSW
Shot Chart Detail,0021801215,344,202326,DeMarcus Cousins,1610612744,Golden State Warriors,3,10,26,Missed Shot,Jump Bank Shot,2PT Field Goal,In The Paint (Non-RA),Center(C),Less Than 8 ft.,6,-39,47,1,0,20190409,NOP,GSW
Shot Chart Detail,0021801215,413,202326,DeMarcus Cousins,1610612744,Golden State Warriors,3,5,50,Made Shot,Floating Jump shot,2PT Field Goal,In The Paint (Non-RA),Center(C),Less Than 8 ft.,6,-22,64,1,1,20190409,NOP,GSW
Shot Chart Detail,0021801215,430,202326,DeMarcus Cousins,1610612744,Golden State Warriors,3,3,45,Missed Shot,Jump Shot,3PT Field Goal,Above the Break 3,Left Side Center(LC),24+ ft.,25,-116,227,1,0,20190409,NOP,GSW
Shot Chart Detail,0021801215,442,202326,DeMarcus Cousins,1610612744,Golden State Warriors,3,2,56,Missed Shot,Layup Shot,2PT Field Goal,Restricted Area,Center(C),Less Than 8 ft.,0,6,1,1,0,20190409,NOP,GSW
Shot Chart Detail,0021801215,507,202326,DeMarcus Cousins,1610612744,Golden State Warriors,4,9,47,Made Shot,Jump Shot,2PT Field Goal,In The Paint (Non-RA),Center(C),Less Than 8 ft.,6,-12,63,1,1,20190409,NOP,GSW
