GRID_TYPE,GAME_ID,GAME_EVENT_ID,PLAYER_ID,PLAYER_NAME,TEAM_ID,TEAM_NAME,PERIOD,MINUTES_REMAINING,SECONDS_REMAINING,EVENT_TYPE,ACTION_TYPE,SHOT_TYPE,SHOT_ZONE_BASIC,SHOT_ZONE_AREA,SHOT_ZONE_RANGE,SHOT_DISTANCE,LOC_X,LOC_Y,SHOT_ATTEMPTED_FLAG,SHOT_MADE_FLAG,GAME_DATE,HTM,VTM
Shot Chart Detail,0021800072,227,202325,Wesley Johnson,1610612740,New Orleans Pelicans,2,8,21,Missed Shot,Pullup Jump shot,2PT Field Goal,Mid-Range,Right Side Center(RC),16-24 ft.,16,115,114,1,0,20181026,NOP,BKN
Shot Chart Detail,0021800072,279,202325,Wesley Johnson,1610612740,New Orleans Pelicans,2,4,20,Made Shot,Jump Shot,2PT Field Goal,In The Paint (Non-RA),Center(C),8-16 ft.,13,33,126,1,1,20181026,NOP,BKN
Shot Chart Detail,0021800075,183,202325,Wesley Johnson,1610612740,New Orleans Pelicans,2,11,13,Missed Shot,Jump Shot,3PT Field Goal,Above the Break 3,Right Side Center(RC),24+ ft.,24,159,192,1,0,20181027,NOP,UTA
Shot Chart Detail,0021800075,565,202325,Wesley Johnson,1610612740,New Orleans Pelicans,4,11,1,Missed Shot,Jump Shot,3PT Field Goal,Above the Break 3,Right Side Center(RC),24+ ft.,24,187,162,1,0,20181027,NOP,UTA
Shot Chart Detail,0021800075,625,202325,Wesley Johnson,1610612740,New Orleans Pelicans,4,7,7,Made Shot,Jump Shot,3PT Field Goal,Above the Break 3,Right Side Center(RC),24+ ft.,25,141,214,1,1,20181027,NOP,UTA
Shot Chart Detail,0021800075,631,202325,Wesley Johnson,1610612740,New Orleans Pelicans,4,6,34,Made Shot,Jump Shot,3PT Field Goal,Above the Break 3,Left Side Center(LC),24+ ft.,26,-176,194,1,1,20181027,NOP,UTA
Shot Chart Detail,0021800130,51,202325,Wesley Johnson,1610612740,New Orleans Pelicans,1,6,44,Missed Shot,Pullup Jump shot,2PT Field Goal,Mid-Range,Right Side(R),16-24 ft.,19,160,105,1,0,20181103,SAS,NOP
Shot Chart Detail,0021800130,369,202325,Wesley Johnson,1610612740,New Orleans Pelicans,3,9,41,Made Shot,Jump Shot,3PT Field Goal,Left Corner 3,Left Side(L),24+ ft.,23,-231,-1,1,1,20181103,SAS,NOP
Shot Chart Detail,0021800144,7,202325,Wesley Johnson,1610612740,New Orleans Pelicans,1,11,43,Missed Shot,Jump Shot,3PT Field Goal,Left Corner 3,Left Side(L),24+ ft.,23,-229,22,1,0,20181105,OKC,NOP
Shot Chart Detail,0021800144,63,202325,Wesley Johnson,1610612740,New Orleans Pelicans,1,6,45,Missed Shot,Cutting Layup Shot,2PT Field Goal,Restricted Area,Center(C),Less Than 8 ft.,1,-14,12,1,0,20181105,OKC,NOP
Shot Chart Detail,0021800144,91,202325,Wesley Johnson,1610612740,New Orleans Pelicans,1,4,32,Made Shot,Jump Shot,3PT Field Goal,Left Corner 3,Left Side(L),24+ ft.,23,-231,10,1,1,20181105,OKC,NOP
Shot Chart Detail,0021800144,101,202325,Wesley Johnson,1610612740,New Orleans Pelicans,1,3,37,Missed Shot,Jump Shot,3PT Field Goal,Right Corner 3,Right Side(R),24+ ft.,23,232,28,1,0,20181105,OKC,NOP
Shot Chart Detail,0021800144,138,202325,Wesley Johnson,1610612740,New Orleans Pelicans,1,0,35,Missed Shot,Jump Shot,3PT Field Goal,Right Corner 3,Right Side(R),24+ ft.,22,227,6,1,0,20181105,OKC,NOP
Shot Chart Detail,0021800144,410,202325,Wesley Johnson,1610612740,New Orleans Pelicans,3,5,38,Missed Shot,Jump Shot,3PT Field Goal,Right Corner 3,Right Side(R),24+ ft.,23,230,34,1,0,20181105,OKC,NOP
Shot Chart Detail,0021800159,69,202325,Wesley Johnson,1610612740,New Orleans Pelicans,1,7,3,Made Shot,Putback Layup Shot,2PT Field Goal,Restricted Area,Center(C),Less Than 8 ft.,0,0,-6,1,1,20181107,NOP,CHI
Shot Chart Detail,0021800159,76,202325,Wesley Johnson,1610612740,New Orleans Pelicans,1,6,18,Made Shot,Jump Shot,3PT Field Goal,Above the Break 3,Right Side Center(RC),24+ ft.,24,214,124,1,1,20181107,NOP,CHI
Shot Chart Detail,0021800159,328,202325,Wesley Johnson,1610612740,New Orleans Pelicans,3,10,33,Missed Shot,Jump Shot,3PT Field Goal,Above the Break 3,Right Side Center(RC),24+ ft.,24,205,138,1,0,20181107,NOP,CHI
Shot Chart Detail,0021800159,354,202325,Wesley Johnson,1610612740,New Orleans Pelicans,3,8,16,Made Shot,Jump Shot,3PT Field Goal,Above the Break 3,Center(C),24+ ft.,25,-12,259,1,1,20181107,NOP,CHI
Shot Chart Detail,0021800159,375,202325,Wesley Johnson,1610612740,New Orleans Pelicans,3,6,35,Made Shot,Driving Layup Shot,2PT Field Goal,Restricted Area,Center(C),Less Than 8 ft.,1,8,10,1,1,20181107,NOP,CHI
Shot Chart Detail,0021800159,597,202325,Wesley Johnson,1610612740,New Orleans Pelicans,4,4,19,Made Shot,Jump Shot,2PT Field Goal,Mid-Range,Right Side(R),16-24 ft.,20,187,83,1,1,20181107,NOP,CHI
Shot Chart Detail,0021800159,642,202325,Wesley Johnson,1610612740,New Orleans Pelicans,4,0,50,Missed Shot,Jump Shot,2PT Field Goal,Mid-Range,Left Side(L),16-24 ft.,20,-206,-4,1,0,20181107,NOP,CHI
Shot Chart Detail,0021800176,260,202325,Wesley Johnson,1610612740,New Orleans Pelicans,2,5,27,Missed Shot,Pullup Jump shot,2PT Field Goal,Mid-Range,Left Side(L),16-24 ft.,19,-186,57,1,0,20181110,NOP,PHX
Shot Chart Detail,0021800176,294,202325,Wesley Johnson,1610612740,New Orleans Pelicans,2,3,36,Made Shot,Pullup Jump shot,2PT Field Goal,Mid-Range,Right Side(R),16-24 ft.,17,165,68,1,1,20181110,NOP,PHX
Shot Chart Detail,0021800176,396,202325,Wesley Johnson,1610612740,New Orleans Pelicans,3,7,36,Made Shot,Cutting Dunk Shot,2PT Field Goal,Restricted Area,Center(C),Less Than 8 ft.,0,6,-2,1,1,20181110,NOP,PHX
Shot Chart Detail,0021800176,400,202325,Wesley Johnson,1610612740,New Orleans Pelicans,3,7,2,Made Shot,Jump Shot,3PT Field Goal,Right Corner 3,Right Side(R),24+ ft.,23,229,62,1,1,20181110,NOP,PHX
Shot Chart Detail,0021800192,26,202325,Wesley Johnson,1610612740,New Orleans Pelicans,1,10,15,Made Shot,Pullup Jump shot,2PT Field Goal,Mid-Range,Right Side(R),16-24 ft.,19,186,45,1,1,20181112,TOR,NOP
Shot Chart Detail,0021800192,289,202325,Wesley Johnson,1610612740,New Orleans Pelicans,2,3,58,Missed Shot,Jump Shot,3PT Field Goal,Right Corner 3,Right Side(R),24+ ft.,22,229,10,1,0,20181112,TOR,NOP
Shot Chart Detail,0021800192,316,202325,Wesley Johnson,1610612740,New Orleans Pelicans,2,2,25,Made Shot,Jump Shot,3PT Field Goal,Right Corner 3,Right Side(R),24+ ft.,22,228,3,1,1,20181112,TOR,NOP
Shot Chart Detail,0021800192,361,202325,Wesley Johnson,1610612740,New Orleans Pelicans,3,10,34,Missed Shot,Jump Shot,2PT Field Goal,Mid-Range,Right Side Center(RC),16-24 ft.,21,163,147,1,0,20181112,TOR,NOP
Shot Chart Detail,0021800192,424,202325,Wesley Johnson,1610612740,New Orleans Pelicans,3,6,15,Missed Shot,Jump Shot,3PT Field Goal,Right Corner 3,Right Side(R),24+ ft.,23,222,73,1,0,20181112,TOR,NOP
Shot Chart Detail,0021800192,448,202325,Wesley Johnson,1610612740,New Orleans Pelicans,3,4,45,Missed Shot,Jump Shot,3PT Field Goal,Above the Break 3,Right Side Center(RC),24+ ft.,26,96,243,1,0,20181112,TOR,NOP
Shot Chart Detail,0021800208,71,202325,Wesley Johnson,1610612740,New Orleans Pelicans,1,5,11,Made Shot,Jump Shot,3PT Field Goal,Mid-Range,Right Side(R),16-24 ft.,23,216,96,1,1,20181114,MIN,NOP
Shot Chart Detail,0021800208,313,202325,Wesley Johnson,1610612740,New Orleans Pelicans,2,0,48,Missed Shot,Jump Shot,2PT Field Goal,Mid-Range,Right Side Center(RC),16-24 ft.,19,90,172,1,0,20181114,MIN,NOP
Shot Chart Detail,0021800208,385,202325,Wesley Johnson,1610612740,New Orleans Pelicans,3,7,17,Made Shot,Alley Oop Layup shot,2PT Field Goal,Restricted Area,Center(C),Less Than 8 ft.,0,7,6,1,1,20181114,MIN,NOP
Shot Chart Detail,0021800222,70,202325,Wesley Johnson,1610612740,New Orleans Pelicans,1,6,53,Made Shot,Jump Shot,3PT Field Goal,Above the Break 3,Center(C),24+ ft.,25,62,252,1,1,20181116,NOP,NYK
Shot Chart Detail,0021800222,85,202325,Wesley Johnson,1610612740,New Orleans Pelicans,1,5,30,Missed Shot,Jump Shot,3PT Field Goal,Right Corner 3,Right Side(R),24+ ft.,23,236,-6,1,0,20181116,NOP,NYK
Shot Chart Detail,0021800222,171,202325,Wesley Johnson,1610612740,New Orleans Pelicans,1,0,0,Missed Shot,Jump Shot,3PT Field Goal,Above the Break 3,Left Side Center(LC),24+ ft.,25,-137,217,1,0,20181116,NOP,NYK
Shot Chart Detail,0021800222,443,202325,Wesley Johnson,1610612740,New Orleans Pelicans,3,8,9,Made Shot,Cutting Dunk Shot,2PT Field Goal,Restricted Area,Center(C),Less Than 8 ft.,0,-5,3,1,1,20181116,NOP,NYK
Shot Chart Detail,0021800228,391,202325,Wesley Johnson,1610612740,New Orleans Pelicans,3,7,55,Made Shot,Jump Shot,3PT Field Goal,Left Corner 3,Left Side(L),24+ ft.,22,-225,-13,1,1,20181117,NOP,DEN
Shot Chart Detail,0021800228,455,202325,Wesley Johnson,1610612740,New Orleans Pelicans,3,2,24,Made Shot,Jump Shot,3PT Field Goal,Above the Break 3,Right Side Center(RC),24+ ft.,25,106,231,1,1,20181117,NOP,DEN
Shot Chart Detail,0021800228,644,202325,Wesley Johnson,1610612740,New Orleans Pelicans,4,1,38,Missed Shot,Jump Shot,3PT Field Goal,Left Corner 3,Left Side(L),24+ ft.,22,-220,8,1,0,20181117,NOP,DEN
Shot Chart Detail,0021800246,74,202325,Wesley Johnson,1610612740,New Orleans Pelicans,1,5,57,Made Shot,Step Back Jump shot,2PT Field Goal,Mid-Range,Left Side(L),16-24 ft.,16,-152,75,1,1,20181119,NOP,SAS
Shot Chart Detail,0021800246,84,202325,Wesley Johnson,1610612740,New Orleans Pelicans,1,4,45,Missed Shot,Jump Shot,3PT Field Goal,Above the Break 3,Right Side Center(RC),24+ ft.,24,192,146,1,0,20181119,NOP,SAS
Shot Chart Detail,0021800246,380,202325,Wesley Johnson,1610612740,New Orleans Pelicans,3,8,19,Missed Shot,Jump Shot,3PT Field Goal,Right Corner 3,Right Side(R),24+ ft.,24,242,6,1,0,20181119,NOP,SAS
Shot Chart Detail,0021800246,396,202325,Wesley Johnson,1610612740,New Orleans Pelicans,3,6,47,Missed Shot,Pullup Jump shot,2PT Field Goal,Mid-Range,Left Side(L),16-24 ft.,20,-199,32,1,0,20181119,NOP,SAS
Shot Chart Detail,0021800246,399,202325,Wesley Johnson,1610612740,New Orleans Pelicans,3,6,26,Made Shot,Jump Shot,3PT Field Goal,Left Corner 3,Left Side(L),24+ ft.,23,-229,23,1,1,20181119,NOP,SAS
Shot Chart Detail,0021800253,30,202325,Wesley Johnson,1610612740,New Orleans Pelicans,1,10,15,Missed Shot,Jump Shot,3PT Field Goal,Above the Break 3,Right Side Center(RC),24+ ft.,25,165,193,1,0,20181121,PHI,NOP
Shot Chart Detail,0021800253,75,202325,Wesley Johnson,1610612740,New Orleans Pelicans,1,6,57,Missed Shot,Layup Shot,2PT Field Goal,Restricted Area,Center(C),Less Than 8 ft.,2,-22,10,1,0,20181121,PHI,NOP
Shot Chart Detail,0021800253,311,202325,Wesley Johnson,1610612740,New Orleans Pelicans,2,5,51,Made Shot,Jump Shot,3PT Field Goal,Above the Break 3,Right Side Center(RC),24+ ft.,25,85,242,1,1,20181121,PHI,NOP
Shot Chart Detail,0021800253,402,202325,Wesley Johnson,1610612740,New Orleans Pelicans,3,10,39,Missed Shot,Pullup Jump shot,2PT Field Goal,Mid-Range,Left Side(L),16-24 ft.,19,-176,93,1,0,20181121,PHI,NOP
Shot Chart Detail,0021800253,475,202325,Wesley Johnson,1610612740,New Orleans Pelicans,3,4,53,Missed Shot,Jump Shot,3PT Field Goal,Left Corner 3,Left Side(L),24+ ft.,23,-234,48,1,0,20181121,PHI,NOP
Shot Chart Detail,0021800253,657,202325,Wesley Johnson,1610612740,New Orleans Pelicans,4,5,48,Missed Shot,Jump Shot,2PT Field Goal,Mid-Range,Left Side Center(LC),16-24 ft.,19,-135,140,1,0,20181121,PHI,NOP
Shot Chart Detail,0021800253,664,202325,Wesley Johnson,1610612740,New Orleans Pelicans,4,5,19,Made Shot,Putback Layup Shot,2PT Field Goal,Restricted Area,Center(C),Less Than 8 ft.,2,1,23,1,1,20181121,PHI,NOP
Shot Chart Detail,0021800269,39,202325,Wesley Johnson,1610612740,New Orleans Pelicans,1,8,21,Missed Shot,Jump Shot,3PT Field Goal,Right Corner 3,Right Side(R),24+ ft.,23,232,29,1,0,20181123,NYK,NOP
Shot Chart Detail,0021800269,285,202325,Wesley Johnson,1610612740,New Orleans Pelicans,2,3,44,Missed Shot,Jump Shot,2PT Field Goal,In The Paint (Non-RA),Left Side(L),8-16 ft.,8,-68,51,1,0,20181123,NYK,NOP
Shot Chart Detail,0021800269,305,202325,Wesley Johnson,1610612740,New Orleans Pelicans,2,2,37,Made Shot,Jump Shot,3PT Field Goal,Above the Break 3,Right Side Center(RC),24+ ft.,24,204,138,1,1,20181123,NYK,NOP
Shot Chart Detail,0021800269,446,202325,Wesley Johnson,1610612740,New Orleans Pelicans,3,5,18,Missed Shot,Jump Shot,3PT Field Goal,Above the Break 3,Right Side Center(RC),24+ ft.,25,146,206,1,0,20181123,NYK,NOP
Shot Chart Detail,0021800280,34,202325,Wesley Johnson,1610612740,New Orleans Pelicans,1,8,49,Missed Shot,Pullup Jump shot,2PT Field Goal,Mid-Range,Left Side(L),8-16 ft.,13,-133,21,1,0,20181124,WAS,NOP
Shot Chart Detail,0021800280,342,202325,Wesley Johnson,1610612740,New Orleans Pelicans,3,9,10,Missed Shot,Pullup Jump shot,2PT Field Goal,Mid-Range,Left Side(L),8-16 ft.,15,-157,21,1,0,20181124,WAS,NOP
Shot Chart Detail,0021800280,362,202325,Wesley Johnson,1610612740,New Orleans Pelicans,3,7,34,Made Shot,Jump Shot,3PT Field Goal,Above the Break 3,Right Side Center(RC),24+ ft.,24,206,136,1,1,20181124,WAS,NOP
Shot Chart Detail,0021800280,376,202325,Wesley Johnson,1610612740,New Orleans Pelicans,3,6,40,Missed Shot,Jump Shot,3PT Field Goal,Right Corner 3,Right Side(R),24+ ft.,22,226,41,1,0,20181124,WAS,NOP
Shot Chart Detail,0021800298,33,202325,Wesley Johnson,1610612740,New Orleans Pelicans,1,10,23,Missed Shot,Layup Shot,2PT Field Goal,In The Paint (Non-RA),Center(C),Less Than 8 ft.,4,-29,34,1,0,20181126,NOP,BOS
Shot Chart Detail,0021800298,93,202325,Wesley Johnson,1610612740,New Orleans Pelicans,1,5,39,Missed Shot,Jump Shot,3PT Field Goal,Left Corner 3,Left Side(L),24+ ft.,23,-232,26,1,0,20181126,NOP,BOS
Shot Chart Detail,0021800298,95,202325,Wesley Johnson,1610612740,New Orleans Pelicans,1,5,34,Made Shot,Layup Shot,2PT Field Goal,Restricted Area,Center(C),Less Than 8 ft.,1,-19,1,1,1,20181126,NOP,BOS
Shot Chart Detail,0021800298,107,202325,Wesley Johnson,1610612740,New Orleans Pelicans,1,4,10,Made Shot,Step Back Jump shot,3PT Field Goal,Right Corner 3,Right Side(R),24+ ft.,24,240,42,1,1,20181126,NOP,BOS
Shot Chart Detail,0021800298,353,202325,Wesley Johnson,1610612740,New Orleans Pelicans,3,11,11,Made Shot,Step Back Jump shot,2PT Field Goal,Mid-Range,Left Side(L),16-24 ft.,16,-165,18,1,1,20181126,NOP,BOS
Shot Chart Detail,0021800298,396,202325,Wesley Johnson,1610612740,New Orleans Pelicans,3,7,30,Missed Shot,Jump Shot,2PT Field Goal,Mid-Range,Left Side(L),8-16 ft.,12,-123,13,1,0,20181126,NOP,BOS
Shot Chart Detail,0021800312,219,202325,Wesley Johnson,1610612740,New Orleans Pelicans,2,10,17,Missed Shot,Jump Shot,3PT Field Goal,Above the Break 3,Right Side Center(RC),24+ ft.,25,150,206,1,0,20181128,NOP,WAS
Shot Chart Detail,0021800324,228,202325,Wesley Johnson,1610612740,New Orleans Pelicans,2,6,48,Missed Shot,Jump Shot,3PT Field Goal,Above the Break 3,Left Side Center(LC),24+ ft.,25,-218,136,1,0,20181130,MIA,NOP
Shot Chart Detail,0021800338,49,202325,Wesley Johnson,1610612740,New Orleans Pelicans,1,7,14,Missed Shot,Jump Shot,3PT Field Goal,Left Corner 3,Left Side(L),24+ ft.,22,-222,32,1,0,20181202,CHA,NOP
Shot Chart Detail,0021800338,393,202325,Wesley Johnson,1610612740,New Orleans Pelicans,3,8,43,Missed Shot,Jump Shot,2PT Field Goal,Mid-Range,Left Side(L),8-16 ft.,13,-131,42,1,0,20181202,CHA,NOP
Shot Chart Detail,0021800338,411,202325,Wesley Johnson,1610612740,New Orleans Pelicans,3,6,58,Made Shot,Jump Shot,3PT Field Goal,Left Corner 3,Left Side(L),24+ ft.,23,-239,-5,1,1,20181202,CHA,NOP
Shot Chart Detail,0021800349,465,202325,Wesley Johnson,1610612740,New Orleans Pelicans,3,0,36,Missed Shot,Jump Shot,3PT Field Goal,Left Corner 3,Left Side(L),24+ ft.,23,-233,-18,1,0,20181203,NOP,LAC
Shot Chart Detail,0021800349,612,202325,Wesley Johnson,1610612740,New Orleans Pelicans,4,1,14,Missed Shot,Hook Shot,2PT Field Goal,In The Paint (Non-RA),Center(C),Less Than 8 ft.,7,-6,78,1,0,20181203,NOP,LAC
Shot Chart Detail,0021800363,624,202325,Wesley Johnson,1610612740,New Orleans Pelicans,4,1,50,Missed Shot,Jump Shot,2PT Field Goal,Mid-Range,Right Side Center(RC),16-24 ft.,20,163,127,1,0,20181205,NOP,DAL
Shot Chart Detail,0021800363,628,202325,Wesley Johnson,1610612740,New Orleans Pelicans,4,1,24,Made Shot,Step Back Jump shot,3PT Field Goal,Above the Break 3,Right Side Center(RC),24+ ft.,24,209,124,1,1,20181205,NOP,DAL
Shot Chart Detail,0021800462,124,202325,Wesley Johnson,1610612740,New Orleans Pelicans,1,1,18,Missed Shot,Jump Shot,3PT Field Goal,Above the Break 3,Right Side Center(RC),24+ ft.,25,230,115,1,0,20181219,MIL,NOP
Shot Chart Detail,0021800462,196,202325,Wesley Johnson,1610612740,New Orleans Pelicans,2,9,3,Missed Shot,Jump Shot,2PT Field Goal,In The Paint (Non-RA),Center(C),8-16 ft.,15,69,134,1,0,20181219,MIL,NOP
Shot Chart Detail,0021800462,207,202325,Wesley Johnson,1610612740,New Orleans Pelicans,2,7,59,Missed Shot,Jump Shot,3PT Field Goal,Above the Break 3,Center(C),24+ ft.,26,52,257,1,0,20181219,MIL,NOP
Shot Chart Detail,0021800462,333,202325,Wesley Johnson,1610612740,New Orleans Pelicans,2,0,22,Made Shot,Layup Shot,2PT Field Goal,Restricted Area,Center(C),Less Than 8 ft.,0,3,5,1,1,20181219,MIL,NOP
Shot Chart Detail,0021800523,325,202325,Wesley Johnson,1610612740,New Orleans Pelicans,2,2,25,Missed Shot,Jump Shot,3PT Field Goal,Left Corner 3,Left Side(L),24+ ft.,22,-228,-1,1,0,20181228,NOP,DAL
Shot Chart Detail,0021800528,142,202325,Wesley Johnson,1610612740,New Orleans Pelicans,1,0,18,Missed Shot,Jump Shot,3PT Field Goal,Left Corner 3,Left Side(L),24+ ft.,24,-236,50,1,0,20181229,NOP,HOU
Shot Chart Detail,0021800753,177,202325,Wesley Johnson,1610612740,New Orleans Pelicans,2,10,53,Made Shot,Running Dunk Shot,2PT Field Goal,Restricted Area,Center(C),Less Than 8 ft.,1,-6,13,1,1,20190129,HOU,NOP
Shot Chart Detail,0021800753,189,202325,Wesley Johnson,1610612740,New Orleans Pelicans,2,9,55,Missed Shot,Step Back Jump shot,2PT Field Goal,Mid-Range,Left Side(L),16-24 ft.,17,-147,96,1,0,20190129,HOU,NOP
Shot Chart Detail,0021800753,210,202325,Wesley Johnson,1610612740,New Orleans Pelicans,2,9,0,Made Shot,Pullup Jump shot,2PT Field Goal,Mid-Range,Right Side(R),16-24 ft.,17,175,24,1,1,20190129,HOU,NOP
Shot Chart Detail,0021800753,222,202325,Wesley Johnson,1610612740,New Orleans Pelicans,2,7,46,Missed Shot,Jump Shot,3PT Field Goal,Above the Break 3,Left Side Center(LC),24+ ft.,25,-168,197,1,0,20190129,HOU,NOP
Shot Chart Detail,0021800779,462,202325,Wesley Johnson,1610612740,New Orleans Pelicans,4,11,42,Missed Shot,Pullup Jump shot,2PT Field Goal,Mid-Range,Left Side(L),16-24 ft.,18,-161,84,1,0,20190202,SAS,NOP
Shot Chart Detail,0021800779,472,202325,Wesley Johnson,1610612740,New Orleans Pelicans,4,10,50,Missed Shot,Jump Shot,3PT Field Goal,Left Corner 3,Left Side(L),24+ ft.,23,-234,8,1,0,20190202,SAS,NOP
Shot Chart Detail,0021800819,237,202325,Wesley Johnson,1610612764,Washington Wizards,2,6,57,Made Shot,Jump Shot,2PT Field Goal,Mid-Range,Right Side Center(RC),16-24 ft.,21,121,176,1,1,20190208,WAS,CLE
Shot Chart Detail,0021800819,241,202325,Wesley Johnson,1610612764,Washington Wizards,2,6,30,Missed Shot,Jump Shot,3PT Field Goal,Left Corner 3,Left Side(L),24+ ft.,24,-236,80,1,0,20190208,WAS,CLE
Shot Chart Detail,0021800819,531,202325,Wesley Johnson,1610612764,Washington Wizards,4,9,25,Missed Shot,Jump Shot,3PT Field Goal,Above the Break 3,Left Side Center(LC),24+ ft.,26,-190,180,1,0,20190208,WAS,CLE
Shot Chart Detail,0021800830,187,202325,Wesley Johnson,1610612764,Washington Wizards,2,9,49,Made Shot,Pullup Jump shot,2PT Field Goal,Mid-Range,Center(C),16-24 ft.,20,37,197,1,1,20190209,CHI,WAS
Shot Chart Detail,0021800830,204,202325,Wesley Johnson,1610612764,Washington Wizards,2,9,1,Made Shot,Jump Shot,3PT Field Goal,Above the Break 3,Left Side Center(LC),24+ ft.,25,-143,209,1,1,20190209,CHI,WAS
Shot Chart Detail,0021800830,340,202325,Wesley Johnson,1610612764,Washington Wizards,2,0,37,Missed Shot,Jump Shot,3PT Field Goal,Above the Break 3,Left Side Center(LC),24+ ft.,26,-101,248,1,0,20190209,CHI,WAS
Shot Chart Detail,0021800830,345,202325,Wesley Johnson,1610612764,Washington Wizards,2,0,9,Made Shot,Jump Shot,3PT Field Goal,Above the Break 3,Left Side Center(LC),24+ ft.,24,-204,142,1,1,20190209,CHI,WAS
Shot Chart Detail,0021800830,529,202325,Wesley Johnson,1610612764,Washington Wizards,4,11,5,Made Shot,Driving Floating Bank Jump Shot,2PT Field Goal,In The Paint (Non-RA),Center(C),Less Than 8 ft.,6,11,61,1,1,20190209,CHI,WAS
Shot Chart Detail,0021800830,551,202325,Wesley Johnson,1610612764,Washington Wizards,4,9,9,Made Shot,Jump Shot,3PT Field Goal,Above the Break 3,Right Side Center(RC),24+ ft.,25,170,188,1,1,20190209,CHI,WAS
Shot Chart Detail,0021800840,191,202325,Wesley Johnson,1610612764,Washington Wizards,2,9,34,Made Shot,Driving Finger Roll Layup Shot,2PT Field Goal,Restricted Area,Center(C),Less Than 8 ft.,1,-14,8,1,1,20190211,DET,WAS
Shot Chart Detail,0021800840,206,202325,Wesley Johnson,1610612764,Washington Wizards,2,7,37,Made Shot,Jump Shot,3PT Field Goal,Above the Break 3,Right Side Center(RC),24+ ft.,24,217,121,1,1,20190211,DET,WAS
Shot Chart Detail,0021800840,228,202325,Wesley Johnson,1610612764,Washington Wizards,2,5,42,Missed Shot,Jump Shot,3PT Field Goal,Above the Break 3,Left Side Center(LC),24+ ft.,24,-200,137,1,0,20190211,DET,WAS
Shot Chart Detail,0021800840,471,202325,Wesley Johnson,1610612764,Washington Wizards,4,10,4,Missed Shot,Pullup Jump shot,2PT Field Goal,Mid-Range,Right Side(R),16-24 ft.,18,158,105,1,0,20190211,DET,WAS
Shot Chart Detail,0021800840,560,202325,Wesley Johnson,1610612764,Washington Wizards,4,2,38,Missed Shot,Jump Shot,3PT Field Goal,Left Corner 3,Left Side(L),24+ ft.,22,-226,7,1,0,20190211,DET,WAS
Shot Chart Detail,0021800857,120,202325,Wesley Johnson,1610612764,Washington Wizards,1,3,37,Missed Shot,Jump Shot,3PT Field Goal,Left Corner 3,Left Side(L),24+ ft.,23,-238,-11,1,0,20190213,TOR,WAS
Shot Chart Detail,0021800857,145,202325,Wesley Johnson,1610612764,Washington Wizards,1,1,21,Missed Shot,Step Back Jump shot,3PT Field Goal,Right Corner 3,Right Side(R),24+ ft.,24,234,77,1,0,20190213,TOR,WAS
Shot Chart Detail,0021800873,179,202325,Wesley Johnson,1610612764,Washington Wizards,2,10,7,Missed Shot,Step Back Jump shot,2PT Field Goal,Mid-Range,Right Side(R),8-16 ft.,13,101,87,1,0,20190222,CHA,WAS
Shot Chart Detail,0021800873,201,202325,Wesley Johnson,1610612764,Washington Wizards,2,9,31,Missed Shot,Jump Shot,2PT Field Goal,Mid-Range,Right Side(R),16-24 ft.,20,207,29,1,0,20190222,CHA,WAS
Shot Chart Detail,0021800873,242,202325,Wesley Johnson,1610612764,Washington Wizards,2,7,11,Missed Shot,Jump Shot,3PT Field Goal,Right Corner 3,Right Side(R),24+ ft.,23,236,40,1,0,20190222,CHA,WAS
Shot Chart Detail,0021800873,528,202325,Wesley Johnson,1610612764,Washington Wizards,4,11,26,Missed Shot,Layup Shot,2PT Field Goal,Restricted Area,Center(C),Less Than 8 ft.,1,3,11,1,0,20190222,CHA,WAS
Shot Chart Detail,0021800873,610,202325,Wesley Johnson,1610612764,Washington Wizards,4,6,33,Missed Shot,Jump Shot,3PT Field Goal,Right Corner 3,Right Side(R),24+ ft.,22,225,21,1,0,20190222,CHA,WAS
Shot Chart Detail,0021800886,127,202325,Wesley Johnson,1610612764,Washington Wizards,1,1,46,Missed Shot,Jump Shot,3PT Field Goal,Left Corner 3,Left Side(L),24+ ft.,23,-234,23,1,0,20190223,WAS,IND
Shot Chart Detail,0021800886,463,202325,Wesley Johnson,1610612764,Washington Wizards,4,10,41,Missed Shot,Jump Shot,3PT Field Goal,Left Corner 3,Left Side(L),24+ ft.,23,-232,19,1,0,20190223,WAS,IND
Shot Chart Detail,0021800886,481,202325,Wesley Johnson,1610612764,Washington Wizards,4,9,15,Missed Shot,Jump Shot,3PT Field Goal,Left Corner 3,Left Side(L),24+ ft.,23,-228,40,1,0,20190223,WAS,IND
Shot Chart Detail,0021800914,254,202325,Wesley Johnson,1610612764,Washington Wizards,2,7,34,Missed Shot,Jump Shot,3PT Field Goal,Above the Break 3,Right Side Center(RC),24+ ft.,25,196,161,1,0,20190227,BKN,WAS
Shot Chart Detail,0021800914,606,202325,Wesley Johnson,1610612764,Washington Wizards,4,8,36,Made Shot,Jump Shot,3PT Field Goal,Left Corner 3,Left Side(L),24+ ft.,22,-229,7,1,1,20190227,BKN,WAS
Shot Chart Detail,0021800914,731,202325,Wesley Johnson,1610612764,Washington Wizards,4,1,21,Missed Shot,Jump Shot,3PT Field Goal,Right Corner 3,Right Side(R),24+ ft.,23,221,74,1,0,20190227,BKN,WAS
Shot Chart Detail,0021800931,190,202325,Wesley Johnson,1610612764,Washington Wizards,2,11,26,Made Shot,Pullup Jump shot,3PT Field Goal,Above the Break 3,Right Side Center(RC),24+ ft.,25,161,201,1,1,20190301,BOS,WAS
Shot Chart Detail,0021800931,194,202325,Wesley Johnson,1610612764,Washington Wizards,2,10,55,Missed Shot,Jump Shot,3PT Field Goal,Left Corner 3,Left Side(L),24+ ft.,23,-231,-6,1,0,20190301,BOS,WAS
Shot Chart Detail,0021800931,223,202325,Wesley Johnson,1610612764,Washington Wizards,2,8,40,Missed Shot,Jump Shot,3PT Field Goal,Left Corner 3,Left Side(L),24+ ft.,23,-228,34,1,0,20190301,BOS,WAS
Shot Chart Detail,0021800931,240,202325,Wesley Johnson,1610612764,Washington Wizards,2,7,35,Missed Shot,Fadeaway Jump Shot,2PT Field Goal,Mid-Range,Right Side(R),8-16 ft.,12,128,19,1,0,20190301,BOS,WAS
Shot Chart Detail,0021800931,488,202325,Wesley Johnson,1610612764,Washington Wizards,4,10,27,Missed Shot,Jump Shot,3PT Field Goal,Left Corner 3,Left Side(L),24+ ft.,23,-230,12,1,0,20190301,BOS,WAS
Shot Chart Detail,0021800950,187,202325,Wesley Johnson,1610612764,Washington Wizards,2,10,41,Missed Shot,Pullup Jump shot,2PT Field Goal,Mid-Range,Center(C),16-24 ft.,21,-63,201,1,0,20190303,WAS,MIN
Shot Chart Detail,0021800950,196,202325,Wesley Johnson,1610612764,Washington Wizards,2,9,37,Missed Shot,Jump Shot,3PT Field Goal,Right Corner 3,Right Side(R),24+ ft.,23,236,22,1,0,20190303,WAS,MIN
Shot Chart Detail,0021800950,216,202325,Wesley Johnson,1610612764,Washington Wizards,2,8,23,Missed Shot,Jump Shot,3PT Field Goal,Left Corner 3,Left Side(L),24+ ft.,23,-239,-16,1,0,20190303,WAS,MIN
Shot Chart Detail,0021801069,486,202325,Wesley Johnson,1610612764,Washington Wizards,4,8,58,Missed Shot,Jump Shot,3PT Field Goal,Right Corner 3,Right Side(R),24+ ft.,24,245,6,1,0,20190320,CHI,WAS
Shot Chart Detail,0021801069,513,202325,Wesley Johnson,1610612764,Washington Wizards,4,6,13,Missed Shot,Fadeaway Jump Shot,2PT Field Goal,Mid-Range,Right Side(R),8-16 ft.,13,131,45,1,0,20190320,CHI,WAS
Shot Chart Detail,0021801075,179,202325,Wesley Johnson,1610612764,Washington Wizards,2,8,50,Missed Shot,Jump Shot,2PT Field Goal,Mid-Range,Left Side(L),16-24 ft.,19,-175,85,1,0,20190321,WAS,DEN
Shot Chart Detail,0021801148,156,202325,Wesley Johnson,1610612764,Washington Wizards,1,0,2,Missed Shot,Step Back Jump shot,2PT Field Goal,Mid-Range,Left Side(L),8-16 ft.,15,-150,-16,1,0,20190331,DEN,WAS
Shot Chart Detail,0021801148,178,202325,Wesley Johnson,1610612764,Washington Wizards,2,10,50,Missed Shot,Step Back Jump shot,2PT Field Goal,Mid-Range,Left Side(L),8-16 ft.,15,-134,83,1,0,20190331,DEN,WAS
