GRID_TYPE,GAME_ID,GAME_EVENT_ID,PLAYER_ID,PLAYER_NAME,TEAM_ID,TEAM_NAME,PERIOD,MINUTES_REMAINING,SECONDS_REMAINING,EVENT_TYPE,ACTION_TYPE,SHOT_TYPE,SHOT_ZONE_BASIC,SHOT_ZONE_AREA,SHOT_ZONE_RANGE,SHOT_DISTANCE,LOC_X,LOC_Y,SHOT_ATTEMPTED_FLAG,SHOT_MADE_FLAG,GAME_DATE,HTM,VTM
Shot Chart Detail,0021800860,129,202738,Isaiah Thomas,1610612743,Denver Nuggets,1,2,1,Missed Shot,Pullup Jump shot,3PT Field Goal,Above the Break 3,Right Side Center(RC),24+ ft.,24,122,210,1,0,20190213,DEN,SAC
Shot Chart Detail,0021800860,180,202738,Isaiah Thomas,1610612743,Denver Nuggets,2,10,32,Missed Shot,Pullup Jump shot,3PT Field Goal,Above the Break 3,Center(C),24+ ft.,24,16,248,1,0,20190213,DEN,SAC
Shot Chart Detail,0021800860,498,202738,Isaiah Thomas,1610612743,Denver Nuggets,3,2,16,Made Shot,Jump Shot,3PT Field Goal,Above the Break 3,Right Side Center(RC),24+ ft.,23,177,161,1,1,20190213,DEN,SAC
Shot Chart Detail,0021800860,518,202738,Isaiah Thomas,1610612743,Denver Nuggets,3,1,4,Made Shot,Pullup Jump shot,3PT Field Goal,Above the Break 3,Center(C),24+ ft.,25,33,251,1,1,20190213,DEN,SAC
Shot Chart Detail,0021800860,523,202738,Isaiah Thomas,1610612743,Denver Nuggets,3,0,31,Made Shot,Step Back Jump shot,2PT Field Goal,Mid-Range,Left Side(L),8-16 ft.,10,-103,24,1,1,20190213,DEN,SAC
Shot Chart Detail,0021800860,554,202738,Isaiah Thomas,1610612743,Denver Nuggets,4,10,27,Missed Shot,Jump Shot,3PT Field Goal,Above the Break 3,Center(C),24+ ft.,24,5,248,1,0,20190213,DEN,SAC
Shot Chart Detail,0021800880,121,202738,Isaiah Thomas,1610612743,Denver Nuggets,1,3,19,Missed Shot,Driving Layup Shot,2PT Field Goal,Restricted Area,Center(C),Less Than 8 ft.,2,-18,13,1,0,20190222,DAL,DEN
Shot Chart Detail,0021800880,153,202738,Isaiah Thomas,1610612743,Denver Nuggets,1,1,52,Missed Shot,Driving Floating Jump Shot,2PT Field Goal,In The Paint (Non-RA),Center(C),8-16 ft.,12,-4,120,1,0,20190222,DAL,DEN
Shot Chart Detail,0021800880,155,202738,Isaiah Thomas,1610612743,Denver Nuggets,1,1,49,Missed Shot,Fadeaway Jump Shot,2PT Field Goal,Restricted Area,Center(C),Less Than 8 ft.,1,0,15,1,0,20190222,DAL,DEN
Shot Chart Detail,0021800880,198,202738,Isaiah Thomas,1610612743,Denver Nuggets,2,9,47,Made Shot,Running Pull-Up Jump Shot,3PT Field Goal,Above the Break 3,Left Side Center(LC),24+ ft.,25,-143,206,1,1,20190222,DAL,DEN
Shot Chart Detail,0021800880,524,202738,Isaiah Thomas,1610612743,Denver Nuggets,3,2,5,Missed Shot,Jump Shot,3PT Field Goal,Above the Break 3,Left Side Center(LC),24+ ft.,25,-208,146,1,0,20190222,DAL,DEN
Shot Chart Detail,0021800880,526,202738,Isaiah Thomas,1610612743,Denver Nuggets,3,2,0,Made Shot,Jump Shot,3PT Field Goal,Above the Break 3,Left Side Center(LC),24+ ft.,27,-157,225,1,1,20190222,DAL,DEN
Shot Chart Detail,0021800880,542,202738,Isaiah Thomas,1610612743,Denver Nuggets,3,1,8,Missed Shot,Jump Shot,3PT Field Goal,Right Corner 3,Right Side(R),24+ ft.,23,231,2,1,0,20190222,DAL,DEN
Shot Chart Detail,0021800880,574,202738,Isaiah Thomas,1610612743,Denver Nuggets,4,11,26,Made Shot,Jump Shot,3PT Field Goal,Above the Break 3,Left Side Center(LC),24+ ft.,26,-159,217,1,1,20190222,DAL,DEN
Shot Chart Detail,0021800880,599,202738,Isaiah Thomas,1610612743,Denver Nuggets,4,10,3,Missed Shot,Pullup Jump shot,3PT Field Goal,Above the Break 3,Center(C),24+ ft.,26,76,252,1,0,20190222,DAL,DEN
Shot Chart Detail,0021800880,601,202738,Isaiah Thomas,1610612743,Denver Nuggets,4,9,52,Made Shot,Jump Shot,3PT Field Goal,Above the Break 3,Right Side Center(RC),24+ ft.,25,116,226,1,1,20190222,DAL,DEN
Shot Chart Detail,0021800880,648,202738,Isaiah Thomas,1610612743,Denver Nuggets,4,6,27,Made Shot,Fadeaway Jump Shot,2PT Field Goal,Mid-Range,Right Side(R),8-16 ft.,12,123,-9,1,1,20190222,DAL,DEN
Shot Chart Detail,0021800895,143,202738,Isaiah Thomas,1610612743,Denver Nuggets,1,1,6,Missed Shot,Driving Floating Jump Shot,2PT Field Goal,In The Paint (Non-RA),Right Side(R),8-16 ft.,10,74,80,1,0,20190224,DEN,LAC
Shot Chart Detail,0021800895,152,202738,Isaiah Thomas,1610612743,Denver Nuggets,1,0,40,Missed Shot,Pullup Jump shot,3PT Field Goal,Above the Break 3,Center(C),24+ ft.,24,9,249,1,0,20190224,DEN,LAC
Shot Chart Detail,0021800895,174,202738,Isaiah Thomas,1610612743,Denver Nuggets,2,11,24,Made Shot,Driving Finger Roll Layup Shot,2PT Field Goal,Restricted Area,Center(C),Less Than 8 ft.,2,-19,18,1,1,20190224,DEN,LAC
Shot Chart Detail,0021800895,186,202738,Isaiah Thomas,1610612743,Denver Nuggets,2,10,44,Missed Shot,Fadeaway Jump Shot,2PT Field Goal,In The Paint (Non-RA),Right Side(R),8-16 ft.,9,59,71,1,0,20190224,DEN,LAC
Shot Chart Detail,0021800895,209,202738,Isaiah Thomas,1610612743,Denver Nuggets,2,9,12,Missed Shot,Jump Shot,3PT Field Goal,Above the Break 3,Left Side Center(LC),24+ ft.,24,-195,154,1,0,20190224,DEN,LAC
Shot Chart Detail,0021800895,555,202738,Isaiah Thomas,1610612743,Denver Nuggets,3,1,16,Made Shot,Driving Finger Roll Layup Shot,2PT Field Goal,Restricted Area,Center(C),Less Than 8 ft.,3,-32,14,1,1,20190224,DEN,LAC
Shot Chart Detail,0021800895,583,202738,Isaiah Thomas,1610612743,Denver Nuggets,4,11,8,Missed Shot,Jump Shot,3PT Field Goal,Above the Break 3,Left Side Center(LC),24+ ft.,23,-206,121,1,0,20190224,DEN,LAC
Shot Chart Detail,0021800895,623,202738,Isaiah Thomas,1610612743,Denver Nuggets,4,7,44,Missed Shot,Running Jump Shot,2PT Field Goal,In The Paint (Non-RA),Center(C),Less Than 8 ft.,4,-8,43,1,0,20190224,DEN,LAC
Shot Chart Detail,0021800895,652,202738,Isaiah Thomas,1610612743,Denver Nuggets,4,5,35,Made Shot,Running Layup Shot,2PT Field Goal,Restricted Area,Center(C),Less Than 8 ft.,1,-11,16,1,1,20190224,DEN,LAC
Shot Chart Detail,0021800895,705,202738,Isaiah Thomas,1610612743,Denver Nuggets,4,3,25,Missed Shot,Jump Shot,3PT Field Goal,Above the Break 3,Center(C),24+ ft.,24,45,242,1,0,20190224,DEN,LAC
Shot Chart Detail,0021800895,733,202738,Isaiah Thomas,1610612743,Denver Nuggets,4,1,54,Missed Shot,Pullup Jump shot,3PT Field Goal,Above the Break 3,Right Side Center(RC),24+ ft.,25,114,231,1,0,20190224,DEN,LAC
Shot Chart Detail,0021800910,165,202738,Isaiah Thomas,1610612743,Denver Nuggets,1,0,53,Made Shot,Fadeaway Jump Shot,3PT Field Goal,Above the Break 3,Right Side Center(RC),24+ ft.,24,89,231,1,1,20190226,DEN,OKC
Shot Chart Detail,0021800910,181,202738,Isaiah Thomas,1610612743,Denver Nuggets,2,11,50,Missed Shot,Driving Layup Shot,2PT Field Goal,Restricted Area,Center(C),Less Than 8 ft.,2,-16,23,1,0,20190226,DEN,OKC
Shot Chart Detail,0021800910,250,202738,Isaiah Thomas,1610612743,Denver Nuggets,2,8,28,Missed Shot,Jump Shot,3PT Field Goal,Right Corner 3,Right Side(R),24+ ft.,22,225,4,1,0,20190226,DEN,OKC
Shot Chart Detail,0021800910,281,202738,Isaiah Thomas,1610612743,Denver Nuggets,2,6,46,Made Shot,Pullup Jump shot,3PT Field Goal,Above the Break 3,Right Side Center(RC),24+ ft.,24,124,217,1,1,20190226,DEN,OKC
Shot Chart Detail,0021800910,587,202738,Isaiah Thomas,1610612743,Denver Nuggets,4,9,41,Made Shot,Driving Floating Jump Shot,2PT Field Goal,In The Paint (Non-RA),Center(C),8-16 ft.,9,-2,93,1,1,20190226,DEN,OKC
Shot Chart Detail,0021800926,165,202738,Isaiah Thomas,1610612743,Denver Nuggets,2,11,14,Missed Shot,Jump Shot,3PT Field Goal,Right Corner 3,Right Side(R),24+ ft.,22,228,-2,1,0,20190228,DEN,UTA
Shot Chart Detail,0021800926,177,202738,Isaiah Thomas,1610612743,Denver Nuggets,2,10,14,Made Shot,Jump Shot,2PT Field Goal,Mid-Range,Right Side(R),16-24 ft.,18,177,50,1,1,20190228,DEN,UTA
Shot Chart Detail,0021800926,235,202738,Isaiah Thomas,1610612743,Denver Nuggets,2,9,1,Missed Shot,Layup Shot,2PT Field Goal,Restricted Area,Center(C),Less Than 8 ft.,3,27,14,1,0,20190228,DEN,UTA
Shot Chart Detail,0021800926,227,202738,Isaiah Thomas,1610612743,Denver Nuggets,2,7,2,Missed Shot,Pullup Jump shot,3PT Field Goal,Above the Break 3,Right Side Center(RC),24+ ft.,24,182,164,1,0,20190228,DEN,UTA
Shot Chart Detail,0021800926,575,202738,Isaiah Thomas,1610612743,Denver Nuggets,4,9,30,Made Shot,Driving Floating Jump Shot,2PT Field Goal,In The Paint (Non-RA),Center(C),Less Than 8 ft.,4,-23,39,1,1,20190228,DEN,UTA
Shot Chart Detail,0021800926,596,202738,Isaiah Thomas,1610612743,Denver Nuggets,4,8,13,Missed Shot,Driving Floating Jump Shot,2PT Field Goal,In The Paint (Non-RA),Center(C),Less Than 8 ft.,4,-13,42,1,0,20190228,DEN,UTA
Shot Chart Detail,0021800941,165,202738,Isaiah Thomas,1610612743,Denver Nuggets,1,1,2,Missed Shot,Driving Finger Roll Layup Shot,2PT Field Goal,Restricted Area,Center(C),Less Than 8 ft.,3,-1,34,1,0,20190302,DEN,NOP
Shot Chart Detail,0021800941,175,202738,Isaiah Thomas,1610612743,Denver Nuggets,1,0,0,Missed Shot,Fadeaway Jump Shot,2PT Field Goal,In The Paint (Non-RA),Center(C),Less Than 8 ft.,5,-25,44,1,0,20190302,DEN,NOP
Shot Chart Detail,0021800941,193,202738,Isaiah Thomas,1610612743,Denver Nuggets,2,11,16,Made Shot,Driving Reverse Layup Shot,2PT Field Goal,Restricted Area,Center(C),Less Than 8 ft.,2,16,16,1,1,20190302,DEN,NOP
Shot Chart Detail,0021800941,215,202738,Isaiah Thomas,1610612743,Denver Nuggets,2,9,45,Made Shot,Driving Floating Jump Shot,2PT Field Goal,In The Paint (Non-RA),Center(C),8-16 ft.,9,-2,97,1,1,20190302,DEN,NOP
Shot Chart Detail,0021800941,241,202738,Isaiah Thomas,1610612743,Denver Nuggets,2,8,16,Made Shot,Driving Floating Jump Shot,2PT Field Goal,In The Paint (Non-RA),Center(C),Less Than 8 ft.,6,-28,60,1,1,20190302,DEN,NOP
Shot Chart Detail,0021800941,253,202738,Isaiah Thomas,1610612743,Denver Nuggets,2,7,25,Missed Shot,Jump Shot,3PT Field Goal,Above the Break 3,Center(C),24+ ft.,25,52,248,1,0,20190302,DEN,NOP
Shot Chart Detail,0021800941,546,202738,Isaiah Thomas,1610612743,Denver Nuggets,3,2,12,Made Shot,Turnaround Hook Shot,2PT Field Goal,In The Paint (Non-RA),Center(C),Less Than 8 ft.,5,-3,52,1,1,20190302,DEN,NOP
Shot Chart Detail,0021800941,556,202738,Isaiah Thomas,1610612743,Denver Nuggets,3,1,10,Missed Shot,Jump Shot,3PT Field Goal,Above the Break 3,Left Side Center(LC),24+ ft.,24,-93,225,1,0,20190302,DEN,NOP
Shot Chart Detail,0021800941,565,202738,Isaiah Thomas,1610612743,Denver Nuggets,3,0,26,Made Shot,Driving Finger Roll Layup Shot,2PT Field Goal,Restricted Area,Center(C),Less Than 8 ft.,1,-8,17,1,1,20190302,DEN,NOP
Shot Chart Detail,0021800941,568,202738,Isaiah Thomas,1610612743,Denver Nuggets,3,0,0,Missed Shot,Driving Finger Roll Layup Shot,2PT Field Goal,Restricted Area,Center(C),Less Than 8 ft.,3,-4,37,1,0,20190302,DEN,NOP
Shot Chart Detail,0021800941,574,202738,Isaiah Thomas,1610612743,Denver Nuggets,4,11,46,Missed Shot,Cutting Finger Roll Layup Shot,2PT Field Goal,Restricted Area,Center(C),Less Than 8 ft.,3,3,37,1,0,20190302,DEN,NOP
Shot Chart Detail,0021800941,607,202738,Isaiah Thomas,1610612743,Denver Nuggets,4,8,54,Missed Shot,Driving Floating Jump Shot,2PT Field Goal,In The Paint (Non-RA),Center(C),Less Than 8 ft.,6,6,67,1,0,20190302,DEN,NOP
Shot Chart Detail,0021800941,622,202738,Isaiah Thomas,1610612743,Denver Nuggets,4,8,2,Missed Shot,Jump Shot,3PT Field Goal,Right Corner 3,Right Side(R),24+ ft.,22,225,22,1,0,20190302,DEN,NOP
Shot Chart Detail,0021800941,634,202738,Isaiah Thomas,1610612743,Denver Nuggets,4,6,57,Missed Shot,Pullup Jump shot,2PT Field Goal,In The Paint (Non-RA),Center(C),Less Than 8 ft.,7,46,55,1,0,20190302,DEN,NOP
Shot Chart Detail,0021800954,134,202738,Isaiah Thomas,1610612743,Denver Nuggets,1,0,35,Missed Shot,Pullup Jump shot,3PT Field Goal,Above the Break 3,Center(C),24+ ft.,25,63,250,1,0,20190304,SAS,DEN
Shot Chart Detail,0021800954,166,202738,Isaiah Thomas,1610612743,Denver Nuggets,2,10,14,Made Shot,Driving Reverse Layup Shot,2PT Field Goal,Restricted Area,Center(C),Less Than 8 ft.,3,33,10,1,1,20190304,SAS,DEN
Shot Chart Detail,0021800954,173,202738,Isaiah Thomas,1610612743,Denver Nuggets,2,9,30,Made Shot,Jump Shot,3PT Field Goal,Above the Break 3,Right Side Center(RC),24+ ft.,25,83,245,1,1,20190304,SAS,DEN
Shot Chart Detail,0021800954,177,202738,Isaiah Thomas,1610612743,Denver Nuggets,2,8,55,Missed Shot,Driving Floating Jump Shot,2PT Field Goal,In The Paint (Non-RA),Center(C),8-16 ft.,8,-2,87,1,0,20190304,SAS,DEN
Shot Chart Detail,0021800954,179,202738,Isaiah Thomas,1610612743,Denver Nuggets,2,8,47,Missed Shot,Tip Layup Shot,2PT Field Goal,Restricted Area,Center(C),Less Than 8 ft.,0,0,-6,1,0,20190304,SAS,DEN
Shot Chart Detail,0021800954,204,202738,Isaiah Thomas,1610612743,Denver Nuggets,2,7,14,Missed Shot,Jump Shot,3PT Field Goal,Above the Break 3,Right Side Center(RC),24+ ft.,25,99,239,1,0,20190304,SAS,DEN
Shot Chart Detail,0021800954,220,202738,Isaiah Thomas,1610612743,Denver Nuggets,2,6,34,Made Shot,Pullup Jump shot,2PT Field Goal,Mid-Range,Right Side(R),8-16 ft.,13,131,13,1,1,20190304,SAS,DEN
Shot Chart Detail,0021800954,227,202738,Isaiah Thomas,1610612743,Denver Nuggets,2,5,23,Missed Shot,Driving Layup Shot,2PT Field Goal,In The Paint (Non-RA),Center(C),Less Than 8 ft.,5,52,16,1,0,20190304,SAS,DEN
Shot Chart Detail,0021800954,444,202738,Isaiah Thomas,1610612743,Denver Nuggets,3,0,54,Missed Shot,Pullup Jump shot,3PT Field Goal,Above the Break 3,Center(C),24+ ft.,26,26,263,1,0,20190304,SAS,DEN
Shot Chart Detail,0021800954,465,202738,Isaiah Thomas,1610612743,Denver Nuggets,4,11,26,Missed Shot,Driving Finger Roll Layup Shot,2PT Field Goal,In The Paint (Non-RA),Center(C),Less Than 8 ft.,4,8,49,1,0,20190304,SAS,DEN
Shot Chart Detail,0021800954,491,202738,Isaiah Thomas,1610612743,Denver Nuggets,4,9,22,Missed Shot,Jump Shot,3PT Field Goal,Above the Break 3,Left Side Center(LC),24+ ft.,25,-150,211,1,0,20190304,SAS,DEN
Shot Chart Detail,0021800974,170,202738,Isaiah Thomas,1610612743,Denver Nuggets,2,11,29,Made Shot,Driving Layup Shot,2PT Field Goal,Restricted Area,Center(C),Less Than 8 ft.,2,-14,17,1,1,20190306,LAL,DEN
Shot Chart Detail,0021800974,178,202738,Isaiah Thomas,1610612743,Denver Nuggets,2,10,27,Missed Shot,Jump Shot,3PT Field Goal,Above the Break 3,Right Side Center(RC),24+ ft.,26,141,226,1,0,20190306,LAL,DEN
Shot Chart Detail,0021800974,181,202738,Isaiah Thomas,1610612743,Denver Nuggets,2,9,54,Made Shot,Floating Jump shot,2PT Field Goal,Mid-Range,Left Side(L),8-16 ft.,9,-92,17,1,1,20190306,LAL,DEN
Shot Chart Detail,0021800974,208,202738,Isaiah Thomas,1610612743,Denver Nuggets,2,7,48,Missed Shot,Jump Shot,3PT Field Goal,Left Corner 3,Left Side(L),24+ ft.,24,-234,58,1,0,20190306,LAL,DEN
Shot Chart Detail,0021800974,480,202738,Isaiah Thomas,1610612743,Denver Nuggets,3,0,29,Missed Shot,Jump Shot,3PT Field Goal,Above the Break 3,Center(C),24+ ft.,28,76,272,1,0,20190306,LAL,DEN
Shot Chart Detail,0021800984,230,202738,Isaiah Thomas,1610612743,Denver Nuggets,2,10,28,Missed Shot,Pullup Jump shot,2PT Field Goal,Mid-Range,Left Side(L),8-16 ft.,14,-92,116,1,0,20190308,GSW,DEN
Shot Chart Detail,0021800984,236,202738,Isaiah Thomas,1610612743,Denver Nuggets,2,9,44,Missed Shot,Driving Finger Roll Layup Shot,2PT Field Goal,Mid-Range,Left Side(L),8-16 ft.,10,-98,48,1,0,20190308,GSW,DEN
Shot Chart Detail,0021800984,247,202738,Isaiah Thomas,1610612743,Denver Nuggets,2,8,31,Missed Shot,Jump Shot,2PT Field Goal,In The Paint (Non-RA),Center(C),8-16 ft.,12,-53,114,1,0,20190308,GSW,DEN
Shot Chart Detail,0021800984,287,202738,Isaiah Thomas,1610612743,Denver Nuggets,2,5,9,Missed Shot,Driving Floating Jump Shot,2PT Field Goal,In The Paint (Non-RA),Center(C),Less Than 8 ft.,7,-69,24,1,0,20190308,GSW,DEN
Shot Chart Detail,0021800984,553,202738,Isaiah Thomas,1610612743,Denver Nuggets,4,10,57,Made Shot,Driving Layup Shot,2PT Field Goal,Restricted Area,Center(C),Less Than 8 ft.,3,-16,32,1,1,20190308,GSW,DEN
Shot Chart Detail,0021800984,565,202738,Isaiah Thomas,1610612743,Denver Nuggets,4,10,0,Made Shot,Pullup Jump shot,2PT Field Goal,Mid-Range,Right Side Center(RC),16-24 ft.,19,108,163,1,1,20190308,GSW,DEN
Shot Chart Detail,0021801052,134,202738,Isaiah Thomas,1610612743,Denver Nuggets,1,0,54,Missed Shot,Driving Floating Jump Shot,2PT Field Goal,In The Paint (Non-RA),Left Side(L),8-16 ft.,8,-59,55,1,0,20190318,BOS,DEN
Shot Chart Detail,0021801052,143,202738,Isaiah Thomas,1610612743,Denver Nuggets,1,0,42,Missed Shot,Jump Shot,3PT Field Goal,Above the Break 3,Center(C),24+ ft.,26,68,252,1,0,20190318,BOS,DEN
Shot Chart Detail,0021801164,543,202738,Isaiah Thomas,1610612743,Denver Nuggets,4,9,45,Missed Shot,Jump Shot,3PT Field Goal,Above the Break 3,Right Side Center(RC),24+ ft.,27,146,228,1,0,20190402,GSW,DEN
Shot Chart Detail,0021801164,565,202738,Isaiah Thomas,1610612743,Denver Nuggets,4,7,55,Missed Shot,Jump Shot,3PT Field Goal,Above the Break 3,Left Side Center(LC),24+ ft.,26,-133,230,1,0,20190402,GSW,DEN
Shot Chart Detail,0021801164,592,202738,Isaiah Thomas,1610612743,Denver Nuggets,4,6,20,Missed Shot,Jump Shot,2PT Field Goal,In The Paint (Non-RA),Left Side(L),8-16 ft.,11,-61,95,1,0,20190402,GSW,DEN
Shot Chart Detail,0021801164,644,202738,Isaiah Thomas,1610612743,Denver Nuggets,4,3,36,Made Shot,Running Pull-Up Jump Shot,3PT Field Goal,Above the Break 3,Left Side Center(LC),24+ ft.,27,-154,232,1,1,20190402,GSW,DEN
Shot Chart Detail,0021801164,670,202738,Isaiah Thomas,1610612743,Denver Nuggets,4,1,31,Missed Shot,Jump Shot,2PT Field Goal,In The Paint (Non-RA),Center(C),Less Than 8 ft.,5,-30,41,1,0,20190402,GSW,DEN
Shot Chart Detail,0021801164,682,202738,Isaiah Thomas,1610612743,Denver Nuggets,4,0,36,Missed Shot,Layup Shot,2PT Field Goal,In The Paint (Non-RA),Center(C),Less Than 8 ft.,6,5,64,1,0,20190402,GSW,DEN
Shot Chart Detail,0021801164,686,202738,Isaiah Thomas,1610612743,Denver Nuggets,4,0,4,Missed Shot,Layup Shot,2PT Field Goal,In The Paint (Non-RA),Center(C),Less Than 8 ft.,5,-17,49,1,0,20190402,GSW,DEN
Shot Chart Detail,0021801164,690,202738,Isaiah Thomas,1610612743,Denver Nuggets,4,0,0,Made Shot,Pullup Jump shot,3PT Field Goal,Left Corner 3,Left Side(L),24+ ft.,23,-232,36,1,1,20190402,GSW,DEN
Shot Chart Detail,0021801206,127,202738,Isaiah Thomas,1610612743,Denver Nuggets,1,2,10,Missed Shot,Driving Floating Jump Shot,2PT Field Goal,In The Paint (Non-RA),Left Side(L),8-16 ft.,11,-67,88,1,0,20190407,POR,DEN
Shot Chart Detail,0021801206,144,202738,Isaiah Thomas,1610612743,Denver Nuggets,1,0,31,Missed Shot,Running Layup Shot,2PT Field Goal,Restricted Area,Center(C),Less Than 8 ft.,1,-3,10,1,0,20190407,POR,DEN
Shot Chart Detail,0021801206,148,202738,Isaiah Thomas,1610612743,Denver Nuggets,1,0,23,Made Shot,Driving Layup Shot,2PT Field Goal,Restricted Area,Center(C),Less Than 8 ft.,1,-8,-8,1,1,20190407,POR,DEN
Shot Chart Detail,0021801206,160,202738,Isaiah Thomas,1610612743,Denver Nuggets,2,10,40,Missed Shot,Driving Floating Jump Shot,2PT Field Goal,In The Paint (Non-RA),Center(C),Less Than 8 ft.,4,45,-8,1,0,20190407,POR,DEN
Shot Chart Detail,0021801206,165,202738,Isaiah Thomas,1610612743,Denver Nuggets,2,10,13,Missed Shot,Jump Shot,3PT Field Goal,Above the Break 3,Right Side Center(RC),24+ ft.,24,228,100,1,0,20190407,POR,DEN
Shot Chart Detail,0021801206,216,202738,Isaiah Thomas,1610612743,Denver Nuggets,2,7,9,Missed Shot,Jump Shot,3PT Field Goal,Above the Break 3,Right Side Center(RC),24+ ft.,24,160,185,1,0,20190407,POR,DEN
Shot Chart Detail,0021801206,484,202738,Isaiah Thomas,1610612743,Denver Nuggets,3,0,24,Made Shot,Jump Shot,3PT Field Goal,Above the Break 3,Right Side Center(RC),24+ ft.,25,127,217,1,1,20190407,POR,DEN
Shot Chart Detail,0021801206,499,202738,Isaiah Thomas,1610612743,Denver Nuggets,4,10,56,Missed Shot,Running Pull-Up Jump Shot,3PT Field Goal,Above the Break 3,Center(C),24+ ft.,26,30,268,1,0,20190407,POR,DEN
Shot Chart Detail,0021801206,519,202738,Isaiah Thomas,1610612743,Denver Nuggets,4,9,50,Missed Shot,Driving Floating Jump Shot,2PT Field Goal,In The Paint (Non-RA),Center(C),8-16 ft.,13,11,138,1,0,20190407,POR,DEN
Shot Chart Detail,0021801206,544,202738,Isaiah Thomas,1610612743,Denver Nuggets,4,8,7,Made Shot,Driving Layup Shot,2PT Field Goal,Restricted Area,Center(C),Less Than 8 ft.,1,-14,1,1,1,20190407,POR,DEN
Shot Chart Detail,0021801206,553,202738,Isaiah Thomas,1610612743,Denver Nuggets,4,7,38,Missed Shot,Step Back Jump shot,2PT Field Goal,In The Paint (Non-RA),Center(C),8-16 ft.,15,79,138,1,0,20190407,POR,DEN
Shot Chart Detail,0021801206,603,202738,Isaiah Thomas,1610612743,Denver Nuggets,4,3,42,Missed Shot,Driving Floating Jump Shot,2PT Field Goal,In The Paint (Non-RA),Center(C),8-16 ft.,12,4,125,1,0,20190407,POR,DEN
Shot Chart Detail,0021801206,651,202738,Isaiah Thomas,1610612743,Denver Nuggets,4,1,31,Missed Shot,Pullup Jump shot,3PT Field Goal,Above the Break 3,Right Side Center(RC),24+ ft.,25,84,246,1,0,20190407,POR,DEN
Shot Chart Detail,0021801206,677,202738,Isaiah Thomas,1610612743,Denver Nuggets,4,0,24,Made Shot,Driving Layup Shot,2PT Field Goal,Restricted Area,Center(C),Less Than 8 ft.,0,3,-4,1,1,20190407,POR,DEN
