GRID_TYPE,GAME_ID,GAME_EVENT_ID,PLAYER_ID,PLAYER_NAME,TEAM_ID,TEAM_NAME,PERIOD,MINUTES_REMAINING,SECONDS_REMAINING,EVENT_TYPE,ACTION_TYPE,SHOT_TYPE,SHOT_ZONE_BASIC,SHOT_ZONE_AREA,SHOT_ZONE_RANGE,SHOT_DISTANCE,LOC_X,LOC_Y,SHOT_ATTEMPTED_FLAG,SHOT_MADE_FLAG,GAME_DATE,HTM,VTM
Shot Chart Detail,0021800001,163,203382,Aron Baynes,1610612738,Boston Celtics,1,0,37,Missed Shot,Jump Shot,3PT Field Goal,Above the Break 3,Right Side Center(RC),24+ ft.,25,86,239,1,0,20181016,BOS,PHI
Shot Chart Detail,0021800001,166,203382,Aron Baynes,1610612738,Boston Celtics,1,0,4,Missed Shot,Turnaround Hook Shot,2PT Field Goal,Restricted Area,Center(C),Less Than 8 ft.,3,36,14,1,0,20181016,BOS,PHI
Shot Chart Detail,0021800001,216,203382,Aron Baynes,1610612738,Boston Celtics,2,9,14,Missed Shot,Cutting Dunk Shot,2PT Field Goal,Restricted Area,Center(C),Less Than 8 ft.,2,-17,20,1,0,20181016,BOS,PHI
Shot Chart Detail,0021800001,346,203382,Aron Baynes,1610612738,Boston Celtics,3,11,34,Made Shot,Cutting Dunk Shot,2PT Field Goal,Restricted Area,Center(C),Less Than 8 ft.,2,9,19,1,1,20181016,BOS,PHI
Shot Chart Detail,0021800001,378,203382,Aron Baynes,1610612738,Boston Celtics,3,9,51,Made Shot,Jump Shot,3PT Field Goal,Above the Break 3,Left Side Center(LC),24+ ft.,26,-112,236,1,1,20181016,BOS,PHI
Shot Chart Detail,0021800001,539,203382,Aron Baynes,1610612738,Boston Celtics,4,10,21,Made Shot,Jump Shot,3PT Field Goal,Left Corner 3,Left Side(L),24+ ft.,22,-226,11,1,1,20181016,BOS,PHI
Shot Chart Detail,0021800001,546,203382,Aron Baynes,1610612738,Boston Celtics,4,9,50,Missed Shot,Jump Shot,3PT Field Goal,Left Corner 3,Left Side(L),24+ ft.,22,-222,43,1,0,20181016,BOS,PHI
Shot Chart Detail,0021800019,139,203382,Aron Baynes,1610612738,Boston Celtics,1,1,34,Missed Shot,Jump Shot,3PT Field Goal,Left Corner 3,Left Side(L),24+ ft.,23,-235,10,1,0,20181019,TOR,BOS
Shot Chart Detail,0021800019,141,203382,Aron Baynes,1610612738,Boston Celtics,1,1,29,Made Shot,Cutting Finger Roll Layup Shot,2PT Field Goal,In The Paint (Non-RA),Center(C),Less Than 8 ft.,4,-3,41,1,1,20181019,TOR,BOS
Shot Chart Detail,0021800019,197,203382,Aron Baynes,1610612738,Boston Celtics,2,10,2,Made Shot,Turnaround Hook Shot,2PT Field Goal,In The Paint (Non-RA),Center(C),Less Than 8 ft.,7,-55,46,1,1,20181019,TOR,BOS
Shot Chart Detail,0021800019,474,203382,Aron Baynes,1610612738,Boston Celtics,3,1,6,Missed Shot,Jump Shot,3PT Field Goal,Above the Break 3,Left Side Center(LC),24+ ft.,24,-87,227,1,0,20181019,TOR,BOS
Shot Chart Detail,0021800019,486,203382,Aron Baynes,1610612738,Boston Celtics,3,0,24,Missed Shot,Tip Layup Shot,2PT Field Goal,Restricted Area,Center(C),Less Than 8 ft.,0,0,-6,1,0,20181019,TOR,BOS
Shot Chart Detail,0021800019,488,203382,Aron Baynes,1610612738,Boston Celtics,3,0,23,Missed Shot,Tip Layup Shot,2PT Field Goal,Restricted Area,Center(C),Less Than 8 ft.,0,0,-6,1,0,20181019,TOR,BOS
Shot Chart Detail,0021800019,490,203382,Aron Baynes,1610612738,Boston Celtics,3,0,21,Missed Shot,Tip Layup Shot,2PT Field Goal,Restricted Area,Center(C),Less Than 8 ft.,0,0,-6,1,0,20181019,TOR,BOS
Shot Chart Detail,0021800019,534,203382,Aron Baynes,1610612738,Boston Celtics,4,9,45,Missed Shot,Tip Layup Shot,2PT Field Goal,Restricted Area,Center(C),Less Than 8 ft.,0,0,-6,1,0,20181019,TOR,BOS
Shot Chart Detail,0021800028,13,203382,Aron Baynes,1610612738,Boston Celtics,1,10,58,Made Shot,Tip Layup Shot,2PT Field Goal,Restricted Area,Center(C),Less Than 8 ft.,0,0,-6,1,1,20181020,NYK,BOS
Shot Chart Detail,0021800028,35,203382,Aron Baynes,1610612738,Boston Celtics,1,9,48,Made Shot,Layup Shot,2PT Field Goal,Restricted Area,Center(C),Less Than 8 ft.,2,13,27,1,1,20181020,NYK,BOS
Shot Chart Detail,0021800028,49,203382,Aron Baynes,1610612738,Boston Celtics,1,8,48,Made Shot,Jump Shot,3PT Field Goal,Above the Break 3,Center(C),24+ ft.,26,65,260,1,1,20181020,NYK,BOS
Shot Chart Detail,0021800028,219,203382,Aron Baynes,1610612738,Boston Celtics,2,9,2,Missed Shot,Jump Shot,3PT Field Goal,Above the Break 3,Left Side Center(LC),24+ ft.,26,-134,227,1,0,20181020,NYK,BOS
Shot Chart Detail,0021800028,273,203382,Aron Baynes,1610612738,Boston Celtics,2,5,19,Missed Shot,Tip Layup Shot,2PT Field Goal,Restricted Area,Center(C),Less Than 8 ft.,0,0,-6,1,0,20181020,NYK,BOS
Shot Chart Detail,0021800099,70,203382,Aron Baynes,1610612738,Boston Celtics,1,6,20,Made Shot,Jump Shot,3PT Field Goal,Above the Break 3,Center(C),24+ ft.,24,57,243,1,1,20181030,BOS,DET
Shot Chart Detail,0021800099,74,203382,Aron Baynes,1610612738,Boston Celtics,1,6,2,Made Shot,Cutting Layup Shot,2PT Field Goal,Restricted Area,Center(C),Less Than 8 ft.,0,-5,-4,1,1,20181030,BOS,DET
Shot Chart Detail,0021800099,112,203382,Aron Baynes,1610612738,Boston Celtics,1,3,44,Made Shot,Turnaround Hook Shot,2PT Field Goal,Restricted Area,Center(C),Less Than 8 ft.,2,-23,-4,1,1,20181030,BOS,DET
Shot Chart Detail,0021800099,480,203382,Aron Baynes,1610612738,Boston Celtics,3,3,13,Missed Shot,Jump Shot,3PT Field Goal,Above the Break 3,Center(C),24+ ft.,27,14,277,1,0,20181030,BOS,DET
Shot Chart Detail,0021800099,627,203382,Aron Baynes,1610612738,Boston Celtics,4,5,30,Missed Shot,Layup Shot,2PT Field Goal,Restricted Area,Center(C),Less Than 8 ft.,3,30,6,1,0,20181030,BOS,DET
Shot Chart Detail,0021800115,182,203382,Aron Baynes,1610612738,Boston Celtics,2,10,20,Missed Shot,Jump Shot,3PT Field Goal,Above the Break 3,Center(C),24+ ft.,26,-60,258,1,0,20181101,BOS,MIL
Shot Chart Detail,0021800115,211,203382,Aron Baynes,1610612738,Boston Celtics,2,8,27,Missed Shot,Jump Shot,3PT Field Goal,Above the Break 3,Center(C),24+ ft.,26,70,257,1,0,20181101,BOS,MIL
Shot Chart Detail,0021800115,218,203382,Aron Baynes,1610612738,Boston Celtics,2,8,3,Missed Shot,Jump Shot,3PT Field Goal,Above the Break 3,Center(C),24+ ft.,25,19,257,1,0,20181101,BOS,MIL
Shot Chart Detail,0021800115,466,203382,Aron Baynes,1610612738,Boston Celtics,3,2,43,Made Shot,Jump Shot,3PT Field Goal,Above the Break 3,Left Side Center(LC),24+ ft.,24,-180,163,1,1,20181101,BOS,MIL
Shot Chart Detail,0021800115,540,203382,Aron Baynes,1610612738,Boston Celtics,4,10,57,Missed Shot,Pullup Jump shot,3PT Field Goal,Above the Break 3,Center(C),24+ ft.,25,-76,241,1,0,20181101,BOS,MIL
Shot Chart Detail,0021800127,190,203382,Aron Baynes,1610612738,Boston Celtics,2,9,56,Missed Shot,Jump Shot,3PT Field Goal,Above the Break 3,Center(C),24+ ft.,25,47,253,1,0,20181103,IND,BOS
Shot Chart Detail,0021800127,496,203382,Aron Baynes,1610612738,Boston Celtics,4,11,46,Made Shot,Jump Shot,3PT Field Goal,Above the Break 3,Left Side Center(LC),24+ ft.,24,-220,117,1,1,20181103,IND,BOS
Shot Chart Detail,0021800127,519,203382,Aron Baynes,1610612738,Boston Celtics,4,8,53,Made Shot,Jump Shot,3PT Field Goal,Above the Break 3,Right Side Center(RC),24+ ft.,25,226,108,1,1,20181103,IND,BOS
Shot Chart Detail,0021800145,362,203382,Aron Baynes,1610612738,Boston Celtics,3,7,37,Missed Shot,Jump Shot,3PT Field Goal,Above the Break 3,Center(C),24+ ft.,25,-3,259,1,0,20181105,DEN,BOS
Shot Chart Detail,0021800145,377,203382,Aron Baynes,1610612738,Boston Celtics,3,6,43,Made Shot,Jump Shot,2PT Field Goal,Mid-Range,Right Side(R),8-16 ft.,10,101,17,1,1,20181105,DEN,BOS
Shot Chart Detail,0021800164,79,203382,Aron Baynes,1610612738,Boston Celtics,1,4,58,Made Shot,Tip Layup Shot,2PT Field Goal,Restricted Area,Center(C),Less Than 8 ft.,0,0,-6,1,1,20181108,PHX,BOS
Shot Chart Detail,0021800164,91,203382,Aron Baynes,1610612738,Boston Celtics,1,3,44,Missed Shot,Cutting Layup Shot,2PT Field Goal,Restricted Area,Center(C),Less Than 8 ft.,1,11,1,1,0,20181108,PHX,BOS
Shot Chart Detail,0021800164,126,203382,Aron Baynes,1610612738,Boston Celtics,1,1,37,Missed Shot,Tip Layup Shot,2PT Field Goal,Restricted Area,Center(C),Less Than 8 ft.,0,0,-6,1,0,20181108,PHX,BOS
Shot Chart Detail,0021800164,129,203382,Aron Baynes,1610612738,Boston Celtics,1,1,15,Missed Shot,Jump Shot,3PT Field Goal,Above the Break 3,Right Side Center(RC),24+ ft.,25,105,228,1,0,20181108,PHX,BOS
Shot Chart Detail,0021800164,260,203382,Aron Baynes,1610612738,Boston Celtics,2,4,55,Missed Shot,Driving Layup Shot,2PT Field Goal,Restricted Area,Center(C),Less Than 8 ft.,1,11,11,1,0,20181108,PHX,BOS
Shot Chart Detail,0021800164,305,203382,Aron Baynes,1610612738,Boston Celtics,2,4,53,Missed Shot,Tip Layup Shot,2PT Field Goal,Restricted Area,Center(C),Less Than 8 ft.,2,19,13,1,0,20181108,PHX,BOS
Shot Chart Detail,0021800172,116,203382,Aron Baynes,1610612738,Boston Celtics,1,1,52,Made Shot,Floating Jump shot,2PT Field Goal,In The Paint (Non-RA),Center(C),Less Than 8 ft.,4,-1,49,1,1,20181109,UTA,BOS
Shot Chart Detail,0021800172,129,203382,Aron Baynes,1610612738,Boston Celtics,1,0,27,Missed Shot,Jump Shot,3PT Field Goal,Above the Break 3,Center(C),24+ ft.,25,-70,249,1,0,20181109,UTA,BOS
Shot Chart Detail,0021800172,180,203382,Aron Baynes,1610612738,Boston Celtics,2,8,6,Made Shot,Cutting Layup Shot,2PT Field Goal,Restricted Area,Center(C),Less Than 8 ft.,1,-18,4,1,1,20181109,UTA,BOS
Shot Chart Detail,0021800188,230,203382,Aron Baynes,1610612738,Boston Celtics,2,5,2,Made Shot,Cutting Dunk Shot,2PT Field Goal,Restricted Area,Center(C),Less Than 8 ft.,0,2,7,1,1,20181111,POR,BOS
Shot Chart Detail,0021800204,99,203382,Aron Baynes,1610612738,Boston Celtics,1,2,36,Missed Shot,Tip Layup Shot,2PT Field Goal,Restricted Area,Center(C),Less Than 8 ft.,0,0,-6,1,0,20181114,BOS,CHI
Shot Chart Detail,0021800204,113,203382,Aron Baynes,1610612738,Boston Celtics,1,0,29,Missed Shot,Jump Shot,3PT Field Goal,Above the Break 3,Center(C),24+ ft.,26,-9,269,1,0,20181114,BOS,CHI
Shot Chart Detail,0021800204,152,203382,Aron Baynes,1610612738,Boston Celtics,2,9,31,Made Shot,Jump Shot,3PT Field Goal,Above the Break 3,Center(C),24+ ft.,26,-68,257,1,1,20181114,BOS,CHI
Shot Chart Detail,0021800204,156,203382,Aron Baynes,1610612738,Boston Celtics,2,9,6,Missed Shot,Hook Shot,2PT Field Goal,In The Paint (Non-RA),Center(C),Less Than 8 ft.,7,62,43,1,0,20181114,BOS,CHI
Shot Chart Detail,0021800204,170,203382,Aron Baynes,1610612738,Boston Celtics,2,8,15,Missed Shot,Jump Shot,3PT Field Goal,Above the Break 3,Center(C),24+ ft.,27,77,264,1,0,20181114,BOS,CHI
Shot Chart Detail,0021800204,206,203382,Aron Baynes,1610612738,Boston Celtics,2,6,10,Missed Shot,Jump Shot,2PT Field Goal,Mid-Range,Right Side(R),8-16 ft.,14,104,100,1,0,20181114,BOS,CHI
Shot Chart Detail,0021800204,440,203382,Aron Baynes,1610612738,Boston Celtics,4,11,6,Made Shot,Jump Shot,3PT Field Goal,Left Corner 3,Left Side(L),24+ ft.,24,-240,5,1,1,20181114,BOS,CHI
Shot Chart Detail,0021800204,456,203382,Aron Baynes,1610612738,Boston Celtics,4,9,46,Made Shot,Cutting Layup Shot,2PT Field Goal,Restricted Area,Center(C),Less Than 8 ft.,1,-11,8,1,1,20181114,BOS,CHI
Shot Chart Detail,0021800204,491,203382,Aron Baynes,1610612738,Boston Celtics,4,8,11,Missed Shot,Jump Shot,3PT Field Goal,Above the Break 3,Right Side Center(RC),24+ ft.,27,182,201,1,0,20181114,BOS,CHI
Shot Chart Detail,0021800216,166,203382,Aron Baynes,1610612738,Boston Celtics,2,11,16,Missed Shot,Jump Bank Shot,2PT Field Goal,Mid-Range,Right Side(R),8-16 ft.,13,107,78,1,0,20181116,BOS,TOR
Shot Chart Detail,0021800216,196,203382,Aron Baynes,1610612738,Boston Celtics,2,8,59,Missed Shot,Driving Layup Shot,2PT Field Goal,Restricted Area,Center(C),Less Than 8 ft.,0,6,1,1,0,20181116,BOS,TOR
Shot Chart Detail,0021800216,205,203382,Aron Baynes,1610612738,Boston Celtics,2,8,20,Made Shot,Driving Bank Hook Shot,2PT Field Goal,In The Paint (Non-RA),Center(C),Less Than 8 ft.,5,48,20,1,1,20181116,BOS,TOR
Shot Chart Detail,0021800229,200,203382,Aron Baynes,1610612738,Boston Celtics,2,9,53,Missed Shot,Turnaround Hook Shot,2PT Field Goal,Restricted Area,Center(C),Less Than 8 ft.,3,-30,15,1,0,20181117,BOS,UTA
Shot Chart Detail,0021800229,206,203382,Aron Baynes,1610612738,Boston Celtics,2,8,40,Made Shot,Turnaround Hook Shot,2PT Field Goal,In The Paint (Non-RA),Right Side(R),8-16 ft.,8,78,34,1,1,20181117,BOS,UTA
Shot Chart Detail,0021800229,234,203382,Aron Baynes,1610612738,Boston Celtics,2,7,19,Made Shot,Jump Shot,3PT Field Goal,Above the Break 3,Left Side Center(LC),24+ ft.,25,-100,236,1,1,20181117,BOS,UTA
Shot Chart Detail,0021800229,496,203382,Aron Baynes,1610612738,Boston Celtics,3,2,56,Missed Shot,Hook Shot,2PT Field Goal,Restricted Area,Center(C),Less Than 8 ft.,2,4,22,1,0,20181117,BOS,UTA
Shot Chart Detail,0021800229,528,203382,Aron Baynes,1610612738,Boston Celtics,3,0,0,Missed Shot,Tip Layup Shot,2PT Field Goal,Restricted Area,Center(C),Less Than 8 ft.,0,0,-6,1,0,20181117,BOS,UTA
Shot Chart Detail,0021800239,7,203382,Aron Baynes,1610612738,Boston Celtics,1,11,37,Missed Shot,Cutting Layup Shot,2PT Field Goal,Restricted Area,Center(C),Less Than 8 ft.,1,-6,13,1,0,20181119,CHA,BOS
Shot Chart Detail,0021800239,11,203382,Aron Baynes,1610612738,Boston Celtics,1,11,8,Made Shot,Jump Bank Shot,2PT Field Goal,Mid-Range,Left Side(L),8-16 ft.,10,-94,42,1,1,20181119,CHA,BOS
Shot Chart Detail,0021800239,28,203382,Aron Baynes,1610612738,Boston Celtics,1,9,26,Missed Shot,Tip Layup Shot,2PT Field Goal,Restricted Area,Center(C),Less Than 8 ft.,0,0,-6,1,0,20181119,CHA,BOS
Shot Chart Detail,0021800239,47,203382,Aron Baynes,1610612738,Boston Celtics,1,7,59,Missed Shot,Jump Shot,3PT Field Goal,Right Corner 3,Right Side(R),24+ ft.,22,227,6,1,0,20181119,CHA,BOS
Shot Chart Detail,0021800255,13,203382,Aron Baynes,1610612738,Boston Celtics,1,11,16,Missed Shot,Jump Shot,3PT Field Goal,Above the Break 3,Center(C),24+ ft.,25,14,253,1,0,20181121,BOS,NYK
Shot Chart Detail,0021800255,492,203382,Aron Baynes,1610612738,Boston Celtics,3,1,41,Missed Shot,Jump Shot,3PT Field Goal,Right Corner 3,Right Side(R),24+ ft.,22,229,16,1,0,20181121,BOS,NYK
Shot Chart Detail,0021800268,14,203382,Aron Baynes,1610612738,Boston Celtics,1,11,14,Made Shot,Tip Layup Shot,2PT Field Goal,Restricted Area,Center(C),Less Than 8 ft.,0,0,-6,1,1,20181123,ATL,BOS
Shot Chart Detail,0021800268,41,203382,Aron Baynes,1610612738,Boston Celtics,1,8,46,Made Shot,Hook Shot,2PT Field Goal,In The Paint (Non-RA),Left Side(L),8-16 ft.,8,-77,22,1,1,20181123,ATL,BOS
Shot Chart Detail,0021800268,66,203382,Aron Baynes,1610612738,Boston Celtics,1,6,33,Made Shot,Jump Shot,3PT Field Goal,Above the Break 3,Center(C),24+ ft.,25,22,257,1,1,20181123,ATL,BOS
Shot Chart Detail,0021800268,397,203382,Aron Baynes,1610612738,Boston Celtics,3,11,25,Made Shot,Dunk Shot,2PT Field Goal,Restricted Area,Center(C),Less Than 8 ft.,0,5,-5,1,1,20181123,ATL,BOS
Shot Chart Detail,0021800268,443,203382,Aron Baynes,1610612738,Boston Celtics,3,8,36,Missed Shot,Pullup Jump shot,2PT Field Goal,Mid-Range,Center(C),16-24 ft.,18,-15,182,1,0,20181123,ATL,BOS
Shot Chart Detail,0021800268,459,203382,Aron Baynes,1610612738,Boston Celtics,3,7,8,Made Shot,Hook Shot,2PT Field Goal,In The Paint (Non-RA),Center(C),8-16 ft.,11,0,116,1,1,20181123,ATL,BOS
Shot Chart Detail,0021800268,467,203382,Aron Baynes,1610612738,Boston Celtics,3,6,40,Missed Shot,Dunk Shot,2PT Field Goal,Restricted Area,Center(C),Less Than 8 ft.,1,2,14,1,0,20181123,ATL,BOS
Shot Chart Detail,0021800283,138,203382,Aron Baynes,1610612738,Boston Celtics,1,0,13,Missed Shot,Jump Shot,3PT Field Goal,Above the Break 3,Right Side Center(RC),24+ ft.,25,215,138,1,0,20181124,DAL,BOS
Shot Chart Detail,0021800283,419,203382,Aron Baynes,1610612738,Boston Celtics,3,3,26,Missed Shot,Jump Shot,3PT Field Goal,Above the Break 3,Center(C),24+ ft.,25,-3,252,1,0,20181124,DAL,BOS
Shot Chart Detail,0021800283,450,203382,Aron Baynes,1610612738,Boston Celtics,3,1,40,Missed Shot,Tip Layup Shot,2PT Field Goal,Restricted Area,Center(C),Less Than 8 ft.,0,0,-6,1,0,20181124,DAL,BOS
Shot Chart Detail,0021800283,452,203382,Aron Baynes,1610612738,Boston Celtics,3,1,37,Made Shot,Putback Layup Shot,2PT Field Goal,Restricted Area,Center(C),Less Than 8 ft.,0,0,-6,1,1,20181124,DAL,BOS
Shot Chart Detail,0021800298,191,203382,Aron Baynes,1610612738,Boston Celtics,2,11,21,Made Shot,Hook Shot,2PT Field Goal,In The Paint (Non-RA),Center(C),8-16 ft.,9,0,99,1,1,20181126,NOP,BOS
Shot Chart Detail,0021800298,269,203382,Aron Baynes,1610612738,Boston Celtics,2,4,50,Missed Shot,Jump Bank Shot,2PT Field Goal,Mid-Range,Left Side(L),8-16 ft.,12,-105,60,1,0,20181126,NOP,BOS
Shot Chart Detail,0021800298,477,203382,Aron Baynes,1610612738,Boston Celtics,3,2,14,Made Shot,Tip Layup Shot,2PT Field Goal,Restricted Area,Center(C),Less Than 8 ft.,0,0,-6,1,1,20181126,NOP,BOS
Shot Chart Detail,0021800298,500,203382,Aron Baynes,1610612738,Boston Celtics,3,0,57,Missed Shot,Floating Jump shot,2PT Field Goal,In The Paint (Non-RA),Center(C),Less Than 8 ft.,7,8,73,1,0,20181126,NOP,BOS
Shot Chart Detail,0021800319,41,203382,Aron Baynes,1610612738,Boston Celtics,1,8,9,Missed Shot,Turnaround Hook Shot,2PT Field Goal,Restricted Area,Center(C),Less Than 8 ft.,3,-18,33,1,0,20181130,BOS,CLE
Shot Chart Detail,0021800319,275,203382,Aron Baynes,1610612738,Boston Celtics,2,2,56,Missed Shot,Jump Shot,3PT Field Goal,Right Corner 3,Right Side(R),24+ ft.,22,227,2,1,0,20181130,BOS,CLE
Shot Chart Detail,0021800319,285,203382,Aron Baynes,1610612738,Boston Celtics,2,2,17,Made Shot,Cutting Dunk Shot,2PT Field Goal,Restricted Area,Center(C),Less Than 8 ft.,1,-13,6,1,1,20181130,BOS,CLE
Shot Chart Detail,0021800319,294,203382,Aron Baynes,1610612738,Boston Celtics,2,1,36,Made Shot,Alley Oop Dunk Shot,2PT Field Goal,Restricted Area,Center(C),Less Than 8 ft.,2,-16,18,1,1,20181130,BOS,CLE
Shot Chart Detail,0021800319,335,203382,Aron Baynes,1610612738,Boston Celtics,3,11,49,Made Shot,Alley Oop Dunk Shot,2PT Field Goal,Restricted Area,Center(C),Less Than 8 ft.,1,-8,10,1,1,20181130,BOS,CLE
Shot Chart Detail,0021800319,345,203382,Aron Baynes,1610612738,Boston Celtics,3,10,50,Made Shot,Tip Layup Shot,2PT Field Goal,Restricted Area,Center(C),Less Than 8 ft.,0,0,-6,1,1,20181130,BOS,CLE
Shot Chart Detail,0021800319,406,203382,Aron Baynes,1610612738,Boston Celtics,3,5,45,Missed Shot,Cutting Dunk Shot,2PT Field Goal,Restricted Area,Center(C),Less Than 8 ft.,1,-15,1,1,0,20181130,BOS,CLE
Shot Chart Detail,0021800335,155,203382,Aron Baynes,1610612738,Boston Celtics,2,11,38,Missed Shot,Jump Shot,3PT Field Goal,Above the Break 3,Right Side Center(RC),24+ ft.,26,185,184,1,0,20181201,MIN,BOS
Shot Chart Detail,0021800409,332,203382,Aron Baynes,1610612738,Boston Celtics,3,10,28,Made Shot,Jump Shot,3PT Field Goal,Above the Break 3,Center(C),24+ ft.,25,-63,252,1,1,20181212,WAS,BOS
Shot Chart Detail,0021800420,34,203382,Aron Baynes,1610612738,Boston Celtics,1,9,3,Made Shot,Hook Shot,2PT Field Goal,Restricted Area,Center(C),Less Than 8 ft.,3,-18,26,1,1,20181214,BOS,ATL
Shot Chart Detail,0021800420,42,203382,Aron Baynes,1610612738,Boston Celtics,1,8,37,Made Shot,Cutting Dunk Shot,2PT Field Goal,Restricted Area,Center(C),Less Than 8 ft.,0,-3,4,1,1,20181214,BOS,ATL
Shot Chart Detail,0021800420,74,203382,Aron Baynes,1610612738,Boston Celtics,1,5,54,Missed Shot,Jump Shot,2PT Field Goal,In The Paint (Non-RA),Center(C),8-16 ft.,12,-30,120,1,0,20181214,BOS,ATL
Shot Chart Detail,0021800420,439,203382,Aron Baynes,1610612738,Boston Celtics,3,8,27,Missed Shot,Jump Shot,3PT Field Goal,Above the Break 3,Center(C),24+ ft.,26,38,263,1,0,20181214,BOS,ATL
Shot Chart Detail,0021800431,19,203382,Aron Baynes,1610612738,Boston Celtics,1,10,29,Made Shot,Layup Shot,2PT Field Goal,Restricted Area,Center(C),Less Than 8 ft.,1,6,11,1,1,20181215,DET,BOS
Shot Chart Detail,0021800431,24,203382,Aron Baynes,1610612738,Boston Celtics,1,10,15,Made Shot,Dunk Shot,2PT Field Goal,Restricted Area,Center(C),Less Than 8 ft.,0,-1,0,1,1,20181215,DET,BOS
Shot Chart Detail,0021800431,34,203382,Aron Baynes,1610612738,Boston Celtics,1,9,10,Made Shot,Hook Shot,2PT Field Goal,Restricted Area,Center(C),Less Than 8 ft.,3,-28,25,1,1,20181215,DET,BOS
Shot Chart Detail,0021800431,291,203382,Aron Baynes,1610612738,Boston Celtics,2,1,32,Missed Shot,Tip Layup Shot,2PT Field Goal,Restricted Area,Center(C),Less Than 8 ft.,1,11,8,1,0,20181215,DET,BOS
Shot Chart Detail,0021800431,347,203382,Aron Baynes,1610612738,Boston Celtics,3,9,5,Made Shot,Dunk Shot,2PT Field Goal,Restricted Area,Center(C),Less Than 8 ft.,0,-2,-1,1,1,20181215,DET,BOS
Shot Chart Detail,0021800431,366,203382,Aron Baynes,1610612738,Boston Celtics,3,7,28,Missed Shot,Hook Shot,2PT Field Goal,In The Paint (Non-RA),Center(C),Less Than 8 ft.,7,78,0,1,0,20181215,DET,BOS
Shot Chart Detail,0021800458,7,203382,Aron Baynes,1610612738,Boston Celtics,1,11,46,Made Shot,Hook Shot,2PT Field Goal,Restricted Area,Center(C),Less Than 8 ft.,2,-27,12,1,1,20181219,BOS,PHX
Shot Chart Detail,0021800458,24,203382,Aron Baynes,1610612738,Boston Celtics,1,9,56,Made Shot,Cutting Dunk Shot,2PT Field Goal,Restricted Area,Center(C),Less Than 8 ft.,2,-6,20,1,1,20181219,BOS,PHX
Shot Chart Detail,0021800658,150,203382,Aron Baynes,1610612738,Boston Celtics,1,0,44,Made Shot,Cutting Dunk Shot,2PT Field Goal,Restricted Area,Center(C),Less Than 8 ft.,1,14,4,1,1,20190116,BOS,TOR
Shot Chart Detail,0021800658,172,203382,Aron Baynes,1610612738,Boston Celtics,2,11,32,Made Shot,Tip Layup Shot,2PT Field Goal,Restricted Area,Center(C),Less Than 8 ft.,0,0,-6,1,1,20190116,BOS,TOR
Shot Chart Detail,0021800658,199,203382,Aron Baynes,1610612738,Boston Celtics,2,8,39,Made Shot,Jump Shot,2PT Field Goal,Mid-Range,Left Side(L),8-16 ft.,13,-133,16,1,1,20190116,BOS,TOR
Shot Chart Detail,0021800658,503,203382,Aron Baynes,1610612738,Boston Celtics,4,9,14,Missed Shot,Tip Layup Shot,2PT Field Goal,Restricted Area,Center(C),Less Than 8 ft.,1,18,6,1,0,20190116,BOS,TOR
Shot Chart Detail,0021800658,544,203382,Aron Baynes,1610612738,Boston Celtics,4,6,44,Made Shot,Jump Shot,3PT Field Goal,Above the Break 3,Center(C),24+ ft.,27,-40,272,1,1,20190116,BOS,TOR
Shot Chart Detail,0021800671,141,203382,Aron Baynes,1610612738,Boston Celtics,1,1,54,Missed Shot,Putback Layup Shot,2PT Field Goal,Restricted Area,Center(C),Less Than 8 ft.,2,19,7,1,0,20190118,BOS,MEM
Shot Chart Detail,0021800671,143,203382,Aron Baynes,1610612738,Boston Celtics,1,1,53,Made Shot,Tip Layup Shot,2PT Field Goal,Restricted Area,Center(C),Less Than 8 ft.,2,11,17,1,1,20190118,BOS,MEM
Shot Chart Detail,0021800671,402,203382,Aron Baynes,1610612738,Boston Celtics,3,7,11,Missed Shot,Jump Shot,3PT Field Goal,Above the Break 3,Center(C),24+ ft.,26,2,266,1,0,20190118,BOS,MEM
Shot Chart Detail,0021800671,455,203382,Aron Baynes,1610612738,Boston Celtics,3,3,7,Made Shot,Tip Layup Shot,2PT Field Goal,Restricted Area,Center(C),Less Than 8 ft.,1,-6,17,1,1,20190118,BOS,MEM
Shot Chart Detail,0021800671,470,203382,Aron Baynes,1610612738,Boston Celtics,3,2,33,Missed Shot,Tip Layup Shot,2PT Field Goal,Restricted Area,Center(C),Less Than 8 ft.,0,0,-6,1,0,20190118,BOS,MEM
Shot Chart Detail,0021800671,554,203382,Aron Baynes,1610612738,Boston Celtics,4,9,5,Missed Shot,Tip Dunk Shot,2PT Field Goal,Restricted Area,Center(C),Less Than 8 ft.,1,-18,1,1,0,20190118,BOS,MEM
Shot Chart Detail,0021800683,160,203382,Aron Baynes,1610612738,Boston Celtics,1,0,47,Made Shot,Jump Bank Shot,2PT Field Goal,Mid-Range,Left Side(L),8-16 ft.,15,-116,109,1,1,20190119,ATL,BOS
Shot Chart Detail,0021800683,487,203382,Aron Baynes,1610612738,Boston Celtics,3,1,51,Missed Shot,Jump Shot,3PT Field Goal,Above the Break 3,Center(C),24+ ft.,24,27,248,1,0,20190119,ATL,BOS
Shot Chart Detail,0021800683,501,203382,Aron Baynes,1610612738,Boston Celtics,3,1,8,Made Shot,Hook Shot,2PT Field Goal,Restricted Area,Center(C),Less Than 8 ft.,1,5,11,1,1,20190119,ATL,BOS
Shot Chart Detail,0021800683,537,203382,Aron Baynes,1610612738,Boston Celtics,4,9,53,Made Shot,Tip Dunk Shot,2PT Field Goal,Restricted Area,Center(C),Less Than 8 ft.,0,0,-6,1,1,20190119,ATL,BOS
Shot Chart Detail,0021800698,184,203382,Aron Baynes,1610612738,Boston Celtics,2,10,23,Missed Shot,Tip Layup Shot,2PT Field Goal,Restricted Area,Center(C),Less Than 8 ft.,1,-16,7,1,0,20190121,BOS,MIA
Shot Chart Detail,0021800698,537,203382,Aron Baynes,1610612738,Boston Celtics,4,8,57,Missed Shot,Alley Oop Layup shot,2PT Field Goal,Restricted Area,Center(C),Less Than 8 ft.,3,-35,18,1,0,20190121,BOS,MIA
Shot Chart Detail,0021800698,551,203382,Aron Baynes,1610612738,Boston Celtics,4,7,26,Made Shot,Jump Shot,2PT Field Goal,Mid-Range,Center(C),8-16 ft.,15,-48,143,1,1,20190121,BOS,MIA
Shot Chart Detail,0021800698,571,203382,Aron Baynes,1610612738,Boston Celtics,4,5,45,Missed Shot,Jump Shot,3PT Field Goal,Above the Break 3,Center(C),24+ ft.,26,11,267,1,0,20190121,BOS,MIA
Shot Chart Detail,0021800707,32,203382,Aron Baynes,1610612738,Boston Celtics,1,8,50,Missed Shot,Cutting Layup Shot,2PT Field Goal,Restricted Area,Center(C),Less Than 8 ft.,3,-19,31,1,0,20190123,BOS,CLE
Shot Chart Detail,0021800707,243,203382,Aron Baynes,1610612738,Boston Celtics,2,4,11,Made Shot,Cutting Dunk Shot,2PT Field Goal,Restricted Area,Center(C),Less Than 8 ft.,0,0,5,1,1,20190123,BOS,CLE
Shot Chart Detail,0021800707,320,203382,Aron Baynes,1610612738,Boston Celtics,3,10,34,Missed Shot,Alley Oop Layup shot,2PT Field Goal,Restricted Area,Center(C),Less Than 8 ft.,2,-19,10,1,0,20190123,BOS,CLE
Shot Chart Detail,0021800707,536,203382,Aron Baynes,1610612738,Boston Celtics,4,7,5,Missed Shot,Jump Shot,2PT Field Goal,Mid-Range,Right Side Center(RC),16-24 ft.,18,63,179,1,0,20190123,BOS,CLE
Shot Chart Detail,0021800732,231,203382,Aron Baynes,1610612738,Boston Celtics,2,7,5,Made Shot,Jump Shot,2PT Field Goal,In The Paint (Non-RA),Left Side(L),8-16 ft.,11,-60,100,1,1,20190126,BOS,GSW
Shot Chart Detail,0021800732,247,203382,Aron Baynes,1610612738,Boston Celtics,2,5,38,Missed Shot,Jump Shot,2PT Field Goal,Mid-Range,Center(C),16-24 ft.,16,-25,165,1,0,20190126,BOS,GSW
Shot Chart Detail,0021800746,125,203382,Aron Baynes,1610612738,Boston Celtics,1,2,34,Made Shot,Driving Hook Shot,2PT Field Goal,In The Paint (Non-RA),Center(C),Less Than 8 ft.,5,7,51,1,1,20190128,BOS,BKN
Shot Chart Detail,0021800746,128,203382,Aron Baynes,1610612738,Boston Celtics,1,2,5,Made Shot,Jump Shot,3PT Field Goal,Above the Break 3,Left Side Center(LC),24+ ft.,25,-97,241,1,1,20190128,BOS,BKN
Shot Chart Detail,0021800746,137,203382,Aron Baynes,1610612738,Boston Celtics,1,1,23,Missed Shot,Jump Shot,3PT Field Goal,Left Corner 3,Left Side(L),24+ ft.,23,-231,4,1,0,20190128,BOS,BKN
Shot Chart Detail,0021800746,141,203382,Aron Baynes,1610612738,Boston Celtics,1,1,15,Made Shot,Putback Layup Shot,2PT Field Goal,Restricted Area,Center(C),Less Than 8 ft.,2,17,17,1,1,20190128,BOS,BKN
Shot Chart Detail,0021800746,144,203382,Aron Baynes,1610612738,Boston Celtics,1,0,51,Missed Shot,Jump Shot,3PT Field Goal,Above the Break 3,Center(C),24+ ft.,26,-49,261,1,0,20190128,BOS,BKN
Shot Chart Detail,0021800746,191,203382,Aron Baynes,1610612738,Boston Celtics,2,9,51,Missed Shot,Tip Layup Shot,2PT Field Goal,Restricted Area,Center(C),Less Than 8 ft.,0,0,-6,1,0,20190128,BOS,BKN
Shot Chart Detail,0021800746,297,203382,Aron Baynes,1610612738,Boston Celtics,2,3,37,Made Shot,Jump Shot,3PT Field Goal,Above the Break 3,Center(C),24+ ft.,27,-70,262,1,1,20190128,BOS,BKN
Shot Chart Detail,0021800746,305,203382,Aron Baynes,1610612738,Boston Celtics,2,3,0,Missed Shot,Driving Layup Shot,2PT Field Goal,Restricted Area,Center(C),Less Than 8 ft.,2,25,4,1,0,20190128,BOS,BKN
Shot Chart Detail,0021800746,335,203382,Aron Baynes,1610612738,Boston Celtics,2,1,36,Missed Shot,Jump Shot,3PT Field Goal,Above the Break 3,Center(C),24+ ft.,26,12,268,1,0,20190128,BOS,BKN
Shot Chart Detail,0021800746,361,203382,Aron Baynes,1610612738,Boston Celtics,2,0,24,Made Shot,Tip Layup Shot,2PT Field Goal,Restricted Area,Center(C),Less Than 8 ft.,0,0,-6,1,1,20190128,BOS,BKN
Shot Chart Detail,0021800746,581,203382,Aron Baynes,1610612738,Boston Celtics,4,10,29,Made Shot,Reverse Layup Shot,2PT Field Goal,Restricted Area,Center(C),Less Than 8 ft.,1,-16,4,1,1,20190128,BOS,BKN
Shot Chart Detail,0021800756,178,203382,Aron Baynes,1610612738,Boston Celtics,2,8,11,Made Shot,Jump Shot,2PT Field Goal,Mid-Range,Center(C),16-24 ft.,16,-13,160,1,1,20190130,BOS,CHA
Shot Chart Detail,0021800756,194,203382,Aron Baynes,1610612738,Boston Celtics,2,6,49,Missed Shot,Turnaround Hook Shot,2PT Field Goal,In The Paint (Non-RA),Left Side(L),8-16 ft.,8,-68,58,1,0,20190130,BOS,CHA
Shot Chart Detail,0021800771,120,203382,Aron Baynes,1610612738,Boston Celtics,1,2,27,Missed Shot,Hook Shot,2PT Field Goal,In The Paint (Non-RA),Center(C),Less Than 8 ft.,5,-30,43,1,0,20190201,NYK,BOS
Shot Chart Detail,0021800771,130,203382,Aron Baynes,1610612738,Boston Celtics,1,1,14,Missed Shot,Hook Shot,2PT Field Goal,In The Paint (Non-RA),Center(C),Less Than 8 ft.,6,60,25,1,0,20190201,NYK,BOS
Shot Chart Detail,0021800771,182,203382,Aron Baynes,1610612738,Boston Celtics,2,9,50,Made Shot,Cutting Dunk Shot,2PT Field Goal,Restricted Area,Center(C),Less Than 8 ft.,1,-9,8,1,1,20190201,NYK,BOS
Shot Chart Detail,0021800771,187,203382,Aron Baynes,1610612738,Boston Celtics,2,9,7,Made Shot,Jump Shot,3PT Field Goal,Right Corner 3,Right Side(R),24+ ft.,23,226,65,1,1,20190201,NYK,BOS
Shot Chart Detail,0021800771,425,203382,Aron Baynes,1610612738,Boston Celtics,3,0,55,Made Shot,Tip Layup Shot,2PT Field Goal,Restricted Area,Center(C),Less Than 8 ft.,0,0,-6,1,1,20190201,NYK,BOS
Shot Chart Detail,0021800771,545,203382,Aron Baynes,1610612738,Boston Celtics,4,4,22,Missed Shot,Jump Shot,3PT Field Goal,Above the Break 3,Center(C),24+ ft.,25,-67,241,1,0,20190201,NYK,BOS
Shot Chart Detail,0021800945,129,203382,Aron Baynes,1610612738,Boston Celtics,1,1,0,Made Shot,Tip Dunk Shot,2PT Field Goal,Restricted Area,Center(C),Less Than 8 ft.,0,0,-6,1,1,20190303,BOS,HOU
Shot Chart Detail,0021800945,228,203382,Aron Baynes,1610612738,Boston Celtics,2,5,2,Missed Shot,Jump Shot,3PT Field Goal,Right Corner 3,Right Side(R),24+ ft.,23,231,5,1,0,20190303,BOS,HOU
Shot Chart Detail,0021800945,426,203382,Aron Baynes,1610612738,Boston Celtics,3,3,33,Missed Shot,Jump Shot,2PT Field Goal,Mid-Range,Left Side(L),8-16 ft.,15,-150,-7,1,0,20190303,BOS,HOU
Shot Chart Detail,0021800945,452,203382,Aron Baynes,1610612738,Boston Celtics,3,1,40,Missed Shot,Cutting Layup Shot,2PT Field Goal,Restricted Area,Center(C),Less Than 8 ft.,2,18,9,1,0,20190303,BOS,HOU
Shot Chart Detail,0021800964,71,203382,Aron Baynes,1610612738,Boston Celtics,1,5,58,Missed Shot,Jump Shot,3PT Field Goal,Above the Break 3,Center(C),24+ ft.,27,-43,270,1,0,20190305,GSW,BOS
Shot Chart Detail,0021800989,92,203382,Aron Baynes,1610612738,Boston Celtics,1,3,8,Missed Shot,Pullup Jump shot,2PT Field Goal,In The Paint (Non-RA),Center(C),8-16 ft.,12,3,125,1,0,20190309,LAL,BOS
Shot Chart Detail,0021800989,179,203382,Aron Baynes,1610612738,Boston Celtics,2,8,50,Made Shot,Hook Shot,2PT Field Goal,In The Paint (Non-RA),Right Side(R),8-16 ft.,9,55,74,1,1,20190309,LAL,BOS
Shot Chart Detail,0021800989,185,203382,Aron Baynes,1610612738,Boston Celtics,2,8,30,Missed Shot,Jump Shot,3PT Field Goal,Above the Break 3,Center(C),24+ ft.,25,-8,255,1,0,20190309,LAL,BOS
Shot Chart Detail,0021800989,230,203382,Aron Baynes,1610612738,Boston Celtics,2,5,18,Made Shot,Hook Shot,2PT Field Goal,In The Paint (Non-RA),Center(C),Less Than 8 ft.,4,-14,41,1,1,20190309,LAL,BOS
Shot Chart Detail,0021800989,510,203382,Aron Baynes,1610612738,Boston Celtics,4,9,18,Made Shot,Putback Layup Shot,2PT Field Goal,Restricted Area,Center(C),Less Than 8 ft.,0,0,-6,1,1,20190309,LAL,BOS
Shot Chart Detail,0021801006,117,203382,Aron Baynes,1610612738,Boston Celtics,1,2,19,Missed Shot,Jump Shot,3PT Field Goal,Above the Break 3,Center(C),24+ ft.,27,17,272,1,0,20190311,LAC,BOS
Shot Chart Detail,0021801006,127,203382,Aron Baynes,1610612738,Boston Celtics,1,1,31,Missed Shot,Tip Layup Shot,2PT Field Goal,Restricted Area,Center(C),Less Than 8 ft.,0,0,-6,1,0,20190311,LAC,BOS
Shot Chart Detail,0021801006,561,203382,Aron Baynes,1610612738,Boston Celtics,4,7,32,Missed Shot,Hook Shot,2PT Field Goal,In The Paint (Non-RA),Center(C),Less Than 8 ft.,4,-39,15,1,0,20190311,LAC,BOS
Shot Chart Detail,0021801006,594,203382,Aron Baynes,1610612738,Boston Celtics,4,5,36,Made Shot,Cutting Layup Shot,2PT Field Goal,Restricted Area,Center(C),Less Than 8 ft.,2,-9,23,1,1,20190311,LAC,BOS
Shot Chart Detail,0021801022,118,203382,Aron Baynes,1610612738,Boston Celtics,1,3,2,Made Shot,Tip Layup Shot,2PT Field Goal,Restricted Area,Center(C),Less Than 8 ft.,0,0,-6,1,1,20190314,BOS,SAC
Shot Chart Detail,0021801022,306,203382,Aron Baynes,1610612738,Boston Celtics,2,2,55,Made Shot,Tip Layup Shot,2PT Field Goal,Restricted Area,Center(C),Less Than 8 ft.,0,0,-6,1,1,20190314,BOS,SAC
Shot Chart Detail,0021801022,416,203382,Aron Baynes,1610612738,Boston Celtics,3,6,20,Missed Shot,Jump Shot,3PT Field Goal,Above the Break 3,Left Side Center(LC),24+ ft.,25,-225,110,1,0,20190314,BOS,SAC
Shot Chart Detail,0021801022,425,203382,Aron Baynes,1610612738,Boston Celtics,3,5,41,Made Shot,Driving Floating Jump Shot,2PT Field Goal,Restricted Area,Center(C),Less Than 8 ft.,3,23,20,1,1,20190314,BOS,SAC
Shot Chart Detail,0021801022,452,203382,Aron Baynes,1610612738,Boston Celtics,3,4,26,Missed Shot,Tip Dunk Shot,2PT Field Goal,Restricted Area,Center(C),Less Than 8 ft.,0,0,-6,1,0,20190314,BOS,SAC
Shot Chart Detail,0021801022,466,203382,Aron Baynes,1610612738,Boston Celtics,3,3,27,Missed Shot,Driving Layup Shot,2PT Field Goal,In The Paint (Non-RA),Center(C),Less Than 8 ft.,4,29,34,1,0,20190314,BOS,SAC
Shot Chart Detail,0021801034,101,203382,Aron Baynes,1610612738,Boston Celtics,1,4,10,Made Shot,Jump Shot,3PT Field Goal,Above the Break 3,Center(C),24+ ft.,25,-11,255,1,1,20190316,BOS,ATL
Shot Chart Detail,0021801034,143,203382,Aron Baynes,1610612738,Boston Celtics,1,1,32,Missed Shot,Driving Layup Shot,2PT Field Goal,In The Paint (Non-RA),Center(C),Less Than 8 ft.,5,-51,7,1,0,20190316,BOS,ATL
Shot Chart Detail,0021801052,67,203382,Aron Baynes,1610612738,Boston Celtics,1,6,13,Missed Shot,Cutting Finger Roll Layup Shot,2PT Field Goal,Restricted Area,Center(C),Less Than 8 ft.,3,-38,10,1,0,20190318,BOS,DEN
Shot Chart Detail,0021801052,267,203382,Aron Baynes,1610612738,Boston Celtics,2,5,0,Missed Shot,Putback Layup Shot,2PT Field Goal,Restricted Area,Center(C),Less Than 8 ft.,0,-1,7,1,0,20190318,BOS,DEN
Shot Chart Detail,0021801052,417,203382,Aron Baynes,1610612738,Boston Celtics,3,4,49,Missed Shot,Driving Hook Shot,2PT Field Goal,In The Paint (Non-RA),Center(C),Less Than 8 ft.,7,-41,58,1,0,20190318,BOS,DEN
Shot Chart Detail,0021801052,458,203382,Aron Baynes,1610612738,Boston Celtics,3,1,40,Made Shot,Jump Shot,2PT Field Goal,Mid-Range,Right Side(R),8-16 ft.,10,109,0,1,1,20190318,BOS,DEN
Shot Chart Detail,0021801052,532,203382,Aron Baynes,1610612738,Boston Celtics,4,10,16,Made Shot,Cutting Layup Shot,2PT Field Goal,Restricted Area,Center(C),Less Than 8 ft.,0,-2,1,1,1,20190318,BOS,DEN
Shot Chart Detail,0021801067,98,203382,Aron Baynes,1610612738,Boston Celtics,1,5,20,Made Shot,Cutting Dunk Shot,2PT Field Goal,Restricted Area,Center(C),Less Than 8 ft.,0,1,8,1,1,20190320,PHI,BOS
Shot Chart Detail,0021801067,228,203382,Aron Baynes,1610612738,Boston Celtics,2,7,56,Made Shot,Cutting Dunk Shot,2PT Field Goal,Restricted Area,Center(C),Less Than 8 ft.,0,9,1,1,1,20190320,PHI,BOS
Shot Chart Detail,0021801067,259,203382,Aron Baynes,1610612738,Boston Celtics,2,5,50,Missed Shot,Hook Shot,2PT Field Goal,Restricted Area,Center(C),Less Than 8 ft.,1,-10,9,1,0,20190320,PHI,BOS
Shot Chart Detail,0021801067,265,203382,Aron Baynes,1610612738,Boston Celtics,2,5,19,Missed Shot,Jump Shot,3PT Field Goal,Above the Break 3,Right Side Center(RC),24+ ft.,26,121,237,1,0,20190320,PHI,BOS
Shot Chart Detail,0021801100,9,203382,Aron Baynes,1610612738,Boston Celtics,1,11,30,Made Shot,Hook Shot,2PT Field Goal,Restricted Area,Center(C),Less Than 8 ft.,1,-7,11,1,1,20190324,BOS,SAS
Shot Chart Detail,0021801100,98,203382,Aron Baynes,1610612738,Boston Celtics,1,3,12,Missed Shot,Layup Shot,2PT Field Goal,Restricted Area,Center(C),Less Than 8 ft.,3,-28,18,1,0,20190324,BOS,SAS
Shot Chart Detail,0021801100,339,203382,Aron Baynes,1610612738,Boston Celtics,3,9,25,Made Shot,Hook Shot,2PT Field Goal,Restricted Area,Center(C),Less Than 8 ft.,1,-14,4,1,1,20190324,BOS,SAS
Shot Chart Detail,0021801100,357,203382,Aron Baynes,1610612738,Boston Celtics,3,7,42,Made Shot,Hook Shot,2PT Field Goal,Restricted Area,Center(C),Less Than 8 ft.,3,-9,35,1,1,20190324,BOS,SAS
Shot Chart Detail,0021801100,548,203382,Aron Baynes,1610612738,Boston Celtics,4,5,29,Missed Shot,Tip Layup Shot,2PT Field Goal,Restricted Area,Center(C),Less Than 8 ft.,1,3,17,1,0,20190324,BOS,SAS
Shot Chart Detail,0021801100,560,203382,Aron Baynes,1610612738,Boston Celtics,4,3,31,Made Shot,Jump Shot,3PT Field Goal,Above the Break 3,Right Side Center(RC),24+ ft.,26,101,248,1,1,20190324,BOS,SAS
Shot Chart Detail,0021801108,327,203382,Aron Baynes,1610612738,Boston Celtics,3,10,57,Made Shot,Layup Shot,2PT Field Goal,Restricted Area,Center(C),Less Than 8 ft.,1,0,13,1,1,20190326,CLE,BOS
Shot Chart Detail,0021801108,390,203382,Aron Baynes,1610612738,Boston Celtics,3,5,44,Made Shot,Alley Oop Dunk Shot,2PT Field Goal,Restricted Area,Center(C),Less Than 8 ft.,1,2,13,1,1,20190326,CLE,BOS
Shot Chart Detail,0021801130,7,203382,Aron Baynes,1610612738,Boston Celtics,1,11,44,Made Shot,Driving Layup Shot,2PT Field Goal,In The Paint (Non-RA),Center(C),Less Than 8 ft.,4,32,38,1,1,20190329,BOS,IND
Shot Chart Detail,0021801130,22,203382,Aron Baynes,1610612738,Boston Celtics,1,10,26,Missed Shot,Jump Shot,2PT Field Goal,Mid-Range,Center(C),16-24 ft.,17,15,179,1,0,20190329,BOS,IND
Shot Chart Detail,0021801130,36,203382,Aron Baynes,1610612738,Boston Celtics,1,8,48,Made Shot,Jump Shot,3PT Field Goal,Above the Break 3,Right Side Center(RC),24+ ft.,25,135,217,1,1,20190329,BOS,IND
Shot Chart Detail,0021801130,42,203382,Aron Baynes,1610612738,Boston Celtics,1,8,16,Made Shot,Putback Layup Shot,2PT Field Goal,Restricted Area,Center(C),Less Than 8 ft.,0,-3,-1,1,1,20190329,BOS,IND
Shot Chart Detail,0021801130,48,203382,Aron Baynes,1610612738,Boston Celtics,1,7,52,Missed Shot,Turnaround Hook Shot,2PT Field Goal,Restricted Area,Center(C),Less Than 8 ft.,2,-27,8,1,0,20190329,BOS,IND
Shot Chart Detail,0021801130,383,203382,Aron Baynes,1610612738,Boston Celtics,3,8,57,Made Shot,Cutting Dunk Shot,2PT Field Goal,Restricted Area,Center(C),Less Than 8 ft.,1,5,15,1,1,20190329,BOS,IND
Shot Chart Detail,0021801130,417,203382,Aron Baynes,1610612738,Boston Celtics,3,5,59,Made Shot,Cutting Dunk Shot,2PT Field Goal,Restricted Area,Center(C),Less Than 8 ft.,1,-4,11,1,1,20190329,BOS,IND
Shot Chart Detail,0021801130,426,203382,Aron Baynes,1610612738,Boston Celtics,3,5,10,Missed Shot,Jump Shot,2PT Field Goal,Mid-Range,Left Side Center(LC),16-24 ft.,17,-133,111,1,0,20190329,BOS,IND
Shot Chart Detail,0021801130,440,203382,Aron Baynes,1610612738,Boston Celtics,3,3,40,Missed Shot,Reverse Layup Shot,2PT Field Goal,Restricted Area,Center(C),Less Than 8 ft.,1,-9,13,1,0,20190329,BOS,IND
Shot Chart Detail,0021801130,560,203382,Aron Baynes,1610612738,Boston Celtics,4,6,31,Made Shot,Tip Layup Shot,2PT Field Goal,Restricted Area,Center(C),Less Than 8 ft.,0,0,-6,1,1,20190329,BOS,IND
Shot Chart Detail,0021801137,8,203382,Aron Baynes,1610612738,Boston Celtics,1,11,16,Missed Shot,Hook Shot,2PT Field Goal,In The Paint (Non-RA),Center(C),Less Than 8 ft.,7,-78,5,1,0,20190330,BKN,BOS
Shot Chart Detail,0021801137,121,203382,Aron Baynes,1610612738,Boston Celtics,1,3,0,Missed Shot,Jump Shot,2PT Field Goal,Mid-Range,Center(C),16-24 ft.,18,9,188,1,0,20190330,BKN,BOS
Shot Chart Detail,0021801137,318,203382,Aron Baynes,1610612738,Boston Celtics,2,1,10,Made Shot,Jump Shot,3PT Field Goal,Above the Break 3,Center(C),24+ ft.,25,-54,246,1,1,20190330,BKN,BOS
Shot Chart Detail,0021801137,348,203382,Aron Baynes,1610612738,Boston Celtics,3,11,40,Missed Shot,Reverse Layup Shot,2PT Field Goal,Restricted Area,Center(C),Less Than 8 ft.,1,13,15,1,0,20190330,BKN,BOS
Shot Chart Detail,0021801153,370,203382,Aron Baynes,1610612738,Boston Celtics,3,9,2,Missed Shot,Turnaround Hook Shot,2PT Field Goal,In The Paint (Non-RA),Center(C),Less Than 8 ft.,6,-58,34,1,0,20190401,BOS,MIA
Shot Chart Detail,0021801153,507,203382,Aron Baynes,1610612738,Boston Celtics,4,11,22,Missed Shot,Jump Shot,3PT Field Goal,Above the Break 3,Center(C),24+ ft.,27,2,276,1,0,20190401,BOS,MIA
Shot Chart Detail,0021801153,517,203382,Aron Baynes,1610612738,Boston Celtics,4,10,8,Missed Shot,Jump Shot,2PT Field Goal,Mid-Range,Left Side(L),8-16 ft.,14,-136,45,1,0,20190401,BOS,MIA
Shot Chart Detail,0021801153,521,203382,Aron Baynes,1610612738,Boston Celtics,4,9,47,Missed Shot,Cutting Layup Shot,2PT Field Goal,In The Paint (Non-RA),Center(C),8-16 ft.,12,54,109,1,0,20190401,BOS,MIA
Shot Chart Detail,0021801153,541,203382,Aron Baynes,1610612738,Boston Celtics,4,8,30,Missed Shot,Putback Layup Shot,2PT Field Goal,Restricted Area,Center(C),Less Than 8 ft.,0,0,9,1,0,20190401,BOS,MIA
Shot Chart Detail,0021801153,544,203382,Aron Baynes,1610612738,Boston Celtics,4,8,9,Missed Shot,Layup Shot,2PT Field Goal,Restricted Area,Center(C),Less Than 8 ft.,2,-18,9,1,0,20190401,BOS,MIA
Shot Chart Detail,0021801153,596,203382,Aron Baynes,1610612738,Boston Celtics,4,3,29,Missed Shot,Tip Layup Shot,2PT Field Goal,Restricted Area,Center(C),Less Than 8 ft.,0,0,-6,1,0,20190401,BOS,MIA
Shot Chart Detail,0021801170,42,203382,Aron Baynes,1610612738,Boston Celtics,1,8,51,Made Shot,Tip Layup Shot,2PT Field Goal,Restricted Area,Center(C),Less Than 8 ft.,0,0,-6,1,1,20190403,MIA,BOS
Shot Chart Detail,0021801170,62,203382,Aron Baynes,1610612738,Boston Celtics,1,7,11,Made Shot,Tip Layup Shot,2PT Field Goal,Restricted Area,Center(C),Less Than 8 ft.,0,0,-6,1,1,20190403,MIA,BOS
Shot Chart Detail,0021801170,399,203382,Aron Baynes,1610612738,Boston Celtics,3,8,5,Made Shot,Layup Shot,2PT Field Goal,Restricted Area,Center(C),Less Than 8 ft.,1,-14,12,1,1,20190403,MIA,BOS
Shot Chart Detail,0021801183,7,203382,Aron Baynes,1610612738,Boston Celtics,1,11,50,Made Shot,Jump Shot,3PT Field Goal,Right Corner 3,Right Side(R),24+ ft.,23,231,29,1,1,20190405,IND,BOS
Shot Chart Detail,0021801183,11,203382,Aron Baynes,1610612738,Boston Celtics,1,11,2,Made Shot,Alley Oop Dunk Shot,2PT Field Goal,Restricted Area,Center(C),Less Than 8 ft.,1,3,11,1,1,20190405,IND,BOS
Shot Chart Detail,0021801183,30,203382,Aron Baynes,1610612738,Boston Celtics,1,8,27,Missed Shot,Reverse Layup Shot,2PT Field Goal,Restricted Area,Center(C),Less Than 8 ft.,0,9,1,1,0,20190405,IND,BOS
Shot Chart Detail,0021801183,116,203382,Aron Baynes,1610612738,Boston Celtics,1,1,44,Made Shot,Driving Dunk Shot,2PT Field Goal,Restricted Area,Center(C),Less Than 8 ft.,0,-2,-1,1,1,20190405,IND,BOS
Shot Chart Detail,0021801183,480,203382,Aron Baynes,1610612738,Boston Celtics,4,11,36,Missed Shot,Tip Layup Shot,2PT Field Goal,Restricted Area,Center(C),Less Than 8 ft.,0,0,-6,1,0,20190405,IND,BOS
Shot Chart Detail,0021801183,482,203382,Aron Baynes,1610612738,Boston Celtics,4,11,35,Missed Shot,Tip Layup Shot,2PT Field Goal,Restricted Area,Center(C),Less Than 8 ft.,0,0,-6,1,0,20190405,IND,BOS
Shot Chart Detail,0021801183,484,203382,Aron Baynes,1610612738,Boston Celtics,4,11,33,Made Shot,Tip Layup Shot,2PT Field Goal,Restricted Area,Center(C),Less Than 8 ft.,0,0,-6,1,1,20190405,IND,BOS
Shot Chart Detail,0021801183,502,203382,Aron Baynes,1610612738,Boston Celtics,4,9,53,Made Shot,Reverse Layup Shot,2PT Field Goal,Restricted Area,Center(C),Less Than 8 ft.,0,5,4,1,1,20190405,IND,BOS
Shot Chart Detail,0021801203,247,203382,Aron Baynes,1610612738,Boston Celtics,2,6,18,Missed Shot,Tip Layup Shot,2PT Field Goal,Restricted Area,Center(C),Less Than 8 ft.,1,-2,12,1,0,20190407,BOS,ORL
Shot Chart Detail,0021801203,234,203382,Aron Baynes,1610612738,Boston Celtics,2,6,16,Made Shot,Tip Layup Shot,2PT Field Goal,Restricted Area,Center(C),Less Than 8 ft.,0,0,-6,1,1,20190407,BOS,ORL
Shot Chart Detail,0021801203,327,203382,Aron Baynes,1610612738,Boston Celtics,3,10,36,Missed Shot,Jump Shot,3PT Field Goal,Above the Break 3,Left Side Center(LC),24+ ft.,25,-189,166,1,0,20190407,BOS,ORL
Shot Chart Detail,0021801203,332,203382,Aron Baynes,1610612738,Boston Celtics,3,10,8,Made Shot,Jump Shot,2PT Field Goal,Mid-Range,Left Side Center(LC),16-24 ft.,16,-64,155,1,1,20190407,BOS,ORL
