GRID_TYPE,GAME_ID,GAME_EVENT_ID,PLAYER_ID,PLAYER_NAME,TEAM_ID,TEAM_NAME,PERIOD,MINUTES_REMAINING,SECONDS_REMAINING,EVENT_TYPE,ACTION_TYPE,SHOT_TYPE,SHOT_ZONE_BASIC,SHOT_ZONE_AREA,SHOT_ZONE_RANGE,SHOT_DISTANCE,LOC_X,LOC_Y,SHOT_ATTEMPTED_FLAG,SHOT_MADE_FLAG,GAME_DATE,HTM,VTM
Shot Chart Detail,0021800002,173,203457,Nerlens Noel,1610612760,Oklahoma City Thunder,1,1,10,Made Shot,Putback Dunk Shot,2PT Field Goal,Restricted Area,Center(C),Less Than 8 ft.,0,0,-6,1,1,20181016,GSW,OKC
Shot Chart Detail,0021800002,224,203457,Nerlens Noel,1610612760,Oklahoma City Thunder,2,9,22,Missed Shot,Hook Shot,2PT Field Goal,In The Paint (Non-RA),Center(C),8-16 ft.,8,-2,80,1,0,20181016,GSW,OKC
Shot Chart Detail,0021800025,88,203457,Nerlens Noel,1610612760,Oklahoma City Thunder,1,5,3,Missed Shot,Jump Shot,2PT Field Goal,Mid-Range,Right Side(R),16-24 ft.,16,138,83,1,0,20181019,LAC,OKC
Shot Chart Detail,0021800025,91,203457,Nerlens Noel,1610612760,Oklahoma City Thunder,1,4,38,Made Shot,Cutting Layup Shot,2PT Field Goal,Restricted Area,Center(C),Less Than 8 ft.,1,10,6,1,1,20181019,LAC,OKC
Shot Chart Detail,0021800025,166,203457,Nerlens Noel,1610612760,Oklahoma City Thunder,1,0,23,Made Shot,Tip Dunk Shot,2PT Field Goal,Restricted Area,Center(C),Less Than 8 ft.,0,0,-6,1,1,20181019,LAC,OKC
Shot Chart Detail,0021800025,488,203457,Nerlens Noel,1610612760,Oklahoma City Thunder,3,2,24,Made Shot,Cutting Dunk Shot,2PT Field Goal,Restricted Area,Center(C),Less Than 8 ft.,0,3,9,1,1,20181019,LAC,OKC
Shot Chart Detail,0021800025,500,203457,Nerlens Noel,1610612760,Oklahoma City Thunder,3,1,19,Made Shot,Floating Jump shot,2PT Field Goal,In The Paint (Non-RA),Center(C),Less Than 8 ft.,6,-63,13,1,1,20181019,LAC,OKC
Shot Chart Detail,0021800037,205,203457,Nerlens Noel,1610612760,Oklahoma City Thunder,2,11,47,Made Shot,Alley Oop Dunk Shot,2PT Field Goal,Restricted Area,Center(C),Less Than 8 ft.,0,-6,-1,1,1,20181021,OKC,SAC
Shot Chart Detail,0021800037,211,203457,Nerlens Noel,1610612760,Oklahoma City Thunder,2,11,15,Made Shot,Alley Oop Layup shot,2PT Field Goal,Restricted Area,Center(C),Less Than 8 ft.,0,0,-7,1,1,20181021,OKC,SAC
Shot Chart Detail,0021800037,563,203457,Nerlens Noel,1610612760,Oklahoma City Thunder,3,1,31,Made Shot,Putback Dunk Shot,2PT Field Goal,Restricted Area,Center(C),Less Than 8 ft.,0,-8,0,1,1,20181021,OKC,SAC
Shot Chart Detail,0021800065,149,203457,Nerlens Noel,1610612760,Oklahoma City Thunder,1,0,41,Missed Shot,Tip Layup Shot,2PT Field Goal,Restricted Area,Center(C),Less Than 8 ft.,0,0,-6,1,0,20181025,OKC,BOS
Shot Chart Detail,0021800065,184,203457,Nerlens Noel,1610612760,Oklahoma City Thunder,2,11,15,Made Shot,Putback Layup Shot,2PT Field Goal,Restricted Area,Center(C),Less Than 8 ft.,2,-2,23,1,1,20181025,OKC,BOS
Shot Chart Detail,0021800065,204,203457,Nerlens Noel,1610612760,Oklahoma City Thunder,2,9,9,Made Shot,Alley Oop Dunk Shot,2PT Field Goal,Restricted Area,Center(C),Less Than 8 ft.,1,-1,16,1,1,20181025,OKC,BOS
Shot Chart Detail,0021800065,547,203457,Nerlens Noel,1610612760,Oklahoma City Thunder,4,11,14,Made Shot,Alley Oop Dunk Shot,2PT Field Goal,Restricted Area,Center(C),Less Than 8 ft.,0,-4,-2,1,1,20181025,OKC,BOS
Shot Chart Detail,0021800085,16,203457,Nerlens Noel,1610612760,Oklahoma City Thunder,1,11,10,Made Shot,Putback Dunk Shot,2PT Field Goal,Restricted Area,Center(C),Less Than 8 ft.,0,7,1,1,1,20181028,OKC,PHX
Shot Chart Detail,0021800085,48,203457,Nerlens Noel,1610612760,Oklahoma City Thunder,1,8,33,Made Shot,Tip Layup Shot,2PT Field Goal,Restricted Area,Center(C),Less Than 8 ft.,0,0,-6,1,1,20181028,OKC,PHX
Shot Chart Detail,0021800085,140,203457,Nerlens Noel,1610612760,Oklahoma City Thunder,1,2,28,Made Shot,Tip Layup Shot,2PT Field Goal,Restricted Area,Center(C),Less Than 8 ft.,0,0,-6,1,1,20181028,OKC,PHX
Shot Chart Detail,0021800085,186,203457,Nerlens Noel,1610612760,Oklahoma City Thunder,1,2,8,Missed Shot,Driving Layup Shot,2PT Field Goal,Restricted Area,Center(C),Less Than 8 ft.,1,-11,15,1,0,20181028,OKC,PHX
Shot Chart Detail,0021800085,211,203457,Nerlens Noel,1610612760,Oklahoma City Thunder,2,9,36,Missed Shot,Tip Layup Shot,2PT Field Goal,Restricted Area,Center(C),Less Than 8 ft.,0,0,-6,1,0,20181028,OKC,PHX
Shot Chart Detail,0021800085,219,203457,Nerlens Noel,1610612760,Oklahoma City Thunder,2,9,6,Missed Shot,Alley Oop Layup shot,2PT Field Goal,Restricted Area,Center(C),Less Than 8 ft.,0,8,-1,1,0,20181028,OKC,PHX
Shot Chart Detail,0021800085,413,203457,Nerlens Noel,1610612760,Oklahoma City Thunder,3,9,43,Made Shot,Dunk Shot,2PT Field Goal,Restricted Area,Center(C),Less Than 8 ft.,1,2,12,1,1,20181028,OKC,PHX
Shot Chart Detail,0021800085,437,203457,Nerlens Noel,1610612760,Oklahoma City Thunder,3,8,3,Made Shot,Cutting Dunk Shot,2PT Field Goal,Restricted Area,Center(C),Less Than 8 ft.,1,-3,17,1,1,20181028,OKC,PHX
Shot Chart Detail,0021800085,535,203457,Nerlens Noel,1610612760,Oklahoma City Thunder,3,1,23,Made Shot,Alley Oop Dunk Shot,2PT Field Goal,Restricted Area,Center(C),Less Than 8 ft.,0,-9,-1,1,1,20181028,OKC,PHX
Shot Chart Detail,0021800085,541,203457,Nerlens Noel,1610612760,Oklahoma City Thunder,3,0,56,Missed Shot,Tip Layup Shot,2PT Field Goal,Restricted Area,Center(C),Less Than 8 ft.,0,0,-6,1,0,20181028,OKC,PHX
Shot Chart Detail,0021800085,554,203457,Nerlens Noel,1610612760,Oklahoma City Thunder,3,0,15,Missed Shot,Turnaround Hook Shot,2PT Field Goal,In The Paint (Non-RA),Center(C),Less Than 8 ft.,5,51,25,1,0,20181028,OKC,PHX
Shot Chart Detail,0021800085,567,203457,Nerlens Noel,1610612760,Oklahoma City Thunder,4,11,45,Made Shot,Jump Shot,2PT Field Goal,In The Paint (Non-RA),Center(C),Less Than 8 ft.,7,-9,71,1,1,20181028,OKC,PHX
Shot Chart Detail,0021800085,579,203457,Nerlens Noel,1610612760,Oklahoma City Thunder,4,10,8,Made Shot,Alley Oop Dunk Shot,2PT Field Goal,Restricted Area,Center(C),Less Than 8 ft.,1,0,11,1,1,20181028,OKC,PHX
Shot Chart Detail,0021800085,586,203457,Nerlens Noel,1610612760,Oklahoma City Thunder,4,9,42,Made Shot,Driving Dunk Shot,2PT Field Goal,Restricted Area,Center(C),Less Than 8 ft.,1,6,13,1,1,20181028,OKC,PHX
Shot Chart Detail,0021800103,150,203457,Nerlens Noel,1610612760,Oklahoma City Thunder,1,0,34,Missed Shot,Reverse Layup Shot,2PT Field Goal,Restricted Area,Center(C),Less Than 8 ft.,1,-13,5,1,0,20181030,OKC,LAC
Shot Chart Detail,0021800103,197,203457,Nerlens Noel,1610612760,Oklahoma City Thunder,2,9,58,Made Shot,Jump Shot,2PT Field Goal,Mid-Range,Center(C),8-16 ft.,14,5,141,1,1,20181030,OKC,LAC
Shot Chart Detail,0021800103,558,203457,Nerlens Noel,1610612760,Oklahoma City Thunder,4,10,11,Missed Shot,Jump Shot,2PT Field Goal,In The Paint (Non-RA),Center(C),8-16 ft.,14,-43,134,1,0,20181030,OKC,LAC
Shot Chart Detail,0021800111,202,203457,Nerlens Noel,1610612760,Oklahoma City Thunder,2,9,30,Made Shot,Tip Dunk Shot,2PT Field Goal,Restricted Area,Center(C),Less Than 8 ft.,0,0,-6,1,1,20181101,CHA,OKC
Shot Chart Detail,0021800111,510,203457,Nerlens Noel,1610612760,Oklahoma City Thunder,3,1,55,Made Shot,Dunk Shot,2PT Field Goal,Restricted Area,Center(C),Less Than 8 ft.,0,2,8,1,1,20181101,CHA,OKC
Shot Chart Detail,0021800119,153,203457,Nerlens Noel,1610612760,Oklahoma City Thunder,1,0,2,Made Shot,Pullup Jump shot,2PT Field Goal,Mid-Range,Center(C),16-24 ft.,19,35,194,1,1,20181102,WAS,OKC
Shot Chart Detail,0021800119,434,203457,Nerlens Noel,1610612760,Oklahoma City Thunder,3,4,35,Made Shot,Alley Oop Layup shot,2PT Field Goal,Restricted Area,Center(C),Less Than 8 ft.,0,-3,7,1,1,20181102,WAS,OKC
Shot Chart Detail,0021800144,532,203457,Nerlens Noel,1610612760,Oklahoma City Thunder,4,11,5,Missed Shot,Tip Layup Shot,2PT Field Goal,Restricted Area,Center(C),Less Than 8 ft.,2,0,21,1,0,20181105,OKC,NOP
Shot Chart Detail,0021800144,557,203457,Nerlens Noel,1610612760,Oklahoma City Thunder,4,7,51,Missed Shot,Turnaround Jump Shot,2PT Field Goal,Restricted Area,Center(C),Less Than 8 ft.,2,-20,18,1,0,20181105,OKC,NOP
Shot Chart Detail,0021800153,520,203457,Nerlens Noel,1610612760,Oklahoma City Thunder,3,0,4,Missed Shot,Jump Shot,2PT Field Goal,Mid-Range,Right Side(R),8-16 ft.,10,101,22,1,0,20181107,CLE,OKC
Shot Chart Detail,0021800163,506,203457,Nerlens Noel,1610612760,Oklahoma City Thunder,4,9,33,Missed Shot,Turnaround Jump Shot,2PT Field Goal,Mid-Range,Left Side(L),8-16 ft.,13,-138,6,1,0,20181108,OKC,HOU
Shot Chart Detail,0021800181,433,203457,Nerlens Noel,1610612760,Oklahoma City Thunder,3,4,25,Missed Shot,Tip Layup Shot,2PT Field Goal,In The Paint (Non-RA),Center(C),Less Than 8 ft.,6,58,26,1,0,20181110,DAL,OKC
Shot Chart Detail,0021800181,441,203457,Nerlens Noel,1610612760,Oklahoma City Thunder,3,3,36,Made Shot,Tip Layup Shot,2PT Field Goal,Restricted Area,Center(C),Less Than 8 ft.,0,0,-6,1,1,20181110,DAL,OKC
Shot Chart Detail,0021800196,118,203457,Nerlens Noel,1610612760,Oklahoma City Thunder,1,1,25,Missed Shot,Tip Layup Shot,2PT Field Goal,Restricted Area,Center(C),Less Than 8 ft.,0,0,-6,1,0,20181112,OKC,PHX
Shot Chart Detail,0021800196,129,203457,Nerlens Noel,1610612760,Oklahoma City Thunder,1,0,35,Made Shot,Jump Shot,2PT Field Goal,In The Paint (Non-RA),Center(C),Less Than 8 ft.,7,9,72,1,1,20181112,OKC,PHX
Shot Chart Detail,0021800196,179,203457,Nerlens Noel,1610612760,Oklahoma City Thunder,2,9,29,Made Shot,Dunk Shot,2PT Field Goal,Restricted Area,Center(C),Less Than 8 ft.,1,-11,-5,1,1,20181112,OKC,PHX
Shot Chart Detail,0021800196,185,203457,Nerlens Noel,1610612760,Oklahoma City Thunder,2,8,49,Missed Shot,Jump Shot,2PT Field Goal,In The Paint (Non-RA),Left Side(L),8-16 ft.,8,-80,8,1,0,20181112,OKC,PHX
Shot Chart Detail,0021800196,519,203457,Nerlens Noel,1610612760,Oklahoma City Thunder,4,7,41,Missed Shot,Jump Shot,2PT Field Goal,In The Paint (Non-RA),Center(C),8-16 ft.,13,30,128,1,0,20181112,OKC,PHX
Shot Chart Detail,0021800196,631,203457,Nerlens Noel,1610612760,Oklahoma City Thunder,4,1,16,Made Shot,Putback Dunk Shot,2PT Field Goal,Restricted Area,Center(C),Less Than 8 ft.,0,5,8,1,1,20181112,OKC,PHX
Shot Chart Detail,0021800209,530,203457,Nerlens Noel,1610612760,Oklahoma City Thunder,4,9,38,Missed Shot,Tip Layup Shot,2PT Field Goal,Restricted Area,Center(C),Less Than 8 ft.,0,0,-6,1,0,20181114,OKC,NYK
Shot Chart Detail,0021800209,577,203457,Nerlens Noel,1610612760,Oklahoma City Thunder,4,6,0,Made Shot,Tip Layup Shot,2PT Field Goal,Restricted Area,Center(C),Less Than 8 ft.,0,0,-6,1,1,20181114,OKC,NYK
Shot Chart Detail,0021800233,497,203457,Nerlens Noel,1610612760,Oklahoma City Thunder,3,3,44,Missed Shot,Layup Shot,2PT Field Goal,In The Paint (Non-RA),Center(C),Less Than 8 ft.,5,2,52,1,0,20181117,PHX,OKC
Shot Chart Detail,0021800233,435,203457,Nerlens Noel,1610612760,Oklahoma City Thunder,3,3,34,Made Shot,Tip Layup Shot,2PT Field Goal,Restricted Area,Center(C),Less Than 8 ft.,1,0,13,1,1,20181117,PHX,OKC
Shot Chart Detail,0021800233,540,203457,Nerlens Noel,1610612760,Oklahoma City Thunder,4,10,10,Missed Shot,Jump Shot,2PT Field Goal,Mid-Range,Center(C),16-24 ft.,16,30,163,1,0,20181117,PHX,OKC
Shot Chart Detail,0021800233,549,203457,Nerlens Noel,1610612760,Oklahoma City Thunder,4,9,20,Made Shot,Dunk Shot,2PT Field Goal,Restricted Area,Center(C),Less Than 8 ft.,1,-3,16,1,1,20181117,PHX,OKC
Shot Chart Detail,0021800264,505,203457,Nerlens Noel,1610612760,Oklahoma City Thunder,3,1,23,Made Shot,Layup Shot,2PT Field Goal,Restricted Area,Center(C),Less Than 8 ft.,2,9,18,1,1,20181121,GSW,OKC
Shot Chart Detail,0021800264,543,203457,Nerlens Noel,1610612760,Oklahoma City Thunder,4,10,15,Made Shot,Alley Oop Dunk Shot,2PT Field Goal,Restricted Area,Center(C),Less Than 8 ft.,2,2,21,1,1,20181121,GSW,OKC
Shot Chart Detail,0021800264,559,203457,Nerlens Noel,1610612760,Oklahoma City Thunder,4,8,32,Missed Shot,Tip Layup Shot,2PT Field Goal,Restricted Area,Center(C),Less Than 8 ft.,0,0,-6,1,0,20181121,GSW,OKC
Shot Chart Detail,0021800274,505,203457,Nerlens Noel,1610612760,Oklahoma City Thunder,4,11,47,Made Shot,Alley Oop Layup shot,2PT Field Goal,Restricted Area,Center(C),Less Than 8 ft.,1,-1,13,1,1,20181123,OKC,CHA
Shot Chart Detail,0021800274,542,203457,Nerlens Noel,1610612760,Oklahoma City Thunder,4,8,28,Missed Shot,Jump Shot,2PT Field Goal,In The Paint (Non-RA),Center(C),8-16 ft.,11,-34,107,1,0,20181123,OKC,CHA
Shot Chart Detail,0021800282,167,203457,Nerlens Noel,1610612760,Oklahoma City Thunder,1,0,49,Made Shot,Tip Layup Shot,2PT Field Goal,Restricted Area,Center(C),Less Than 8 ft.,0,0,-6,1,1,20181124,OKC,DEN
Shot Chart Detail,0021800282,591,203457,Nerlens Noel,1610612760,Oklahoma City Thunder,4,9,46,Made Shot,Alley Oop Dunk Shot,2PT Field Goal,Restricted Area,Center(C),Less Than 8 ft.,1,-5,11,1,1,20181124,OKC,DEN
Shot Chart Detail,0021800313,171,203457,Nerlens Noel,1610612760,Oklahoma City Thunder,2,10,39,Missed Shot,Alley Oop Layup shot,2PT Field Goal,Restricted Area,Center(C),Less Than 8 ft.,1,-14,0,1,0,20181128,OKC,CLE
Shot Chart Detail,0021800313,465,203457,Nerlens Noel,1610612760,Oklahoma City Thunder,3,0,20,Made Shot,Cutting Dunk Shot,2PT Field Goal,Restricted Area,Center(C),Less Than 8 ft.,0,-2,4,1,1,20181128,OKC,CLE
Shot Chart Detail,0021800313,500,203457,Nerlens Noel,1610612760,Oklahoma City Thunder,4,9,12,Made Shot,Alley Oop Layup shot,2PT Field Goal,Restricted Area,Center(C),Less Than 8 ft.,1,-8,18,1,1,20181128,OKC,CLE
Shot Chart Detail,0021800313,533,203457,Nerlens Noel,1610612760,Oklahoma City Thunder,4,7,14,Made Shot,Floating Jump shot,2PT Field Goal,In The Paint (Non-RA),Center(C),Less Than 8 ft.,7,-7,70,1,1,20181128,OKC,CLE
Shot Chart Detail,0021800325,180,203457,Nerlens Noel,1610612760,Oklahoma City Thunder,1,0,4,Made Shot,Alley Oop Dunk Shot,2PT Field Goal,Restricted Area,Center(C),Less Than 8 ft.,0,2,-5,1,1,20181130,OKC,ATL
Shot Chart Detail,0021800325,240,203457,Nerlens Noel,1610612760,Oklahoma City Thunder,2,8,36,Made Shot,Jump Shot,2PT Field Goal,Mid-Range,Right Side(R),8-16 ft.,8,83,22,1,1,20181130,OKC,ATL
Shot Chart Detail,0021800325,541,203457,Nerlens Noel,1610612760,Oklahoma City Thunder,4,11,50,Made Shot,Alley Oop Layup shot,2PT Field Goal,Restricted Area,Center(C),Less Than 8 ft.,1,-14,11,1,1,20181130,OKC,ATL
Shot Chart Detail,0021800325,572,203457,Nerlens Noel,1610612760,Oklahoma City Thunder,4,9,27,Made Shot,Jump Shot,2PT Field Goal,In The Paint (Non-RA),Center(C),8-16 ft.,9,-6,90,1,1,20181130,OKC,ATL
Shot Chart Detail,0021800325,579,203457,Nerlens Noel,1610612760,Oklahoma City Thunder,4,8,53,Made Shot,Alley Oop Dunk Shot,2PT Field Goal,Restricted Area,Center(C),Less Than 8 ft.,0,-2,7,1,1,20181130,OKC,ATL
Shot Chart Detail,0021800325,597,203457,Nerlens Noel,1610612760,Oklahoma City Thunder,4,7,17,Made Shot,Floating Jump shot,2PT Field Goal,In The Paint (Non-RA),Center(C),8-16 ft.,8,-2,83,1,1,20181130,OKC,ATL
Shot Chart Detail,0021800325,667,203457,Nerlens Noel,1610612760,Oklahoma City Thunder,4,2,58,Missed Shot,Jump Shot,2PT Field Goal,Mid-Range,Right Side(R),8-16 ft.,15,81,134,1,0,20181130,OKC,ATL
Shot Chart Detail,0021800343,156,203457,Nerlens Noel,1610612760,Oklahoma City Thunder,2,11,37,Missed Shot,Layup Shot,2PT Field Goal,In The Paint (Non-RA),Center(C),Less Than 8 ft.,4,-11,42,1,0,20181203,DET,OKC
Shot Chart Detail,0021800343,212,203457,Nerlens Noel,1610612760,Oklahoma City Thunder,2,8,23,Made Shot,Tip Layup Shot,2PT Field Goal,Restricted Area,Center(C),Less Than 8 ft.,0,0,-6,1,1,20181203,DET,OKC
Shot Chart Detail,0021800343,460,203457,Nerlens Noel,1610612760,Oklahoma City Thunder,3,2,11,Made Shot,Dunk Shot,2PT Field Goal,Restricted Area,Center(C),Less Than 8 ft.,1,5,15,1,1,20181203,DET,OKC
Shot Chart Detail,0021800343,486,203457,Nerlens Noel,1610612760,Oklahoma City Thunder,3,0,0,Missed Shot,Hook Shot,2PT Field Goal,In The Paint (Non-RA),Center(C),8-16 ft.,11,18,111,1,0,20181203,DET,OKC
Shot Chart Detail,0021800343,531,203457,Nerlens Noel,1610612760,Oklahoma City Thunder,4,9,32,Made Shot,Alley Oop Layup shot,2PT Field Goal,Restricted Area,Center(C),Less Than 8 ft.,1,2,13,1,1,20181203,DET,OKC
Shot Chart Detail,0021800343,551,203457,Nerlens Noel,1610612760,Oklahoma City Thunder,4,7,39,Made Shot,Alley Oop Dunk Shot,2PT Field Goal,Restricted Area,Center(C),Less Than 8 ft.,1,-6,8,1,1,20181203,DET,OKC
Shot Chart Detail,0021800343,564,203457,Nerlens Noel,1610612760,Oklahoma City Thunder,4,6,42,Made Shot,Driving Dunk Shot,2PT Field Goal,Restricted Area,Center(C),Less Than 8 ft.,1,-5,11,1,1,20181203,DET,OKC
Shot Chart Detail,0021800343,582,203457,Nerlens Noel,1610612760,Oklahoma City Thunder,4,5,18,Made Shot,Jump Shot,2PT Field Goal,Mid-Range,Center(C),16-24 ft.,16,-9,167,1,1,20181203,DET,OKC
Shot Chart Detail,0021800343,620,203457,Nerlens Noel,1610612760,Oklahoma City Thunder,4,2,59,Missed Shot,Hook Shot,2PT Field Goal,In The Paint (Non-RA),Center(C),Less Than 8 ft.,5,-1,53,1,0,20181203,DET,OKC
Shot Chart Detail,0021800358,242,203457,Nerlens Noel,1610612760,Oklahoma City Thunder,2,7,22,Missed Shot,Hook Shot,2PT Field Goal,Restricted Area,Center(C),Less Than 8 ft.,2,2,29,1,0,20181205,BKN,OKC
Shot Chart Detail,0021800358,256,203457,Nerlens Noel,1610612760,Oklahoma City Thunder,2,6,50,Made Shot,Hook Shot,2PT Field Goal,In The Paint (Non-RA),Center(C),Less Than 8 ft.,4,20,36,1,1,20181205,BKN,OKC
Shot Chart Detail,0021800358,548,203457,Nerlens Noel,1610612760,Oklahoma City Thunder,3,0,48,Missed Shot,Putback Layup Shot,2PT Field Goal,Restricted Area,Center(C),Less Than 8 ft.,2,0,21,1,0,20181205,BKN,OKC
Shot Chart Detail,0021800358,586,203457,Nerlens Noel,1610612760,Oklahoma City Thunder,4,10,47,Made Shot,Jump Shot,2PT Field Goal,Mid-Range,Center(C),8-16 ft.,14,22,142,1,1,20181205,BKN,OKC
Shot Chart Detail,0021800358,594,203457,Nerlens Noel,1610612760,Oklahoma City Thunder,4,9,38,Missed Shot,Floating Jump shot,2PT Field Goal,In The Paint (Non-RA),Center(C),Less Than 8 ft.,7,-17,74,1,0,20181205,BKN,OKC
Shot Chart Detail,0021800373,143,203457,Nerlens Noel,1610612760,Oklahoma City Thunder,1,2,45,Missed Shot,Alley Oop Dunk Shot,2PT Field Goal,Restricted Area,Center(C),Less Than 8 ft.,0,-1,4,1,0,20181207,CHI,OKC
Shot Chart Detail,0021800373,196,203457,Nerlens Noel,1610612760,Oklahoma City Thunder,2,11,15,Missed Shot,Jump Shot,2PT Field Goal,Mid-Range,Left Side(L),8-16 ft.,15,-158,8,1,0,20181207,CHI,OKC
Shot Chart Detail,0021800373,543,203457,Nerlens Noel,1610612760,Oklahoma City Thunder,4,10,10,Made Shot,Jump Shot,2PT Field Goal,In The Paint (Non-RA),Center(C),8-16 ft.,10,8,108,1,1,20181207,CHI,OKC
Shot Chart Detail,0021800373,547,203457,Nerlens Noel,1610612760,Oklahoma City Thunder,4,9,40,Missed Shot,Alley Oop Dunk Shot,2PT Field Goal,Restricted Area,Center(C),Less Than 8 ft.,1,19,5,1,0,20181207,CHI,OKC
Shot Chart Detail,0021800396,187,203457,Nerlens Noel,1610612760,Oklahoma City Thunder,2,11,24,Missed Shot,Alley Oop Dunk Shot,2PT Field Goal,Restricted Area,Center(C),Less Than 8 ft.,2,16,18,1,0,20181210,OKC,UTA
Shot Chart Detail,0021800396,196,203457,Nerlens Noel,1610612760,Oklahoma City Thunder,2,10,37,Made Shot,Floating Jump shot,2PT Field Goal,In The Paint (Non-RA),Center(C),Less Than 8 ft.,6,36,48,1,1,20181210,OKC,UTA
Shot Chart Detail,0021800396,222,203457,Nerlens Noel,1610612760,Oklahoma City Thunder,2,8,49,Made Shot,Fadeaway Jump Shot,2PT Field Goal,In The Paint (Non-RA),Center(C),8-16 ft.,11,-8,111,1,1,20181210,OKC,UTA
Shot Chart Detail,0021800396,225,203457,Nerlens Noel,1610612760,Oklahoma City Thunder,2,8,21,Missed Shot,Jump Shot,2PT Field Goal,Mid-Range,Center(C),8-16 ft.,15,5,155,1,0,20181210,OKC,UTA
Shot Chart Detail,0021800396,566,203457,Nerlens Noel,1610612760,Oklahoma City Thunder,4,11,14,Missed Shot,Jump Shot,2PT Field Goal,In The Paint (Non-RA),Center(C),8-16 ft.,13,8,137,1,0,20181210,OKC,UTA
Shot Chart Detail,0021800396,654,203457,Nerlens Noel,1610612760,Oklahoma City Thunder,4,5,17,Made Shot,Tip Dunk Shot,2PT Field Goal,Restricted Area,Center(C),Less Than 8 ft.,0,0,-6,1,1,20181210,OKC,UTA
Shot Chart Detail,0021800396,657,203457,Nerlens Noel,1610612760,Oklahoma City Thunder,4,4,48,Made Shot,Jump Shot,2PT Field Goal,Mid-Range,Left Side(L),8-16 ft.,10,-81,74,1,1,20181210,OKC,UTA
Shot Chart Detail,0021800411,207,203457,Nerlens Noel,1610612760,Oklahoma City Thunder,2,8,58,Missed Shot,Tip Layup Shot,2PT Field Goal,Restricted Area,Center(C),Less Than 8 ft.,0,0,-6,1,0,20181212,NOP,OKC
Shot Chart Detail,0021800411,219,203457,Nerlens Noel,1610612760,Oklahoma City Thunder,2,8,19,Missed Shot,Jump Shot,2PT Field Goal,Mid-Range,Center(C),16-24 ft.,17,-42,171,1,0,20181212,NOP,OKC
Shot Chart Detail,0021800411,574,203457,Nerlens Noel,1610612760,Oklahoma City Thunder,4,10,28,Made Shot,Jump Shot,2PT Field Goal,Mid-Range,Left Side(L),8-16 ft.,14,-144,15,1,1,20181212,NOP,OKC
Shot Chart Detail,0021800426,173,203457,Nerlens Noel,1610612760,Oklahoma City Thunder,2,11,7,Missed Shot,Jump Shot,2PT Field Goal,Mid-Range,Right Side Center(RC),16-24 ft.,18,107,145,1,0,20181214,DEN,OKC
Shot Chart Detail,0021800434,148,203457,Nerlens Noel,1610612760,Oklahoma City Thunder,1,1,5,Made Shot,Alley Oop Dunk Shot,2PT Field Goal,Restricted Area,Center(C),Less Than 8 ft.,0,3,4,1,1,20181215,OKC,LAC
Shot Chart Detail,0021800434,156,203457,Nerlens Noel,1610612760,Oklahoma City Thunder,1,0,0,Missed Shot,Tip Layup Shot,2PT Field Goal,Restricted Area,Center(C),Less Than 8 ft.,0,0,-6,1,0,20181215,OKC,LAC
Shot Chart Detail,0021800434,545,203457,Nerlens Noel,1610612760,Oklahoma City Thunder,4,9,5,Missed Shot,Hook Shot,2PT Field Goal,In The Paint (Non-RA),Center(C),Less Than 8 ft.,4,-23,38,1,0,20181215,OKC,LAC
Shot Chart Detail,0021800434,568,203457,Nerlens Noel,1610612760,Oklahoma City Thunder,4,7,12,Made Shot,Cutting Dunk Shot,2PT Field Goal,Restricted Area,Center(C),Less Than 8 ft.,1,-1,15,1,1,20181215,OKC,LAC
Shot Chart Detail,0021800447,181,203457,Nerlens Noel,1610612760,Oklahoma City Thunder,2,11,35,Missed Shot,Driving Floating Jump Shot,2PT Field Goal,In The Paint (Non-RA),Center(C),Less Than 8 ft.,5,-14,48,1,0,20181217,OKC,CHI
Shot Chart Detail,0021800447,185,203457,Nerlens Noel,1610612760,Oklahoma City Thunder,2,11,25,Missed Shot,Hook Shot,2PT Field Goal,In The Paint (Non-RA),Center(C),Less Than 8 ft.,6,-2,63,1,0,20181217,OKC,CHI
Shot Chart Detail,0021800447,565,203457,Nerlens Noel,1610612760,Oklahoma City Thunder,4,9,17,Made Shot,Alley Oop Layup shot,2PT Field Goal,Restricted Area,Center(C),Less Than 8 ft.,0,-2,0,1,1,20181217,OKC,CHI
Shot Chart Detail,0021800466,233,203457,Nerlens Noel,1610612760,Oklahoma City Thunder,2,8,55,Missed Shot,Jump Shot,2PT Field Goal,Mid-Range,Center(C),8-16 ft.,14,-7,147,1,0,20181219,SAC,OKC
Shot Chart Detail,0021800466,589,203457,Nerlens Noel,1610612760,Oklahoma City Thunder,4,9,18,Missed Shot,Layup Shot,2PT Field Goal,In The Paint (Non-RA),Center(C),Less Than 8 ft.,6,-38,58,1,0,20181219,SAC,OKC
Shot Chart Detail,0021800466,616,203457,Nerlens Noel,1610612760,Oklahoma City Thunder,4,7,23,Made Shot,Alley Oop Dunk Shot,2PT Field Goal,Restricted Area,Center(C),Less Than 8 ft.,1,9,5,1,1,20181219,SAC,OKC
Shot Chart Detail,0021800466,640,203457,Nerlens Noel,1610612760,Oklahoma City Thunder,4,6,14,Missed Shot,Tip Layup Shot,2PT Field Goal,Restricted Area,Center(C),Less Than 8 ft.,0,0,-6,1,0,20181219,SAC,OKC
Shot Chart Detail,0021800493,449,203457,Nerlens Noel,1610612760,Oklahoma City Thunder,3,2,0,Missed Shot,Layup Shot,2PT Field Goal,Restricted Area,Center(C),Less Than 8 ft.,2,-2,23,1,0,20181223,OKC,MIN
Shot Chart Detail,0021800498,240,203457,Nerlens Noel,1610612760,Oklahoma City Thunder,2,6,53,Made Shot,Alley Oop Layup shot,2PT Field Goal,Restricted Area,Center(C),Less Than 8 ft.,1,-10,16,1,1,20181225,HOU,OKC
Shot Chart Detail,0021800525,179,203457,Nerlens Noel,1610612760,Oklahoma City Thunder,2,10,50,Missed Shot,Jump Shot,2PT Field Goal,Mid-Range,Right Side Center(RC),16-24 ft.,16,60,157,1,0,20181228,PHX,OKC
Shot Chart Detail,0021800539,473,203457,Nerlens Noel,1610612760,Oklahoma City Thunder,4,11,43,Made Shot,Tip Layup Shot,2PT Field Goal,Restricted Area,Center(C),Less Than 8 ft.,0,0,-6,1,1,20181230,DAL,OKC
Shot Chart Detail,0021800547,142,203457,Nerlens Noel,1610612760,Oklahoma City Thunder,1,2,49,Missed Shot,Tip Layup Shot,2PT Field Goal,Restricted Area,Center(C),Less Than 8 ft.,0,0,-6,1,0,20181231,OKC,DAL
Shot Chart Detail,0021800547,145,203457,Nerlens Noel,1610612760,Oklahoma City Thunder,1,2,30,Made Shot,Alley Oop Dunk Shot,2PT Field Goal,Restricted Area,Center(C),Less Than 8 ft.,1,7,8,1,1,20181231,OKC,DAL
Shot Chart Detail,0021800547,220,203457,Nerlens Noel,1610612760,Oklahoma City Thunder,2,10,1,Made Shot,Putback Dunk Shot,2PT Field Goal,Restricted Area,Center(C),Less Than 8 ft.,0,0,-6,1,1,20181231,OKC,DAL
Shot Chart Detail,0021800547,574,203457,Nerlens Noel,1610612760,Oklahoma City Thunder,3,0,2,Missed Shot,Jump Shot,2PT Field Goal,Mid-Range,Right Side(R),8-16 ft.,15,131,76,1,0,20181231,OKC,DAL
Shot Chart Detail,0021800547,583,203457,Nerlens Noel,1610612760,Oklahoma City Thunder,4,11,39,Made Shot,Dunk Shot,2PT Field Goal,Restricted Area,Center(C),Less Than 8 ft.,0,-2,6,1,1,20181231,OKC,DAL
Shot Chart Detail,0021800547,730,203457,Nerlens Noel,1610612760,Oklahoma City Thunder,4,2,1,Made Shot,Jump Shot,2PT Field Goal,Mid-Range,Right Side Center(RC),16-24 ft.,17,108,138,1,1,20181231,OKC,DAL
Shot Chart Detail,0021800547,740,203457,Nerlens Noel,1610612760,Oklahoma City Thunder,4,0,29,Made Shot,Jump Shot,2PT Field Goal,In The Paint (Non-RA),Center(C),8-16 ft.,12,0,127,1,1,20181231,OKC,DAL
Shot Chart Detail,0021800562,558,203457,Nerlens Noel,1610612760,Oklahoma City Thunder,4,11,49,Made Shot,Cutting Layup Shot,2PT Field Goal,Restricted Area,Center(C),Less Than 8 ft.,1,-5,15,1,1,20190102,LAL,OKC
Shot Chart Detail,0021800562,579,203457,Nerlens Noel,1610612760,Oklahoma City Thunder,4,10,35,Missed Shot,Tip Layup Shot,2PT Field Goal,Restricted Area,Center(C),Less Than 8 ft.,0,0,-6,1,0,20190102,LAL,OKC
Shot Chart Detail,0021800562,598,203457,Nerlens Noel,1610612760,Oklahoma City Thunder,4,8,49,Made Shot,Floating Jump shot,2PT Field Goal,Mid-Range,Left Side(L),8-16 ft.,8,-81,31,1,1,20190102,LAL,OKC
Shot Chart Detail,0021800575,172,203457,Nerlens Noel,1610612760,Oklahoma City Thunder,2,11,37,Made Shot,Putback Layup Shot,2PT Field Goal,Restricted Area,Center(C),Less Than 8 ft.,2,19,19,1,1,20190104,POR,OKC
Shot Chart Detail,0021800575,186,203457,Nerlens Noel,1610612760,Oklahoma City Thunder,2,9,51,Made Shot,Jump Shot,2PT Field Goal,Mid-Range,Center(C),8-16 ft.,14,2,146,1,1,20190104,POR,OKC
Shot Chart Detail,0021800575,202,203457,Nerlens Noel,1610612760,Oklahoma City Thunder,2,8,18,Made Shot,Driving Layup Shot,2PT Field Goal,Restricted Area,Center(C),Less Than 8 ft.,2,-25,11,1,1,20190104,POR,OKC
Shot Chart Detail,0021800575,214,203457,Nerlens Noel,1610612760,Oklahoma City Thunder,2,7,13,Made Shot,Alley Oop Dunk Shot,2PT Field Goal,Restricted Area,Center(C),Less Than 8 ft.,1,19,4,1,1,20190104,POR,OKC
Shot Chart Detail,0021800588,160,203457,Nerlens Noel,1610612760,Oklahoma City Thunder,1,0,32,Made Shot,Tip Layup Shot,2PT Field Goal,Restricted Area,Center(C),Less Than 8 ft.,0,0,-6,1,1,20190106,OKC,WAS
Shot Chart Detail,0021800588,224,203457,Nerlens Noel,1610612760,Oklahoma City Thunder,2,8,24,Missed Shot,Tip Layup Shot,2PT Field Goal,Restricted Area,Center(C),Less Than 8 ft.,0,0,-6,1,0,20190106,OKC,WAS
Shot Chart Detail,0021800588,571,203457,Nerlens Noel,1610612760,Oklahoma City Thunder,4,6,34,Missed Shot,Jump Shot,2PT Field Goal,Mid-Range,Right Side Center(RC),16-24 ft.,16,113,123,1,0,20190106,OKC,WAS
Shot Chart Detail,0021800588,635,203457,Nerlens Noel,1610612760,Oklahoma City Thunder,4,2,18,Missed Shot,Jump Shot,2PT Field Goal,Mid-Range,Right Side(R),8-16 ft.,14,139,22,1,0,20190106,OKC,WAS
Shot Chart Detail,0021800603,199,203457,Nerlens Noel,1610612760,Oklahoma City Thunder,2,9,24,Made Shot,Putback Dunk Shot,2PT Field Goal,Restricted Area,Center(C),Less Than 8 ft.,0,0,-6,1,1,20190108,OKC,MIN
Shot Chart Detail,0021800603,205,203457,Nerlens Noel,1610612760,Oklahoma City Thunder,2,8,59,Made Shot,Alley Oop Dunk Shot,2PT Field Goal,Restricted Area,Center(C),Less Than 8 ft.,1,1,10,1,1,20190108,OKC,MIN
Shot Chart Detail,0021800603,213,203457,Nerlens Noel,1610612760,Oklahoma City Thunder,2,8,17,Missed Shot,Jump Shot,2PT Field Goal,In The Paint (Non-RA),Center(C),8-16 ft.,9,30,94,1,0,20190108,OKC,MIN
Shot Chart Detail,0021800603,431,203457,Nerlens Noel,1610612760,Oklahoma City Thunder,3,5,40,Made Shot,Alley Oop Dunk Shot,2PT Field Goal,Restricted Area,Center(C),Less Than 8 ft.,1,11,1,1,1,20190108,OKC,MIN
Shot Chart Detail,0021800670,137,203457,Nerlens Noel,1610612760,Oklahoma City Thunder,1,0,28,Made Shot,Floating Jump shot,2PT Field Goal,In The Paint (Non-RA),Center(C),8-16 ft.,8,-42,77,1,1,20190117,OKC,LAL
Shot Chart Detail,0021800670,168,203457,Nerlens Noel,1610612760,Oklahoma City Thunder,2,10,15,Missed Shot,Alley Oop Layup shot,2PT Field Goal,Restricted Area,Center(C),Less Than 8 ft.,0,-2,9,1,0,20190117,OKC,LAL
Shot Chart Detail,0021800670,471,203457,Nerlens Noel,1610612760,Oklahoma City Thunder,3,2,27,Made Shot,Floating Jump shot,2PT Field Goal,In The Paint (Non-RA),Center(C),Less Than 8 ft.,7,-71,8,1,1,20190117,OKC,LAL
Shot Chart Detail,0021800678,289,203457,Nerlens Noel,1610612760,Oklahoma City Thunder,2,3,59,Made Shot,Dunk Shot,2PT Field Goal,Restricted Area,Center(C),Less Than 8 ft.,0,-5,6,1,1,20190119,PHI,OKC
Shot Chart Detail,0021800678,515,203457,Nerlens Noel,1610612760,Oklahoma City Thunder,3,3,10,Made Shot,Alley Oop Layup shot,2PT Field Goal,Restricted Area,Center(C),Less Than 8 ft.,0,-7,7,1,1,20190119,PHI,OKC
Shot Chart Detail,0021800691,130,203457,Nerlens Noel,1610612760,Oklahoma City Thunder,1,2,15,Made Shot,Alley Oop Layup shot,2PT Field Goal,Restricted Area,Center(C),Less Than 8 ft.,0,8,5,1,1,20190121,NYK,OKC
Shot Chart Detail,0021800691,168,203457,Nerlens Noel,1610612760,Oklahoma City Thunder,2,11,21,Made Shot,Tip Dunk Shot,2PT Field Goal,Restricted Area,Center(C),Less Than 8 ft.,0,0,-6,1,1,20190121,NYK,OKC
Shot Chart Detail,0021800691,180,203457,Nerlens Noel,1610612760,Oklahoma City Thunder,2,10,13,Made Shot,Driving Dunk Shot,2PT Field Goal,Restricted Area,Center(C),Less Than 8 ft.,1,5,9,1,1,20190121,NYK,OKC
Shot Chart Detail,0021800691,305,203457,Nerlens Noel,1610612760,Oklahoma City Thunder,2,1,34,Missed Shot,Tip Dunk Shot,2PT Field Goal,Restricted Area,Center(C),Less Than 8 ft.,0,0,-6,1,0,20190121,NYK,OKC
Shot Chart Detail,0021800691,617,203457,Nerlens Noel,1610612760,Oklahoma City Thunder,4,4,34,Missed Shot,Tip Layup Shot,2PT Field Goal,Restricted Area,Center(C),Less Than 8 ft.,0,0,-6,1,0,20190121,NYK,OKC
Shot Chart Detail,0021800703,186,203457,Nerlens Noel,1610612760,Oklahoma City Thunder,2,11,5,Missed Shot,Jump Shot,2PT Field Goal,Mid-Range,Left Side Center(LC),16-24 ft.,17,-130,115,1,0,20190122,OKC,POR
Shot Chart Detail,0021800717,184,203457,Nerlens Noel,1610612760,Oklahoma City Thunder,2,10,18,Missed Shot,Jump Shot,2PT Field Goal,Mid-Range,Right Side(R),8-16 ft.,14,123,74,1,0,20190124,OKC,NOP
Shot Chart Detail,0021800717,198,203457,Nerlens Noel,1610612760,Oklahoma City Thunder,2,9,15,Made Shot,Driving Layup Shot,2PT Field Goal,Restricted Area,Center(C),Less Than 8 ft.,0,2,5,1,1,20190124,OKC,NOP
Shot Chart Detail,0021800717,460,203457,Nerlens Noel,1610612760,Oklahoma City Thunder,3,1,36,Made Shot,Alley Oop Layup shot,2PT Field Goal,Restricted Area,Center(C),Less Than 8 ft.,1,-1,11,1,1,20190124,OKC,NOP
Shot Chart Detail,0021800717,488,203457,Nerlens Noel,1610612760,Oklahoma City Thunder,4,11,46,Made Shot,Cutting Dunk Shot,2PT Field Goal,Restricted Area,Center(C),Less Than 8 ft.,0,2,1,1,1,20190124,OKC,NOP
Shot Chart Detail,0021800717,497,203457,Nerlens Noel,1610612760,Oklahoma City Thunder,4,10,26,Missed Shot,Floating Jump shot,2PT Field Goal,In The Paint (Non-RA),Right Side(R),8-16 ft.,8,78,23,1,0,20190124,OKC,NOP
Shot Chart Detail,0021800738,180,203457,Nerlens Noel,1610612760,Oklahoma City Thunder,2,11,15,Missed Shot,Hook Shot,2PT Field Goal,Restricted Area,Center(C),Less Than 8 ft.,1,6,12,1,0,20190127,OKC,MIL
Shot Chart Detail,0021800738,186,203457,Nerlens Noel,1610612760,Oklahoma City Thunder,2,10,47,Made Shot,Layup Shot,2PT Field Goal,Restricted Area,Center(C),Less Than 8 ft.,1,-13,7,1,1,20190127,OKC,MIL
Shot Chart Detail,0021800738,191,203457,Nerlens Noel,1610612760,Oklahoma City Thunder,2,10,18,Made Shot,Cutting Layup Shot,2PT Field Goal,Restricted Area,Center(C),Less Than 8 ft.,2,-12,18,1,1,20190127,OKC,MIL
Shot Chart Detail,0021800738,194,203457,Nerlens Noel,1610612760,Oklahoma City Thunder,2,9,50,Made Shot,Running Alley Oop Dunk Shot,2PT Field Goal,Restricted Area,Center(C),Less Than 8 ft.,1,-9,7,1,1,20190127,OKC,MIL
Shot Chart Detail,0021800738,268,203457,Nerlens Noel,1610612760,Oklahoma City Thunder,2,5,38,Missed Shot,Jump Shot,2PT Field Goal,Mid-Range,Center(C),8-16 ft.,15,-11,154,1,0,20190127,OKC,MIL
Shot Chart Detail,0021800738,500,203457,Nerlens Noel,1610612760,Oklahoma City Thunder,3,1,32,Missed Shot,Jump Shot,2PT Field Goal,In The Paint (Non-RA),Left Side(L),8-16 ft.,8,-49,75,1,0,20190127,OKC,MIL
Shot Chart Detail,0021800738,598,203457,Nerlens Noel,1610612760,Oklahoma City Thunder,4,7,44,Missed Shot,Jump Shot,2PT Field Goal,In The Paint (Non-RA),Center(C),8-16 ft.,13,68,122,1,0,20190127,OKC,MIL
Shot Chart Detail,0021800751,59,203457,Nerlens Noel,1610612760,Oklahoma City Thunder,1,8,30,Made Shot,Cutting Dunk Shot,2PT Field Goal,Restricted Area,Center(C),Less Than 8 ft.,2,13,23,1,1,20190129,ORL,OKC
Shot Chart Detail,0021800751,119,203457,Nerlens Noel,1610612760,Oklahoma City Thunder,1,4,28,Missed Shot,Jump Shot,2PT Field Goal,In The Paint (Non-RA),Center(C),8-16 ft.,14,46,138,1,0,20190129,ORL,OKC
Shot Chart Detail,0021800751,334,203457,Nerlens Noel,1610612760,Oklahoma City Thunder,2,0,45,Missed Shot,Hook Shot,2PT Field Goal,In The Paint (Non-RA),Center(C),Less Than 8 ft.,7,-12,74,1,0,20190129,ORL,OKC
Shot Chart Detail,0021800751,363,203457,Nerlens Noel,1610612760,Oklahoma City Thunder,3,11,25,Made Shot,Jump Shot,2PT Field Goal,In The Paint (Non-RA),Center(C),8-16 ft.,9,34,94,1,1,20190129,ORL,OKC
Shot Chart Detail,0021800751,366,203457,Nerlens Noel,1610612760,Oklahoma City Thunder,3,11,3,Made Shot,Running Alley Oop Dunk Shot,2PT Field Goal,Restricted Area,Center(C),Less Than 8 ft.,0,3,5,1,1,20190129,ORL,OKC
Shot Chart Detail,0021800751,392,203457,Nerlens Noel,1610612760,Oklahoma City Thunder,3,8,48,Missed Shot,Layup Shot,2PT Field Goal,Restricted Area,Center(C),Less Than 8 ft.,2,-4,20,1,0,20190129,ORL,OKC
Shot Chart Detail,0021800751,411,203457,Nerlens Noel,1610612760,Oklahoma City Thunder,3,7,14,Missed Shot,Jump Shot,2PT Field Goal,In The Paint (Non-RA),Center(C),8-16 ft.,12,-4,129,1,0,20190129,ORL,OKC
Shot Chart Detail,0021800751,530,203457,Nerlens Noel,1610612760,Oklahoma City Thunder,4,10,29,Made Shot,Alley Oop Layup shot,2PT Field Goal,Restricted Area,Center(C),Less Than 8 ft.,0,-4,8,1,1,20190129,ORL,OKC
Shot Chart Detail,0021800751,634,203457,Nerlens Noel,1610612760,Oklahoma City Thunder,4,1,44,Made Shot,Hook Shot,2PT Field Goal,Mid-Range,Right Side(R),8-16 ft.,11,114,-10,1,1,20190129,ORL,OKC
Shot Chart Detail,0021800751,638,203457,Nerlens Noel,1610612760,Oklahoma City Thunder,4,1,17,Made Shot,Hook Shot,2PT Field Goal,In The Paint (Non-RA),Center(C),Less Than 8 ft.,5,49,20,1,1,20190129,ORL,OKC
Shot Chart Detail,0021800772,118,203457,Nerlens Noel,1610612760,Oklahoma City Thunder,1,3,12,Made Shot,Cutting Dunk Shot,2PT Field Goal,Restricted Area,Center(C),Less Than 8 ft.,0,-5,6,1,1,20190201,MIA,OKC
Shot Chart Detail,0021800772,160,203457,Nerlens Noel,1610612760,Oklahoma City Thunder,1,0,41,Missed Shot,Floating Jump shot,2PT Field Goal,In The Paint (Non-RA),Center(C),8-16 ft.,11,0,111,1,0,20190201,MIA,OKC
Shot Chart Detail,0021800772,494,203457,Nerlens Noel,1610612760,Oklahoma City Thunder,3,0,0,Missed Shot,Step Back Jump shot,2PT Field Goal,Mid-Range,Center(C),16-24 ft.,16,-2,164,1,0,20190201,MIA,OKC
Shot Chart Detail,0021800772,500,203457,Nerlens Noel,1610612760,Oklahoma City Thunder,4,11,46,Missed Shot,Layup Shot,2PT Field Goal,In The Paint (Non-RA),Center(C),Less Than 8 ft.,4,-3,41,1,0,20190201,MIA,OKC
Shot Chart Detail,0021800772,503,203457,Nerlens Noel,1610612760,Oklahoma City Thunder,4,11,41,Made Shot,Putback Layup Shot,2PT Field Goal,Restricted Area,Center(C),Less Than 8 ft.,1,-9,17,1,1,20190201,MIA,OKC
Shot Chart Detail,0021800772,511,203457,Nerlens Noel,1610612760,Oklahoma City Thunder,4,10,21,Missed Shot,Alley Oop Layup shot,2PT Field Goal,Restricted Area,Center(C),Less Than 8 ft.,1,12,9,1,0,20190201,MIA,OKC
Shot Chart Detail,0021800788,480,203457,Nerlens Noel,1610612760,Oklahoma City Thunder,4,10,21,Made Shot,Tip Layup Shot,2PT Field Goal,Restricted Area,Center(C),Less Than 8 ft.,0,0,-6,1,1,20190203,BOS,OKC
Shot Chart Detail,0021800815,308,203457,Nerlens Noel,1610612760,Oklahoma City Thunder,2,2,43,Missed Shot,Hook Shot,2PT Field Goal,In The Paint (Non-RA),Center(C),Less Than 8 ft.,6,57,22,1,0,20190207,OKC,MEM
Shot Chart Detail,0021800815,316,203457,Nerlens Noel,1610612760,Oklahoma City Thunder,2,1,59,Made Shot,Cutting Dunk Shot,2PT Field Goal,Restricted Area,Center(C),Less Than 8 ft.,0,-9,3,1,1,20190207,OKC,MEM
Shot Chart Detail,0021800815,534,203457,Nerlens Noel,1610612760,Oklahoma City Thunder,4,9,31,Made Shot,Tip Layup Shot,2PT Field Goal,Restricted Area,Center(C),Less Than 8 ft.,2,5,28,1,1,20190207,OKC,MEM
Shot Chart Detail,0021800815,550,203457,Nerlens Noel,1610612760,Oklahoma City Thunder,4,8,4,Missed Shot,Putback Layup Shot,2PT Field Goal,Restricted Area,Center(C),Less Than 8 ft.,1,-8,17,1,0,20190207,OKC,MEM
Shot Chart Detail,0021800832,230,203457,Nerlens Noel,1610612760,Oklahoma City Thunder,2,7,1,Missed Shot,Jump Shot,2PT Field Goal,Restricted Area,Center(C),Less Than 8 ft.,3,-36,13,1,0,20190209,HOU,OKC
Shot Chart Detail,0021800832,532,203457,Nerlens Noel,1610612760,Oklahoma City Thunder,4,10,40,Missed Shot,Layup Shot,2PT Field Goal,Restricted Area,Center(C),Less Than 8 ft.,0,3,8,1,0,20190209,HOU,OKC
Shot Chart Detail,0021800832,559,203457,Nerlens Noel,1610612760,Oklahoma City Thunder,4,9,19,Made Shot,Alley Oop Dunk Shot,2PT Field Goal,Restricted Area,Center(C),Less Than 8 ft.,0,6,7,1,1,20190209,HOU,OKC
Shot Chart Detail,0021800846,224,203457,Nerlens Noel,1610612760,Oklahoma City Thunder,2,7,20,Missed Shot,Putback Dunk Shot,2PT Field Goal,Restricted Area,Center(C),Less Than 8 ft.,0,0,-6,1,0,20190211,OKC,POR
Shot Chart Detail,0021800846,535,203457,Nerlens Noel,1610612760,Oklahoma City Thunder,3,1,23,Missed Shot,Driving Layup Shot,2PT Field Goal,Restricted Area,Center(C),Less Than 8 ft.,2,3,22,1,0,20190211,OKC,POR
Shot Chart Detail,0021800846,606,203457,Nerlens Noel,1610612760,Oklahoma City Thunder,4,7,39,Made Shot,Tip Dunk Shot,2PT Field Goal,Restricted Area,Center(C),Less Than 8 ft.,0,0,-6,1,1,20190211,OKC,POR
Shot Chart Detail,0021800866,101,203457,Nerlens Noel,1610612760,Oklahoma City Thunder,1,3,54,Made Shot,Tip Layup Shot,2PT Field Goal,Restricted Area,Center(C),Less Than 8 ft.,0,0,-6,1,1,20190214,NOP,OKC
Shot Chart Detail,0021800866,110,203457,Nerlens Noel,1610612760,Oklahoma City Thunder,1,2,49,Missed Shot,Floating Jump shot,2PT Field Goal,In The Paint (Non-RA),Center(C),8-16 ft.,12,16,122,1,0,20190214,NOP,OKC
Shot Chart Detail,0021800866,122,203457,Nerlens Noel,1610612760,Oklahoma City Thunder,1,2,41,Made Shot,Jump Shot,2PT Field Goal,Mid-Range,Right Side(R),8-16 ft.,8,88,13,1,1,20190214,NOP,OKC
Shot Chart Detail,0021800866,126,203457,Nerlens Noel,1610612760,Oklahoma City Thunder,1,2,20,Made Shot,Hook Shot,2PT Field Goal,In The Paint (Non-RA),Center(C),8-16 ft.,8,23,79,1,1,20190214,NOP,OKC
Shot Chart Detail,0021800866,134,203457,Nerlens Noel,1610612760,Oklahoma City Thunder,1,1,35,Made Shot,Layup Shot,2PT Field Goal,Restricted Area,Center(C),Less Than 8 ft.,0,8,-1,1,1,20190214,NOP,OKC
Shot Chart Detail,0021800866,210,203457,Nerlens Noel,1610612760,Oklahoma City Thunder,2,8,6,Missed Shot,Tip Layup Shot,2PT Field Goal,Restricted Area,Center(C),Less Than 8 ft.,0,0,-6,1,0,20190214,NOP,OKC
Shot Chart Detail,0021800866,216,203457,Nerlens Noel,1610612760,Oklahoma City Thunder,2,7,23,Missed Shot,Layup Shot,2PT Field Goal,In The Paint (Non-RA),Center(C),Less Than 8 ft.,5,-47,25,1,0,20190214,NOP,OKC
Shot Chart Detail,0021800866,290,203457,Nerlens Noel,1610612760,Oklahoma City Thunder,2,2,38,Missed Shot,Jump Shot,2PT Field Goal,In The Paint (Non-RA),Center(C),8-16 ft.,13,14,137,1,0,20190214,NOP,OKC
Shot Chart Detail,0021800866,320,203457,Nerlens Noel,1610612760,Oklahoma City Thunder,2,0,21,Missed Shot,Tip Layup Shot,2PT Field Goal,Restricted Area,Center(C),Less Than 8 ft.,0,0,-6,1,0,20190214,NOP,OKC
Shot Chart Detail,0021800866,337,203457,Nerlens Noel,1610612760,Oklahoma City Thunder,3,11,30,Missed Shot,Layup Shot,2PT Field Goal,In The Paint (Non-RA),Center(C),Less Than 8 ft.,7,0,73,1,0,20190214,NOP,OKC
Shot Chart Detail,0021800866,344,203457,Nerlens Noel,1610612760,Oklahoma City Thunder,3,11,6,Made Shot,Dunk Shot,2PT Field Goal,Restricted Area,Center(C),Less Than 8 ft.,2,-2,21,1,1,20190214,NOP,OKC
Shot Chart Detail,0021800866,354,203457,Nerlens Noel,1610612760,Oklahoma City Thunder,3,10,3,Made Shot,Cutting Dunk Shot,2PT Field Goal,Restricted Area,Center(C),Less Than 8 ft.,1,-1,11,1,1,20190214,NOP,OKC
Shot Chart Detail,0021800866,504,203457,Nerlens Noel,1610612760,Oklahoma City Thunder,3,0,1,Made Shot,Jump Shot,2PT Field Goal,In The Paint (Non-RA),Left Side(L),8-16 ft.,15,-78,132,1,1,20190214,NOP,OKC
Shot Chart Detail,0021800866,525,203457,Nerlens Noel,1610612760,Oklahoma City Thunder,4,10,22,Made Shot,Cutting Dunk Shot,2PT Field Goal,Restricted Area,Center(C),Less Than 8 ft.,1,0,12,1,1,20190214,NOP,OKC
Shot Chart Detail,0021800866,532,203457,Nerlens Noel,1610612760,Oklahoma City Thunder,4,9,29,Made Shot,Jump Shot,2PT Field Goal,Mid-Range,Right Side Center(RC),16-24 ft.,16,67,147,1,1,20190214,NOP,OKC
Shot Chart Detail,0021800866,544,203457,Nerlens Noel,1610612760,Oklahoma City Thunder,4,8,52,Made Shot,Floating Jump shot,2PT Field Goal,In The Paint (Non-RA),Center(C),8-16 ft.,10,-34,102,1,1,20190214,NOP,OKC
Shot Chart Detail,0021800881,513,203457,Nerlens Noel,1610612760,Oklahoma City Thunder,3,0,16,Missed Shot,Driving Layup Shot,2PT Field Goal,Restricted Area,Center(C),Less Than 8 ft.,1,-18,4,1,0,20190222,OKC,UTA
Shot Chart Detail,0021800881,545,203457,Nerlens Noel,1610612760,Oklahoma City Thunder,4,11,1,Made Shot,Cutting Dunk Shot,2PT Field Goal,Restricted Area,Center(C),Less Than 8 ft.,0,0,1,1,1,20190222,OKC,UTA
Shot Chart Detail,0021800881,554,203457,Nerlens Noel,1610612760,Oklahoma City Thunder,4,10,4,Missed Shot,Hook Shot,2PT Field Goal,Restricted Area,Center(C),Less Than 8 ft.,2,-18,11,1,0,20190222,OKC,UTA
Shot Chart Detail,0021800890,195,203457,Nerlens Noel,1610612760,Oklahoma City Thunder,2,8,58,Made Shot,Tip Layup Shot,2PT Field Goal,Restricted Area,Center(C),Less Than 8 ft.,0,0,-6,1,1,20190223,OKC,SAC
Shot Chart Detail,0021800890,263,203457,Nerlens Noel,1610612760,Oklahoma City Thunder,2,5,34,Missed Shot,Hook Shot,2PT Field Goal,In The Paint (Non-RA),Center(C),Less Than 8 ft.,7,-6,78,1,0,20190223,OKC,SAC
Shot Chart Detail,0021800890,487,203457,Nerlens Noel,1610612760,Oklahoma City Thunder,3,3,33,Missed Shot,Alley Oop Layup shot,2PT Field Goal,Restricted Area,Center(C),Less Than 8 ft.,0,2,8,1,0,20190223,OKC,SAC
Shot Chart Detail,0021800890,525,203457,Nerlens Noel,1610612760,Oklahoma City Thunder,3,1,6,Made Shot,Tip Layup Shot,2PT Field Goal,Restricted Area,Center(C),Less Than 8 ft.,0,0,-6,1,1,20190223,OKC,SAC
Shot Chart Detail,0021800890,547,203457,Nerlens Noel,1610612760,Oklahoma City Thunder,4,11,46,Missed Shot,Jump Shot,2PT Field Goal,Mid-Range,Left Side(L),16-24 ft.,16,-147,65,1,0,20190223,OKC,SAC
Shot Chart Detail,0021800890,581,203457,Nerlens Noel,1610612760,Oklahoma City Thunder,4,9,9,Made Shot,Cutting Dunk Shot,2PT Field Goal,Restricted Area,Center(C),Less Than 8 ft.,1,-3,10,1,1,20190223,OKC,SAC
Shot Chart Detail,0021800890,659,203457,Nerlens Noel,1610612760,Oklahoma City Thunder,4,3,34,Missed Shot,Tip Layup Shot,2PT Field Goal,Restricted Area,Center(C),Less Than 8 ft.,0,0,-6,1,0,20190223,OKC,SAC
Shot Chart Detail,0021800910,232,203457,Nerlens Noel,1610612760,Oklahoma City Thunder,2,9,27,Missed Shot,Hook Shot,2PT Field Goal,Restricted Area,Center(C),Less Than 8 ft.,3,-8,38,1,0,20190226,DEN,OKC
Shot Chart Detail,0021800910,252,203457,Nerlens Noel,1610612760,Oklahoma City Thunder,2,8,17,Made Shot,Hook Shot,2PT Field Goal,Restricted Area,Center(C),Less Than 8 ft.,2,-13,17,1,1,20190226,DEN,OKC
Shot Chart Detail,0021800910,594,203457,Nerlens Noel,1610612760,Oklahoma City Thunder,4,9,27,Made Shot,Tip Layup Shot,2PT Field Goal,Restricted Area,Center(C),Less Than 8 ft.,0,0,-6,1,1,20190226,DEN,OKC
Shot Chart Detail,0021800910,605,203457,Nerlens Noel,1610612760,Oklahoma City Thunder,4,8,55,Made Shot,Alley Oop Dunk Shot,2PT Field Goal,Restricted Area,Center(C),Less Than 8 ft.,1,9,11,1,1,20190226,DEN,OKC
Shot Chart Detail,0021800927,106,203457,Nerlens Noel,1610612760,Oklahoma City Thunder,1,4,35,Made Shot,Jump Shot,2PT Field Goal,Mid-Range,Left Side(L),8-16 ft.,11,-111,15,1,1,20190228,OKC,PHI
Shot Chart Detail,0021800927,116,203457,Nerlens Noel,1610612760,Oklahoma City Thunder,1,3,28,Missed Shot,Floating Jump shot,2PT Field Goal,Mid-Range,Left Side(L),8-16 ft.,8,-86,15,1,0,20190228,OKC,PHI
Shot Chart Detail,0021800940,640,203457,Nerlens Noel,1610612760,Oklahoma City Thunder,4,1,39,Missed Shot,Tip Layup Shot,2PT Field Goal,Restricted Area,Center(C),Less Than 8 ft.,0,0,-6,1,0,20190302,SAS,OKC
Shot Chart Detail,0021800951,129,203457,Nerlens Noel,1610612760,Oklahoma City Thunder,1,2,3,Made Shot,Pullup Jump shot,2PT Field Goal,In The Paint (Non-RA),Left Side(L),8-16 ft.,10,-79,63,1,1,20190303,OKC,MEM
Shot Chart Detail,0021800951,133,203457,Nerlens Noel,1610612760,Oklahoma City Thunder,1,1,19,Missed Shot,Jump Shot,2PT Field Goal,In The Paint (Non-RA),Center(C),8-16 ft.,13,-18,136,1,0,20190303,OKC,MEM
Shot Chart Detail,0021800951,135,203457,Nerlens Noel,1610612760,Oklahoma City Thunder,1,1,15,Missed Shot,Floating Jump shot,2PT Field Goal,In The Paint (Non-RA),Center(C),Less Than 8 ft.,7,-3,79,1,0,20190303,OKC,MEM
Shot Chart Detail,0021800951,174,203457,Nerlens Noel,1610612760,Oklahoma City Thunder,2,11,19,Made Shot,Jump Shot,2PT Field Goal,In The Paint (Non-RA),Center(C),Less Than 8 ft.,6,6,68,1,1,20190303,OKC,MEM
Shot Chart Detail,0021800963,76,203457,Nerlens Noel,1610612760,Oklahoma City Thunder,1,6,28,Made Shot,Alley Oop Layup shot,2PT Field Goal,Restricted Area,Center(C),Less Than 8 ft.,1,-11,12,1,1,20190305,MIN,OKC
Shot Chart Detail,0021800963,110,203457,Nerlens Noel,1610612760,Oklahoma City Thunder,1,4,0,Made Shot,Alley Oop Dunk Shot,2PT Field Goal,Restricted Area,Center(C),Less Than 8 ft.,0,3,5,1,1,20190305,MIN,OKC
Shot Chart Detail,0021800963,543,203457,Nerlens Noel,1610612760,Oklahoma City Thunder,4,10,44,Made Shot,Layup Shot,2PT Field Goal,In The Paint (Non-RA),Center(C),8-16 ft.,9,0,90,1,1,20190305,MIN,OKC
Shot Chart Detail,0021800976,146,203457,Nerlens Noel,1610612760,Oklahoma City Thunder,1,2,27,Made Shot,Cutting Layup Shot,2PT Field Goal,Restricted Area,Center(C),Less Than 8 ft.,2,3,20,1,1,20190307,POR,OKC
Shot Chart Detail,0021800976,232,203457,Nerlens Noel,1610612760,Oklahoma City Thunder,2,8,21,Missed Shot,Jump Shot,2PT Field Goal,In The Paint (Non-RA),Center(C),8-16 ft.,14,66,131,1,0,20190307,POR,OKC
Shot Chart Detail,0021800976,492,203457,Nerlens Noel,1610612760,Oklahoma City Thunder,3,2,18,Made Shot,Cutting Dunk Shot,2PT Field Goal,Restricted Area,Center(C),Less Than 8 ft.,0,5,-8,1,1,20190307,POR,OKC
Shot Chart Detail,0021800976,557,203457,Nerlens Noel,1610612760,Oklahoma City Thunder,4,8,47,Missed Shot,Jump Shot,2PT Field Goal,In The Paint (Non-RA),Center(C),Less Than 8 ft.,7,25,68,1,0,20190307,POR,OKC
Shot Chart Detail,0021800976,573,203457,Nerlens Noel,1610612760,Oklahoma City Thunder,4,8,13,Missed Shot,Hook Shot,2PT Field Goal,In The Paint (Non-RA),Center(C),Less Than 8 ft.,5,-24,46,1,0,20190307,POR,OKC
Shot Chart Detail,0021800985,522,203457,Nerlens Noel,1610612760,Oklahoma City Thunder,3,2,57,Missed Shot,Alley Oop Dunk Shot,2PT Field Goal,Restricted Area,Center(C),Less Than 8 ft.,1,1,19,1,0,20190308,LAC,OKC
Shot Chart Detail,0021800985,556,203457,Nerlens Noel,1610612760,Oklahoma City Thunder,3,0,31,Made Shot,Cutting Dunk Shot,2PT Field Goal,Restricted Area,Center(C),Less Than 8 ft.,1,-13,9,1,1,20190308,LAC,OKC
Shot Chart Detail,0021800985,683,203457,Nerlens Noel,1610612760,Oklahoma City Thunder,4,11,22,Missed Shot,Alley Oop Layup shot,2PT Field Goal,Restricted Area,Center(C),Less Than 8 ft.,0,3,0,1,0,20190308,LAC,OKC
Shot Chart Detail,0021800985,602,203457,Nerlens Noel,1610612760,Oklahoma City Thunder,4,9,11,Made Shot,Alley Oop Dunk Shot,2PT Field Goal,Restricted Area,Center(C),Less Than 8 ft.,1,-10,8,1,1,20190308,LAC,OKC
Shot Chart Detail,0021800985,609,203457,Nerlens Noel,1610612760,Oklahoma City Thunder,4,8,23,Missed Shot,Jump Shot,2PT Field Goal,In The Paint (Non-RA),Center(C),8-16 ft.,13,-53,121,1,0,20190308,LAC,OKC
Shot Chart Detail,0021801005,143,203457,Nerlens Noel,1610612760,Oklahoma City Thunder,1,1,26,Missed Shot,Floating Jump shot,2PT Field Goal,In The Paint (Non-RA),Center(C),8-16 ft.,9,16,98,1,0,20190311,UTA,OKC
Shot Chart Detail,0021801005,201,203457,Nerlens Noel,1610612760,Oklahoma City Thunder,2,9,13,Made Shot,Tip Layup Shot,2PT Field Goal,Restricted Area,Center(C),Less Than 8 ft.,0,0,-6,1,1,20190311,UTA,OKC
Shot Chart Detail,0021801005,479,203457,Nerlens Noel,1610612760,Oklahoma City Thunder,3,1,39,Made Shot,Alley Oop Dunk Shot,2PT Field Goal,Restricted Area,Center(C),Less Than 8 ft.,1,14,12,1,1,20190311,UTA,OKC
Shot Chart Detail,0021801017,149,203457,Nerlens Noel,1610612760,Oklahoma City Thunder,1,0,1,Missed Shot,Tip Layup Shot,2PT Field Goal,Restricted Area,Center(C),Less Than 8 ft.,0,0,-6,1,0,20190313,OKC,BKN
Shot Chart Detail,0021801017,475,203457,Nerlens Noel,1610612760,Oklahoma City Thunder,3,1,39,Made Shot,Alley Oop Dunk Shot,2PT Field Goal,Restricted Area,Center(C),Less Than 8 ft.,0,2,3,1,1,20190313,OKC,BKN
Shot Chart Detail,0021801017,506,203457,Nerlens Noel,1610612760,Oklahoma City Thunder,4,10,55,Made Shot,Alley Oop Dunk Shot,2PT Field Goal,Restricted Area,Center(C),Less Than 8 ft.,0,1,-4,1,1,20190313,OKC,BKN
Shot Chart Detail,0021801017,549,203457,Nerlens Noel,1610612760,Oklahoma City Thunder,4,7,49,Missed Shot,Floating Jump shot,2PT Field Goal,In The Paint (Non-RA),Center(C),Less Than 8 ft.,5,-2,53,1,0,20190313,OKC,BKN
Shot Chart Detail,0021801017,552,203457,Nerlens Noel,1610612760,Oklahoma City Thunder,4,7,16,Made Shot,Turnaround Hook Shot,2PT Field Goal,Restricted Area,Center(C),Less Than 8 ft.,2,7,19,1,1,20190313,OKC,BKN
Shot Chart Detail,0021801020,227,203457,Nerlens Noel,1610612760,Oklahoma City Thunder,2,7,19,Missed Shot,Driving Dunk Shot,2PT Field Goal,Restricted Area,Center(C),Less Than 8 ft.,1,1,15,1,0,20190314,IND,OKC
Shot Chart Detail,0021801038,142,203457,Nerlens Noel,1610612760,Oklahoma City Thunder,1,1,29,Made Shot,Tip Layup Shot,2PT Field Goal,Restricted Area,Center(C),Less Than 8 ft.,0,0,-6,1,1,20190316,OKC,GSW
Shot Chart Detail,0021801038,467,203457,Nerlens Noel,1610612760,Oklahoma City Thunder,3,3,32,Missed Shot,Alley Oop Layup shot,2PT Field Goal,Restricted Area,Center(C),Less Than 8 ft.,1,10,11,1,0,20190316,OKC,GSW
Shot Chart Detail,0021801072,158,203457,Nerlens Noel,1610612760,Oklahoma City Thunder,2,11,48,Made Shot,Cutting Layup Shot,2PT Field Goal,Restricted Area,Center(C),Less Than 8 ft.,0,-4,3,1,1,20190320,OKC,TOR
Shot Chart Detail,0021801072,165,203457,Nerlens Noel,1610612760,Oklahoma City Thunder,2,11,8,Made Shot,Turnaround Jump Shot,2PT Field Goal,In The Paint (Non-RA),Center(C),8-16 ft.,13,9,137,1,1,20190320,OKC,TOR
Shot Chart Detail,0021801072,190,203457,Nerlens Noel,1610612760,Oklahoma City Thunder,2,9,5,Made Shot,Dunk Shot,2PT Field Goal,Restricted Area,Center(C),Less Than 8 ft.,0,6,5,1,1,20190320,OKC,TOR
Shot Chart Detail,0021801072,503,203457,Nerlens Noel,1610612760,Oklahoma City Thunder,4,10,56,Made Shot,Reverse Layup Shot,2PT Field Goal,Restricted Area,Center(C),Less Than 8 ft.,1,-16,-1,1,1,20190320,OKC,TOR
Shot Chart Detail,0021801072,520,203457,Nerlens Noel,1610612760,Oklahoma City Thunder,4,9,12,Missed Shot,Floating Jump shot,2PT Field Goal,In The Paint (Non-RA),Center(C),Less Than 8 ft.,5,16,50,1,0,20190320,OKC,TOR
Shot Chart Detail,0021801083,191,203457,Nerlens Noel,1610612760,Oklahoma City Thunder,2,8,14,Made Shot,Cutting Dunk Shot,2PT Field Goal,Restricted Area,Center(C),Less Than 8 ft.,0,7,4,1,1,20190322,TOR,OKC
Shot Chart Detail,0021801104,234,203457,Nerlens Noel,1610612760,Oklahoma City Thunder,2,8,21,Made Shot,Tip Dunk Shot,2PT Field Goal,Restricted Area,Center(C),Less Than 8 ft.,0,0,-6,1,1,20190325,MEM,OKC
Shot Chart Detail,0021801119,173,203457,Nerlens Noel,1610612760,Oklahoma City Thunder,2,11,2,Made Shot,Alley Oop Dunk Shot,2PT Field Goal,Restricted Area,Center(C),Less Than 8 ft.,0,-3,5,1,1,20190327,OKC,IND
Shot Chart Detail,0021801119,209,203457,Nerlens Noel,1610612760,Oklahoma City Thunder,2,8,23,Made Shot,Cutting Layup Shot,2PT Field Goal,Restricted Area,Center(C),Less Than 8 ft.,1,14,10,1,1,20190327,OKC,IND
Shot Chart Detail,0021801133,134,203457,Nerlens Noel,1610612760,Oklahoma City Thunder,1,0,59,Made Shot,Putback Dunk Shot,2PT Field Goal,Restricted Area,Center(C),Less Than 8 ft.,0,0,-6,1,1,20190329,OKC,DEN
Shot Chart Detail,0021801133,137,203457,Nerlens Noel,1610612760,Oklahoma City Thunder,1,0,40,Made Shot,Cutting Dunk Shot,2PT Field Goal,Restricted Area,Center(C),Less Than 8 ft.,1,-3,13,1,1,20190329,OKC,DEN
Shot Chart Detail,0021801133,191,203457,Nerlens Noel,1610612760,Oklahoma City Thunder,2,8,27,Made Shot,Putback Dunk Shot,2PT Field Goal,Restricted Area,Center(C),Less Than 8 ft.,0,0,-6,1,1,20190329,OKC,DEN
Shot Chart Detail,0021801133,446,203457,Nerlens Noel,1610612760,Oklahoma City Thunder,3,1,0,Made Shot,Putback Dunk Shot,2PT Field Goal,Restricted Area,Center(C),Less Than 8 ft.,0,0,-6,1,1,20190329,OKC,DEN
Shot Chart Detail,0021801146,129,203457,Nerlens Noel,1610612760,Oklahoma City Thunder,1,2,23,Missed Shot,Jump Shot,2PT Field Goal,In The Paint (Non-RA),Center(C),Less Than 8 ft.,7,-70,-6,1,0,20190331,OKC,DAL
Shot Chart Detail,0021801161,230,203457,Nerlens Noel,1610612760,Oklahoma City Thunder,2,7,53,Made Shot,Alley Oop Dunk Shot,2PT Field Goal,Restricted Area,Center(C),Less Than 8 ft.,1,0,14,1,1,20190402,OKC,LAL
Shot Chart Detail,0021801161,340,203457,Nerlens Noel,1610612760,Oklahoma City Thunder,2,0,38,Made Shot,Cutting Dunk Shot,2PT Field Goal,Restricted Area,Center(C),Less Than 8 ft.,0,-5,6,1,1,20190402,OKC,LAL
Shot Chart Detail,0021801161,519,203457,Nerlens Noel,1610612760,Oklahoma City Thunder,3,1,15,Missed Shot,Jump Shot,2PT Field Goal,In The Paint (Non-RA),Center(C),Less Than 8 ft.,7,33,63,1,0,20190402,OKC,LAL
Shot Chart Detail,0021801161,580,203457,Nerlens Noel,1610612760,Oklahoma City Thunder,4,8,13,Made Shot,Cutting Layup Shot,2PT Field Goal,Restricted Area,Center(C),Less Than 8 ft.,2,8,20,1,1,20190402,OKC,LAL
Shot Chart Detail,0021801186,317,203457,Nerlens Noel,1610612760,Oklahoma City Thunder,2,2,36,Made Shot,Tip Dunk Shot,2PT Field Goal,Restricted Area,Center(C),Less Than 8 ft.,0,0,-6,1,1,20190405,OKC,DET
Shot Chart Detail,0021801186,547,203457,Nerlens Noel,1610612760,Oklahoma City Thunder,4,10,44,Made Shot,Alley Oop Dunk Shot,2PT Field Goal,Restricted Area,Center(C),Less Than 8 ft.,1,4,10,1,1,20190405,OKC,DET
Shot Chart Detail,0021801197,108,203457,Nerlens Noel,1610612760,Oklahoma City Thunder,1,2,49,Made Shot,Tip Dunk Shot,2PT Field Goal,Restricted Area,Center(C),Less Than 8 ft.,0,0,-6,1,1,20190407,MIN,OKC
Shot Chart Detail,0021801197,334,203457,Nerlens Noel,1610612760,Oklahoma City Thunder,2,0,42,Made Shot,Jump Shot,2PT Field Goal,Mid-Range,Left Side(L),8-16 ft.,15,-153,42,1,1,20190407,MIN,OKC
Shot Chart Detail,0021801218,128,203457,Nerlens Noel,1610612760,Oklahoma City Thunder,1,1,45,Missed Shot,Jump Shot,2PT Field Goal,Mid-Range,Left Side(L),8-16 ft.,9,-96,9,1,0,20190409,OKC,HOU
Shot Chart Detail,0021801218,493,203457,Nerlens Noel,1610612760,Oklahoma City Thunder,3,0,1,Made Shot,Tip Dunk Shot,2PT Field Goal,Restricted Area,Center(C),Less Than 8 ft.,0,0,-6,1,1,20190409,OKC,HOU
Shot Chart Detail,0021801218,519,203457,Nerlens Noel,1610612760,Oklahoma City Thunder,4,9,7,Made Shot,Floating Jump shot,2PT Field Goal,In The Paint (Non-RA),Center(C),8-16 ft.,8,-35,78,1,1,20190409,OKC,HOU
Shot Chart Detail,0021801226,121,203457,Nerlens Noel,1610612760,Oklahoma City Thunder,1,2,6,Missed Shot,Jump Shot,2PT Field Goal,Mid-Range,Left Side(L),8-16 ft.,11,-110,2,1,0,20190410,MIL,OKC
Shot Chart Detail,0021801226,125,203457,Nerlens Noel,1610612760,Oklahoma City Thunder,1,1,36,Made Shot,Alley Oop Dunk Shot,2PT Field Goal,Restricted Area,Center(C),Less Than 8 ft.,1,-13,10,1,1,20190410,MIL,OKC
Shot Chart Detail,0021801226,129,203457,Nerlens Noel,1610612760,Oklahoma City Thunder,1,1,19,Missed Shot,Alley Oop Layup shot,2PT Field Goal,Restricted Area,Center(C),Less Than 8 ft.,1,-6,18,1,0,20190410,MIL,OKC
