GRID_TYPE,GAME_ID,GAME_EVENT_ID,PLAYER_ID,PLAYER_NAME,TEAM_ID,TEAM_NAME,PERIOD,MINUTES_REMAINING,SECONDS_REMAINING,EVENT_TYPE,ACTION_TYPE,SHOT_TYPE,SHOT_ZONE_BASIC,SHOT_ZONE_AREA,SHOT_ZONE_RANGE,SHOT_DISTANCE,LOC_X,LOC_Y,SHOT_ATTEMPTED_FLAG,SHOT_MADE_FLAG,GAME_DATE,HTM,VTM
Shot Chart Detail,0021800012,186,203486,Mason Plumlee,1610612743,Denver Nuggets,2,10,19,Made Shot,Alley Oop Layup shot,2PT Field Goal,Restricted Area,Center(C),Less Than 8 ft.,1,15,11,1,1,20181017,LAC,DEN
Shot Chart Detail,0021800012,562,203486,Mason Plumlee,1610612743,Denver Nuggets,4,9,16,Missed Shot,Cutting Finger Roll Layup Shot,2PT Field Goal,Restricted Area,Center(C),Less Than 8 ft.,2,-21,15,1,0,20181017,LAC,DEN
Shot Chart Detail,0021800012,577,203486,Mason Plumlee,1610612743,Denver Nuggets,4,8,14,Missed Shot,Tip Dunk Shot,2PT Field Goal,Restricted Area,Center(C),Less Than 8 ft.,0,0,-6,1,0,20181017,LAC,DEN
Shot Chart Detail,0021800033,137,203486,Mason Plumlee,1610612743,Denver Nuggets,1,1,49,Missed Shot,Hook Shot,2PT Field Goal,In The Paint (Non-RA),Center(C),Less Than 8 ft.,7,74,13,1,0,20181020,DEN,PHX
Shot Chart Detail,0021800033,198,203486,Mason Plumlee,1610612743,Denver Nuggets,2,10,34,Made Shot,Hook Shot,2PT Field Goal,In The Paint (Non-RA),Center(C),Less Than 8 ft.,5,-1,53,1,1,20181020,DEN,PHX
Shot Chart Detail,0021800033,548,203486,Mason Plumlee,1610612743,Denver Nuggets,3,0,0,Missed Shot,Jump Shot,3PT Field Goal,Above the Break 3,Right Side Center(RC),24+ ft.,31,177,266,1,0,20181020,DEN,PHX
Shot Chart Detail,0021800033,717,203486,Mason Plumlee,1610612743,Denver Nuggets,4,2,57,Made Shot,Tip Layup Shot,2PT Field Goal,Restricted Area,Center(C),Less Than 8 ft.,0,0,-6,1,1,20181020,DEN,PHX
Shot Chart Detail,0021800038,163,203486,Mason Plumlee,1610612743,Denver Nuggets,1,1,49,Made Shot,Cutting Dunk Shot,2PT Field Goal,Restricted Area,Center(C),Less Than 8 ft.,2,-6,20,1,1,20181021,DEN,GSW
Shot Chart Detail,0021800038,177,203486,Mason Plumlee,1610612743,Denver Nuggets,1,0,32,Missed Shot,Hook Shot,2PT Field Goal,In The Paint (Non-RA),Center(C),Less Than 8 ft.,5,-19,47,1,0,20181021,DEN,GSW
Shot Chart Detail,0021800038,214,203486,Mason Plumlee,1610612743,Denver Nuggets,2,10,0,Missed Shot,Tip Layup Shot,2PT Field Goal,Restricted Area,Center(C),Less Than 8 ft.,0,0,-6,1,0,20181021,DEN,GSW
Shot Chart Detail,0021800038,234,203486,Mason Plumlee,1610612743,Denver Nuggets,2,8,48,Made Shot,Running Reverse Dunk Shot,2PT Field Goal,Restricted Area,Center(C),Less Than 8 ft.,1,-1,10,1,1,20181021,DEN,GSW
Shot Chart Detail,0021800038,533,203486,Mason Plumlee,1610612743,Denver Nuggets,3,1,29,Made Shot,Turnaround Fadeaway Bank Jump Shot,2PT Field Goal,Restricted Area,Center(C),Less Than 8 ft.,3,23,24,1,1,20181021,DEN,GSW
Shot Chart Detail,0021800038,544,203486,Mason Plumlee,1610612743,Denver Nuggets,3,0,37,Made Shot,Reverse Layup Shot,2PT Field Goal,Restricted Area,Center(C),Less Than 8 ft.,1,3,13,1,1,20181021,DEN,GSW
Shot Chart Detail,0021800051,168,203486,Mason Plumlee,1610612743,Denver Nuggets,2,11,14,Made Shot,Running Jump Shot,2PT Field Goal,Restricted Area,Center(C),Less Than 8 ft.,0,0,6,1,1,20181023,DEN,SAC
Shot Chart Detail,0021800051,445,203486,Mason Plumlee,1610612743,Denver Nuggets,3,3,37,Made Shot,Putback Dunk Shot,2PT Field Goal,Restricted Area,Center(C),Less Than 8 ft.,0,0,-6,1,1,20181023,DEN,SAC
Shot Chart Detail,0021800051,470,203486,Mason Plumlee,1610612743,Denver Nuggets,3,2,10,Made Shot,Alley Oop Dunk Shot,2PT Field Goal,Restricted Area,Center(C),Less Than 8 ft.,1,1,10,1,1,20181023,DEN,SAC
Shot Chart Detail,0021800051,524,203486,Mason Plumlee,1610612743,Denver Nuggets,4,11,24,Missed Shot,Alley Oop Dunk Shot,2PT Field Goal,Restricted Area,Center(C),Less Than 8 ft.,2,-1,29,1,0,20181023,DEN,SAC
Shot Chart Detail,0021800051,505,203486,Mason Plumlee,1610612743,Denver Nuggets,4,11,21,Made Shot,Dunk Shot,2PT Field Goal,Restricted Area,Center(C),Less Than 8 ft.,0,-4,1,1,1,20181023,DEN,SAC
Shot Chart Detail,0021800051,566,203486,Mason Plumlee,1610612743,Denver Nuggets,4,6,1,Missed Shot,Putback Layup Shot,2PT Field Goal,Restricted Area,Center(C),Less Than 8 ft.,0,0,-6,1,0,20181023,DEN,SAC
Shot Chart Detail,0021800051,586,203486,Mason Plumlee,1610612743,Denver Nuggets,4,4,44,Made Shot,Alley Oop Layup shot,2PT Field Goal,Restricted Area,Center(C),Less Than 8 ft.,1,-3,11,1,1,20181023,DEN,SAC
Shot Chart Detail,0021800066,172,203486,Mason Plumlee,1610612743,Denver Nuggets,1,0,32,Made Shot,Cutting Layup Shot,2PT Field Goal,Restricted Area,Center(C),Less Than 8 ft.,1,6,13,1,1,20181025,LAL,DEN
Shot Chart Detail,0021800066,208,203486,Mason Plumlee,1610612743,Denver Nuggets,2,9,48,Made Shot,Driving Dunk Shot,2PT Field Goal,Restricted Area,Center(C),Less Than 8 ft.,1,-1,10,1,1,20181025,LAL,DEN
Shot Chart Detail,0021800066,221,203486,Mason Plumlee,1610612743,Denver Nuggets,2,9,4,Made Shot,Tip Layup Shot,2PT Field Goal,Restricted Area,Center(C),Less Than 8 ft.,0,0,-6,1,1,20181025,LAL,DEN
Shot Chart Detail,0021800066,516,203486,Mason Plumlee,1610612743,Denver Nuggets,4,11,41,Made Shot,Hook Shot,2PT Field Goal,In The Paint (Non-RA),Center(C),Less Than 8 ft.,7,7,78,1,1,20181025,LAL,DEN
Shot Chart Detail,0021800066,563,203486,Mason Plumlee,1610612743,Denver Nuggets,4,7,23,Made Shot,Running Alley Oop Dunk Shot,2PT Field Goal,Restricted Area,Center(C),Less Than 8 ft.,1,6,13,1,1,20181025,LAL,DEN
Shot Chart Detail,0021800066,577,203486,Mason Plumlee,1610612743,Denver Nuggets,4,6,19,Missed Shot,Hook Shot,2PT Field Goal,In The Paint (Non-RA),Center(C),8-16 ft.,10,7,108,1,0,20181025,LAL,DEN
Shot Chart Detail,0021800095,225,203486,Mason Plumlee,1610612743,Denver Nuggets,2,6,17,Made Shot,Tip Layup Shot,2PT Field Goal,Restricted Area,Center(C),Less Than 8 ft.,0,0,-6,1,1,20181029,DEN,NOP
Shot Chart Detail,0021800095,515,203486,Mason Plumlee,1610612743,Denver Nuggets,4,11,19,Missed Shot,Hook Shot,2PT Field Goal,Restricted Area,Center(C),Less Than 8 ft.,2,-2,27,1,0,20181029,DEN,NOP
Shot Chart Detail,0021800106,145,203486,Mason Plumlee,1610612743,Denver Nuggets,1,0,49,Made Shot,Jump Shot,2PT Field Goal,Mid-Range,Left Side Center(LC),16-24 ft.,17,-79,157,1,1,20181031,CHI,DEN
Shot Chart Detail,0021800106,164,203486,Mason Plumlee,1610612743,Denver Nuggets,2,10,51,Made Shot,Reverse Layup Shot,2PT Field Goal,Restricted Area,Center(C),Less Than 8 ft.,2,-7,29,1,1,20181031,CHI,DEN
Shot Chart Detail,0021800106,208,203486,Mason Plumlee,1610612743,Denver Nuggets,2,6,35,Made Shot,Reverse Dunk Shot,2PT Field Goal,Restricted Area,Center(C),Less Than 8 ft.,1,-12,11,1,1,20181031,CHI,DEN
Shot Chart Detail,0021800106,434,203486,Mason Plumlee,1610612743,Denver Nuggets,3,3,20,Made Shot,Alley Oop Dunk Shot,2PT Field Goal,Restricted Area,Center(C),Less Than 8 ft.,0,-6,5,1,1,20181031,CHI,DEN
Shot Chart Detail,0021800106,496,203486,Mason Plumlee,1610612743,Denver Nuggets,4,11,6,Made Shot,Reverse Layup Shot,2PT Field Goal,Restricted Area,Center(C),Less Than 8 ft.,2,12,16,1,1,20181031,CHI,DEN
Shot Chart Detail,0021800106,527,203486,Mason Plumlee,1610612743,Denver Nuggets,4,8,51,Made Shot,Putback Layup Shot,2PT Field Goal,Restricted Area,Center(C),Less Than 8 ft.,0,0,-6,1,1,20181031,CHI,DEN
Shot Chart Detail,0021800106,558,203486,Mason Plumlee,1610612743,Denver Nuggets,4,6,18,Missed Shot,Turnaround Jump Shot,2PT Field Goal,In The Paint (Non-RA),Center(C),Less Than 8 ft.,4,3,40,1,0,20181031,CHI,DEN
Shot Chart Detail,0021800112,78,203486,Mason Plumlee,1610612743,Denver Nuggets,1,4,16,Made Shot,Cutting Layup Shot,2PT Field Goal,Restricted Area,Center(C),Less Than 8 ft.,2,11,22,1,1,20181101,CLE,DEN
Shot Chart Detail,0021800112,100,203486,Mason Plumlee,1610612743,Denver Nuggets,1,2,58,Missed Shot,Layup Shot,2PT Field Goal,Restricted Area,Center(C),Less Than 8 ft.,3,19,35,1,0,20181101,CLE,DEN
Shot Chart Detail,0021800112,167,203486,Mason Plumlee,1610612743,Denver Nuggets,2,9,20,Made Shot,Dunk Shot,2PT Field Goal,Restricted Area,Center(C),Less Than 8 ft.,2,12,21,1,1,20181101,CLE,DEN
Shot Chart Detail,0021800112,180,203486,Mason Plumlee,1610612743,Denver Nuggets,2,8,31,Missed Shot,Jump Shot,2PT Field Goal,Restricted Area,Center(C),Less Than 8 ft.,2,21,10,1,0,20181101,CLE,DEN
Shot Chart Detail,0021800112,427,203486,Mason Plumlee,1610612743,Denver Nuggets,3,2,46,Missed Shot,Hook Shot,2PT Field Goal,In The Paint (Non-RA),Left Side(L),8-16 ft.,9,-56,78,1,0,20181101,CLE,DEN
Shot Chart Detail,0021800112,450,203486,Mason Plumlee,1610612743,Denver Nuggets,3,0,29,Made Shot,Driving Hook Shot,2PT Field Goal,In The Paint (Non-RA),Center(C),Less Than 8 ft.,7,-66,39,1,1,20181101,CLE,DEN
Shot Chart Detail,0021800112,482,203486,Mason Plumlee,1610612743,Denver Nuggets,4,9,52,Made Shot,Driving Hook Shot,2PT Field Goal,In The Paint (Non-RA),Center(C),8-16 ft.,13,-39,127,1,1,20181101,CLE,DEN
Shot Chart Detail,0021800112,567,203486,Mason Plumlee,1610612743,Denver Nuggets,4,4,14,Made Shot,Turnaround Hook Shot,2PT Field Goal,Mid-Range,Left Side(L),8-16 ft.,11,-114,22,1,1,20181101,CLE,DEN
Shot Chart Detail,0021800131,126,203486,Mason Plumlee,1610612743,Denver Nuggets,1,2,25,Made Shot,Dunk Shot,2PT Field Goal,Restricted Area,Center(C),Less Than 8 ft.,0,-4,8,1,1,20181103,DEN,UTA
Shot Chart Detail,0021800131,163,203486,Mason Plumlee,1610612743,Denver Nuggets,2,11,41,Missed Shot,Hook Shot,2PT Field Goal,In The Paint (Non-RA),Center(C),Less Than 8 ft.,4,-26,37,1,0,20181103,DEN,UTA
Shot Chart Detail,0021800131,190,203486,Mason Plumlee,1610612743,Denver Nuggets,2,9,8,Made Shot,Driving Layup Shot,2PT Field Goal,Restricted Area,Center(C),Less Than 8 ft.,1,-15,-1,1,1,20181103,DEN,UTA
Shot Chart Detail,0021800131,545,203486,Mason Plumlee,1610612743,Denver Nuggets,4,8,39,Made Shot,Jump Shot,3PT Field Goal,Above the Break 3,Right Side Center(RC),24+ ft.,24,192,146,1,1,20181103,DEN,UTA
Shot Chart Detail,0021800131,555,203486,Mason Plumlee,1610612743,Denver Nuggets,4,7,58,Missed Shot,Reverse Layup Shot,2PT Field Goal,Restricted Area,Center(C),Less Than 8 ft.,2,9,23,1,0,20181103,DEN,UTA
Shot Chart Detail,0021800145,139,203486,Mason Plumlee,1610612743,Denver Nuggets,1,0,3,Missed Shot,Putback Layup Shot,2PT Field Goal,Restricted Area,Center(C),Less Than 8 ft.,0,0,-6,1,0,20181105,DEN,BOS
Shot Chart Detail,0021800145,144,203486,Mason Plumlee,1610612743,Denver Nuggets,1,0,2,Missed Shot,Tip Layup Shot,2PT Field Goal,Restricted Area,Center(C),Less Than 8 ft.,1,5,9,1,0,20181105,DEN,BOS
Shot Chart Detail,0021800145,141,203486,Mason Plumlee,1610612743,Denver Nuggets,1,0,0,Missed Shot,Jump Shot,2PT Field Goal,Mid-Range,Left Side(L),8-16 ft.,10,-108,-20,1,0,20181105,DEN,BOS
Shot Chart Detail,0021800145,174,203486,Mason Plumlee,1610612743,Denver Nuggets,2,9,46,Made Shot,Alley Oop Dunk Shot,2PT Field Goal,Restricted Area,Center(C),Less Than 8 ft.,1,-13,1,1,1,20181105,DEN,BOS
Shot Chart Detail,0021800158,190,203486,Mason Plumlee,1610612743,Denver Nuggets,2,9,22,Missed Shot,Driving Hook Shot,2PT Field Goal,In The Paint (Non-RA),Center(C),Less Than 8 ft.,7,35,71,1,0,20181107,MEM,DEN
Shot Chart Detail,0021800158,440,203486,Mason Plumlee,1610612743,Denver Nuggets,3,3,15,Made Shot,Alley Oop Dunk Shot,2PT Field Goal,Restricted Area,Center(C),Less Than 8 ft.,0,-6,5,1,1,20181107,MEM,DEN
Shot Chart Detail,0021800158,490,203486,Mason Plumlee,1610612743,Denver Nuggets,4,11,27,Made Shot,Alley Oop Dunk Shot,2PT Field Goal,Restricted Area,Center(C),Less Than 8 ft.,1,9,8,1,1,20181107,MEM,DEN
Shot Chart Detail,0021800158,496,203486,Mason Plumlee,1610612743,Denver Nuggets,4,10,42,Made Shot,Cutting Dunk Shot,2PT Field Goal,Restricted Area,Center(C),Less Than 8 ft.,1,-13,-2,1,1,20181107,MEM,DEN
Shot Chart Detail,0021800158,506,203486,Mason Plumlee,1610612743,Denver Nuggets,4,9,52,Missed Shot,Tip Layup Shot,2PT Field Goal,Restricted Area,Center(C),Less Than 8 ft.,0,0,-6,1,0,20181107,MEM,DEN
Shot Chart Detail,0021800158,534,203486,Mason Plumlee,1610612743,Denver Nuggets,4,6,40,Made Shot,Turnaround Hook Shot,2PT Field Goal,In The Paint (Non-RA),Center(C),Less Than 8 ft.,5,-41,43,1,1,20181107,MEM,DEN
Shot Chart Detail,0021800171,534,203486,Mason Plumlee,1610612743,Denver Nuggets,4,10,16,Missed Shot,Hook Shot,2PT Field Goal,In The Paint (Non-RA),Center(C),Less Than 8 ft.,4,-40,28,1,0,20181109,DEN,BKN
Shot Chart Detail,0021800171,579,203486,Mason Plumlee,1610612743,Denver Nuggets,4,7,48,Made Shot,Dunk Shot,2PT Field Goal,Restricted Area,Center(C),Less Than 8 ft.,0,-1,8,1,1,20181109,DEN,BKN
Shot Chart Detail,0021800187,462,203486,Mason Plumlee,1610612743,Denver Nuggets,3,0,0,Missed Shot,Jump Shot,3PT Field Goal,Backcourt,Back Court(BC),Back Court Shot,59,120,578,1,0,20181111,DEN,MIL
Shot Chart Detail,0021800200,172,203486,Mason Plumlee,1610612743,Denver Nuggets,2,9,41,Made Shot,Dunk Shot,2PT Field Goal,Restricted Area,Center(C),Less Than 8 ft.,1,-11,16,1,1,20181113,DEN,HOU
Shot Chart Detail,0021800200,449,203486,Mason Plumlee,1610612743,Denver Nuggets,3,1,0,Missed Shot,Turnaround Hook Shot,2PT Field Goal,Restricted Area,Center(C),Less Than 8 ft.,3,6,36,1,0,20181113,DEN,HOU
Shot Chart Detail,0021800200,508,203486,Mason Plumlee,1610612743,Denver Nuggets,4,6,47,Missed Shot,Turnaround Hook Shot,2PT Field Goal,Restricted Area,Center(C),Less Than 8 ft.,2,3,26,1,0,20181113,DEN,HOU
Shot Chart Detail,0021800200,518,203486,Mason Plumlee,1610612743,Denver Nuggets,4,6,6,Missed Shot,Turnaround Hook Shot,2PT Field Goal,In The Paint (Non-RA),Center(C),Less Than 8 ft.,5,-8,56,1,0,20181113,DEN,HOU
Shot Chart Detail,0021800214,135,203486,Mason Plumlee,1610612743,Denver Nuggets,1,2,42,Missed Shot,Hook Shot,2PT Field Goal,In The Paint (Non-RA),Center(C),Less Than 8 ft.,7,8,74,1,0,20181115,DEN,ATL
Shot Chart Detail,0021800214,531,203486,Mason Plumlee,1610612743,Denver Nuggets,3,1,54,Made Shot,Alley Oop Layup shot,2PT Field Goal,Restricted Area,Center(C),Less Than 8 ft.,1,-13,14,1,1,20181115,DEN,ATL
Shot Chart Detail,0021800214,643,203486,Mason Plumlee,1610612743,Denver Nuggets,4,6,49,Made Shot,Putback Dunk Shot,2PT Field Goal,Restricted Area,Center(C),Less Than 8 ft.,1,-3,13,1,1,20181115,DEN,ATL
Shot Chart Detail,0021800228,135,203486,Mason Plumlee,1610612743,Denver Nuggets,1,1,45,Missed Shot,Jump Shot,2PT Field Goal,In The Paint (Non-RA),Center(C),Less Than 8 ft.,5,-4,53,1,0,20181117,NOP,DEN
Shot Chart Detail,0021800228,151,203486,Mason Plumlee,1610612743,Denver Nuggets,1,0,30,Made Shot,Hook Shot,2PT Field Goal,Restricted Area,Center(C),Less Than 8 ft.,3,3,35,1,1,20181117,NOP,DEN
Shot Chart Detail,0021800228,155,203486,Mason Plumlee,1610612743,Denver Nuggets,1,0,0,Missed Shot,Jump Shot,2PT Field Goal,Mid-Range,Left Side Center(LC),16-24 ft.,19,-139,137,1,0,20181117,NOP,DEN
Shot Chart Detail,0021800228,226,203486,Mason Plumlee,1610612743,Denver Nuggets,2,7,16,Made Shot,Driving Dunk Shot,2PT Field Goal,Restricted Area,Center(C),Less Than 8 ft.,0,-3,-1,1,1,20181117,NOP,DEN
Shot Chart Detail,0021800245,152,203486,Mason Plumlee,1610612743,Denver Nuggets,1,0,52,Made Shot,Alley Oop Dunk Shot,2PT Field Goal,Restricted Area,Center(C),Less Than 8 ft.,2,10,23,1,1,20181119,MIL,DEN
Shot Chart Detail,0021800245,565,203486,Mason Plumlee,1610612743,Denver Nuggets,4,6,41,Missed Shot,Putback Layup Shot,2PT Field Goal,Restricted Area,Center(C),Less Than 8 ft.,0,6,-4,1,0,20181119,MIL,DEN
Shot Chart Detail,0021800245,558,203486,Mason Plumlee,1610612743,Denver Nuggets,4,6,39,Made Shot,Putback Layup Shot,2PT Field Goal,Restricted Area,Center(C),Less Than 8 ft.,1,-14,14,1,1,20181119,MIL,DEN
Shot Chart Detail,0021800260,180,203486,Mason Plumlee,1610612743,Denver Nuggets,2,7,16,Missed Shot,Driving Layup Shot,2PT Field Goal,In The Paint (Non-RA),Center(C),Less Than 8 ft.,4,-30,36,1,0,20181121,MIN,DEN
Shot Chart Detail,0021800260,184,203486,Mason Plumlee,1610612743,Denver Nuggets,2,6,39,Made Shot,Reverse Layup Shot,2PT Field Goal,Restricted Area,Center(C),Less Than 8 ft.,1,-2,13,1,1,20181121,MIN,DEN
Shot Chart Detail,0021800260,482,203486,Mason Plumlee,1610612743,Denver Nuggets,4,9,20,Made Shot,Driving Layup Shot,2PT Field Goal,Restricted Area,Center(C),Less Than 8 ft.,0,2,8,1,1,20181121,MIN,DEN
Shot Chart Detail,0021800276,186,203486,Mason Plumlee,1610612743,Denver Nuggets,2,9,16,Made Shot,Reverse Layup Shot,2PT Field Goal,Restricted Area,Center(C),Less Than 8 ft.,2,-16,16,1,1,20181123,DEN,ORL
Shot Chart Detail,0021800276,205,203486,Mason Plumlee,1610612743,Denver Nuggets,2,8,24,Made Shot,Tip Layup Shot,2PT Field Goal,Restricted Area,Center(C),Less Than 8 ft.,0,0,-6,1,1,20181123,DEN,ORL
Shot Chart Detail,0021800276,219,203486,Mason Plumlee,1610612743,Denver Nuggets,2,6,45,Missed Shot,Driving Layup Shot,2PT Field Goal,Restricted Area,Center(C),Less Than 8 ft.,3,0,39,1,0,20181123,DEN,ORL
Shot Chart Detail,0021800276,467,203486,Mason Plumlee,1610612743,Denver Nuggets,3,0,0,Missed Shot,Layup Shot,2PT Field Goal,Restricted Area,Center(C),Less Than 8 ft.,2,16,16,1,0,20181123,DEN,ORL
Shot Chart Detail,0021800276,489,203486,Mason Plumlee,1610612743,Denver Nuggets,4,11,4,Made Shot,Alley Oop Dunk Shot,2PT Field Goal,Restricted Area,Center(C),Less Than 8 ft.,1,-11,4,1,1,20181123,DEN,ORL
Shot Chart Detail,0021800276,502,203486,Mason Plumlee,1610612743,Denver Nuggets,4,9,50,Made Shot,Putback Layup Shot,2PT Field Goal,Restricted Area,Center(C),Less Than 8 ft.,0,0,-6,1,1,20181123,DEN,ORL
Shot Chart Detail,0021800276,505,203486,Mason Plumlee,1610612743,Denver Nuggets,4,9,9,Made Shot,Finger Roll Layup Shot,2PT Field Goal,Restricted Area,Center(C),Less Than 8 ft.,2,-3,26,1,1,20181123,DEN,ORL
Shot Chart Detail,0021800276,551,203486,Mason Plumlee,1610612743,Denver Nuggets,4,6,4,Made Shot,Alley Oop Dunk Shot,2PT Field Goal,Restricted Area,Center(C),Less Than 8 ft.,0,1,8,1,1,20181123,DEN,ORL
Shot Chart Detail,0021800282,130,203486,Mason Plumlee,1610612743,Denver Nuggets,1,3,16,Missed Shot,Turnaround Hook Shot,2PT Field Goal,In The Paint (Non-RA),Center(C),Less Than 8 ft.,7,-1,71,1,0,20181124,OKC,DEN
Shot Chart Detail,0021800282,145,203486,Mason Plumlee,1610612743,Denver Nuggets,1,2,5,Made Shot,Turnaround Hook Shot,2PT Field Goal,Restricted Area,Center(C),Less Than 8 ft.,1,0,10,1,1,20181124,OKC,DEN
Shot Chart Detail,0021800282,213,203486,Mason Plumlee,1610612743,Denver Nuggets,2,8,56,Made Shot,Cutting Dunk Shot,2PT Field Goal,Restricted Area,Center(C),Less Than 8 ft.,1,-8,7,1,1,20181124,OKC,DEN
Shot Chart Detail,0021800282,250,203486,Mason Plumlee,1610612743,Denver Nuggets,2,6,22,Made Shot,Driving Layup Shot,2PT Field Goal,Restricted Area,Center(C),Less Than 8 ft.,1,-8,11,1,1,20181124,OKC,DEN
Shot Chart Detail,0021800282,356,203486,Mason Plumlee,1610612743,Denver Nuggets,2,0,34,Missed Shot,Layup Shot,2PT Field Goal,Restricted Area,Center(C),Less Than 8 ft.,1,14,10,1,0,20181124,OKC,DEN
Shot Chart Detail,0021800282,456,203486,Mason Plumlee,1610612743,Denver Nuggets,3,5,57,Made Shot,Cutting Dunk Shot,2PT Field Goal,Restricted Area,Center(C),Less Than 8 ft.,0,-8,4,1,1,20181124,OKC,DEN
Shot Chart Detail,0021800282,471,203486,Mason Plumlee,1610612743,Denver Nuggets,3,4,45,Missed Shot,Turnaround Hook Shot,2PT Field Goal,Restricted Area,Center(C),Less Than 8 ft.,1,12,1,1,0,20181124,OKC,DEN
Shot Chart Detail,0021800282,481,203486,Mason Plumlee,1610612743,Denver Nuggets,3,4,11,Missed Shot,Layup Shot,2PT Field Goal,Restricted Area,Center(C),Less Than 8 ft.,1,6,11,1,0,20181124,OKC,DEN
Shot Chart Detail,0021800304,127,203486,Mason Plumlee,1610612743,Denver Nuggets,1,2,37,Missed Shot,Pullup Jump shot,2PT Field Goal,Mid-Range,Left Side Center(LC),16-24 ft.,17,-81,158,1,0,20181127,DEN,LAL
Shot Chart Detail,0021800304,155,203486,Mason Plumlee,1610612743,Denver Nuggets,1,1,0,Made Shot,Alley Oop Dunk Shot,2PT Field Goal,Restricted Area,Center(C),Less Than 8 ft.,1,-5,11,1,1,20181127,DEN,LAL
Shot Chart Detail,0021800304,194,203486,Mason Plumlee,1610612743,Denver Nuggets,2,8,38,Made Shot,Layup Shot,2PT Field Goal,Restricted Area,Center(C),Less Than 8 ft.,1,6,8,1,1,20181127,DEN,LAL
Shot Chart Detail,0021800304,211,203486,Mason Plumlee,1610612743,Denver Nuggets,2,7,33,Made Shot,Layup Shot,2PT Field Goal,Restricted Area,Center(C),Less Than 8 ft.,2,-11,20,1,1,20181127,DEN,LAL
Shot Chart Detail,0021800304,478,203486,Mason Plumlee,1610612743,Denver Nuggets,3,0,1,Made Shot,Putback Layup Shot,2PT Field Goal,Restricted Area,Center(C),Less Than 8 ft.,0,0,-6,1,1,20181127,DEN,LAL
Shot Chart Detail,0021800304,491,203486,Mason Plumlee,1610612743,Denver Nuggets,4,11,37,Missed Shot,Turnaround Hook Shot,2PT Field Goal,Mid-Range,Right Side(R),8-16 ft.,8,83,-1,1,0,20181127,DEN,LAL
Shot Chart Detail,0021800304,567,203486,Mason Plumlee,1610612743,Denver Nuggets,4,5,17,Made Shot,Tip Dunk Shot,2PT Field Goal,Restricted Area,Center(C),Less Than 8 ft.,0,0,-6,1,1,20181127,DEN,LAL
Shot Chart Detail,0021800329,432,203486,Mason Plumlee,1610612743,Denver Nuggets,3,2,32,Made Shot,Driving Layup Shot,2PT Field Goal,Restricted Area,Center(C),Less Than 8 ft.,2,-14,15,1,1,20181130,POR,DEN
Shot Chart Detail,0021800329,489,203486,Mason Plumlee,1610612743,Denver Nuggets,4,11,41,Missed Shot,Turnaround Hook Shot,2PT Field Goal,In The Paint (Non-RA),Center(C),Less Than 8 ft.,4,-14,42,1,0,20181130,POR,DEN
Shot Chart Detail,0021800329,524,203486,Mason Plumlee,1610612743,Denver Nuggets,4,9,0,Missed Shot,Turnaround Hook Shot,2PT Field Goal,In The Paint (Non-RA),Center(C),Less Than 8 ft.,5,-25,44,1,0,20181130,POR,DEN
Shot Chart Detail,0021800347,144,203486,Mason Plumlee,1610612743,Denver Nuggets,1,1,12,Missed Shot,Driving Layup Shot,2PT Field Goal,Restricted Area,Center(C),Less Than 8 ft.,1,-13,4,1,0,20181203,TOR,DEN
Shot Chart Detail,0021800347,448,203486,Mason Plumlee,1610612743,Denver Nuggets,3,3,15,Made Shot,Alley Oop Layup shot,2PT Field Goal,Restricted Area,Center(C),Less Than 8 ft.,0,0,8,1,1,20181203,TOR,DEN
Shot Chart Detail,0021800347,493,203486,Mason Plumlee,1610612743,Denver Nuggets,3,0,33,Made Shot,Tip Layup Shot,2PT Field Goal,Restricted Area,Center(C),Less Than 8 ft.,0,0,-6,1,1,20181203,TOR,DEN
Shot Chart Detail,0021800347,500,203486,Mason Plumlee,1610612743,Denver Nuggets,4,11,44,Missed Shot,Cutting Layup Shot,2PT Field Goal,Restricted Area,Center(C),Less Than 8 ft.,2,22,12,1,0,20181203,TOR,DEN
Shot Chart Detail,0021800347,502,203486,Mason Plumlee,1610612743,Denver Nuggets,4,11,41,Missed Shot,Tip Layup Shot,2PT Field Goal,Restricted Area,Center(C),Less Than 8 ft.,0,0,-6,1,0,20181203,TOR,DEN
Shot Chart Detail,0021800347,531,203486,Mason Plumlee,1610612743,Denver Nuggets,4,8,40,Missed Shot,Tip Layup Shot,2PT Field Goal,Restricted Area,Center(C),Less Than 8 ft.,0,0,-6,1,0,20181203,TOR,DEN
Shot Chart Detail,0021800356,99,203486,Mason Plumlee,1610612743,Denver Nuggets,1,2,36,Made Shot,Alley Oop Dunk Shot,2PT Field Goal,Restricted Area,Center(C),Less Than 8 ft.,1,-9,16,1,1,20181205,ORL,DEN
Shot Chart Detail,0021800356,115,203486,Mason Plumlee,1610612743,Denver Nuggets,1,1,24,Made Shot,Hook Bank Shot,2PT Field Goal,Restricted Area,Center(C),Less Than 8 ft.,3,5,31,1,1,20181205,ORL,DEN
Shot Chart Detail,0021800356,170,203486,Mason Plumlee,1610612743,Denver Nuggets,2,7,12,Made Shot,Turnaround Fadeaway shot,2PT Field Goal,In The Paint (Non-RA),Center(C),8-16 ft.,11,26,109,1,1,20181205,ORL,DEN
Shot Chart Detail,0021800368,169,203486,Mason Plumlee,1610612743,Denver Nuggets,2,11,43,Made Shot,Dunk Shot,2PT Field Goal,Restricted Area,Center(C),Less Than 8 ft.,1,8,10,1,1,20181207,CHA,DEN
Shot Chart Detail,0021800368,210,203486,Mason Plumlee,1610612743,Denver Nuggets,2,7,51,Made Shot,Alley Oop Dunk Shot,2PT Field Goal,Restricted Area,Center(C),Less Than 8 ft.,1,-8,8,1,1,20181207,CHA,DEN
Shot Chart Detail,0021800368,226,203486,Mason Plumlee,1610612743,Denver Nuggets,2,6,30,Made Shot,Layup Shot,2PT Field Goal,Restricted Area,Center(C),Less Than 8 ft.,3,5,36,1,1,20181207,CHA,DEN
Shot Chart Detail,0021800368,552,203486,Mason Plumlee,1610612743,Denver Nuggets,4,9,3,Missed Shot,Layup Shot,2PT Field Goal,Restricted Area,Center(C),Less Than 8 ft.,2,16,13,1,0,20181207,CHA,DEN
Shot Chart Detail,0021800368,595,203486,Mason Plumlee,1610612743,Denver Nuggets,4,6,48,Missed Shot,Layup Shot,2PT Field Goal,Restricted Area,Center(C),Less Than 8 ft.,2,6,21,1,0,20181207,CHA,DEN
Shot Chart Detail,0021800380,110,203486,Mason Plumlee,1610612743,Denver Nuggets,1,4,41,Missed Shot,Layup Shot,2PT Field Goal,In The Paint (Non-RA),Center(C),Less Than 8 ft.,4,-46,16,1,0,20181208,ATL,DEN
Shot Chart Detail,0021800380,155,203486,Mason Plumlee,1610612743,Denver Nuggets,1,1,54,Made Shot,Jump Shot,2PT Field Goal,Mid-Range,Right Side Center(RC),16-24 ft.,21,84,193,1,1,20181208,ATL,DEN
Shot Chart Detail,0021800380,253,203486,Mason Plumlee,1610612743,Denver Nuggets,2,6,55,Made Shot,Driving Layup Shot,2PT Field Goal,Restricted Area,Center(C),Less Than 8 ft.,1,-3,11,1,1,20181208,ATL,DEN
Shot Chart Detail,0021800380,504,203486,Mason Plumlee,1610612743,Denver Nuggets,3,2,0,Missed Shot,Layup Shot,2PT Field Goal,Restricted Area,Center(C),Less Than 8 ft.,0,3,2,1,0,20181208,ATL,DEN
Shot Chart Detail,0021800380,685,203486,Mason Plumlee,1610612743,Denver Nuggets,4,3,43,Made Shot,Running Dunk Shot,2PT Field Goal,Restricted Area,Center(C),Less Than 8 ft.,0,0,8,1,1,20181208,ATL,DEN
Shot Chart Detail,0021800398,13,203486,Mason Plumlee,1610612743,Denver Nuggets,1,10,47,Missed Shot,Hook Shot,2PT Field Goal,Restricted Area,Center(C),Less Than 8 ft.,3,5,38,1,0,20181210,DEN,MEM
Shot Chart Detail,0021800398,77,203486,Mason Plumlee,1610612743,Denver Nuggets,1,4,52,Missed Shot,Layup Shot,2PT Field Goal,Restricted Area,Center(C),Less Than 8 ft.,2,-7,27,1,0,20181210,DEN,MEM
Shot Chart Detail,0021800398,173,203486,Mason Plumlee,1610612743,Denver Nuggets,2,8,26,Made Shot,Driving Dunk Shot,2PT Field Goal,Restricted Area,Center(C),Less Than 8 ft.,1,5,13,1,1,20181210,DEN,MEM
Shot Chart Detail,0021800398,220,203486,Mason Plumlee,1610612743,Denver Nuggets,2,5,10,Made Shot,Tip Dunk Shot,2PT Field Goal,Restricted Area,Center(C),Less Than 8 ft.,0,0,-6,1,1,20181210,DEN,MEM
Shot Chart Detail,0021800398,239,203486,Mason Plumlee,1610612743,Denver Nuggets,2,3,0,Made Shot,Cutting Dunk Shot,2PT Field Goal,Restricted Area,Center(C),Less Than 8 ft.,1,-2,13,1,1,20181210,DEN,MEM
Shot Chart Detail,0021800398,331,203486,Mason Plumlee,1610612743,Denver Nuggets,3,8,45,Missed Shot,Reverse Dunk Shot,2PT Field Goal,Restricted Area,Center(C),Less Than 8 ft.,1,13,9,1,0,20181210,DEN,MEM
Shot Chart Detail,0021800398,340,203486,Mason Plumlee,1610612743,Denver Nuggets,3,7,34,Made Shot,Turnaround Hook Shot,2PT Field Goal,In The Paint (Non-RA),Center(C),Less Than 8 ft.,7,74,8,1,1,20181210,DEN,MEM
Shot Chart Detail,0021800398,433,203486,Mason Plumlee,1610612743,Denver Nuggets,3,0,36,Made Shot,Alley Oop Layup shot,2PT Field Goal,Restricted Area,Center(C),Less Than 8 ft.,1,-16,11,1,1,20181210,DEN,MEM
Shot Chart Detail,0021800398,449,203486,Mason Plumlee,1610612743,Denver Nuggets,4,11,41,Missed Shot,Driving Finger Roll Layup Shot,2PT Field Goal,In The Paint (Non-RA),Center(C),Less Than 8 ft.,4,1,42,1,0,20181210,DEN,MEM
Shot Chart Detail,0021800426,248,203486,Mason Plumlee,1610612743,Denver Nuggets,2,6,38,Made Shot,Hook Shot,2PT Field Goal,In The Paint (Non-RA),Center(C),Less Than 8 ft.,4,-9,39,1,1,20181214,DEN,OKC
Shot Chart Detail,0021800426,280,203486,Mason Plumlee,1610612743,Denver Nuggets,2,4,15,Missed Shot,Turnaround Hook Shot,2PT Field Goal,In The Paint (Non-RA),Center(C),Less Than 8 ft.,5,-24,48,1,0,20181214,DEN,OKC
Shot Chart Detail,0021800426,349,203486,Mason Plumlee,1610612743,Denver Nuggets,3,11,20,Missed Shot,Layup Shot,2PT Field Goal,Restricted Area,Center(C),Less Than 8 ft.,2,-16,16,1,0,20181214,DEN,OKC
Shot Chart Detail,0021800426,378,203486,Mason Plumlee,1610612743,Denver Nuggets,3,9,17,Missed Shot,Turnaround Jump Shot,2PT Field Goal,In The Paint (Non-RA),Center(C),Less Than 8 ft.,4,-19,36,1,0,20181214,DEN,OKC
Shot Chart Detail,0021800426,526,203486,Mason Plumlee,1610612743,Denver Nuggets,4,11,49,Missed Shot,Cutting Layup Shot,2PT Field Goal,Restricted Area,Center(C),Less Than 8 ft.,1,-15,4,1,0,20181214,DEN,OKC
Shot Chart Detail,0021800426,533,203486,Mason Plumlee,1610612743,Denver Nuggets,4,11,5,Made Shot,Hook Shot,2PT Field Goal,Restricted Area,Center(C),Less Than 8 ft.,2,5,29,1,1,20181214,DEN,OKC
Shot Chart Detail,0021800426,590,203486,Mason Plumlee,1610612743,Denver Nuggets,4,7,5,Made Shot,Alley Oop Dunk Shot,2PT Field Goal,Restricted Area,Center(C),Less Than 8 ft.,1,9,13,1,1,20181214,DEN,OKC
Shot Chart Detail,0021800442,41,203486,Mason Plumlee,1610612743,Denver Nuggets,1,9,2,Missed Shot,Layup Shot,2PT Field Goal,Restricted Area,Center(C),Less Than 8 ft.,1,13,13,1,0,20181216,DEN,TOR
Shot Chart Detail,0021800442,43,203486,Mason Plumlee,1610612743,Denver Nuggets,1,8,59,Missed Shot,Putback Layup Shot,2PT Field Goal,Restricted Area,Center(C),Less Than 8 ft.,0,0,-6,1,0,20181216,DEN,TOR
Shot Chart Detail,0021800442,50,203486,Mason Plumlee,1610612743,Denver Nuggets,1,8,14,Made Shot,Cutting Dunk Shot,2PT Field Goal,Restricted Area,Center(C),Less Than 8 ft.,1,-6,13,1,1,20181216,DEN,TOR
Shot Chart Detail,0021800442,60,203486,Mason Plumlee,1610612743,Denver Nuggets,1,6,52,Made Shot,Turnaround Hook Shot,2PT Field Goal,Restricted Area,Center(C),Less Than 8 ft.,3,-27,29,1,1,20181216,DEN,TOR
Shot Chart Detail,0021800442,180,203486,Mason Plumlee,1610612743,Denver Nuggets,2,9,36,Made Shot,Cutting Dunk Shot,2PT Field Goal,Restricted Area,Center(C),Less Than 8 ft.,0,0,8,1,1,20181216,DEN,TOR
Shot Chart Detail,0021800442,220,203486,Mason Plumlee,1610612743,Denver Nuggets,2,6,2,Missed Shot,Floating Jump shot,2PT Field Goal,In The Paint (Non-RA),Center(C),Less Than 8 ft.,6,-12,59,1,0,20181216,DEN,TOR
Shot Chart Detail,0021800442,237,203486,Mason Plumlee,1610612743,Denver Nuggets,2,4,37,Missed Shot,Turnaround Hook Shot,2PT Field Goal,Restricted Area,Center(C),Less Than 8 ft.,3,29,11,1,0,20181216,DEN,TOR
Shot Chart Detail,0021800442,559,203486,Mason Plumlee,1610612743,Denver Nuggets,4,3,8,Made Shot,Turnaround Hook Shot,2PT Field Goal,Restricted Area,Center(C),Less Than 8 ft.,1,2,13,1,1,20181216,DEN,TOR
Shot Chart Detail,0021800454,14,203486,Mason Plumlee,1610612743,Denver Nuggets,1,10,56,Made Shot,Layup Shot,2PT Field Goal,Restricted Area,Center(C),Less Than 8 ft.,3,33,12,1,1,20181218,DEN,DAL
Shot Chart Detail,0021800454,173,203486,Mason Plumlee,1610612743,Denver Nuggets,2,9,50,Made Shot,Alley Oop Dunk Shot,2PT Field Goal,Restricted Area,Center(C),Less Than 8 ft.,1,13,10,1,1,20181218,DEN,DAL
Shot Chart Detail,0021800454,179,203486,Mason Plumlee,1610612743,Denver Nuggets,2,9,19,Made Shot,Cutting Layup Shot,2PT Field Goal,Restricted Area,Center(C),Less Than 8 ft.,2,-18,16,1,1,20181218,DEN,DAL
Shot Chart Detail,0021800454,204,203486,Mason Plumlee,1610612743,Denver Nuggets,2,7,50,Missed Shot,Turnaround Hook Shot,2PT Field Goal,Restricted Area,Center(C),Less Than 8 ft.,3,8,39,1,0,20181218,DEN,DAL
Shot Chart Detail,0021800454,320,203486,Mason Plumlee,1610612743,Denver Nuggets,2,0,0,Made Shot,Running Layup Shot,2PT Field Goal,In The Paint (Non-RA),Center(C),Less Than 8 ft.,4,-39,28,1,1,20181218,DEN,DAL
Shot Chart Detail,0021800454,372,203486,Mason Plumlee,1610612743,Denver Nuggets,3,7,58,Made Shot,Cutting Dunk Shot,2PT Field Goal,Restricted Area,Center(C),Less Than 8 ft.,0,2,3,1,1,20181218,DEN,DAL
Shot Chart Detail,0021800454,576,203486,Mason Plumlee,1610612743,Denver Nuggets,4,7,3,Missed Shot,Layup Shot,2PT Field Goal,Restricted Area,Center(C),Less Than 8 ft.,3,36,14,1,0,20181218,DEN,DAL
Shot Chart Detail,0021800454,659,203486,Mason Plumlee,1610612743,Denver Nuggets,4,0,52,Missed Shot,Layup Shot,2PT Field Goal,Restricted Area,Center(C),Less Than 8 ft.,2,3,25,1,0,20181218,DEN,DAL
Shot Chart Detail,0021800479,36,203486,Mason Plumlee,1610612743,Denver Nuggets,1,8,51,Missed Shot,Layup Shot,2PT Field Goal,Restricted Area,Center(C),Less Than 8 ft.,0,-3,7,1,0,20181222,LAC,DEN
Shot Chart Detail,0021800479,120,203486,Mason Plumlee,1610612743,Denver Nuggets,1,1,53,Made Shot,Dunk Shot,2PT Field Goal,Restricted Area,Center(C),Less Than 8 ft.,1,-7,10,1,1,20181222,LAC,DEN
Shot Chart Detail,0021800479,235,203486,Mason Plumlee,1610612743,Denver Nuggets,2,7,20,Made Shot,Tip Layup Shot,2PT Field Goal,Restricted Area,Center(C),Less Than 8 ft.,0,0,-6,1,1,20181222,LAC,DEN
Shot Chart Detail,0021800479,238,203486,Mason Plumlee,1610612743,Denver Nuggets,2,6,50,Made Shot,Alley Oop Layup shot,2PT Field Goal,Restricted Area,Center(C),Less Than 8 ft.,2,-12,16,1,1,20181222,LAC,DEN
Shot Chart Detail,0021800479,242,203486,Mason Plumlee,1610612743,Denver Nuggets,2,6,25,Missed Shot,Driving Layup Shot,2PT Field Goal,Restricted Area,Center(C),Less Than 8 ft.,2,-7,29,1,0,20181222,LAC,DEN
Shot Chart Detail,0021800479,356,203486,Mason Plumlee,1610612743,Denver Nuggets,3,10,34,Missed Shot,Hook Shot,2PT Field Goal,Restricted Area,Center(C),Less Than 8 ft.,2,7,26,1,0,20181222,LAC,DEN
Shot Chart Detail,0021800479,424,203486,Mason Plumlee,1610612743,Denver Nuggets,3,5,25,Missed Shot,Driving Reverse Layup Shot,2PT Field Goal,Restricted Area,Center(C),Less Than 8 ft.,1,-10,16,1,0,20181222,LAC,DEN
Shot Chart Detail,0021800479,522,203486,Mason Plumlee,1610612743,Denver Nuggets,4,10,52,Missed Shot,Layup Shot,2PT Field Goal,In The Paint (Non-RA),Center(C),Less Than 8 ft.,4,22,43,1,0,20181222,LAC,DEN
Shot Chart Detail,0021800510,76,203486,Mason Plumlee,1610612743,Denver Nuggets,1,5,38,Made Shot,Turnaround Hook Shot,2PT Field Goal,In The Paint (Non-RA),Center(C),Less Than 8 ft.,6,9,63,1,1,20181226,SAS,DEN
Shot Chart Detail,0021800510,308,203486,Mason Plumlee,1610612743,Denver Nuggets,2,0,49,Missed Shot,Hook Shot,2PT Field Goal,Restricted Area,Center(C),Less Than 8 ft.,1,-13,13,1,0,20181226,SAS,DEN
Shot Chart Detail,0021800510,328,203486,Mason Plumlee,1610612743,Denver Nuggets,3,11,41,Made Shot,Driving Layup Shot,2PT Field Goal,Restricted Area,Center(C),Less Than 8 ft.,1,4,11,1,1,20181226,SAS,DEN
Shot Chart Detail,0021800510,345,203486,Mason Plumlee,1610612743,Denver Nuggets,3,10,5,Missed Shot,Hook Shot,2PT Field Goal,In The Paint (Non-RA),Center(C),Less Than 8 ft.,6,11,68,1,0,20181226,SAS,DEN
Shot Chart Detail,0021800510,362,203486,Mason Plumlee,1610612743,Denver Nuggets,3,8,19,Made Shot,Putback Layup Shot,2PT Field Goal,Restricted Area,Center(C),Less Than 8 ft.,0,0,-6,1,1,20181226,SAS,DEN
Shot Chart Detail,0021800524,260,203486,Mason Plumlee,1610612743,Denver Nuggets,2,4,30,Missed Shot,Turnaround Hook Shot,2PT Field Goal,Restricted Area,Center(C),Less Than 8 ft.,3,-30,13,1,0,20181228,DEN,SAS
Shot Chart Detail,0021800524,281,203486,Mason Plumlee,1610612743,Denver Nuggets,2,3,7,Missed Shot,Layup Shot,2PT Field Goal,Restricted Area,Center(C),Less Than 8 ft.,1,14,1,1,0,20181228,DEN,SAS
Shot Chart Detail,0021800524,284,203486,Mason Plumlee,1610612743,Denver Nuggets,2,3,4,Made Shot,Putback Layup Shot,2PT Field Goal,Restricted Area,Center(C),Less Than 8 ft.,1,7,13,1,1,20181228,DEN,SAS
Shot Chart Detail,0021800533,32,203486,Mason Plumlee,1610612743,Denver Nuggets,1,8,55,Missed Shot,Hook Shot,2PT Field Goal,In The Paint (Non-RA),Center(C),Less Than 8 ft.,4,5,45,1,0,20181229,PHX,DEN
Shot Chart Detail,0021800533,69,203486,Mason Plumlee,1610612743,Denver Nuggets,1,5,33,Made Shot,Cutting Dunk Shot,2PT Field Goal,Restricted Area,Center(C),Less Than 8 ft.,2,-24,10,1,1,20181229,PHX,DEN
Shot Chart Detail,0021800533,281,203486,Mason Plumlee,1610612743,Denver Nuggets,2,2,39,Made Shot,Alley Oop Dunk Shot,2PT Field Goal,Restricted Area,Center(C),Less Than 8 ft.,0,9,1,1,1,20181229,PHX,DEN
Shot Chart Detail,0021800533,295,203486,Mason Plumlee,1610612743,Denver Nuggets,2,1,38,Missed Shot,Layup Shot,2PT Field Goal,Restricted Area,Center(C),Less Than 8 ft.,1,11,0,1,0,20181229,PHX,DEN
Shot Chart Detail,0021800533,347,203486,Mason Plumlee,1610612743,Denver Nuggets,3,10,22,Made Shot,Cutting Layup Shot,2PT Field Goal,Restricted Area,Center(C),Less Than 8 ft.,1,-9,5,1,1,20181229,PHX,DEN
Shot Chart Detail,0021800551,7,203486,Mason Plumlee,1610612743,Denver Nuggets,1,11,33,Missed Shot,Turnaround Hook Shot,2PT Field Goal,In The Paint (Non-RA),Center(C),Less Than 8 ft.,5,5,52,1,0,20190101,DEN,NYK
Shot Chart Detail,0021800551,45,203486,Mason Plumlee,1610612743,Denver Nuggets,1,7,33,Made Shot,Alley Oop Dunk Shot,2PT Field Goal,Restricted Area,Center(C),Less Than 8 ft.,0,3,7,1,1,20190101,DEN,NYK
Shot Chart Detail,0021800551,131,203486,Mason Plumlee,1610612743,Denver Nuggets,1,1,51,Made Shot,Cutting Dunk Shot,2PT Field Goal,Restricted Area,Center(C),Less Than 8 ft.,1,2,11,1,1,20190101,DEN,NYK
Shot Chart Detail,0021800551,507,203486,Mason Plumlee,1610612743,Denver Nuggets,4,11,49,Made Shot,Cutting Dunk Shot,2PT Field Goal,Restricted Area,Center(C),Less Than 8 ft.,0,-6,1,1,1,20190101,DEN,NYK
Shot Chart Detail,0021800551,558,203486,Mason Plumlee,1610612743,Denver Nuggets,4,7,35,Made Shot,Hook Shot,2PT Field Goal,Restricted Area,Center(C),Less Than 8 ft.,3,-21,25,1,1,20190101,DEN,NYK
Shot Chart Detail,0021800564,66,203486,Mason Plumlee,1610612743,Denver Nuggets,1,7,14,Made Shot,Alley Oop Dunk Shot,2PT Field Goal,Restricted Area,Center(C),Less Than 8 ft.,0,6,5,1,1,20190103,SAC,DEN
Shot Chart Detail,0021800564,71,203486,Mason Plumlee,1610612743,Denver Nuggets,1,6,53,Made Shot,Tip Layup Shot,2PT Field Goal,Restricted Area,Center(C),Less Than 8 ft.,0,0,-6,1,1,20190103,SAC,DEN
Shot Chart Detail,0021800564,79,203486,Mason Plumlee,1610612743,Denver Nuggets,1,6,10,Missed Shot,Hook Shot,2PT Field Goal,In The Paint (Non-RA),Center(C),Less Than 8 ft.,6,60,12,1,0,20190103,SAC,DEN
Shot Chart Detail,0021800564,272,203486,Mason Plumlee,1610612743,Denver Nuggets,2,4,20,Made Shot,Tip Dunk Shot,2PT Field Goal,Restricted Area,Center(C),Less Than 8 ft.,0,0,-6,1,1,20190103,SAC,DEN
Shot Chart Detail,0021800564,348,203486,Mason Plumlee,1610612743,Denver Nuggets,3,11,28,Made Shot,Alley Oop Dunk Shot,2PT Field Goal,Restricted Area,Center(C),Less Than 8 ft.,1,-6,9,1,1,20190103,SAC,DEN
Shot Chart Detail,0021800564,524,203486,Mason Plumlee,1610612743,Denver Nuggets,4,9,28,Missed Shot,Layup Shot,2PT Field Goal,Restricted Area,Center(C),Less Than 8 ft.,2,-2,26,1,0,20190103,SAC,DEN
Shot Chart Detail,0021800564,624,203486,Mason Plumlee,1610612743,Denver Nuggets,4,1,30,Made Shot,Dunk Shot,2PT Field Goal,Restricted Area,Center(C),Less Than 8 ft.,0,-2,0,1,1,20190103,SAC,DEN
Shot Chart Detail,0021800576,34,203486,Mason Plumlee,1610612743,Denver Nuggets,1,8,51,Made Shot,Dunk Shot,2PT Field Goal,Restricted Area,Center(C),Less Than 8 ft.,0,-3,1,1,1,20190105,DEN,CHA
Shot Chart Detail,0021800576,191,203486,Mason Plumlee,1610612743,Denver Nuggets,2,8,56,Made Shot,Cutting Dunk Shot,2PT Field Goal,Restricted Area,Center(C),Less Than 8 ft.,2,-5,20,1,1,20190105,DEN,CHA
Shot Chart Detail,0021800576,430,203486,Mason Plumlee,1610612743,Denver Nuggets,3,6,45,Made Shot,Cutting Dunk Shot,2PT Field Goal,Restricted Area,Center(C),Less Than 8 ft.,0,1,3,1,1,20190105,DEN,CHA
Shot Chart Detail,0021800576,527,203486,Mason Plumlee,1610612743,Denver Nuggets,4,11,16,Made Shot,Alley Oop Dunk Shot,2PT Field Goal,Restricted Area,Center(C),Less Than 8 ft.,0,-6,4,1,1,20190105,DEN,CHA
Shot Chart Detail,0021800576,530,203486,Mason Plumlee,1610612743,Denver Nuggets,4,10,44,Missed Shot,Turnaround Hook Shot,2PT Field Goal,In The Paint (Non-RA),Center(C),Less Than 8 ft.,4,-4,46,1,0,20190105,DEN,CHA
Shot Chart Detail,0021800593,486,203486,Mason Plumlee,1610612743,Denver Nuggets,3,1,12,Made Shot,Cutting Layup Shot,2PT Field Goal,Restricted Area,Center(C),Less Than 8 ft.,0,-5,5,1,1,20190107,HOU,DEN
Shot Chart Detail,0021800593,530,203486,Mason Plumlee,1610612743,Denver Nuggets,4,10,2,Made Shot,Driving Layup Shot,2PT Field Goal,Restricted Area,Center(C),Less Than 8 ft.,0,2,0,1,1,20190107,HOU,DEN
Shot Chart Detail,0021800601,136,203486,Mason Plumlee,1610612743,Denver Nuggets,1,3,11,Made Shot,Dunk Shot,2PT Field Goal,Restricted Area,Center(C),Less Than 8 ft.,2,-8,28,1,1,20190108,MIA,DEN
Shot Chart Detail,0021800601,178,203486,Mason Plumlee,1610612743,Denver Nuggets,2,11,45,Made Shot,Alley Oop Dunk Shot,2PT Field Goal,Restricted Area,Center(C),Less Than 8 ft.,2,-23,0,1,1,20190108,MIA,DEN
Shot Chart Detail,0021800601,477,203486,Mason Plumlee,1610612743,Denver Nuggets,3,1,15,Missed Shot,Jump Shot,2PT Field Goal,In The Paint (Non-RA),Center(C),Less Than 8 ft.,6,-64,24,1,0,20190108,MIA,DEN
Shot Chart Detail,0021800618,126,203486,Mason Plumlee,1610612743,Denver Nuggets,1,1,47,Made Shot,Hook Shot,2PT Field Goal,Restricted Area,Center(C),Less Than 8 ft.,1,4,18,1,1,20190110,DEN,LAC
Shot Chart Detail,0021800618,140,203486,Mason Plumlee,1610612743,Denver Nuggets,1,0,36,Made Shot,Hook Shot,2PT Field Goal,In The Paint (Non-RA),Center(C),Less Than 8 ft.,5,22,50,1,1,20190110,DEN,LAC
Shot Chart Detail,0021800618,143,203486,Mason Plumlee,1610612743,Denver Nuggets,1,0,9,Made Shot,Alley Oop Dunk Shot,2PT Field Goal,Restricted Area,Center(C),Less Than 8 ft.,0,-5,7,1,1,20190110,DEN,LAC
Shot Chart Detail,0021800618,177,203486,Mason Plumlee,1610612743,Denver Nuggets,2,10,35,Missed Shot,Tip Layup Shot,2PT Field Goal,Restricted Area,Center(C),Less Than 8 ft.,0,0,-6,1,0,20190110,DEN,LAC
Shot Chart Detail,0021800618,188,203486,Mason Plumlee,1610612743,Denver Nuggets,2,9,34,Made Shot,Reverse Layup Shot,2PT Field Goal,Restricted Area,Center(C),Less Than 8 ft.,1,4,13,1,1,20190110,DEN,LAC
Shot Chart Detail,0021800618,289,203486,Mason Plumlee,1610612743,Denver Nuggets,2,0,48,Made Shot,Cutting Dunk Shot,2PT Field Goal,Restricted Area,Center(C),Less Than 8 ft.,0,-1,6,1,1,20190110,DEN,LAC
Shot Chart Detail,0021800618,421,203486,Mason Plumlee,1610612743,Denver Nuggets,3,2,1,Made Shot,Hook Shot,2PT Field Goal,Restricted Area,Center(C),Less Than 8 ft.,3,5,37,1,1,20190110,DEN,LAC
Shot Chart Detail,0021800618,451,203486,Mason Plumlee,1610612743,Denver Nuggets,3,0,37,Made Shot,Alley Oop Dunk Shot,2PT Field Goal,Restricted Area,Center(C),Less Than 8 ft.,0,0,8,1,1,20190110,DEN,LAC
Shot Chart Detail,0021800635,120,203486,Mason Plumlee,1610612743,Denver Nuggets,1,3,24,Missed Shot,Driving Floating Jump Shot,2PT Field Goal,In The Paint (Non-RA),Center(C),8-16 ft.,13,38,129,1,0,20190112,PHX,DEN
Shot Chart Detail,0021800635,223,203486,Mason Plumlee,1610612743,Denver Nuggets,2,9,22,Made Shot,Alley Oop Layup shot,2PT Field Goal,Restricted Area,Center(C),Less Than 8 ft.,0,-5,4,1,1,20190112,PHX,DEN
Shot Chart Detail,0021800635,569,203486,Mason Plumlee,1610612743,Denver Nuggets,4,9,29,Made Shot,Driving Hook Shot,2PT Field Goal,In The Paint (Non-RA),Center(C),Less Than 8 ft.,6,9,69,1,1,20190112,PHX,DEN
Shot Chart Detail,0021800635,611,203486,Mason Plumlee,1610612743,Denver Nuggets,4,7,36,Missed Shot,Tip Layup Shot,2PT Field Goal,Restricted Area,Center(C),Less Than 8 ft.,0,0,-6,1,0,20190112,PHX,DEN
Shot Chart Detail,0021800643,78,203486,Mason Plumlee,1610612743,Denver Nuggets,1,4,37,Missed Shot,Hook Shot,2PT Field Goal,In The Paint (Non-RA),Center(C),Less Than 8 ft.,6,13,66,1,0,20190113,DEN,POR
Shot Chart Detail,0021800643,142,203486,Mason Plumlee,1610612743,Denver Nuggets,2,11,52,Made Shot,Turnaround Hook Shot,2PT Field Goal,Restricted Area,Center(C),Less Than 8 ft.,2,2,25,1,1,20190113,DEN,POR
Shot Chart Detail,0021800643,160,203486,Mason Plumlee,1610612743,Denver Nuggets,2,10,22,Made Shot,Driving Hook Shot,2PT Field Goal,Restricted Area,Center(C),Less Than 8 ft.,2,2,20,1,1,20190113,DEN,POR
Shot Chart Detail,0021800643,170,203486,Mason Plumlee,1610612743,Denver Nuggets,2,9,19,Made Shot,Alley Oop Dunk Shot,2PT Field Goal,Restricted Area,Center(C),Less Than 8 ft.,1,-2,10,1,1,20190113,DEN,POR
Shot Chart Detail,0021800643,177,203486,Mason Plumlee,1610612743,Denver Nuggets,2,8,22,Missed Shot,Pullup Jump shot,2PT Field Goal,Mid-Range,Left Side Center(LC),16-24 ft.,18,-62,178,1,0,20190113,DEN,POR
Shot Chart Detail,0021800643,387,203486,Mason Plumlee,1610612743,Denver Nuggets,3,4,22,Made Shot,Alley Oop Dunk Shot,2PT Field Goal,Restricted Area,Center(C),Less Than 8 ft.,0,-2,2,1,1,20190113,DEN,POR
Shot Chart Detail,0021800643,486,203486,Mason Plumlee,1610612743,Denver Nuggets,4,8,22,Missed Shot,Cutting Layup Shot,2PT Field Goal,Restricted Area,Center(C),Less Than 8 ft.,3,-19,32,1,0,20190113,DEN,POR
Shot Chart Detail,0021800655,122,203486,Mason Plumlee,1610612743,Denver Nuggets,1,1,50,Missed Shot,Reverse Layup Shot,2PT Field Goal,Restricted Area,Center(C),Less Than 8 ft.,2,6,23,1,0,20190115,DEN,GSW
Shot Chart Detail,0021800655,125,203486,Mason Plumlee,1610612743,Denver Nuggets,1,1,46,Missed Shot,Putback Layup Shot,2PT Field Goal,In The Paint (Non-RA),Center(C),Less Than 8 ft.,5,0,53,1,0,20190115,DEN,GSW
Shot Chart Detail,0021800655,418,203486,Mason Plumlee,1610612743,Denver Nuggets,3,4,12,Made Shot,Alley Oop Layup shot,2PT Field Goal,Restricted Area,Center(C),Less Than 8 ft.,1,5,15,1,1,20190115,DEN,GSW
Shot Chart Detail,0021800655,459,203486,Mason Plumlee,1610612743,Denver Nuggets,3,1,2,Made Shot,Turnaround Hook Shot,2PT Field Goal,In The Paint (Non-RA),Center(C),Less Than 8 ft.,4,-4,42,1,1,20190115,DEN,GSW
Shot Chart Detail,0021800655,476,203486,Mason Plumlee,1610612743,Denver Nuggets,3,0,0,Missed Shot,Running Jump Shot,3PT Field Goal,Above the Break 3,Center(C),24+ ft.,32,-11,329,1,0,20190115,DEN,GSW
Shot Chart Detail,0021800655,489,203486,Mason Plumlee,1610612743,Denver Nuggets,4,11,49,Made Shot,Cutting Dunk Shot,2PT Field Goal,Restricted Area,Center(C),Less Than 8 ft.,1,9,5,1,1,20190115,DEN,GSW
Shot Chart Detail,0021800655,520,203486,Mason Plumlee,1610612743,Denver Nuggets,4,9,19,Missed Shot,Floating Jump shot,2PT Field Goal,In The Paint (Non-RA),Center(C),8-16 ft.,13,-64,117,1,0,20190115,DEN,GSW
Shot Chart Detail,0021800669,156,203486,Mason Plumlee,1610612743,Denver Nuggets,2,10,52,Made Shot,Layup Shot,2PT Field Goal,Restricted Area,Center(C),Less Than 8 ft.,3,32,20,1,1,20190117,DEN,CHI
Shot Chart Detail,0021800669,185,203486,Mason Plumlee,1610612743,Denver Nuggets,2,8,8,Made Shot,Driving Floating Jump Shot,2PT Field Goal,Mid-Range,Center(C),8-16 ft.,15,7,152,1,1,20190117,DEN,CHI
Shot Chart Detail,0021800669,207,203486,Mason Plumlee,1610612743,Denver Nuggets,2,6,15,Made Shot,Reverse Layup Shot,2PT Field Goal,Restricted Area,Center(C),Less Than 8 ft.,2,-27,0,1,1,20190117,DEN,CHI
Shot Chart Detail,0021800669,501,203486,Mason Plumlee,1610612743,Denver Nuggets,4,10,6,Made Shot,Hook Shot,2PT Field Goal,In The Paint (Non-RA),Center(C),Less Than 8 ft.,4,8,44,1,1,20190117,DEN,CHI
Shot Chart Detail,0021800687,102,203486,Mason Plumlee,1610612743,Denver Nuggets,1,3,31,Made Shot,Reverse Layup Shot,2PT Field Goal,Restricted Area,Center(C),Less Than 8 ft.,0,7,0,1,1,20190119,DEN,CLE
Shot Chart Detail,0021800687,170,203486,Mason Plumlee,1610612743,Denver Nuggets,2,8,54,Missed Shot,Running Layup Shot,2PT Field Goal,Restricted Area,Center(C),Less Than 8 ft.,2,-21,16,1,0,20190119,DEN,CLE
Shot Chart Detail,0021800687,427,203486,Mason Plumlee,1610612743,Denver Nuggets,3,2,0,Made Shot,Driving Hook Shot,2PT Field Goal,In The Paint (Non-RA),Center(C),Less Than 8 ft.,5,2,52,1,1,20190119,DEN,CLE
Shot Chart Detail,0021800715,91,203486,Mason Plumlee,1610612743,Denver Nuggets,1,4,40,Made Shot,Hook Shot,2PT Field Goal,In The Paint (Non-RA),Center(C),Less Than 8 ft.,6,-19,67,1,1,20190123,UTA,DEN
Shot Chart Detail,0021800728,61,203486,Mason Plumlee,1610612743,Denver Nuggets,1,6,56,Missed Shot,Tip Layup Shot,2PT Field Goal,Restricted Area,Center(C),Less Than 8 ft.,0,0,-6,1,0,20190125,DEN,PHX
Shot Chart Detail,0021800728,74,203486,Mason Plumlee,1610612743,Denver Nuggets,1,5,53,Made Shot,Dunk Shot,2PT Field Goal,Restricted Area,Center(C),Less Than 8 ft.,2,-6,20,1,1,20190125,DEN,PHX
Shot Chart Detail,0021800728,203,203486,Mason Plumlee,1610612743,Denver Nuggets,2,8,18,Made Shot,Turnaround Hook Shot,2PT Field Goal,In The Paint (Non-RA),Center(C),Less Than 8 ft.,4,-9,41,1,1,20190125,DEN,PHX
Shot Chart Detail,0021800728,210,203486,Mason Plumlee,1610612743,Denver Nuggets,2,7,25,Missed Shot,Cutting Layup Shot,2PT Field Goal,Restricted Area,Center(C),Less Than 8 ft.,2,4,22,1,0,20190125,DEN,PHX
Shot Chart Detail,0021800728,221,203486,Mason Plumlee,1610612743,Denver Nuggets,2,7,5,Made Shot,Alley Oop Layup shot,2PT Field Goal,Restricted Area,Center(C),Less Than 8 ft.,1,-7,8,1,1,20190125,DEN,PHX
Shot Chart Detail,0021800728,247,203486,Mason Plumlee,1610612743,Denver Nuggets,2,5,35,Made Shot,Alley Oop Dunk Shot,2PT Field Goal,Restricted Area,Center(C),Less Than 8 ft.,0,4,7,1,1,20190125,DEN,PHX
Shot Chart Detail,0021800728,346,203486,Mason Plumlee,1610612743,Denver Nuggets,3,10,30,Missed Shot,Turnaround Hook Shot,2PT Field Goal,In The Paint (Non-RA),Center(C),Less Than 8 ft.,4,12,48,1,0,20190125,DEN,PHX
Shot Chart Detail,0021800728,361,203486,Mason Plumlee,1610612743,Denver Nuggets,3,8,54,Made Shot,Cutting Dunk Shot,2PT Field Goal,Restricted Area,Center(C),Less Than 8 ft.,0,-2,6,1,1,20190125,DEN,PHX
Shot Chart Detail,0021800728,407,203486,Mason Plumlee,1610612743,Denver Nuggets,3,5,46,Made Shot,Cutting Dunk Shot,2PT Field Goal,Restricted Area,Center(C),Less Than 8 ft.,0,0,6,1,1,20190125,DEN,PHX
Shot Chart Detail,0021800733,147,203486,Mason Plumlee,1610612743,Denver Nuggets,1,2,39,Made Shot,Reverse Layup Shot,2PT Field Goal,Restricted Area,Center(C),Less Than 8 ft.,0,6,7,1,1,20190126,DEN,PHI
Shot Chart Detail,0021800733,176,203486,Mason Plumlee,1610612743,Denver Nuggets,1,1,0,Made Shot,Turnaround Hook Shot,2PT Field Goal,Restricted Area,Center(C),Less Than 8 ft.,2,9,20,1,1,20190126,DEN,PHI
Shot Chart Detail,0021800733,220,203486,Mason Plumlee,1610612743,Denver Nuggets,2,9,43,Made Shot,Alley Oop Dunk Shot,2PT Field Goal,Restricted Area,Center(C),Less Than 8 ft.,1,-6,12,1,1,20190126,DEN,PHI
Shot Chart Detail,0021800733,523,203486,Mason Plumlee,1610612743,Denver Nuggets,3,2,5,Made Shot,Turnaround Hook Shot,2PT Field Goal,Restricted Area,Center(C),Less Than 8 ft.,2,16,17,1,1,20190126,DEN,PHI
Shot Chart Detail,0021800733,602,203486,Mason Plumlee,1610612743,Denver Nuggets,4,8,20,Made Shot,Driving Dunk Shot,2PT Field Goal,Restricted Area,Center(C),Less Than 8 ft.,0,3,8,1,1,20190126,DEN,PHI
Shot Chart Detail,0021800747,77,203486,Mason Plumlee,1610612743,Denver Nuggets,1,4,11,Missed Shot,Putback Layup Shot,2PT Field Goal,Restricted Area,Center(C),Less Than 8 ft.,0,0,-6,1,0,20190128,MEM,DEN
Shot Chart Detail,0021800747,127,203486,Mason Plumlee,1610612743,Denver Nuggets,1,0,0,Missed Shot,Fadeaway Jump Shot,2PT Field Goal,Mid-Range,Left Side(L),16-24 ft.,21,-193,101,1,0,20190128,MEM,DEN
Shot Chart Detail,0021800747,167,203486,Mason Plumlee,1610612743,Denver Nuggets,2,8,58,Missed Shot,Cutting Layup Shot,2PT Field Goal,Restricted Area,Center(C),Less Than 8 ft.,1,6,11,1,0,20190128,MEM,DEN
Shot Chart Detail,0021800747,487,203486,Mason Plumlee,1610612743,Denver Nuggets,4,8,51,Made Shot,Reverse Dunk Shot,2PT Field Goal,Restricted Area,Center(C),Less Than 8 ft.,0,3,-6,1,1,20190128,MEM,DEN
Shot Chart Detail,0021800761,129,203486,Mason Plumlee,1610612743,Denver Nuggets,1,2,36,Made Shot,Cutting Dunk Shot,2PT Field Goal,Restricted Area,Center(C),Less Than 8 ft.,0,-4,1,1,1,20190130,NOP,DEN
Shot Chart Detail,0021800761,165,203486,Mason Plumlee,1610612743,Denver Nuggets,2,11,31,Made Shot,Hook Shot,2PT Field Goal,In The Paint (Non-RA),Center(C),8-16 ft.,10,-3,103,1,1,20190130,NOP,DEN
Shot Chart Detail,0021800761,179,203486,Mason Plumlee,1610612743,Denver Nuggets,2,9,38,Missed Shot,Turnaround Hook Shot,2PT Field Goal,In The Paint (Non-RA),Center(C),Less Than 8 ft.,6,8,66,1,0,20190130,NOP,DEN
Shot Chart Detail,0021800761,189,203486,Mason Plumlee,1610612743,Denver Nuggets,2,8,50,Made Shot,Turnaround Hook Shot,2PT Field Goal,In The Paint (Non-RA),Center(C),Less Than 8 ft.,5,-33,42,1,1,20190130,NOP,DEN
Shot Chart Detail,0021800761,468,203486,Mason Plumlee,1610612743,Denver Nuggets,3,0,0,Missed Shot,Alley Oop Dunk Shot,2PT Field Goal,Restricted Area,Center(C),Less Than 8 ft.,1,-9,11,1,0,20190130,NOP,DEN
Shot Chart Detail,0021800761,485,203486,Mason Plumlee,1610612743,Denver Nuggets,4,11,7,Missed Shot,Layup Shot,2PT Field Goal,Restricted Area,Center(C),Less Than 8 ft.,3,-20,27,1,0,20190130,NOP,DEN
Shot Chart Detail,0021800774,93,203486,Mason Plumlee,1610612743,Denver Nuggets,1,3,49,Made Shot,Layup Shot,2PT Field Goal,Restricted Area,Center(C),Less Than 8 ft.,1,14,6,1,1,20190201,DEN,HOU
Shot Chart Detail,0021800774,159,203486,Mason Plumlee,1610612743,Denver Nuggets,2,11,10,Made Shot,Layup Shot,2PT Field Goal,Restricted Area,Center(C),Less Than 8 ft.,2,-16,17,1,1,20190201,DEN,HOU
Shot Chart Detail,0021800774,164,203486,Mason Plumlee,1610612743,Denver Nuggets,2,10,35,Made Shot,Cutting Dunk Shot,2PT Field Goal,Restricted Area,Center(C),Less Than 8 ft.,0,0,7,1,1,20190201,DEN,HOU
Shot Chart Detail,0021800774,172,203486,Mason Plumlee,1610612743,Denver Nuggets,2,9,43,Missed Shot,Finger Roll Layup Shot,2PT Field Goal,Restricted Area,Center(C),Less Than 8 ft.,1,15,8,1,0,20190201,DEN,HOU
Shot Chart Detail,0021800774,408,203486,Mason Plumlee,1610612743,Denver Nuggets,3,3,40,Missed Shot,Jump Shot,2PT Field Goal,In The Paint (Non-RA),Center(C),Less Than 8 ft.,6,36,57,1,0,20190201,DEN,HOU
Shot Chart Detail,0021800774,461,203486,Mason Plumlee,1610612743,Denver Nuggets,3,0,0,Missed Shot,Running Jump Shot,3PT Field Goal,Backcourt,Back Court(BC),Back Court Shot,64,11,645,1,0,20190201,DEN,HOU
Shot Chart Detail,0021800774,467,203486,Mason Plumlee,1610612743,Denver Nuggets,4,11,49,Missed Shot,Layup Shot,2PT Field Goal,In The Paint (Non-RA),Center(C),Less Than 8 ft.,5,14,50,1,0,20190201,DEN,HOU
Shot Chart Detail,0021800774,482,203486,Mason Plumlee,1610612743,Denver Nuggets,4,10,45,Made Shot,Driving Finger Roll Layup Shot,2PT Field Goal,Restricted Area,Center(C),Less Than 8 ft.,2,23,13,1,1,20190201,DEN,HOU
Shot Chart Detail,0021800783,96,203486,Mason Plumlee,1610612743,Denver Nuggets,1,3,7,Missed Shot,Turnaround Hook Shot,2PT Field Goal,Restricted Area,Center(C),Less Than 8 ft.,2,-2,23,1,0,20190202,MIN,DEN
Shot Chart Detail,0021800783,122,203486,Mason Plumlee,1610612743,Denver Nuggets,1,1,44,Missed Shot,Hook Shot,2PT Field Goal,Restricted Area,Center(C),Less Than 8 ft.,1,-2,16,1,0,20190202,MIN,DEN
Shot Chart Detail,0021800783,151,203486,Mason Plumlee,1610612743,Denver Nuggets,2,11,2,Made Shot,Layup Shot,2PT Field Goal,Restricted Area,Center(C),Less Than 8 ft.,2,-2,21,1,1,20190202,MIN,DEN
Shot Chart Detail,0021800783,488,203486,Mason Plumlee,1610612743,Denver Nuggets,4,10,38,Missed Shot,Alley Oop Dunk Shot,2PT Field Goal,Restricted Area,Center(C),Less Than 8 ft.,1,3,13,1,0,20190202,MIN,DEN
Shot Chart Detail,0021800783,509,203486,Mason Plumlee,1610612743,Denver Nuggets,4,8,24,Made Shot,Turnaround Jump Shot,2PT Field Goal,Restricted Area,Center(C),Less Than 8 ft.,3,1,37,1,1,20190202,MIN,DEN
Shot Chart Detail,0021800783,517,203486,Mason Plumlee,1610612743,Denver Nuggets,4,7,32,Missed Shot,Alley Oop Layup shot,2PT Field Goal,Restricted Area,Center(C),Less Than 8 ft.,1,12,15,1,0,20190202,MIN,DEN
Shot Chart Detail,0021800790,145,203486,Mason Plumlee,1610612743,Denver Nuggets,1,0,28,Made Shot,Dunk Shot,2PT Field Goal,Restricted Area,Center(C),Less Than 8 ft.,2,16,14,1,1,20190204,DET,DEN
Shot Chart Detail,0021800790,244,203486,Mason Plumlee,1610612743,Denver Nuggets,2,6,26,Missed Shot,Turnaround Hook Shot,2PT Field Goal,In The Paint (Non-RA),Center(C),8-16 ft.,8,-3,85,1,0,20190204,DET,DEN
Shot Chart Detail,0021800790,257,203486,Mason Plumlee,1610612743,Denver Nuggets,2,5,30,Made Shot,Jump Shot,2PT Field Goal,Mid-Range,Right Side(R),8-16 ft.,15,154,11,1,1,20190204,DET,DEN
Shot Chart Detail,0021800790,311,203486,Mason Plumlee,1610612743,Denver Nuggets,2,0,55,Made Shot,Tip Layup Shot,2PT Field Goal,Restricted Area,Center(C),Less Than 8 ft.,0,0,-6,1,1,20190204,DET,DEN
Shot Chart Detail,0021800790,332,203486,Mason Plumlee,1610612743,Denver Nuggets,2,0,0,Missed Shot,Jump Shot,3PT Field Goal,Above the Break 3,Right Side Center(RC),24+ ft.,39,190,348,1,0,20190204,DET,DEN
Shot Chart Detail,0021800790,411,203486,Mason Plumlee,1610612743,Denver Nuggets,3,6,1,Missed Shot,Hook Shot,2PT Field Goal,In The Paint (Non-RA),Left Side(L),8-16 ft.,9,-68,63,1,0,20190204,DET,DEN
Shot Chart Detail,0021800790,446,203486,Mason Plumlee,1610612743,Denver Nuggets,3,4,6,Made Shot,Alley Oop Dunk Shot,2PT Field Goal,Restricted Area,Center(C),Less Than 8 ft.,1,4,16,1,1,20190204,DET,DEN
Shot Chart Detail,0021800790,455,203486,Mason Plumlee,1610612743,Denver Nuggets,3,3,11,Missed Shot,Cutting Layup Shot,2PT Field Goal,In The Paint (Non-RA),Center(C),Less Than 8 ft.,4,40,16,1,0,20190204,DET,DEN
Shot Chart Detail,0021800790,545,203486,Mason Plumlee,1610612743,Denver Nuggets,4,9,49,Made Shot,Turnaround Hook Shot,2PT Field Goal,In The Paint (Non-RA),Center(C),Less Than 8 ft.,7,71,32,1,1,20190204,DET,DEN
Shot Chart Detail,0021800790,594,203486,Mason Plumlee,1610612743,Denver Nuggets,4,6,29,Missed Shot,Hook Shot,2PT Field Goal,In The Paint (Non-RA),Center(C),Less Than 8 ft.,4,-35,31,1,0,20190204,DET,DEN
Shot Chart Detail,0021800790,602,203486,Mason Plumlee,1610612743,Denver Nuggets,4,5,47,Made Shot,Layup Shot,2PT Field Goal,Restricted Area,Center(C),Less Than 8 ft.,1,10,1,1,1,20190204,DET,DEN
Shot Chart Detail,0021800804,19,203486,Mason Plumlee,1610612743,Denver Nuggets,1,10,51,Made Shot,Cutting Dunk Shot,2PT Field Goal,Restricted Area,Center(C),Less Than 8 ft.,0,-4,8,1,1,20190206,BKN,DEN
Shot Chart Detail,0021800804,49,203486,Mason Plumlee,1610612743,Denver Nuggets,1,8,47,Made Shot,Putback Layup Shot,2PT Field Goal,Restricted Area,Center(C),Less Than 8 ft.,1,19,6,1,1,20190206,BKN,DEN
Shot Chart Detail,0021800804,54,203486,Mason Plumlee,1610612743,Denver Nuggets,1,8,26,Made Shot,Tip Dunk Shot,2PT Field Goal,Restricted Area,Center(C),Less Than 8 ft.,0,0,-6,1,1,20190206,BKN,DEN
Shot Chart Detail,0021800804,78,203486,Mason Plumlee,1610612743,Denver Nuggets,1,6,11,Made Shot,Cutting Dunk Shot,2PT Field Goal,Restricted Area,Center(C),Less Than 8 ft.,0,-2,6,1,1,20190206,BKN,DEN
Shot Chart Detail,0021800804,93,203486,Mason Plumlee,1610612743,Denver Nuggets,1,5,39,Made Shot,Driving Hook Shot,2PT Field Goal,In The Paint (Non-RA),Center(C),Less Than 8 ft.,6,-10,66,1,1,20190206,BKN,DEN
Shot Chart Detail,0021800804,145,203486,Mason Plumlee,1610612743,Denver Nuggets,1,2,11,Made Shot,Driving Floating Jump Shot,2PT Field Goal,In The Paint (Non-RA),Center(C),8-16 ft.,13,0,132,1,1,20190206,BKN,DEN
Shot Chart Detail,0021800804,152,203486,Mason Plumlee,1610612743,Denver Nuggets,1,1,9,Made Shot,Turnaround Hook Shot,2PT Field Goal,Restricted Area,Center(C),Less Than 8 ft.,3,29,17,1,1,20190206,BKN,DEN
Shot Chart Detail,0021800804,169,203486,Mason Plumlee,1610612743,Denver Nuggets,1,0,31,Missed Shot,Driving Layup Shot,2PT Field Goal,In The Paint (Non-RA),Center(C),Less Than 8 ft.,5,-35,38,1,0,20190206,BKN,DEN
Shot Chart Detail,0021800804,618,203486,Mason Plumlee,1610612743,Denver Nuggets,4,8,24,Made Shot,Running Alley Oop Dunk Shot,2PT Field Goal,Restricted Area,Center(C),Less Than 8 ft.,1,3,12,1,1,20190206,BKN,DEN
Shot Chart Detail,0021800804,639,203486,Mason Plumlee,1610612743,Denver Nuggets,4,6,36,Missed Shot,Driving Hook Shot,2PT Field Goal,In The Paint (Non-RA),Center(C),Less Than 8 ft.,5,-44,38,1,0,20190206,BKN,DEN
Shot Chart Detail,0021800804,664,203486,Mason Plumlee,1610612743,Denver Nuggets,4,4,55,Made Shot,Driving Hook Shot,2PT Field Goal,In The Paint (Non-RA),Center(C),Less Than 8 ft.,7,37,70,1,1,20190206,BKN,DEN
Shot Chart Detail,0021800804,674,203486,Mason Plumlee,1610612743,Denver Nuggets,4,4,17,Made Shot,Turnaround Hook Shot,2PT Field Goal,Restricted Area,Center(C),Less Than 8 ft.,3,8,39,1,1,20190206,BKN,DEN
Shot Chart Detail,0021800818,14,203486,Mason Plumlee,1610612743,Denver Nuggets,1,11,12,Made Shot,Cutting Dunk Shot,2PT Field Goal,Restricted Area,Center(C),Less Than 8 ft.,0,-1,5,1,1,20190208,PHI,DEN
Shot Chart Detail,0021800818,148,203486,Mason Plumlee,1610612743,Denver Nuggets,1,0,34,Missed Shot,Driving Floating Jump Shot,2PT Field Goal,In The Paint (Non-RA),Center(C),8-16 ft.,12,6,125,1,0,20190208,PHI,DEN
Shot Chart Detail,0021800818,192,203486,Mason Plumlee,1610612743,Denver Nuggets,2,8,38,Missed Shot,Pullup Jump shot,2PT Field Goal,Mid-Range,Center(C),16-24 ft.,16,2,165,1,0,20190208,PHI,DEN
Shot Chart Detail,0021800818,352,203486,Mason Plumlee,1610612743,Denver Nuggets,3,7,12,Made Shot,Hook Shot,2PT Field Goal,In The Paint (Non-RA),Center(C),Less Than 8 ft.,6,11,67,1,1,20190208,PHI,DEN
Shot Chart Detail,0021800818,452,203486,Mason Plumlee,1610612743,Denver Nuggets,3,0,32,Made Shot,Dunk Shot,2PT Field Goal,Restricted Area,Center(C),Less Than 8 ft.,0,-3,5,1,1,20190208,PHI,DEN
Shot Chart Detail,0021800818,558,203486,Mason Plumlee,1610612743,Denver Nuggets,4,4,9,Made Shot,Reverse Dunk Shot,2PT Field Goal,Restricted Area,Center(C),Less Than 8 ft.,0,3,0,1,1,20190208,PHI,DEN
Shot Chart Detail,0021800818,581,203486,Mason Plumlee,1610612743,Denver Nuggets,4,2,2,Made Shot,Driving Hook Shot,2PT Field Goal,In The Paint (Non-RA),Center(C),Less Than 8 ft.,6,-11,68,1,1,20190208,PHI,DEN
Shot Chart Detail,0021800847,17,203486,Mason Plumlee,1610612743,Denver Nuggets,1,10,59,Made Shot,Tip Dunk Shot,2PT Field Goal,Restricted Area,Center(C),Less Than 8 ft.,0,0,-6,1,1,20190211,DEN,MIA
Shot Chart Detail,0021800847,22,203486,Mason Plumlee,1610612743,Denver Nuggets,1,10,29,Made Shot,Hook Shot,2PT Field Goal,In The Paint (Non-RA),Center(C),Less Than 8 ft.,4,11,48,1,1,20190211,DEN,MIA
Shot Chart Detail,0021800847,62,203486,Mason Plumlee,1610612743,Denver Nuggets,1,6,4,Missed Shot,Running Dunk Shot,2PT Field Goal,Restricted Area,Center(C),Less Than 8 ft.,1,-1,18,1,0,20190211,DEN,MIA
Shot Chart Detail,0021800847,256,203486,Mason Plumlee,1610612743,Denver Nuggets,2,4,11,Made Shot,Tip Dunk Shot,2PT Field Goal,Restricted Area,Center(C),Less Than 8 ft.,0,0,-6,1,1,20190211,DEN,MIA
Shot Chart Detail,0021800847,348,203486,Mason Plumlee,1610612743,Denver Nuggets,3,8,44,Made Shot,Driving Finger Roll Layup Shot,2PT Field Goal,Restricted Area,Center(C),Less Than 8 ft.,2,0,24,1,1,20190211,DEN,MIA
Shot Chart Detail,0021800847,369,203486,Mason Plumlee,1610612743,Denver Nuggets,3,7,42,Made Shot,Alley Oop Dunk Shot,2PT Field Goal,Restricted Area,Center(C),Less Than 8 ft.,0,7,3,1,1,20190211,DEN,MIA
Shot Chart Detail,0021800860,87,203486,Mason Plumlee,1610612743,Denver Nuggets,1,4,26,Made Shot,Turnaround Hook Shot,2PT Field Goal,Restricted Area,Center(C),Less Than 8 ft.,3,6,31,1,1,20190213,DEN,SAC
Shot Chart Detail,0021800860,135,203486,Mason Plumlee,1610612743,Denver Nuggets,1,1,32,Missed Shot,Driving Floating Jump Shot,2PT Field Goal,Mid-Range,Center(C),8-16 ft.,14,-12,142,1,0,20190213,DEN,SAC
Shot Chart Detail,0021800860,139,203486,Mason Plumlee,1610612743,Denver Nuggets,1,1,24,Made Shot,Tip Dunk Shot,2PT Field Goal,Restricted Area,Center(C),Less Than 8 ft.,0,0,-6,1,1,20190213,DEN,SAC
Shot Chart Detail,0021800860,155,203486,Mason Plumlee,1610612743,Denver Nuggets,1,0,30,Made Shot,Alley Oop Dunk Shot,2PT Field Goal,Restricted Area,Center(C),Less Than 8 ft.,0,-6,7,1,1,20190213,DEN,SAC
Shot Chart Detail,0021800860,588,203486,Mason Plumlee,1610612743,Denver Nuggets,4,7,57,Made Shot,Reverse Layup Shot,2PT Field Goal,Restricted Area,Center(C),Less Than 8 ft.,1,-3,16,1,1,20190213,DEN,SAC
Shot Chart Detail,0021800880,96,203486,Mason Plumlee,1610612743,Denver Nuggets,1,5,8,Missed Shot,Tip Dunk Shot,2PT Field Goal,Restricted Area,Center(C),Less Than 8 ft.,0,0,-6,1,0,20190222,DAL,DEN
Shot Chart Detail,0021800880,147,203486,Mason Plumlee,1610612743,Denver Nuggets,1,2,20,Made Shot,Cutting Dunk Shot,2PT Field Goal,Restricted Area,Center(C),Less Than 8 ft.,0,1,3,1,1,20190222,DAL,DEN
Shot Chart Detail,0021800880,162,203486,Mason Plumlee,1610612743,Denver Nuggets,1,1,27,Missed Shot,Turnaround Hook Shot,2PT Field Goal,In The Paint (Non-RA),Center(C),Less Than 8 ft.,4,-4,41,1,0,20190222,DAL,DEN
Shot Chart Detail,0021800880,184,203486,Mason Plumlee,1610612743,Denver Nuggets,2,11,31,Made Shot,Cutting Dunk Shot,2PT Field Goal,Restricted Area,Center(C),Less Than 8 ft.,0,-3,5,1,1,20190222,DAL,DEN
Shot Chart Detail,0021800880,195,203486,Mason Plumlee,1610612743,Denver Nuggets,2,10,12,Made Shot,Driving Floating Jump Shot,2PT Field Goal,In The Paint (Non-RA),Center(C),8-16 ft.,13,-59,120,1,1,20190222,DAL,DEN
Shot Chart Detail,0021800880,332,203486,Mason Plumlee,1610612743,Denver Nuggets,2,2,41,Made Shot,Alley Oop Dunk Shot,2PT Field Goal,Restricted Area,Center(C),Less Than 8 ft.,0,2,-2,1,1,20190222,DAL,DEN
Shot Chart Detail,0021800880,489,203486,Mason Plumlee,1610612743,Denver Nuggets,3,4,9,Missed Shot,Layup Shot,2PT Field Goal,Restricted Area,Center(C),Less Than 8 ft.,3,4,34,1,0,20190222,DAL,DEN
Shot Chart Detail,0021800880,512,203486,Mason Plumlee,1610612743,Denver Nuggets,3,2,28,Made Shot,Running Layup Shot,2PT Field Goal,Restricted Area,Center(C),Less Than 8 ft.,1,0,13,1,1,20190222,DAL,DEN
Shot Chart Detail,0021800880,538,203486,Mason Plumlee,1610612743,Denver Nuggets,3,1,23,Missed Shot,Putback Layup Shot,2PT Field Goal,Restricted Area,Center(C),Less Than 8 ft.,0,0,-6,1,0,20190222,DAL,DEN
Shot Chart Detail,0021800895,139,203486,Mason Plumlee,1610612743,Denver Nuggets,1,1,42,Made Shot,Cutting Finger Roll Layup Shot,2PT Field Goal,Restricted Area,Center(C),Less Than 8 ft.,2,2,21,1,1,20190224,DEN,LAC
Shot Chart Detail,0021800895,426,203486,Mason Plumlee,1610612743,Denver Nuggets,3,9,10,Made Shot,Jump Bank Shot,3PT Field Goal,Above the Break 3,Center(C),24+ ft.,24,23,246,1,1,20190224,DEN,LAC
Shot Chart Detail,0021800895,451,203486,Mason Plumlee,1610612743,Denver Nuggets,3,7,10,Missed Shot,Tip Layup Shot,2PT Field Goal,Restricted Area,Center(C),Less Than 8 ft.,0,0,-6,1,0,20190224,DEN,LAC
Shot Chart Detail,0021800910,100,203486,Mason Plumlee,1610612743,Denver Nuggets,1,4,56,Made Shot,Alley Oop Dunk Shot,2PT Field Goal,Restricted Area,Center(C),Less Than 8 ft.,0,-1,6,1,1,20190226,DEN,OKC
Shot Chart Detail,0021800910,254,203486,Mason Plumlee,1610612743,Denver Nuggets,2,8,2,Missed Shot,Hook Shot,2PT Field Goal,In The Paint (Non-RA),Center(C),Less Than 8 ft.,4,38,22,1,0,20190226,DEN,OKC
Shot Chart Detail,0021800910,526,203486,Mason Plumlee,1610612743,Denver Nuggets,3,1,22,Missed Shot,Hook Shot,2PT Field Goal,In The Paint (Non-RA),Center(C),Less Than 8 ft.,5,18,53,1,0,20190226,DEN,OKC
Shot Chart Detail,0021800926,83,203486,Mason Plumlee,1610612743,Denver Nuggets,1,5,13,Made Shot,Dunk Shot,2PT Field Goal,Restricted Area,Center(C),Less Than 8 ft.,0,-6,0,1,1,20190228,DEN,UTA
Shot Chart Detail,0021800926,98,203486,Mason Plumlee,1610612743,Denver Nuggets,1,4,30,Missed Shot,Hook Shot,2PT Field Goal,Restricted Area,Center(C),Less Than 8 ft.,1,-9,14,1,0,20190228,DEN,UTA
Shot Chart Detail,0021800926,153,203486,Mason Plumlee,1610612743,Denver Nuggets,1,0,2,Made Shot,Cutting Dunk Shot,2PT Field Goal,Restricted Area,Center(C),Less Than 8 ft.,1,-3,11,1,1,20190228,DEN,UTA
Shot Chart Detail,0021800926,183,203486,Mason Plumlee,1610612743,Denver Nuggets,2,9,37,Missed Shot,Tip Layup Shot,2PT Field Goal,Restricted Area,Center(C),Less Than 8 ft.,0,0,-6,1,0,20190228,DEN,UTA
Shot Chart Detail,0021800926,485,203486,Mason Plumlee,1610612743,Denver Nuggets,3,2,53,Made Shot,Cutting Dunk Shot,2PT Field Goal,Restricted Area,Center(C),Less Than 8 ft.,0,4,8,1,1,20190228,DEN,UTA
Shot Chart Detail,0021800926,493,203486,Mason Plumlee,1610612743,Denver Nuggets,3,2,19,Missed Shot,Turnaround Hook Shot,2PT Field Goal,Restricted Area,Center(C),Less Than 8 ft.,3,9,33,1,0,20190228,DEN,UTA
Shot Chart Detail,0021800926,497,203486,Mason Plumlee,1610612743,Denver Nuggets,3,1,54,Made Shot,Alley Oop Dunk Shot,2PT Field Goal,Restricted Area,Center(C),Less Than 8 ft.,1,-5,13,1,1,20190228,DEN,UTA
Shot Chart Detail,0021800926,533,203486,Mason Plumlee,1610612743,Denver Nuggets,4,11,46,Made Shot,Cutting Finger Roll Layup Shot,2PT Field Goal,Restricted Area,Center(C),Less Than 8 ft.,1,-6,17,1,1,20190228,DEN,UTA
Shot Chart Detail,0021800926,560,203486,Mason Plumlee,1610612743,Denver Nuggets,4,10,19,Missed Shot,Tip Dunk Shot,2PT Field Goal,Restricted Area,Center(C),Less Than 8 ft.,0,0,-6,1,0,20190228,DEN,UTA
Shot Chart Detail,0021800941,89,203486,Mason Plumlee,1610612743,Denver Nuggets,1,6,18,Made Shot,Reverse Dunk Shot,2PT Field Goal,Restricted Area,Center(C),Less Than 8 ft.,0,2,2,1,1,20190302,DEN,NOP
Shot Chart Detail,0021800941,158,203486,Mason Plumlee,1610612743,Denver Nuggets,1,1,46,Made Shot,Running Layup Shot,2PT Field Goal,Restricted Area,Center(C),Less Than 8 ft.,1,-8,11,1,1,20190302,DEN,NOP
Shot Chart Detail,0021800941,185,203486,Mason Plumlee,1610612743,Denver Nuggets,2,11,41,Made Shot,Reverse Dunk Shot,2PT Field Goal,Restricted Area,Center(C),Less Than 8 ft.,0,-7,7,1,1,20190302,DEN,NOP
Shot Chart Detail,0021800941,207,203486,Mason Plumlee,1610612743,Denver Nuggets,2,10,8,Made Shot,Alley Oop Dunk Shot,2PT Field Goal,Restricted Area,Center(C),Less Than 8 ft.,0,-6,7,1,1,20190302,DEN,NOP
Shot Chart Detail,0021800941,475,203486,Mason Plumlee,1610612743,Denver Nuggets,3,6,21,Made Shot,Driving Dunk Shot,2PT Field Goal,Restricted Area,Center(C),Less Than 8 ft.,0,-8,-1,1,1,20190302,DEN,NOP
Shot Chart Detail,0021800941,483,203486,Mason Plumlee,1610612743,Denver Nuggets,3,5,31,Made Shot,Running Dunk Shot,2PT Field Goal,Restricted Area,Center(C),Less Than 8 ft.,0,3,1,1,1,20190302,DEN,NOP
Shot Chart Detail,0021800954,448,203486,Mason Plumlee,1610612743,Denver Nuggets,3,0,24,Missed Shot,Hook Shot,2PT Field Goal,In The Paint (Non-RA),Center(C),Less Than 8 ft.,7,-29,68,1,0,20190304,SAS,DEN
Shot Chart Detail,0021800974,124,203486,Mason Plumlee,1610612743,Denver Nuggets,1,2,37,Made Shot,Layup Shot,2PT Field Goal,Restricted Area,Center(C),Less Than 8 ft.,2,-9,22,1,1,20190306,LAL,DEN
Shot Chart Detail,0021800974,146,203486,Mason Plumlee,1610612743,Denver Nuggets,1,1,5,Made Shot,Hook Shot,2PT Field Goal,Restricted Area,Center(C),Less Than 8 ft.,2,25,15,1,1,20190306,LAL,DEN
Shot Chart Detail,0021800974,158,203486,Mason Plumlee,1610612743,Denver Nuggets,1,0,0,Missed Shot,Floating Jump shot,2PT Field Goal,In The Paint (Non-RA),Center(C),Less Than 8 ft.,4,-8,44,1,0,20190306,LAL,DEN
Shot Chart Detail,0021800974,185,203486,Mason Plumlee,1610612743,Denver Nuggets,2,9,21,Missed Shot,Finger Roll Layup Shot,2PT Field Goal,Restricted Area,Center(C),Less Than 8 ft.,3,-3,38,1,0,20190306,LAL,DEN
Shot Chart Detail,0021800974,197,203486,Mason Plumlee,1610612743,Denver Nuggets,2,8,54,Missed Shot,Reverse Layup Shot,2PT Field Goal,Restricted Area,Center(C),Less Than 8 ft.,2,-2,22,1,0,20190306,LAL,DEN
Shot Chart Detail,0021800974,475,203486,Mason Plumlee,1610612743,Denver Nuggets,3,1,3,Made Shot,Alley Oop Dunk Shot,2PT Field Goal,Restricted Area,Center(C),Less Than 8 ft.,1,9,10,1,1,20190306,LAL,DEN
Shot Chart Detail,0021800974,496,203486,Mason Plumlee,1610612743,Denver Nuggets,4,11,49,Made Shot,Cutting Dunk Shot,2PT Field Goal,Restricted Area,Center(C),Less Than 8 ft.,2,-3,22,1,1,20190306,LAL,DEN
Shot Chart Detail,0021800984,91,203486,Mason Plumlee,1610612743,Denver Nuggets,1,6,0,Missed Shot,Driving Layup Shot,2PT Field Goal,In The Paint (Non-RA),Center(C),8-16 ft.,10,36,94,1,0,20190308,GSW,DEN
Shot Chart Detail,0021800984,104,203486,Mason Plumlee,1610612743,Denver Nuggets,1,5,12,Missed Shot,Driving Floating Jump Shot,2PT Field Goal,Mid-Range,Center(C),8-16 ft.,14,-4,148,1,0,20190308,GSW,DEN
Shot Chart Detail,0021800984,197,203486,Mason Plumlee,1610612743,Denver Nuggets,1,0,22,Missed Shot,Turnaround Hook Shot,2PT Field Goal,In The Paint (Non-RA),Center(C),Less Than 8 ft.,5,-4,57,1,0,20190308,GSW,DEN
Shot Chart Detail,0021800984,226,203486,Mason Plumlee,1610612743,Denver Nuggets,2,10,55,Made Shot,Driving Layup Shot,2PT Field Goal,Restricted Area,Center(C),Less Than 8 ft.,1,2,19,1,1,20190308,GSW,DEN
Shot Chart Detail,0021800984,251,203486,Mason Plumlee,1610612743,Denver Nuggets,2,8,4,Made Shot,Reverse Layup Shot,2PT Field Goal,Restricted Area,Center(C),Less Than 8 ft.,2,5,26,1,1,20190308,GSW,DEN
Shot Chart Detail,0021800984,478,203486,Mason Plumlee,1610612743,Denver Nuggets,3,3,43,Made Shot,Turnaround Hook Shot,2PT Field Goal,In The Paint (Non-RA),Center(C),Less Than 8 ft.,5,41,33,1,1,20190308,GSW,DEN
Shot Chart Detail,0021800984,486,203486,Mason Plumlee,1610612743,Denver Nuggets,3,3,9,Missed Shot,Hook Shot,2PT Field Goal,In The Paint (Non-RA),Center(C),8-16 ft.,10,-3,100,1,0,20190308,GSW,DEN
Shot Chart Detail,0021800984,549,203486,Mason Plumlee,1610612743,Denver Nuggets,4,11,3,Missed Shot,Jump Shot,2PT Field Goal,In The Paint (Non-RA),Center(C),Less Than 8 ft.,7,-23,68,1,0,20190308,GSW,DEN
Shot Chart Detail,0021801012,93,203486,Mason Plumlee,1610612743,Denver Nuggets,1,4,48,Made Shot,Turnaround Hook Shot,2PT Field Goal,In The Paint (Non-RA),Center(C),Less Than 8 ft.,5,9,54,1,1,20190312,DEN,MIN
Shot Chart Detail,0021801012,131,203486,Mason Plumlee,1610612743,Denver Nuggets,1,2,23,Made Shot,Alley Oop Dunk Shot,2PT Field Goal,Restricted Area,Center(C),Less Than 8 ft.,0,2,2,1,1,20190312,DEN,MIN
Shot Chart Detail,0021801012,167,203486,Mason Plumlee,1610612743,Denver Nuggets,2,11,30,Missed Shot,Turnaround Hook Shot,2PT Field Goal,In The Paint (Non-RA),Center(C),Less Than 8 ft.,7,-34,63,1,0,20190312,DEN,MIN
Shot Chart Detail,0021801012,318,203486,Mason Plumlee,1610612743,Denver Nuggets,2,0,43,Made Shot,Dunk Shot,2PT Field Goal,Restricted Area,Center(C),Less Than 8 ft.,1,2,12,1,1,20190312,DEN,MIN
Shot Chart Detail,0021801012,463,203486,Mason Plumlee,1610612743,Denver Nuggets,3,2,14,Missed Shot,Running Layup Shot,2PT Field Goal,Mid-Range,Left Side(L),8-16 ft.,8,-85,24,1,0,20190312,DEN,MIN
Shot Chart Detail,0021801025,87,203486,Mason Plumlee,1610612743,Denver Nuggets,1,4,16,Missed Shot,Turnaround Jump Shot,2PT Field Goal,In The Paint (Non-RA),Center(C),Less Than 8 ft.,4,10,46,1,0,20190314,DEN,DAL
Shot Chart Detail,0021801025,113,203486,Mason Plumlee,1610612743,Denver Nuggets,1,1,49,Missed Shot,Turnaround Hook Shot,2PT Field Goal,Restricted Area,Center(C),Less Than 8 ft.,3,5,37,1,0,20190314,DEN,DAL
Shot Chart Detail,0021801025,178,203486,Mason Plumlee,1610612743,Denver Nuggets,2,8,36,Made Shot,Alley Oop Dunk Shot,2PT Field Goal,Restricted Area,Center(C),Less Than 8 ft.,0,0,7,1,1,20190314,DEN,DAL
Shot Chart Detail,0021801040,61,203486,Mason Plumlee,1610612743,Denver Nuggets,1,6,0,Missed Shot,Driving Hook Shot,2PT Field Goal,In The Paint (Non-RA),Center(C),Less Than 8 ft.,4,5,49,1,0,20190316,DEN,IND
Shot Chart Detail,0021801040,470,203486,Mason Plumlee,1610612743,Denver Nuggets,4,10,4,Missed Shot,Turnaround Fadeaway shot,3PT Field Goal,Right Corner 3,Right Side(R),24+ ft.,23,228,69,1,0,20190316,DEN,IND
Shot Chart Detail,0021801040,486,203486,Mason Plumlee,1610612743,Denver Nuggets,4,9,6,Made Shot,Cutting Dunk Shot,2PT Field Goal,Restricted Area,Center(C),Less Than 8 ft.,0,1,9,1,1,20190316,DEN,IND
Shot Chart Detail,0021801040,506,203486,Mason Plumlee,1610612743,Denver Nuggets,4,7,58,Made Shot,Turnaround Hook Shot,2PT Field Goal,In The Paint (Non-RA),Center(C),Less Than 8 ft.,7,67,27,1,1,20190316,DEN,IND
Shot Chart Detail,0021801052,173,203486,Mason Plumlee,1610612743,Denver Nuggets,2,10,57,Missed Shot,Turnaround Hook Shot,2PT Field Goal,In The Paint (Non-RA),Center(C),8-16 ft.,8,40,73,1,0,20190318,BOS,DEN
Shot Chart Detail,0021801052,192,203486,Mason Plumlee,1610612743,Denver Nuggets,2,9,46,Missed Shot,Jump Shot,2PT Field Goal,Mid-Range,Left Side Center(LC),16-24 ft.,19,-97,174,1,0,20190318,BOS,DEN
Shot Chart Detail,0021801052,516,203486,Mason Plumlee,1610612743,Denver Nuggets,4,11,46,Made Shot,Alley Oop Dunk Shot,2PT Field Goal,Restricted Area,Center(C),Less Than 8 ft.,0,-2,-1,1,1,20190318,BOS,DEN
Shot Chart Detail,0021801075,121,203486,Mason Plumlee,1610612743,Denver Nuggets,1,1,52,Made Shot,Cutting Dunk Shot,2PT Field Goal,Restricted Area,Center(C),Less Than 8 ft.,1,3,10,1,1,20190321,WAS,DEN
Shot Chart Detail,0021801075,370,203486,Mason Plumlee,1610612743,Denver Nuggets,3,3,5,Missed Shot,Hook Shot,2PT Field Goal,In The Paint (Non-RA),Center(C),Less Than 8 ft.,7,8,70,1,0,20190321,WAS,DEN
Shot Chart Detail,0021801075,434,203486,Mason Plumlee,1610612743,Denver Nuggets,4,9,29,Made Shot,Alley Oop Dunk Shot,2PT Field Goal,Restricted Area,Center(C),Less Than 8 ft.,0,5,4,1,1,20190321,WAS,DEN
Shot Chart Detail,0021801082,127,203486,Mason Plumlee,1610612743,Denver Nuggets,1,1,35,Made Shot,Dunk Shot,2PT Field Goal,Restricted Area,Center(C),Less Than 8 ft.,1,8,6,1,1,20190322,NYK,DEN
Shot Chart Detail,0021801082,146,203486,Mason Plumlee,1610612743,Denver Nuggets,1,0,31,Made Shot,Reverse Layup Shot,2PT Field Goal,Restricted Area,Center(C),Less Than 8 ft.,0,0,-1,1,1,20190322,NYK,DEN
Shot Chart Detail,0021801082,187,203486,Mason Plumlee,1610612743,Denver Nuggets,2,9,25,Missed Shot,Turnaround Hook Shot,2PT Field Goal,In The Paint (Non-RA),Center(C),Less Than 8 ft.,5,-6,52,1,0,20190322,NYK,DEN
Shot Chart Detail,0021801082,236,203486,Mason Plumlee,1610612743,Denver Nuggets,2,6,1,Missed Shot,Jump Shot,2PT Field Goal,In The Paint (Non-RA),Center(C),Less Than 8 ft.,4,41,21,1,0,20190322,NYK,DEN
Shot Chart Detail,0021801082,482,203486,Mason Plumlee,1610612743,Denver Nuggets,4,10,29,Made Shot,Alley Oop Dunk Shot,2PT Field Goal,Restricted Area,Center(C),Less Than 8 ft.,1,5,12,1,1,20190322,NYK,DEN
Shot Chart Detail,0021801082,529,203486,Mason Plumlee,1610612743,Denver Nuggets,4,7,5,Made Shot,Reverse Layup Shot,2PT Field Goal,Restricted Area,Center(C),Less Than 8 ft.,2,9,25,1,1,20190322,NYK,DEN
Shot Chart Detail,0021801097,169,203486,Mason Plumlee,1610612743,Denver Nuggets,2,11,10,Missed Shot,Layup Shot,2PT Field Goal,Restricted Area,Center(C),Less Than 8 ft.,0,0,8,1,0,20190324,IND,DEN
Shot Chart Detail,0021801097,469,203486,Mason Plumlee,1610612743,Denver Nuggets,3,0,32,Missed Shot,Finger Roll Layup Shot,2PT Field Goal,Restricted Area,Center(C),Less Than 8 ft.,2,-11,21,1,0,20190324,IND,DEN
Shot Chart Detail,0021801115,114,203486,Mason Plumlee,1610612743,Denver Nuggets,1,3,55,Made Shot,Putback Dunk Shot,2PT Field Goal,Restricted Area,Center(C),Less Than 8 ft.,0,0,-6,1,1,20190326,DEN,DET
Shot Chart Detail,0021801115,150,203486,Mason Plumlee,1610612743,Denver Nuggets,1,0,27,Made Shot,Alley Oop Dunk Shot,2PT Field Goal,Restricted Area,Center(C),Less Than 8 ft.,0,5,0,1,1,20190326,DEN,DET
Shot Chart Detail,0021801115,162,203486,Mason Plumlee,1610612743,Denver Nuggets,2,11,46,Made Shot,Alley Oop Dunk Shot,2PT Field Goal,Restricted Area,Center(C),Less Than 8 ft.,2,21,8,1,1,20190326,DEN,DET
Shot Chart Detail,0021801115,423,203486,Mason Plumlee,1610612743,Denver Nuggets,3,3,32,Missed Shot,Turnaround Hook Shot,2PT Field Goal,In The Paint (Non-RA),Center(C),Less Than 8 ft.,6,22,63,1,0,20190326,DEN,DET
Shot Chart Detail,0021801115,448,203486,Mason Plumlee,1610612743,Denver Nuggets,3,1,28,Missed Shot,Driving Hook Shot,2PT Field Goal,Restricted Area,Center(C),Less Than 8 ft.,2,-8,27,1,0,20190326,DEN,DET
Shot Chart Detail,0021801115,508,203486,Mason Plumlee,1610612743,Denver Nuggets,4,9,32,Made Shot,Layup Shot,2PT Field Goal,Restricted Area,Center(C),Less Than 8 ft.,2,-2,20,1,1,20190326,DEN,DET
Shot Chart Detail,0021801115,516,203486,Mason Plumlee,1610612743,Denver Nuggets,4,8,43,Made Shot,Driving Floating Jump Shot,2PT Field Goal,In The Paint (Non-RA),Center(C),8-16 ft.,12,-18,120,1,1,20190326,DEN,DET
Shot Chart Detail,0021801126,88,203486,Mason Plumlee,1610612743,Denver Nuggets,1,4,28,Missed Shot,Jump Shot,2PT Field Goal,In The Paint (Non-RA),Center(C),Less Than 8 ft.,6,35,50,1,0,20190328,HOU,DEN
Shot Chart Detail,0021801126,131,203486,Mason Plumlee,1610612743,Denver Nuggets,1,1,6,Missed Shot,Fadeaway Jump Shot,2PT Field Goal,Mid-Range,Left Side(L),16-24 ft.,20,-203,22,1,0,20190328,HOU,DEN
Shot Chart Detail,0021801126,468,203486,Mason Plumlee,1610612743,Denver Nuggets,4,11,26,Made Shot,Layup Shot,2PT Field Goal,Restricted Area,Center(C),Less Than 8 ft.,2,-8,21,1,1,20190328,HOU,DEN
Shot Chart Detail,0021801126,520,203486,Mason Plumlee,1610612743,Denver Nuggets,4,7,9,Missed Shot,Layup Shot,2PT Field Goal,In The Paint (Non-RA),Center(C),Less Than 8 ft.,4,40,23,1,0,20190328,HOU,DEN
Shot Chart Detail,0021801133,166,203486,Mason Plumlee,1610612743,Denver Nuggets,2,10,56,Made Shot,Alley Oop Dunk Shot,2PT Field Goal,Restricted Area,Center(C),Less Than 8 ft.,1,-5,12,1,1,20190329,OKC,DEN
Shot Chart Detail,0021801133,442,203486,Mason Plumlee,1610612743,Denver Nuggets,3,1,13,Made Shot,Floating Jump shot,2PT Field Goal,In The Paint (Non-RA),Center(C),8-16 ft.,12,22,124,1,1,20190329,OKC,DEN
Shot Chart Detail,0021801133,447,203486,Mason Plumlee,1610612743,Denver Nuggets,3,0,47,Made Shot,Driving Floating Jump Shot,2PT Field Goal,In The Paint (Non-RA),Center(C),8-16 ft.,12,-35,120,1,1,20190329,OKC,DEN
Shot Chart Detail,0021801133,477,203486,Mason Plumlee,1610612743,Denver Nuggets,4,9,53,Made Shot,Cutting Dunk Shot,2PT Field Goal,Restricted Area,Center(C),Less Than 8 ft.,2,-3,20,1,1,20190329,OKC,DEN
Shot Chart Detail,0021801133,498,203486,Mason Plumlee,1610612743,Denver Nuggets,4,8,15,Made Shot,Turnaround Hook Shot,2PT Field Goal,Restricted Area,Center(C),Less Than 8 ft.,2,19,8,1,1,20190329,OKC,DEN
Shot Chart Detail,0021801148,128,203486,Mason Plumlee,1610612743,Denver Nuggets,1,2,21,Made Shot,Alley Oop Dunk Shot,2PT Field Goal,Restricted Area,Center(C),Less Than 8 ft.,0,-6,6,1,1,20190331,DEN,WAS
Shot Chart Detail,0021801148,135,203486,Mason Plumlee,1610612743,Denver Nuggets,1,1,25,Made Shot,Finger Roll Layup Shot,2PT Field Goal,Restricted Area,Center(C),Less Than 8 ft.,3,-14,29,1,1,20190331,DEN,WAS
Shot Chart Detail,0021801148,192,203486,Mason Plumlee,1610612743,Denver Nuggets,2,10,0,Made Shot,Reverse Layup Shot,2PT Field Goal,Restricted Area,Center(C),Less Than 8 ft.,1,-9,13,1,1,20190331,DEN,WAS
Shot Chart Detail,0021801148,234,203486,Mason Plumlee,1610612743,Denver Nuggets,2,6,57,Missed Shot,Fadeaway Jump Shot,2PT Field Goal,Mid-Range,Right Side(R),8-16 ft.,13,135,5,1,0,20190331,DEN,WAS
Shot Chart Detail,0021801148,463,203486,Mason Plumlee,1610612743,Denver Nuggets,3,0,54,Missed Shot,Cutting Layup Shot,2PT Field Goal,Restricted Area,Center(C),Less Than 8 ft.,1,-3,14,1,0,20190331,DEN,WAS
Shot Chart Detail,0021801148,485,203486,Mason Plumlee,1610612743,Denver Nuggets,4,10,53,Made Shot,Turnaround Hook Shot,2PT Field Goal,In The Paint (Non-RA),Center(C),Less Than 8 ft.,4,35,29,1,1,20190331,DEN,WAS
Shot Chart Detail,0021801148,595,203486,Mason Plumlee,1610612743,Denver Nuggets,4,3,9,Missed Shot,Tip Layup Shot,2PT Field Goal,Restricted Area,Center(C),Less Than 8 ft.,0,0,-6,1,0,20190331,DEN,WAS
Shot Chart Detail,0021801164,99,203486,Mason Plumlee,1610612743,Denver Nuggets,1,5,35,Made Shot,Alley Oop Dunk Shot,2PT Field Goal,Restricted Area,Center(C),Less Than 8 ft.,0,6,6,1,1,20190402,GSW,DEN
Shot Chart Detail,0021801164,142,203486,Mason Plumlee,1610612743,Denver Nuggets,1,1,36,Missed Shot,Layup Shot,2PT Field Goal,Restricted Area,Center(C),Less Than 8 ft.,3,-9,35,1,0,20190402,GSW,DEN
Shot Chart Detail,0021801164,153,203486,Mason Plumlee,1610612743,Denver Nuggets,1,0,49,Missed Shot,Jump Shot,2PT Field Goal,Mid-Range,Left Side(L),16-24 ft.,20,-206,-2,1,0,20190402,GSW,DEN
Shot Chart Detail,0021801164,495,203486,Mason Plumlee,1610612743,Denver Nuggets,3,1,25,Missed Shot,Floating Jump shot,2PT Field Goal,In The Paint (Non-RA),Center(C),8-16 ft.,12,41,113,1,0,20190402,GSW,DEN
Shot Chart Detail,0021801173,132,203486,Mason Plumlee,1610612743,Denver Nuggets,1,1,28,Missed Shot,Turnaround Hook Shot,2PT Field Goal,Restricted Area,Center(C),Less Than 8 ft.,3,24,20,1,0,20190403,DEN,SAS
Shot Chart Detail,0021801173,145,203486,Mason Plumlee,1610612743,Denver Nuggets,1,0,28,Made Shot,Jump Shot,2PT Field Goal,Mid-Range,Left Side(L),8-16 ft.,13,-132,15,1,1,20190403,DEN,SAS
Shot Chart Detail,0021801173,417,203486,Mason Plumlee,1610612743,Denver Nuggets,3,4,38,Made Shot,Reverse Layup Shot,2PT Field Goal,Restricted Area,Center(C),Less Than 8 ft.,0,-8,3,1,1,20190403,DEN,SAS
Shot Chart Detail,0021801173,465,203486,Mason Plumlee,1610612743,Denver Nuggets,3,1,15,Made Shot,Alley Oop Layup shot,2PT Field Goal,Restricted Area,Center(C),Less Than 8 ft.,1,1,13,1,1,20190403,DEN,SAS
Shot Chart Detail,0021801173,469,203486,Mason Plumlee,1610612743,Denver Nuggets,3,0,30,Missed Shot,Jump Shot,3PT Field Goal,Above the Break 3,Center(C),24+ ft.,26,-59,257,1,0,20190403,DEN,SAS
Shot Chart Detail,0021801173,513,203486,Mason Plumlee,1610612743,Denver Nuggets,4,10,2,Made Shot,Floating Jump shot,2PT Field Goal,In The Paint (Non-RA),Center(C),Less Than 8 ft.,7,39,64,1,1,20190403,DEN,SAS
Shot Chart Detail,0021801190,121,203486,Mason Plumlee,1610612743,Denver Nuggets,1,0,39,Made Shot,Reverse Layup Shot,2PT Field Goal,Restricted Area,Center(C),Less Than 8 ft.,1,-9,10,1,1,20190405,DEN,POR
Shot Chart Detail,0021801190,180,203486,Mason Plumlee,1610612743,Denver Nuggets,2,9,8,Missed Shot,Running Finger Roll Layup Shot,2PT Field Goal,Restricted Area,Center(C),Less Than 8 ft.,2,-20,19,1,0,20190405,DEN,POR
Shot Chart Detail,0021801190,242,203486,Mason Plumlee,1610612743,Denver Nuggets,2,5,1,Missed Shot,Tip Layup Shot,2PT Field Goal,Restricted Area,Center(C),Less Than 8 ft.,0,0,-6,1,0,20190405,DEN,POR
Shot Chart Detail,0021801190,404,203486,Mason Plumlee,1610612743,Denver Nuggets,3,5,6,Missed Shot,Jump Shot,2PT Field Goal,Mid-Range,Left Side Center(LC),16-24 ft.,22,-143,172,1,0,20190405,DEN,POR
Shot Chart Detail,0021801190,487,203486,Mason Plumlee,1610612743,Denver Nuggets,3,0,0,Missed Shot,Running Jump Shot,3PT Field Goal,Backcourt,Back Court(BC),Back Court Shot,55,-30,551,1,0,20190405,DEN,POR
Shot Chart Detail,0021801206,69,203486,Mason Plumlee,1610612743,Denver Nuggets,1,5,44,Missed Shot,Floating Jump shot,2PT Field Goal,Restricted Area,Center(C),Less Than 8 ft.,2,-8,27,1,0,20190407,POR,DEN
Shot Chart Detail,0021801206,71,203486,Mason Plumlee,1610612743,Denver Nuggets,1,5,41,Missed Shot,Putback Layup Shot,2PT Field Goal,Restricted Area,Center(C),Less Than 8 ft.,1,-13,10,1,0,20190407,POR,DEN
Shot Chart Detail,0021801206,236,203486,Mason Plumlee,1610612743,Denver Nuggets,2,6,0,Missed Shot,Driving Floating Jump Shot,2PT Field Goal,In The Paint (Non-RA),Left Side(L),8-16 ft.,11,-58,98,1,0,20190407,POR,DEN
Shot Chart Detail,0021801206,283,203486,Mason Plumlee,1610612743,Denver Nuggets,2,2,42,Missed Shot,Floating Jump shot,2PT Field Goal,Mid-Range,Center(C),8-16 ft.,14,22,146,1,0,20190407,POR,DEN
Shot Chart Detail,0021801206,340,203486,Mason Plumlee,1610612743,Denver Nuggets,3,11,45,Missed Shot,Pullup Jump shot,2PT Field Goal,Mid-Range,Left Side Center(LC),16-24 ft.,16,-90,142,1,0,20190407,POR,DEN
Shot Chart Detail,0021801206,352,203486,Mason Plumlee,1610612743,Denver Nuggets,3,10,52,Missed Shot,Driving Hook Shot,2PT Field Goal,In The Paint (Non-RA),Left Side(L),8-16 ft.,8,-60,65,1,0,20190407,POR,DEN
Shot Chart Detail,0021801206,354,203486,Mason Plumlee,1610612743,Denver Nuggets,3,10,46,Made Shot,Jump Bank Shot,2PT Field Goal,Mid-Range,Left Side(L),16-24 ft.,17,-147,86,1,1,20190407,POR,DEN
Shot Chart Detail,0021801206,374,203486,Mason Plumlee,1610612743,Denver Nuggets,3,8,37,Made Shot,Dunk Shot,2PT Field Goal,Restricted Area,Center(C),Less Than 8 ft.,0,6,4,1,1,20190407,POR,DEN
Shot Chart Detail,0021801206,397,203486,Mason Plumlee,1610612743,Denver Nuggets,3,6,21,Missed Shot,Driving Hook Shot,2PT Field Goal,In The Paint (Non-RA),Center(C),Less Than 8 ft.,4,0,42,1,0,20190407,POR,DEN
Shot Chart Detail,0021801206,417,203486,Mason Plumlee,1610612743,Denver Nuggets,3,4,50,Made Shot,Tip Layup Shot,2PT Field Goal,Restricted Area,Center(C),Less Than 8 ft.,0,0,-6,1,1,20190407,POR,DEN
Shot Chart Detail,0021801206,420,203486,Mason Plumlee,1610612743,Denver Nuggets,3,4,22,Made Shot,Floating Jump shot,2PT Field Goal,In The Paint (Non-RA),Center(C),8-16 ft.,13,0,136,1,1,20190407,POR,DEN
Shot Chart Detail,0021801206,557,203486,Mason Plumlee,1610612743,Denver Nuggets,4,7,11,Made Shot,Driving Hook Shot,2PT Field Goal,In The Paint (Non-RA),Center(C),Less Than 8 ft.,4,6,46,1,1,20190407,POR,DEN
Shot Chart Detail,0021801217,140,203486,Mason Plumlee,1610612743,Denver Nuggets,1,0,36,Made Shot,Alley Oop Dunk Shot,2PT Field Goal,In The Paint (Non-RA),Center(C),8-16 ft.,11,-11,113,1,1,20190409,UTA,DEN
Shot Chart Detail,0021801217,148,203486,Mason Plumlee,1610612743,Denver Nuggets,2,11,42,Missed Shot,Hook Shot,2PT Field Goal,Mid-Range,Center(C),16-24 ft.,16,20,168,1,0,20190409,UTA,DEN
Shot Chart Detail,0021801217,183,203486,Mason Plumlee,1610612743,Denver Nuggets,2,9,17,Made Shot,Cutting Dunk Shot,2PT Field Goal,In The Paint (Non-RA),Center(C),Less Than 8 ft.,5,-36,40,1,1,20190409,UTA,DEN
Shot Chart Detail,0021801217,223,203486,Mason Plumlee,1610612743,Denver Nuggets,2,5,57,Made Shot,Hook Shot,2PT Field Goal,In The Paint (Non-RA),Center(C),8-16 ft.,8,13,85,1,1,20190409,UTA,DEN
Shot Chart Detail,0021801217,520,203486,Mason Plumlee,1610612743,Denver Nuggets,4,9,47,Made Shot,Floating Jump shot,2PT Field Goal,In The Paint (Non-RA),Center(C),Less Than 8 ft.,7,26,70,1,1,20190409,UTA,DEN
Shot Chart Detail,0021801217,542,203486,Mason Plumlee,1610612743,Denver Nuggets,4,8,29,Missed Shot,Jump Shot,2PT Field Goal,Mid-Range,Center(C),16-24 ft.,16,10,165,1,0,20190409,UTA,DEN
Shot Chart Detail,0021801217,632,203486,Mason Plumlee,1610612743,Denver Nuggets,4,3,3,Missed Shot,Hook Shot,2PT Field Goal,In The Paint (Non-RA),Center(C),8-16 ft.,8,29,78,1,0,20190409,UTA,DEN
Shot Chart Detail,0021801228,171,203486,Mason Plumlee,1610612743,Denver Nuggets,2,10,19,Missed Shot,Turnaround Hook Shot,2PT Field Goal,In The Paint (Non-RA),Center(C),Less Than 8 ft.,5,57,16,1,0,20190410,DEN,MIN
Shot Chart Detail,0021801228,436,203486,Mason Plumlee,1610612743,Denver Nuggets,3,0,0,Made Shot,Driving Finger Roll Layup Shot,2PT Field Goal,Restricted Area,Center(C),Less Than 8 ft.,1,13,10,1,1,20190410,DEN,MIN
